Unnamed: 0.1,Unnamed: 0,id,xcenter,ycenter,aperture_sum,Circ_sum_flux,Circ_area (reduced pixs),Max_Flux,FWHM_from_aperature (reduced pix),FWHM_from_aperature (arcsec),Annu_sum_flux,Annu_area (reduced pix),Annu_pix_flux_median,Annu_pix_flux_max,Circ_sum_flux_minus_back,Apperature_radius (reduced pix),Anulus_in_radius (reduced pix),Anulus_out_radius (reduced pix),Apperature_radius (arcsec),Anulus_in_radius (arcsec),Anulus_out_radius (arcsec),Saturated,Number_FWHM,Exposure_sec,Er1_source,Er2_sky,Er3_read,Circ_sum_flux_minus_back_ERROR,Source_Mag,Source_Mag_Error,Air mass,Azimuth,Altitude,Date Observation,Exposure time /s ,Filter,File,BINNED,Arcsec_per_pix_binned_image,max_dist,Distance_to_centre_pix,xcenter_transformed,ycenter_transformed,matched_id,matched_MAIN_ID,matched_Normilsation_star,Norm_multiply_factor,Norm_multiply_factor_ERROR,Circ_sum_flux_minus_back_norm,Circ_sum_flux_minus_back_ERROR_norm,Source_Mag_norm,Source_Mag_Error_norm,time,phase,epoch_folder,epoch,phase_bin,Source_Mag_norm_calibrated,Source_Mag_Error_norm_calibrated
2,8,9,1147.573258765413,898.3503417176972,1861.3869137344072,1861.3869137344072,245.97529280578684,56.74751281738281,5.8990156413133725,5.780592902314007,254.8189813797144,245.97529280578684,1.0154756903648376,1.571363925933838,1611.6049834597577,8.848523461970059,11.798031282626743,14.747539103283431,8.67088935347101,11.561185804628014,14.451482255785017,False,1.5,32.0,58.16834105420023,9.478517916464956,3.7664966710886105,8.450642321253088,-8.018146504146472,-0.0056931868639104,1.265575,60.12392,52.17035,2022-03-20T21:31:35.700,32.0,Red,data\RV_UMa\2022_03_20\Light\Red\reduced_images\RV_Uma_Light_Red_32_secs_001_reduced.fits,2,0.979925,792.0,24.628700102610846,1172.7872053439755,936.9271394933658,7.0,V* RV UMa,False,0.95581470178312,0.006217305768557,1540.395736657778,12.870087446172285,-7.969080769896593,-0.0090713831297864,2022-03-20 21:31:35.700,0.0,2022_03_20,1,"(-0.001, 0.0227]",-7.969080769896593,-0.0090713831297864
1,6,7,1147.1081638738865,897.6673272777737,1920.361757847358,1920.361757847358,256.933715868012,52.699684143066406,6.028987084806767,5.907955169079271,267.7970733862736,256.933715868012,1.036401867866516,1.5145626068115234,1654.0751748038656,9.043480627210151,12.057974169613534,15.072467712016916,8.861932753618907,11.815910338158542,14.769887922698178,False,1.5,32.0,60.011304932729935,13.549134571077673,3.9342975242289326,8.80310950903353,-8.046388108961192,-0.0057783677876319,1.260264,60.3455,52.48306,2022-03-20T21:33:54.703,32.0,Red,data\RV_UMa\2022_03_20\Light\Red\reduced_images\RV_Uma_Light_Red_32_secs_002_reduced.fits,2,0.979925,792.0,24.443170433711057,1172.716025747606,936.9940267226852,7.0,V* RV UMa,False,0.9483881757997802,0.0062548462097557,1568.7053376679405,13.29440857868287,-7.988853435699471,-0.0092013588327436,2022-03-20 21:33:54.703,0.0034372393834766115,2022_03_20,1,"(-0.001, 0.0227]",-7.988853435699471,-0.0092013588327436
1,6,7,1147.244111277828,897.6816208410603,1943.7050815456605,1943.7050815456605,252.6254422106824,55.38362884521485,5.978226260809104,5.858213368623362,280.9513227831864,252.62544221068245,1.108364760875702,1.7482033967971802,1663.703943698699,8.967339391213656,11.956452521618209,14.94556565202276,8.787320052935042,11.716426737246724,14.645533421558405,False,1.5,32.0,60.74078379830189,11.783303769036268,3.868327083851074,8.740275433371036,-8.052690115197262,-0.0057039195666459,1.254823,60.57465,52.80854,2022-03-20T21:36:18.132,32.0,Red,data\RV_UMa\2022_03_20\Light\Red\reduced_images\RV_Uma_Light_Red_32_secs_003_reduced.fits,2,0.979925,792.0,24.359793152587173,1172.701430637591,937.0148747597,7.0,V* RV UMa,False,0.9668898917531596,0.0144931138685533,1608.61852603214,25.55030476598371,-8.016132665123692,-0.0172451643929894,2022-03-20 21:36:18.132,0.0069839240415967025,2022_03_20,1,"(-0.001, 0.0227]",-8.016132665123692,-0.0172451643929894
1,6,7,1148.407869621684,897.3204044893279,1949.13798412048,1949.13798412048,252.0498042415602,62.408111572265625,5.971411316552961,5.851535234373161,279.3859847731989,252.0498042415601,1.0975751876831057,1.645424485206604,1672.4943729245597,8.957116974829443,11.942822633105925,14.928528291382404,8.777302851559742,11.703070468746322,14.628838085932902,False,1.5,32.0,60.910562003764994,10.724174762257803,3.85951262744889,8.688742681969106,-8.05841166316703,-0.0056404868419049,1.249508,60.79425,53.13158,2022-03-20T21:38:38.890,32.0,Red,data\RV_UMa\2022_03_20\Light\Red\reduced_images\RV_Uma_Light_Red_32_secs_004_reduced.fits,2,0.979925,792.0,23.30474074964858,1172.7673120734405,937.0423626400844,7.0,V* RV UMa,False,0.9465564931903432,0.0053043818974449,1583.1104085160532,12.09730967150728,-7.998778010682725,-0.0082966336522529,2022-03-20 21:38:38.890,0.010464560726699908,2022_03_20,1,"(-0.001, 0.0227]",-7.998778010682725,-0.0082966336522529
1,6,7,1151.995736304116,913.6633272276316,1977.6986382906969,1977.6986382906969,242.3116515564258,53.7122802734375,5.854919839205779,5.737382323433724,281.1513659343271,242.3116515564256,1.16040301322937,1.6666393280029297,1696.519467684035,8.78237975880867,11.70983967841156,14.637299598014447,8.606073485150587,11.474764646867447,14.343455808584308,False,1.5,32.0,61.80308244658427,11.055358169423124,3.7103971644577696,8.750362151389231,-8.073897118926084,-0.0056000447819664,1.244202,61.02509,53.4593,2022-03-20T21:41:04.846,32.0,Red,data\RV_UMa\2022_03_20\Light\Red\reduced_images\RV_Uma_Light_Red_32_secs_005_reduced.fits,2,0.979925,792.0,35.73964111340407,1172.6552317221556,936.9743361368874,7.0,V* RV UMa,False,0.9442269422683736,0.008131931831832,1601.899389470065,16.080893676366927,-8.0115880896544,-0.0108993165139251,2022-03-20 21:41:04.846,0.014073732553600853,2022_03_20,1,"(-0.001, 0.0227]",-8.0115880896544,-0.0108993165139251
1,6,7,1151.753078379094,908.0135029373082,2019.4633283942203,2019.4633283942203,274.0880924949246,53.84587860107422,6.2270003310455,6.101993299399761,315.10431592509315,274.08809249492447,1.1482558846473694,1.894353270530701,1704.7400632751503,9.34050049656825,12.454000662091,15.567500827613747,9.152989949099643,12.203986598799522,15.254983248499403,False,1.5,32.0,63.10822901231938,15.198773918967811,4.196973916328532,9.08316997791056,-8.079145419184334,-0.0057850030696426,1.239333,61.23285,53.76477,2022-03-20T21:43:18.993,32.0,Red,data\RV_UMa\2022_03_20\Light\Red\reduced_images\RV_Uma_Light_Red_32_secs_006_reduced.fits,2,0.979925,792.0,30.57357414512068,1172.7350537797254,937.0046079225804,7.0,V* RV UMa,False,0.9507064761396417,0.0042329247163923,1620.707418290388,11.253524174432416,-8.024261549936234,-0.0075389046100564,2022-03-20 21:43:18.993,0.01739089370534029,2022_03_20,1,"(-0.001, 0.0227]",-8.024261549936234,-0.0075389046100564
1,6,7,1152.2959885309965,910.902830892898,2010.6037230052048,2010.6037230052048,255.0202589397581,54.19203186035156,6.00649535818148,5.885914963865988,301.8549877933615,255.02025893975824,1.173422873020172,1.7573336362838743,1711.3571180817655,9.00974303727222,12.01299071636296,15.0162383954537,8.82887244579898,11.771829927731975,14.71478740966497,False,1.5,32.0,62.83136634391265,10.960863664676284,3.904997715015046,8.814603095069225,-8.08335161390094,-0.0055922481694627,1.234419,61.44435,54.07786,2022-03-20T21:45:36.380,32.0,Red,data\RV_UMa\2022_03_20\Light\Red\reduced_images\RV_Uma_Light_Red_32_secs_007_reduced.fits,2,0.979925,792.0,33.04495183324715,1172.739512698936,936.9829942592162,7.0,V* RV UMa,False,0.9372789613245296,0.0049784539188598,1604.0190220910176,11.867825887883535,-8.013023785712285,-0.0080331517648983,2022-03-20 21:45:36.380,0.020788172952390365,2022_03_20,1,"(-0.001, 0.0227]",-8.013023785712285,-0.0080331517648983
1,6,7,1153.1725964739192,918.5090715622896,2063.5591310940645,2063.5591310940645,280.3967257557845,52.98259735107422,6.298255485507478,6.171818006635916,345.3874301869964,280.39672575578453,1.238080620765686,1.9682397842407229,1716.4053788096771,9.447383228261216,12.596510971014956,15.745638713768695,9.257727009953872,12.343636013271832,15.42954501658979,False,1.5,32.0,64.48622284668951,14.343433330564018,4.293574863135449,9.11719425264094,-8.086549667098133,-0.0057672086140686,1.229603,61.65326,54.38942,2022-03-20T21:47:51.545,32.0,Red,data\RV_UMa\2022_03_20\Light\Red\reduced_images\RV_Uma_Light_Red_32_secs_008_reduced.fits,2,0.979925,792.0,40.00226568216016,1172.7999832531182,936.9905115585402,7.0,V* RV UMa,False,0.9596407584102932,0.0115917821337066,1647.132559460425,21.73494214182365,-8.04182138032503,-0.0143269668589585,2022-03-20 21:47:51.545,0.024130507011853947,2022_03_20,1,"(0.0227, 0.0455]",-8.04182138032503,-0.0143269668589585
1,6,6,1157.6627510302833,881.726477843734,2131.878856964541,2131.878856964541,265.85451811457807,75.9759521484375,6.1327579948447655,6.009642878098257,345.9390344463869,265.8545181145781,1.31745445728302,2.069432497024536,1781.6276370856606,9.199136992267148,12.265515989689533,15.331894987111914,9.014464317147386,12.019285756196512,15.024107195245644,False,1.5,32.0,66.6212142801419,6028.5101465278285,4.070897308629476,78.0973895729979,-8.127042352426741,-0.0475930893703502,1.215464,62.27675,55.33274,2022-03-20T21:54:40.254,32.0,Red,data\RV_UMa\2022_03_20\Light\Red\reduced_images\RV_Uma_Light_Red_32_secs_009_reduced.fits,2,0.979925,792.0,6.568215149420714,1172.7763754626344,937.196155268162,7.0,V* RV UMa,False,0.946899111998436,0.0052837330397173,1687.021627468284,74.54710458223816,-8.067801625604298,-0.0479771504330333,2022-03-20 21:54:40.254,0.034236984362568265,2022_03_20,1,"(0.0227, 0.0455]",-8.067801625604298,-0.0479771504330333
1,6,6,1158.5147170627724,882.0029586384835,2138.944671501064,2138.944671501064,255.8357654629296,91.4835205078125,6.016091510320857,5.895318473251166,340.0408186480807,255.83576546292943,1.3099453449249268,2.051997423171997,1803.8138014675933,9.024137265481286,12.032183020641714,15.040228775802142,8.84297770987675,11.790636946502332,14.738296183127916,False,1.5,32.0,66.84202098440824,6449.562613333877,3.917485158651109,80.74851156199064,-8.140479263767773,-0.0486034547533972,1.210802,62.4802,55.65368,2022-03-20T21:56:59.300,32.0,Red,data\RV_UMa\2022_03_20\Light\Red\reduced_images\RV_Uma_Light_Red_32_secs_010_reduced.fits,2,0.979925,792.0,5.839535273368557,1172.7828531879886,937.0945744442554,7.0,V* RV UMa,False,0.95309031941394,0.0072494805928815,1719.197472204022,78.06368027048578,-8.088314409813847,-0.0493000747829572,2022-03-20 21:56:59.300,0.03767528704175425,2022_03_20,1,"(0.0227, 0.0455]",-8.088314409813847,-0.0493000747829572
1,6,6,1158.4973032093503,881.2191997924726,2202.966101558135,2202.966101558135,263.9652470057822,86.94552612304688,6.110928197577652,5.988251314011281,347.85920088254915,263.96524700578226,1.316788136959076,1.8420169353485107,1855.379795731449,9.166392296366478,12.221856395155305,15.277320493944131,8.982376971016922,11.976502628022562,14.970628285028203,False,1.5,32.0,68.84269067369172,17.18077095357438,4.04196784477604,9.490280789947269,-8.171082057529082,-0.0055535483735847,1.206174,62.68588,55.97734,2022-03-20T21:59:20.417,32.0,Red,data\RV_UMa\2022_03_20\Light\Red\reduced_images\RV_Uma_Light_Red_32_secs_011_reduced.fits,2,0.979925,792.0,5.636144081177228,1172.814581269878,936.9918848067848,7.0,V* RV UMa,False,0.9410259648081086,0.0090700431581392,1745.9605623636585,19.05124213488554,-8.105086074166605,-0.0118471309016603,2022-03-20 21:59:20.417,0.04116480100964033,2022_03_20,1,"(0.0227, 0.0455]",-8.105086074166605,-0.0118471309016603
1,6,6,1159.0377705812034,881.5188494022403,2210.0634175260343,2210.0634175260343,253.36224471088784,95.06118774414062,5.986937903179719,5.866750124773386,337.21707464672903,253.36224471088784,1.331058382987976,2.26354455947876,1872.823477770956,8.980406854769578,11.973875806359436,14.967344757949297,8.800125187160079,11.733500249546772,14.666875311933463,False,1.5,32.0,69.06448179768857,15.30985104681038,3.879609372135469,9.394356934704708,-8.181242112628167,-0.0054462118643286,1.201562,62.89965,56.30512,2022-03-20T22:01:41.561,32.0,Red,data\RV_UMa\2022_03_20\Light\Red\reduced_images\RV_Uma_Light_Red_32_secs_012_reduced.fits,2,0.979925,792.0,5.189472450206883,1172.751680911644,937.0267059663375,7.0,V* RV UMa,False,0.9311257480566812,0.0038278367339687,1743.8341617175963,11.30965650429806,-8.10376295310333,-0.0070415546384296,2022-03-20 22:01:41.561,0.04465498262832067,2022_03_20,1,"(0.0227, 0.0455]",-8.10376295310333,-0.0070415546384296
1,6,6,1166.645478675409,885.1356670384131,2663.403136895602,2663.403136895602,284.15194316974487,75.16051483154297,6.340289957942318,6.213008637036626,405.6278284445013,284.15194316974487,1.4113094806671145,2.03640079498291,2262.376805550158,9.510434936913477,12.680579915884636,15.850724894855794,9.31951295555494,12.426017274073253,15.532521592591564,False,1.5,32.0,83.23134802798756,2810.1137588143747,4.351076629786718,53.83025342195733,-8.386412349111394,-0.0258336519841183,1.167355,64.51388,58.91813,2022-03-20T22:20:18.234,32.0,Red,data\RV_UMa\2022_03_20\Light\Red\reduced_images\RV_Uma_Light_Red_32_secs_013_reduced.fits,2,0.979925,792.0,5.776991721604604,1172.7213289119095,937.0374843166616,7.0,V* RV UMa,False,0.9158398245985686,0.0038531234715718,2071.974776770927,50.064648352224566,-8.290961160530625,-0.0262343933448878,2022-03-20 22:20:18.234,0.07226785727178144,2022_03_20,1,"(0.0682, 0.0909]",-8.290961160530625,-0.0262343933448878
1,6,6,1167.183426843981,884.8890648571829,2680.225362523226,2680.225362523226,256.3799542025762,91.97694396972656,6.022486531216063,5.901585114101901,368.0804560563109,256.3799542025763,1.442344307899475,2.101238250732422,2310.437194919612,9.033729796824094,12.044973062432126,15.056216328040158,8.852377671152851,11.803170228203802,14.753962785254751,False,1.5,32.0,83.75704257885081,4422.966911228892,3.9258180487269474,67.16137112847288,-8.409235418751646,-0.0315609237748258,1.163449,64.70195,59.23929,2022-03-20T22:22:36.014,32.0,Red,data\RV_UMa\2022_03_20\Light\Red\reduced_images\RV_Uma_Light_Red_32_secs_014_reduced.fits,2,0.979925,792.0,5.834137609683005,1172.7992872143045,937.0628561914408,7.0,V* RV UMa,False,0.9096271475912766,0.0040079107114446,2101.636395303517,61.78961802964759,-8.306393951955766,-0.0319214234788103,2022-03-20 22:22:36.014,0.075674854547059,2022_03_20,1,"(0.0682, 0.0909]",-8.306393951955766,-0.0319214234788103
1,6,6,1166.659828320944,884.6836276235766,2735.4823834701783,2735.4823834701783,246.5314369662879,98.0155792236328,5.9056806416069705,5.787124102726711,360.9953375317269,246.5314369662879,1.4530873894691467,2.1550748348236084,2377.2506613067576,8.858520962410456,11.81136128321394,14.764201604017426,8.680686154090067,11.574248205453422,14.467810256816778,False,1.5,32.0,85.48382448344307,4841.666541416638,3.7750126285462833,70.2205481218185,-8.440187442207405,-0.0320710780124085,1.15958,64.89804,59.56263,2022-03-20T22:24:53.143,32.0,Red,data\RV_UMa\2022_03_20\Light\Red\reduced_images\RV_Uma_Light_Red_32_secs_015_reduced.fits,2,0.979925,792.0,5.386191085844112,1172.7062639527885,937.0156207573008,7.0,V* RV UMa,False,0.9162351462073838,0.0041568690330897,2178.120607233997,65.09300512292089,-8.345204809768404,-0.0324471620642763,2022-03-20 22:24:53.143,0.07906575401985287,2022_03_20,1,"(0.0682, 0.0909]",-8.345204809768404,-0.0324471620642763
1,6,6,1167.1284530850207,884.3437736757165,2779.8427025152764,2779.8427025152764,220.5185799599416,163.25192260742188,5.58542723277718,5.473299781079178,325.14774946849025,220.5185799599415,1.471055269241333,2.240504503250122,2455.447683499588,8.37814084916577,11.17085446555436,13.963568081942949,8.209949671618768,10.946599562158356,13.683249452697943,False,1.5,32.0,86.87008445360239,14.99584924634099,3.376690755636605,10.258782796003626,-8.475326713396212,-0.0045361715393977,1.155767,65.0834,59.88644,2022-03-20T22:27:09.174,32.0,Red,data\RV_UMa\2022_03_20\Light\Red\reduced_images\RV_Uma_Light_Red_32_secs_016_reduced.fits,2,0.979925,792.0,5.353091485396424,1172.7625215784692,937.0045441929364,7.0,V* RV UMa,False,0.9148331108740096,0.0075422956625602,2246.324842884309,20.76196920339847,-8.378681400373464,-0.0100350675983526,2022-03-20 22:27:09.174,0.082429502360347,2022_03_20,1,"(0.0682, 0.0909]",-8.378681400373464,-0.0100350675983526
1,6,6,1168.8576789988758,880.350628959438,2887.495686691651,2887.495686691651,238.7312765472396,127.13373565673828,5.811502978911274,5.694837056609631,354.04779922427804,238.7312765472396,1.4782150983810425,2.3104114532470703,2534.599509243741,8.71725446836691,11.623005957822548,14.528757447278185,8.542255584914445,11.38967411321926,14.237092641524075,False,1.5,32.0,90.23424020911408,15.900909871636324,3.6555726721296047,10.47810683057202,-8.509773366110133,-0.0044884645095942,1.151899,65.27736,60.22044,2022-03-20T22:29:30.834,32.0,Red,data\RV_UMa\2022_03_20\Light\Red\reduced_images\RV_Uma_Light_Red_32_secs_017_reduced.fits,2,0.979925,792.0,4.8703168196038185,1172.7496476093547,937.0619051476332,7.0,V* RV UMa,False,0.9042966632021456,0.0044325446162465,2292.029878762911,14.696961866063797,-8.40055068692215,-0.0069619614237086,2022-03-20 22:29:30.834,0.08593244352753977,2022_03_20,1,"(0.0682, 0.0909]",-8.40055068692215,-0.0069619614237086
1,6,6,1169.125930770297,875.0652438151732,2911.259556231484,2911.259556231484,223.9384871830925,153.661865234375,5.628571335108856,5.5155777655565466,345.25698886898067,223.9384871830925,1.5205628871917725,2.2567150592803955,2570.7470036070026,8.442857002663285,11.257142670217712,14.07142833777214,8.27336664833482,11.031155531113091,13.788944413891365,False,1.5,32.0,90.97686113223386,5946.813509180698,3.4290580849911043,77.72528178397248,-8.525148345687438,-0.0328267045879973,1.148131,65.46584,60.5513,2022-03-20T22:31:49.716,32.0,Red,data\RV_UMa\2022_03_20\Light\Red\reduced_images\RV_Uma_Light_Red_32_secs_018_reduced.fits,2,0.979925,792.0,7.1152642161456905,1172.793254797091,937.0897529048992,7.0,V* RV UMa,False,0.90412941805935,0.0071011956957885,2324.287992349017,72.6061544173995,-8.415724846450459,-0.0339162491045527,2022-03-20 22:31:49.716,0.08936669084634584,2022_03_20,1,"(0.0682, 0.0909]",-8.415724846450459,-0.0339162491045527
1,4,5,1170.0050316112863,889.8896469456013,2987.3732916429044,2987.3732916429044,191.1077545362648,156.55276489257812,5.199636209295083,5.095253512393485,300.5313025174014,191.10775453626465,1.5941369533538818,2.3960201740264893,2682.721358064162,7.799454313942626,10.399272418590169,12.999090523237708,7.642880268590227,10.19050702478697,12.738133780983713,False,1.5,32.0,93.35541536384076,11.244231695756138,2.9263374913365534,10.36947368726752,-8.571438917107114,-0.004196676249179,1.140866,65.83254,61.20522,2022-03-20T22:36:25.398,32.0,Red,data\RV_UMa\2022_03_20\Light\Red\reduced_images\RV_Uma_Light_Red_32_secs_020_reduced.fits,2,0.979925,792.0,11.570026852224292,1172.7784654961574,937.0349175720796,7.0,V* RV UMa,False,0.919189239721102,0.00683572677739,2465.928605502559,20.66748039264953,-8.479951246459173,-0.009099789699246,2022-03-20 22:36:25.398,0.0961837021893787,2022_03_20,1,"(0.0909, 0.114]",-8.479951246459173,-0.009099789699246
1,4,5,1170.093247326706,882.1294224385992,3099.9418982485067,3099.9418982485067,209.2887152870932,157.8914794921875,5.441350614306726,5.332115500724519,325.3273318366624,209.2887152870933,1.5497559309005735,2.479694366455078,2775.5954704617725,8.162025921460089,10.882701228613453,13.603376535766817,7.998173251086778,10.664231001449036,13.3302887518113,False,1.5,32.0,96.87318432026584,14.94516558203785,3.204733452833614,10.724881507743444,-8.60839042521694,-0.0041952771103062,1.13723,66.01766,61.54093,2022-03-20T22:38:47.233,32.0,Red,data\RV_UMa\2022_03_20\Light\Red\reduced_images\RV_Uma_Light_Red_32_secs_021_reduced.fits,2,0.979925,792.0,6.454618726649896,1172.7994880468632,937.0319904594224,7.0,V* RV UMa,False,0.9167080242323282,0.0102044549080328,2544.410639795211,29.981281644340545,-8.513968007422658,-0.0127934392496216,2022-03-20 22:38:47.233,0.09969097072283055,2022_03_20,1,"(0.0909, 0.114]",-8.513968007422658,-0.0127934392496216
1,5,5,1170.0761508018663,882.5252619012588,3135.7178773884725,3135.7178773884725,224.77606527653225,133.53819274902344,5.63908754459101,5.525882862133345,351.1652171088589,224.77606527653228,1.5279642343521118,2.342320203781128,2792.2680889075355,8.458631316886514,11.27817508918202,14.097718861477524,8.288824293200017,11.05176572426669,13.814707155333364,False,1.5,32.0,97.99118366838977,16.598703813529692,3.4418834995469,10.864242770734938,-8.61489278267845,-0.0042244159005819,1.133747,66.19604,61.86795,2022-03-20T22:41:04.236,32.0,Red,data\RV_UMa\2022_03_20\Light\Red\reduced_images\RV_Uma_Light_Red_32_secs_022_reduced.fits,2,0.979925,792.0,6.580011872099469,1172.7456079067229,937.101519456003,7.0,V* RV UMa,False,0.9032719508098704,0.0052328469776894,2522.1774438516586,17.601091434415288,-8.504439093553342,-0.0075768428824022,2022-03-20 22:41:04.236,0.10307875449191789,2022_03_20,1,"(0.0909, 0.114]",-8.504439093553342,-0.0075768428824022
1,5,6,1170.7066052723053,891.2737314544042,3160.641868685152,3160.641868685152,207.81626356175616,135.57386779785156,5.422175504413263,5.313325331162167,339.7266959739759,207.816263561756,1.6213641166687012,2.548970460891724,2823.696036085956,8.133263256619895,10.844351008826523,13.555438761033155,7.96998799674325,10.626650662324334,13.283313327905416,False,1.5,32.0,98.770058396411,16.5902539749582,3.182186535789391,10.887722393005738,-8.627044860415085,-0.0041864259602913,1.130318,66.37258,62.19538,2022-03-20T22:43:21.217,32.0,Red,data\RV_UMa\2022_03_20\Light\Red\reduced_images\RV_Uma_Light_Red_32_secs_023_reduced.fits,2,0.979925,792.0,13.117758009070634,1172.7667453201009,937.0348348225994,7.0,V* RV UMa,False,0.9431414943808628,0.007499200021901,2663.144899151427,23.5339244393669,-8.56348699156667,-0.0095945338205234,2022-03-20 22:43:21.217,0.10646599424924694,2022_03_20,1,"(0.0909, 0.114]",-8.56348699156667,-0.0095945338205234
1,5,6,1171.0185322330365,889.2183989519659,3256.8107849170297,3256.8107849170297,210.78081164628745,131.33358764648438,5.460712862086649,5.35108905138026,337.9050621983213,210.7808116462874,1.5815885663032532,2.49113130569458,2923.4422632211417,8.191069293129974,10.921425724173298,13.651782155216624,8.02663357707039,10.70217810276052,13.37772262845065,False,1.5,32.0,101.77533702865718,12.35555584864468,3.227581178333776,10.833211622396917,-8.66473630280279,-0.004023342694404,1.126919,66.54835,62.52541,2022-03-20T22:45:39.886,32.0,Red,data\RV_UMa\2022_03_20\Light\Red\reduced_images\RV_Uma_Light_Red_32_secs_024_reduced.fits,2,0.979925,792.0,11.586141460545797,1172.7612015420173,937.1077497793192,7.0,V* RV UMa,False,0.9147649452802498,0.0041301859494061,2674.262501945457,15.620343991792351,-8.568010086925069,-0.0063417757195964,2022-03-20 22:45:39.886,0.10989497454512052,2022_03_20,1,"(0.0909, 0.114]",-8.568010086925069,-0.0063417757195964
1,5,6,1171.167454837687,885.8280221687312,3278.030974569354,3278.030974569354,212.4180045932412,131.85333251953125,5.481879274906554,5.371830548462805,343.2905662446132,212.4180045932411,1.617561399936676,2.3210933208465576,2934.4318096877555,8.22281891235983,10.963758549813107,13.704698187266384,8.057745822694207,10.74366109692561,13.429576371157012,False,1.5,32.0,102.43846795529232,15.702641606180793,3.252650695334005,11.017883655984352,-8.668810054584435,-0.0040766035678941,1.12349,66.7266,62.86423,2022-03-20T22:48:01.228,32.0,Red,data\RV_UMa\2022_03_20\Light\Red\reduced_images\RV_Uma_Light_Red_32_secs_025_reduced.fits,2,0.979925,792.0,9.237870493220052,1172.795185092565,937.0158603709132,7.0,V* RV UMa,False,0.9201958820358622,0.0057721478622739,2700.252067389716,19.74047643120992,-8.578510768144415,-0.0079373885939685,2022-03-20 22:48:01.228,0.11339005226962541,2022_03_20,1,"(0.0909, 0.114]",-8.578510768144415,-0.0079373885939685
2,6,6,1171.985950406451,899.27848470141,3402.155779041176,3402.155779041176,260.11485765927733,90.8555145263672,6.066195246747428,5.944416377168974,408.3434364925375,260.1148576592772,1.5764622688293457,2.520714282989502,2992.094520379409,9.099292870121143,12.132390493494857,15.16548811686857,8.916624565753462,11.888832754337948,14.861040942922434,False,1.5,32.0,106.31736809503673,37.17369189781671,3.983008757907684,12.143890181929391,-8.689938271970712,-0.0044066325937643,1.120252,66.89554,63.18965,2022-03-20T22:50:17.149,32.0,Red,data\RV_UMa\2022_03_20\Light\Red\reduced_images\RV_Uma_Light_Red_32_secs_026_reduced.fits,2,0.979925,792.0,20.86708835167935,1172.7498581749326,937.0576406743234,7.0,V* RV UMa,False,0.9076039106438244,0.0056351960687238,2715.63668771231,20.143873794865744,-8.584679168185458,-0.0080537036423633,2022-03-20 22:50:17.149,0.11675108055132813,2022_03_20,1,"(0.114, 0.136]",-8.584679168185458,-0.0080537036423633
1,5,6,1172.846384237732,905.8266315827606,3302.61031336128,3302.61031336128,190.0438913722485,165.5406494140625,5.185143282392927,5.081051530998889,310.8611445272296,190.04389137224865,1.6151585578918457,2.62801456451416,2995.6592958363244,7.77771492358939,10.370286564785854,12.962858205982318,7.621577296498334,10.162103061997778,12.702628827497223,False,1.5,32.0,103.20657229254,16.773180084252164,2.9100470866375554,11.085567169226378,-8.691231045972941,-0.0040178139225098,1.117052,67.06322,63.51682,2022-03-20T22:52:33.382,32.0,Red,data\RV_UMa\2022_03_20\Light\Red\reduced_images\RV_Uma_Light_Red_32_secs_027_reduced.fits,2,0.979925,792.0,27.299696206977107,1172.7652147690687,937.0477163755676,7.0,V* RV UMa,False,0.912105251373408,0.0043389217760632,2732.356575057877,16.46762479434093,-8.591343436347847,-0.0065436175529944,2022-03-20 22:52:33.382,0.12011982390887559,2022_03_20,1,"(0.114, 0.136]",-8.591343436347847,-0.0065436175529944
1,5,6,1172.6340743327648,900.5247218079994,3317.4688799138657,3317.4688799138657,192.01414432560625,185.0532989501953,5.211952094346296,5.107322156052295,322.42999688881946,192.01414432560617,1.677222728729248,2.581423759460449,2995.4183928134607,7.817928141519444,10.423904188692592,13.02988023586574,7.660983234078442,10.21464431210459,12.768305390130736,False,1.5,32.0,103.6709024973083,16.533019366777108,2.940216584985845,11.09703286690056,-8.691143730418883,-0.0040222929717902,1.113897,67.22912,63.84498,2022-03-20T22:54:50.848,32.0,Red,data\RV_UMa\2022_03_20\Light\Red\reduced_images\RV_Uma_Light_Red_32_secs_028_reduced.fits,2,0.979925,792.0,22.266823861509195,1172.777711867724,937.0135900086055,7.0,V* RV UMa,False,0.9265059724458332,0.0049220100437164,2775.27303091577,17.97439160583807,-8.60826428845501,-0.0070319019093121,2022-03-20 22:54:50.848,0.12351905665269404,2022_03_20,1,"(0.114, 0.136]",-8.60826428845501,-0.0070319019093121
1,5,6,1173.0166223649005,903.2061506216615,3355.859467776465,3355.859467776465,203.06235783439416,147.75234985351562,5.359799167484551,5.252201199197299,331.3143226783867,203.06235783439428,1.627516508102417,2.501774787902832,3025.3721282267884,8.039698751226826,10.719598334969104,13.39949791871138,7.878301798795948,10.504402398394598,13.130502997993249,False,1.5,32.0,104.87060836801452,14.541809443201934,3.1093923543391604,11.068957049584917,-8.701947003913892,-0.0039723931167075,1.110685,67.39852,64.18501,2022-03-20T22:57:12.048,32.0,Red,data\RV_UMa\2022_03_20\Light\Red\reduced_images\RV_Uma_Light_Red_32_secs_029_reduced.fits,2,0.979925,792.0,24.896282966468444,1172.7547744336723,937.0707939817923,7.0,V* RV UMa,False,0.9044637577934724,0.0076872118817881,2736.3394438196365,25.32000289209377,-8.592924926912726,-0.0100465766067942,2022-03-20 22:57:12.048,0.12701062302857727,2022_03_20,1,"(0.114, 0.136]",-8.592924926912726,-0.0100465766067942
1,5,6,1174.004624924184,912.5043718064354,3357.659019522477,3357.659019522477,191.63104911036265,194.04676818847656,5.206750209812043,5.102224699350066,320.7656825967331,191.63104911036265,1.6431110501289368,2.3330140113830566,3042.78792518144,7.810125314718064,10.413500419624086,13.016875524530109,7.653337049025099,10.204449398700133,12.755561748375166,False,1.5,32.0,104.9268443600774,12.80016893654332,2.934350439502428,10.984596657871563,-8.708179210395047,-0.0039195548882708,1.107587,67.56238,64.51887,2022-03-20T22:59:30.308,32.0,Red,data\RV_UMa\2022_03_20\Light\Red\reduced_images\RV_Uma_Light_Red_32_secs_030_reduced.fits,2,0.979925,792.0,34.00921502188186,1172.8062236737364,937.0662049840475,7.0,V* RV UMa,False,0.9098538404081596,0.0104374019400256,2768.492279273909,33.29427872522216,-8.605608291740692,-0.0130572167724313,2022-03-20 22:59:30.308,0.1304294896513083,2022_03_20,1,"(0.114, 0.136]",-8.605608291740692,-0.0130572167724313
2,6,7,1174.3716241715224,909.4346706520791,3403.8531946705043,3403.8531946705043,215.5329521105361,143.1751708984375,5.521926775447584,5.411074095430474,362.0339573991148,215.532952110536,1.6619197130203247,2.457770347595215,3045.6547327525386,8.282890163171377,11.043853550895168,13.80481693861896,8.116611143145711,10.822148190860949,13.527685238576185,False,1.5,32.0,106.37041233345326,16.284193699287908,3.300348329192584,11.222965488761592,-8.709201671203804,-0.0040008408782721,1.104606,67.72039,64.84584,2022-03-20T23:01:46.051,32.0,Red,data\RV_UMa\2022_03_20\Light\Red\reduced_images\RV_Uma_Light_Red_32_secs_031_reduced.fits,2,0.979925,792.0,31.20849923260784,1172.7692784194082,936.9036033660932,7.0,V* RV UMa,False,0.9112076815258952,0.0093036875956454,2775.2239877598104,30.12472459527176,-8.608245101729985,-0.0117855366974743,2022-03-20 23:01:46.051,0.13378611638333035,2022_03_20,1,"(0.114, 0.136]",-8.608245101729985,-0.0117855366974743
1,5,6,1179.4403552153296,882.0833452622521,3425.788156580721,3425.788156580721,234.7847130013388,106.74697875976562,5.763266638254929,5.6475690604919615,389.8933118216406,234.7847130013388,1.6561509370803833,2.3749611377716064,3036.9492341314053,8.644899957382393,11.526533276509856,14.408166595637322,8.471353590737941,11.295138120983925,14.118922651229903,False,1.5,32.0,107.05587989314756,13.060159325390112,3.5951409178329987,11.122552770671428,-8.706093830700445,-0.0039764109642434,1.09382,68.29736,66.07926,2022-03-20T23:10:13.596,32.0,Red,data\RV_UMa\2022_03_20\Light\Red\reduced_images\RV_Uma_Light_Red_32_secs_032_reduced.fits,2,0.979925,792.0,15.580272675961282,1172.7462963047724,937.1172454215284,7.0,V* RV UMa,False,0.9037777181252564,0.0087684423172069,2744.7270488855265,28.463475153923643,-8.596247905611133,-0.0112593438026548,2022-03-20 23:10:13.596,0.14633659128593415,2022_03_20,1,"(0.136, 0.159]",-8.596247905611133,-0.0112593438026548
1,5,6,1179.942643614047,881.7566697581393,3314.02740350488,3314.02740350488,193.5653719309589,153.9547576904297,5.232962683624582,5.127910957750819,324.79309337392215,193.5653719309589,1.6640251874923706,2.439566373825073,2991.9297491854354,7.849444025436874,10.465925367249165,13.082406709061456,7.691866436626229,10.255821915501638,12.819777394377049,False,1.5,32.0,103.56335635952748,14.05391082136386,2.963969757692808,10.980948817774545,-8.689878480083921,-0.0039848574978405,1.090924,68.45354,66.42509,2022-03-20T23:12:36.547,32.0,Red,data\RV_UMa\2022_03_20\Light\Red\reduced_images\RV_Uma_Light_Red_32_secs_033_reduced.fits,2,0.979925,792.0,16.0391325838923,1172.7682054303837,937.0424051272598,7.0,V* RV UMa,False,0.921533702590027,0.0064046984417853,2757.164099656105,21.67021913045685,-8.60115653754794,-0.0085334570684109,2022-03-20 23:12:36.547,0.14987145605221522,2022_03_20,1,"(0.136, 0.159]",-8.60115653754794,-0.0085334570684109
1,5,6,1179.9359317242483,881.5622358097577,3310.720014655814,3310.720014655814,194.8563786155794,147.26425170898438,5.250384608105104,5.144983137097394,331.16752283022095,194.85637861557944,1.716990947723389,2.4711499214172363,2976.153376466703,7.875576912157655,10.500769216210209,13.12596152026276,7.71747470564609,10.289966274194787,12.862457842743485,False,1.5,32.0,103.46000045799418,13.806384779444125,2.983738297551059,10.96586173243988,-8.68413827218857,-0.0040004769893333,1.088139,68.59962,66.76403,2022-03-20T23:14:55.776,32.0,Red,data\RV_UMa\2022_03_20\Light\Red\reduced_images\RV_Uma_Light_Red_32_secs_034_reduced.fits,2,0.979925,792.0,16.01232339934446,1172.7288897703409,936.9914220745492,7.0,V* RV UMa,False,0.9129850214304692,0.0035042743668674,2717.1834541938165,14.45693288730941,-8.585297403419016,-0.0057767227388654,2022-03-20 23:14:55.776,0.15331428392011784,2022_03_20,1,"(0.136, 0.159]",-8.585297403419016,-0.0057767227388654
1,5,6,1180.3506795128949,881.2447309397201,3331.0241419899094,3331.0241419899094,207.97165806938577,132.02139282226562,5.424202340109882,5.315311478132176,346.0231574755892,207.97165806938585,1.684181809425354,2.644774913787842,2980.76205859342,8.136303510164822,10.848404680219764,13.560505850274703,7.972967217198263,10.630622956264352,13.28827869533044,False,1.5,32.0,104.09450443718468,15.251088103750895,3.184566014187469,11.069334151389732,-8.685818273892174,-0.0040319812901807,1.085384,68.73772,67.10559,2022-03-20T23:17:15.866,32.0,Red,data\RV_UMa\2022_03_20\Light\Red\reduced_images\RV_Uma_Light_Red_32_secs_035_reduced.fits,2,0.979925,792.0,16.39798998797404,1172.696120218944,937.0497155577636,7.0,V* RV UMa,False,0.913937012258744,0.0049279303595665,2724.2287700850934,17.835735487002676,-8.588108937813507,-0.0071083985197481,2022-03-20 23:17:15.866,0.156778402430015,2022_03_20,1,"(0.136, 0.159]",-8.588108937813507,-0.0071083985197481
2,6,7,1180.0154078638184,881.2588528635044,3368.1469777840525,3368.1469777840525,222.23558661605955,108.52734375,5.607129758193615,5.494566628297879,373.43783691780015,222.23558661605955,1.703811526298523,2.295215129852295,2989.4994237538967,8.410694637290423,11.21425951638723,14.017824395484038,8.241849942446818,10.989133256595755,13.736416570744696,False,1.5,32.0,105.25459305575164,15.300737585919428,3.402982420058412,11.133656769531273,-8.688996185107493,-0.0040435579782957,1.082592,68.88998,67.45871,2022-03-20T23:19:43.174,32.0,Red,data\RV_UMa\2022_03_20\Light\Red\reduced_images\RV_Uma_Light_Red_32_secs_036_reduced.fits,2,0.979925,792.0,16.064806241483556,1172.6789046138415,937.0102210387856,7.0,V* RV UMa,False,0.9206062253076158,0.0063584078779148,2752.1517800613674,21.5957879508904,-8.599180953473933,-0.0085196350791518,2022-03-20 23:19:43.174,0.1604210062522431,2022_03_20,1,"(0.159, 0.182]",-8.599180953473933,-0.0085196350791518
1,5,6,1180.8287360999614,880.8700669634001,3338.5699012048626,3338.5699012048626,214.62275297199432,122.28321075439452,5.510254846736716,5.399636480688477,362.6468863078198,214.6227529719941,1.6807578802108765,2.2983145713806152,2977.841017874631,8.265382270105075,11.020509693473432,13.77563711684179,8.099454721032716,10.799272961376952,13.49909120172119,False,1.5,32.0,104.33030941265196,12.779912002426038,3.2864109048836627,10.972539921092183,-8.684753769384216,-0.0040006446882065,1.079898,69.02139,67.80603,2022-03-20T23:22:04.727,32.0,Red,data\RV_UMa\2022_03_20\Light\Red\reduced_images\RV_Uma_Light_Red_32_secs_037_reduced.fits,2,0.979925,792.0,16.851212871569302,1172.700486756697,937.0243520038914,7.0,V* RV UMa,False,0.9067869935241528,0.0047839944275309,2700.26750379144,17.37657771697898,-8.57851697490286,-0.0069868557524864,2022-03-20 23:22:04.727,0.16392130154406606,2022_03_20,1,"(0.159, 0.182]",-8.57851697490286,-0.0069868557524864
1,5,6,1181.411266102714,881.4913069969133,3315.098984702301,3315.098984702301,203.6598375662784,131.01885986328125,5.367678567787066,5.259922420538741,342.17229435473047,203.6598375662784,1.6435059309005735,2.4652528762817383,2980.382833775875,8.051517851680599,10.735357135574132,13.419196419467664,7.889883630808111,10.519844841077482,13.149806051346852,False,1.5,32.0,103.59684327194692,13.720904122301231,3.118541262733637,10.974346844208169,-8.685680133275852,-0.0039978909948405,1.07727,69.15939,68.1518,2022-03-20T23:24:26.204,32.0,Red,data\RV_UMa\2022_03_20\Light\Red\reduced_images\RV_Uma_Light_Red_32_secs_038_reduced.fits,2,0.979925,792.0,17.475015990223383,1172.710196754104,937.0120600278332,7.0,V* RV UMa,False,0.9115319043815562,0.0047282436143166,2716.7140402578225,17.281584072266263,-8.585109818096653,-0.0069065942255189,2022-03-20 23:24:26.204,0.1674197175225422,2022_03_20,1,"(0.159, 0.182]",-8.585109818096653,-0.0069065942255189
1,5,6,1180.773947900561,881.0470597191511,3321.401046833844,3321.401046833844,212.27700684865408,130.005615234375,5.480059605897684,5.370047409309288,361.00798459377233,212.277006848654,1.6836264729499817,2.3562252521514893,2964.005858504865,8.220089408846526,10.960119211795368,13.700149014744207,8.055071113963933,10.740094818618577,13.42511852327322,False,1.5,32.0,103.79378271355762,13.998641994975616,3.250491667370015,11.001950571417018,-8.679697644281907,-0.0040300919190397,1.074685,69.30091,68.49866,2022-03-20T23:26:49.829,32.0,Red,data\RV_UMa\2022_03_20\Light\Red\reduced_images\RV_Uma_Light_Red_32_secs_039_reduced.fits,2,0.979925,792.0,16.80659579528866,1172.7370757712129,936.9954422138388,7.0,V* RV UMa,False,0.9135565071590164,0.003189149761917,2707.786839294566,13.79758732825663,-8.581536182748952,-0.0055323926843897,2022-03-20 23:26:49.829,0.17097124883087245,2022_03_20,1,"(0.159, 0.182]",-8.581536182748952,-0.0055323926843897
1,5,6,1181.0437615099456,881.617512277733,3286.59828831136,3286.59828831136,202.3724642527132,146.49366760253906,5.35068660445718,5.243271570872702,343.7699983909572,202.3724642527133,1.6722763180732727,2.408508062362671,2948.175608911418,8.02602990668577,10.70137320891436,13.37671651114295,7.864907356309053,10.486543141745404,13.108178927181756,False,1.5,32.0,102.70619650973,12.613520930525066,3.0988283588696697,10.882028570038068,-8.673883372076892,-0.0040075673796328,1.072147,69.42075,68.84617,2022-03-20T23:29:11.994,32.0,Red,data\RV_UMa\2022_03_20\Light\Red\reduced_images\RV_Uma_Light_Red_32_secs_040_reduced.fits,2,0.979925,792.0,17.120343231854932,1172.707861783963,937.0510063549616,7.0,V* RV UMa,False,0.9192093921379926,0.0041301435203133,2709.9907093835204,15.758226413865382,-8.58241950498086,-0.0063134079689157,2022-03-20 23:29:11.994,0.1744866775406985,2022_03_20,1,"(0.159, 0.182]",-8.58241950498086,-0.0063134079689157
2,6,7,1181.9327860933236,881.698153584938,3359.962267834627,3359.962267834627,255.67577404958467,83.1273193359375,6.0142100816012185,5.893474814213074,423.69643381165935,255.6757740495848,1.6650768518447876,2.3510782718658447,2934.242454887165,9.021315122401829,12.028420163202435,15.035525204003047,8.84021222131961,11.786949628426148,14.733687035532686,False,1.5,32.0,104.99882086983207,18.184343099761804,3.9150352901342647,11.273783715316174,-8.668739991277683,-0.0041715554636408,1.069623,69.54689,69.19899,2022-03-20T23:31:35.892,32.0,Red,data\RV_UMa\2022_03_20\Light\Red\reduced_images\RV_Uma_Light_Red_32_secs_041_reduced.fits,2,0.979925,792.0,18.01301037214315,1172.8187593714808,937.1124366025898,7.0,V* RV UMa,False,0.907534329406938,0.0033706495555112,2662.925758613391,14.23019780906095,-8.563397646594925,-0.0058019796129098,2022-03-20 23:31:35.892,0.17804495954039287,2022_03_20,1,"(0.159, 0.182]",-8.563397646594925,-0.0058019796129098
2,6,7,1181.1704343197496,880.806921793164,3258.595163156958,3258.595163156958,211.4873867716638,124.48612213134766,5.469857849568574,5.360050453238485,359.9173605034917,211.4873867716637,1.6935371160507202,2.388979911804199,2900.433424082571,8.204786774352861,10.939715699137148,13.674644623921434,8.040075679857727,10.72010090647697,13.400126133096212,False,1.5,32.0,101.83109884865492,13.376742788923584,3.2384006099411016,10.883301073089893,-8.656157253042567,-0.0040740097339328,1.067196,69.67093,69.54523,2022-03-20T23:33:58.528,32.0,Red,data\RV_UMa\2022_03_20\Light\Red\reduced_images\RV_Uma_Light_Red_32_secs_042_reduced.fits,2,0.979925,792.0,17.189384442414365,1172.7303128477995,936.9872339470292,7.0,V* RV UMa,False,0.9292344334228416,0.0091476083959725,2695.18260950804,28.39408622859113,-8.576470489312426,-0.0114383668515258,2022-03-20 23:33:58.528,0.18157203504740763,2022_03_20,1,"(0.159, 0.182]",-8.576470489312426,-0.0114383668515258
2,6,7,1181.8195096343763,882.0069927727656,3340.6071555360472,3340.6071555360472,257.36728410000734,88.29747009277344,6.034071811501552,5.912937819885658,424.8481836787424,257.3672841000073,1.6525933146476746,2.4660348892211914,2915.2837024233463,9.051107717252329,12.068143623003104,15.08517952875388,8.869406729828489,11.825875639771317,14.782344549714146,False,1.5,32.0,104.39397361050148,17.55396604454841,3.940936537781362,11.220021220694337,-8.661702061889919,-0.0041786613245688,1.064842,69.78418,69.88811,2022-03-20T23:36:20.045,32.0,Red,data\RV_UMa\2022_03_20\Light\Red\reduced_images\RV_Uma_Light_Red_32_secs_043_reduced.fits,2,0.979925,792.0,17.932176209249242,1172.71883818561,937.0337893419988,7.0,V* RV UMa,False,0.9072814244513244,0.0043187762348182,2644.9827502143844,16.19093162204704,-8.556057110104632,-0.0066461985997431,2022-03-20 23:36:20.045,0.18507144013817156,2022_03_20,1,"(0.182, 0.205]",-8.556057110104632,-0.0066461985997431
1,5,6,1173.597360150121,878.7754335459166,3241.9933703097176,3241.9933703097176,221.50719616871697,110.27024841308594,5.597933364747899,5.485554852450585,378.8094605737234,221.50719616871697,1.7167372703552246,2.513915538787842,2861.723710994995,8.396900047121848,11.195866729495798,13.994833411869749,8.228332278675877,10.97110970490117,13.713887131126462,False,1.5,32.0,101.31229282217868,16.26990492682779,3.391828941333478,10.998819331652829,-8.641569254741754,-0.0041729452469808,1.05892,70.08125,70.78363,2022-03-20T23:42:22.053,32.0,Red,data\RV_UMa\2022_03_20\Light\Red\reduced_images\RV_Uma_Light_Red_32_secs_044_reduced.fits,2,0.979925,792.0,9.675168466316023,1172.645300839581,936.9966571595984,7.0,V* RV UMa,False,0.9090908202404164,0.0053044273119946,2601.5667557298884,18.17704616425986,-8.53808743573117,-0.0075859968123554,2022-03-20 23:42:22.053,0.19402310416508897,2022_03_20,1,"(0.182, 0.205]",-8.53808743573117,-0.0075859968123554
1,5,6,1173.7797570182393,879.2043899680182,3248.934869690579,3248.934869690579,230.88297325433592,92.80877685546876,5.715177957309537,5.600445759816548,392.0716161701109,230.88297325433567,1.702626347541809,2.697789192199707,2855.827436228956,8.572766935964307,11.430355914619074,14.287944893273842,8.400668639724824,11.200891519633096,14.00111439954137,False,1.5,32.0,101.5292146778306,16.56936290940369,3.5353955279570184,11.02877931210845,-8.639329903980816,-0.0041929511711868,1.056794,70.18128,71.11761,2022-03-20T23:44:38.859,32.0,Red,data\RV_UMa\2022_03_20\Light\Red\reduced_images\RV_Uma_Light_Red_32_secs_045_reduced.fits,2,0.979925,792.0,9.812066176845224,1172.7027023825551,937.0521583383576,7.0,V* RV UMa,False,0.9056671940720264,0.0048231847440878,2586.429220923387,17.01459176535183,-8.531751495493143,-0.0071424178706992,2022-03-20 23:44:38.859,0.19740601655615894,2022_03_20,1,"(0.182, 0.205]",-8.531751495493143,-0.0071424178706992
1,5,6,1174.30202167332,878.6703604930713,3251.669030980272,3251.669030980272,261.84662728941885,92.1091537475586,6.086355235921098,5.964171654559983,447.7109859153439,261.84662728941873,1.6995452642440796,2.374875068664551,2806.6488356122554,9.129532853881647,12.172710471842196,15.215888089802744,8.946257481839973,11.928343309119963,14.910429136399957,False,1.5,32.0,101.61465721813347,17.74369801623309,4.009526480369225,11.107109512142925,-8.620470194129478,-0.004296722402365,1.054718,70.26164,71.45064,2022-03-20T23:46:53.775,32.0,Red,data\RV_UMa\2022_03_20\Light\Red\reduced_images\RV_Uma_Light_Red_32_secs_046_reduced.fits,2,0.979925,792.0,10.387472829131328,1172.7053953959994,936.9527859111536,7.0,V* RV UMa,False,0.9209501138814792,0.0086391290663296,2584.783564782428,26.316372143252728,-8.53106045894633,-0.0110541704160916,2022-03-20 23:46:53.775,0.20074219339163107,2022_03_20,1,"(0.182, 0.205]",-8.53106045894633,-0.0110541704160916
2,6,7,1174.393119069916,878.7683889364192,3177.9416262065984,3177.9416262065984,217.83707187094583,111.13169860839844,5.551363938663123,5.439920307594461,379.36194955644936,217.83707187094583,1.7413330078125,2.36377501487732,2798.6147426324965,8.327045907994684,11.102727877326243,13.878409846657808,8.15988046139169,10.879840615188922,13.599800768986151,False,1.5,32.0,99.3106758189562,13.532541197889152,3.335630163023858,10.778629188346226,-8.617357793981952,-0.0041816216320086,1.052656,70.35584,71.78856,2022-03-20T23:49:12.195,32.0,Red,data\RV_UMa\2022_03_20\Light\Red\reduced_images\RV_Uma_Light_Red_32_secs_047_reduced.fits,2,0.979925,792.0,10.465839183428557,1172.6637974908012,936.958206210546,7.0,V* RV UMa,False,0.9286070770023832,0.0172314087952444,2598.81345581174,49.25183945482972,-8.536937766837202,-0.0205765077625938,2022-03-20 23:49:12.195,0.20416501646351323,2022_03_20,1,"(0.182, 0.205]",-8.536937766837202,-0.0205765077625938
2,6,7,1175.2132615365465,879.2052367271589,3165.875054130165,3165.875054130165,219.0171851805588,104.676025390625,5.566380642836174,5.454635551431238,379.0081813036794,219.01718518055856,1.746774673461914,2.470381498336792,2783.301382003848,8.349570964254262,11.132761285672348,13.915951607090436,8.181953327146859,10.909271102862476,13.636588878578095,False,1.5,32.0,98.93359544156766,16.284053756097492,3.353700648077305,10.889047242332198,-8.611400588108292,-0.0042477012740208,1.050675,70.42369,72.12022,2022-03-20T23:51:27.125,32.0,Red,data\RV_UMa\2022_03_20\Light\Red\reduced_images\RV_Uma_Light_Red_32_secs_048_reduced.fits,2,0.979925,792.0,11.241391504028543,1172.7310161804692,936.9444043436496,7.0,V* RV UMa,False,0.9313546551292036,0.0154368217832455,2592.24069875683,44.146015632633,-8.534188312140447,-0.018490153129358,2022-03-20 23:51:27.125,0.20750153948828604,2022_03_20,1,"(0.205, 0.227]",-8.534188312140447,-0.018490153129358
1,5,6,1174.8479721572685,879.3175267157566,3152.6293366287955,3152.6293366287955,233.33727524588343,109.40101623535156,5.745474026510992,5.630133635428784,407.14142818873233,233.33727524588323,1.7518460750579834,2.4563231468200684,2743.85834682457,8.61821103976649,11.490948053021985,14.36368506627748,8.445200453143178,11.260267270857568,14.07533408857196,False,1.5,32.0,98.51966676964986,15.994843000604645,3.5729770272025902,10.866806651333093,-8.595904217313109,-0.0042999615578234,1.048726,70.49506,72.45377,2022-03-20T23:53:42.419,32.0,Red,data\RV_UMa\2022_03_20\Light\Red\reduced_images\RV_Uma_Light_Red_32_secs_049_reduced.fits,2,0.979925,792.0,10.869419014306988,1172.6933584089188,936.9731287473752,7.0,V* RV UMa,False,0.919788051551964,0.0028745329263469,2523.768122560364,12.732355600961442,-8.505123626312827,-0.005477515673585,2022-03-20 23:53:42.419,0.21084706343487772,2022_03_20,1,"(0.205, 0.227]",-8.505123626312827,-0.005477515673585
2,6,7,1173.3904735524843,878.8887751853446,3119.8632532984425,3119.8632532984425,226.1383764426019,98.4796905517578,5.65615027567266,5.542603058888532,404.7192005560058,226.13837644260173,1.7864298820495603,2.630730390548706,2715.882900143206,8.484225413508991,11.31230055134532,14.14037568918165,8.313904588332798,11.085206117777064,13.856507647221328,False,1.5,32.0,97.49572666557631,14.223538801788932,3.462743889277341,10.732288169660867,-8.584777601688696,-0.0042904772606667,1.046804,70.57114,72.79017,2022-03-20T23:55:59.332,32.0,Red,data\RV_UMa\2022_03_20\Light\Red\reduced_images\RV_Uma_Light_Red_32_secs_050_reduced.fits,2,0.979925,792.0,9.45599355586802,1172.5835717649334,936.929141476102,7.0,V* RV UMa,False,0.9142261881881444,0.0059218208108673,2482.9312713632858,18.83964449624381,-8.48741174564358,-0.0082381998850548,2022-03-20 23:55:59.332,0.21423262170131754,2022_03_20,1,"(0.205, 0.227]",-8.48741174564358,-0.0082381998850548
1,5,6,1175.2562946585674,878.3719560781029,3105.0408877837444,3105.0408877837444,221.8979782714215,105.59521484375,5.602869114539619,5.490391517065236,385.3634350962438,221.89797827142155,1.7299253940582275,2.5137038230896,2721.173940281832,8.404303671809428,11.205738229079238,14.007172786349049,8.235587275597855,10.980783034130472,13.72597879266309,False,1.5,32.0,97.032527743242,15.184613483200144,3.397812792281141,10.75243944501541,-8.586890758060372,-0.0042901751417307,1.044939,70.61709,73.12389,2022-03-20T23:58:15.811,32.0,Red,data\RV_UMa\2022_03_20\Light\Red\reduced_images\RV_Uma_Light_Red_32_secs_051_reduced.fits,2,0.979925,792.0,11.373420613523413,1172.6928488724584,936.9469484293238,7.0,V* RV UMa,False,0.9181406066803516,0.0034437178300412,2498.420292413125,13.61161808598002,-8.494163746546445,-0.0059151883316697,2022-03-20 23:58:15.811,0.2176074480994349,2022_03_20,1,"(0.205, 0.227]",-8.494163746546445,-0.0059151883316697
1,5,6,1174.5541385024674,878.7887145042495,3046.4790694466265,3046.4790694466265,200.6263737264344,125.66368865966795,5.327553459195901,5.220602823502543,359.7614394903743,200.6263737264344,1.7779852151870728,2.469468116760254,2689.76834318443,7.991330188793851,10.655106918391802,13.318883647989752,7.830904235253815,10.441205647005086,13.05150705875636,False,1.5,32.0,95.20247092020708,14.015884896449151,3.072091347686025,10.596718697990536,-8.574287194793209,-0.0042774096777511,1.043104,70.669,73.45992,2022-03-21T00:00:32.353,32.0,Red,data\RV_UMa\2022_03_20\Light\Red\reduced_images\RV_Uma_Light_Red_32_secs_052_reduced.fits,2,0.979925,792.0,10.623419980471436,1172.67870963399,936.966712335076,7.0,V* RV UMa,False,0.9285127432491522,0.0096762170271635,2497.484183034902,27.82450397015932,-8.493756866126517,-0.0120962012672799,2022-03-21 00:00:32.353,0.2209838323494055,2022_03_20,1,"(0.205, 0.227]",-8.493756866126517,-0.0120962012672799
1,5,6,1174.4820194910392,878.9223299997836,3031.0141107446225,3031.0141107446225,191.09944115852844,138.3963623046875,5.199523113387192,5.095142686885945,345.27926071823225,191.0994411585285,1.8117502927780151,2.414478778839112,2684.789642275944,7.799284670080788,10.399046226774384,12.99880778346798,7.642714030328917,10.19028537377189,12.737856717214862,False,1.5,32.0,94.71919096076944,12.86387338227753,2.9262101927399664,10.512339156238586,-8.572275659187927,-0.0042512184339884,1.04127,70.71735,73.8037,2022-03-21T00:02:50.367,32.0,Red,data\RV_UMa\2022_03_20\Light\Red\reduced_images\RV_Uma_Light_Red_32_secs_053_reduced.fits,2,0.979925,792.0,10.537272191601184,1172.7021820369027,936.9794197700248,7.0,V* RV UMa,False,0.9403145421457983,0.0086230633093316,2524.5467432344863,25.173106633539888,-8.505458540708954,-0.0108262417130981,2022-03-21 00:02:50.367,0.2243966159315666,2022_03_20,1,"(0.205, 0.227]",-8.505458540708954,-0.0108262417130981
1,5,6,1174.566963630073,878.8525551997399,3017.737771340836,3017.737771340836,210.62630466402163,117.14012145996094,5.45871108371919,5.349127458713528,382.4593631464704,210.6263046640217,1.8066499829292293,2.760805130004883,2637.2097616151345,8.188066625578784,10.91742216743838,13.646777709297975,8.023691188070291,10.698254917427056,13.372818646783818,False,1.5,32.0,94.30430535440112,15.94046061517981,3.2252152901678306,10.652228933878051,-8.552861686532246,-0.0043855103159485,1.039541,70.7493,74.13561,2022-03-21T00:05:05.505,32.0,Red,data\RV_UMa\2022_03_20\Light\Red\reduced_images\RV_Uma_Light_Red_32_secs_054_reduced.fits,2,0.979925,792.0,10.629080389616384,1172.682268661939,936.9646725717593,7.0,V* RV UMa,False,0.938921954927298,0.0045914817485167,2476.134144929036,15.705185843888,-8.484435422381054,-0.006886415628202,2022-03-21 00:05:05.505,0.22773828234023596,2022_03_20,1,"(0.227, 0.25]",-8.484435422381054,-0.006886415628202
1,5,6,1174.7877348751035,879.0703840508172,2995.8805120058023,2995.8805120058023,213.1918428736429,110.7841339111328,5.491855433899746,5.381606436064208,386.1734399746566,213.19184287364288,1.8014070987701416,2.693190813064575,2611.8352128533334,8.23778315084962,10.983710867799491,13.729638584749363,8.072409654096314,10.763212872128417,13.45401609016052,False,1.5,32.0,93.62126600018132,16.440629691773506,3.264500094002657,10.64548710890946,-8.54236443188462,-0.004425313938088,1.037861,70.77773,74.46581,2022-03-21T00:07:20.704,32.0,Red,data\RV_UMa\2022_03_20\Light\Red\reduced_images\RV_Uma_Light_Red_32_secs_055_reduced.fits,2,0.979925,792.0,10.827714881197227,1172.6055088502148,936.9797044057884,7.0,V* RV UMa,False,0.9236500605790244,0.0117927418731601,2412.4217525744107,32.33210650145519,-8.45613308952013,-0.0145514102446076,2022-03-21 00:07:20.704,0.23108145714514414,2022_03_20,1,"(0.227, 0.25]",-8.45613308952013,-0.0145514102446076
1,6,6,1153.3302635252885,890.1390305979755,2572.7359626243715,2572.7359626243715,274.55192341507404,81.2193603515625,6.232266985216464,6.107154225488244,391.5773527898417,274.551923415074,1.41081041097641,2.0114145278930664,2185.395250716787,9.348400477824695,12.464533970432928,15.58066746304116,9.160731338232369,12.214308450976487,15.26788556372061,False,1.5,32.0,80.39799883201161,2679.159586008453,4.204076327293321,52.57149095439237,-8.3488249873411,-0.0261182827447698,1.31647,58.12113,49.39691,2022-03-22T21:03:07.168,32.0,Red,data\RV_UMa\2022_03_22\Light\Red\reduced_images\RV_Uma_Light_Red_32_secs_001_reduced.fits,2,0.979925,792.0,14.71880490754864,1172.8009847045296,937.0649487638456,7.0,V* RV UMa,False,1.1235774506130085,0.0173989649267575,2455.460824382144,70.24842130176776,-8.475332523943052,-0.0310618901255014,2022-03-22 21:03:07.168,0.23071683335200266,2022_03_22,2,"(0.227, 0.25]",-8.475332523943052,-0.0310618901255014
1,6,6,1153.4932096922976,889.137596967127,2581.400090972305,2581.400090972305,268.3994095800223,83.63471984863281,6.162040986383706,6.038338013582053,376.03068925032494,268.3994095800223,1.3894492983818054,2.017282247543335,2208.4727196452523,9.24306147957556,12.324081972767411,15.405102465959263,9.05750702037308,12.076676027164106,15.095845033955133,False,1.5,32.0,80.66875284288453,2015.1579852983605,4.1098659591940905,45.82506523836533,-8.360230097416288,-0.0225286606314469,1.307686,58.45745,49.84899,2022-03-22T21:06:30.052,32.0,Red,data\RV_UMa\2022_03_22\Light\Red\reduced_images\RV_Uma_Light_Red_32_secs_002_reduced.fits,2,0.979925,792.0,13.924378654133143,1172.806496878261,937.007917662956,7.0,V* RV UMa,False,1.1117599405587186,0.0090636060031759,2455.2914995183573,54.73766832075765,-8.475257650635287,-0.0242051374639414,2022-03-22 21:06:30.052,0.23573370978688057,2022_03_22,2,"(0.227, 0.25]",-8.475257650635287,-0.0242051374639414
1,6,6,1153.8548779677742,888.073113064154,2567.5934149926,2567.5934149926,283.8713758679688,73.77830505371094,6.337159032015291,6.209940564447584,395.0751750504539,283.87137586796865,1.4015610218048096,2.1009812355041504,2169.730359369953,9.505738548022936,12.67431806403058,15.842897580038226,9.314910846671376,12.419881128895168,15.52485141111896,False,1.5,32.0,80.23729421851876,1138.1024985040633,4.346780442978271,34.96693542713688,-8.341014414444054,-0.0174975049773956,1.300387,58.74393,50.23262,2022-03-22T21:09:22.687,32.0,Red,data\RV_UMa\2022_03_22\Light\Red\reduced_images\RV_Uma_Light_Red_32_secs_003_reduced.fits,2,0.979925,792.0,12.965286560480138,1172.773680039196,937.0472283699188,7.0,V* RV UMa,False,1.1120670670046031,0.0051351914401205,2412.8856769353874,40.45036290521999,-8.456341863565678,-0.0182016180549355,2022-03-22 21:09:22.687,0.24000259478192643,2022_03_22,2,"(0.227, 0.25]",-8.456341863565678,-0.0182016180549355
1,6,6,1155.1783758448585,887.3875019446764,2543.2704950426287,2543.2704950426287,293.8088609556334,61.5660514831543,6.447127356533876,6.317701274851459,405.2256493129245,293.8088609556333,1.3740414381027222,2.147035598754883,2139.564945207828,9.670691034800814,12.894254713067753,16.11781839133469,9.476551912277188,12.63540254970292,15.794253187128648,False,1.5,32.0,79.47720297008215,1561.74550228591,4.498948183383136,40.56749503530352,-8.325813684419947,-0.0205862402984436,1.293017,59.0316,50.62756,2022-03-22T21:12:19.835,32.0,Red,data\RV_UMa\2022_03_22\Light\Red\reduced_images\RV_Uma_Light_Red_32_secs_004_reduced.fits,2,0.979925,792.0,11.506356404925672,1172.7547559111044,937.0359011986982,7.0,V* RV UMa,False,1.10514274631328,0.0080606085655853,2364.5246794626014,48.03558837174771,-8.434359628188286,-0.0220568547518473,2022-03-22 21:12:19.835,0.244383076370843,2022_03_22,2,"(0.227, 0.25]",-8.434359628188286,-0.0220568547518473
1,6,6,1155.2538997040276,887.3527773740783,2513.955138757781,2513.955138757781,271.39318992308534,82.884765625,6.1963119997292,6.071921036334637,374.8929675898704,271.3931899230853,1.3658283948898315,2.052873611450196,2143.2786137811017,9.2944679995938,12.3926239994584,15.490779999323,9.107881554501956,12.143842072669274,15.179802590836593,False,1.5,32.0,78.56109808618065,14.5538388904157,4.155708220697244,9.862588159164591,-8.32769657618448,-0.0049961628731659,1.285802,59.31829,51.02188,2022-03-22T21:15:15.183,32.0,Red,data\RV_UMa\2022_03_22\Light\Red\reduced_images\RV_Uma_Light_Red_32_secs_005_reduced.fits,2,0.979925,792.0,11.42618070485348,1172.782378169742,937.007929551208,7.0,V* RV UMa,False,1.1337734570930476,0.0062320576523645,2429.9924034601945,17.419707370705733,-8.464012289818335,-0.007783237075859,2022-03-22 21:15:15.183,0.24871904790680954,2022_03_22,2,"(0.227, 0.25]",-8.464012289818335,-0.007783237075859
1,6,6,1155.6683600861068,885.5249545509089,2483.35095888516,2483.35095888516,274.10333079668186,69.1871337890625,6.227173427932692,6.102162921366944,340.1914055730737,274.1033307966818,1.2206264734268188,1.9544651508331297,2148.7731768602607,9.340760141899038,12.454346855865383,15.567933569831728,9.153244382050415,12.204325842733889,15.255407303417355,False,1.5,32.0,77.60471746516123,1377.7972833149795,4.197207252824191,38.20470138651741,-8.33047643514904,-0.0193041443061594,1.278928,59.59394,51.40487,2022-03-22T21:18:06.137,32.0,Red,data\RV_UMa\2022_03_22\Light\Red\reduced_images\RV_Uma_Light_Red_32_secs_006_reduced.fits,2,0.979925,792.0,9.997066892063282,1172.7769077050511,936.9962088775432,7.0,V* RV UMa,False,1.1154884427175398,0.0060024885942904,2396.931644809073,44.52593024594985,-8.44913912272961,-0.0201688749127485,2022-03-22 21:18:06.137,0.25294636545796134,2022_03_22,2,"(0.25, 0.273]",-8.44913912272961,-0.0201688749127485
1,6,6,1156.091033700529,886.3994207118834,2455.6984459913074,2455.6984459913074,248.4462017401001,94.5851058959961,5.928570455334119,5.809554403443287,308.6565285962922,248.4462017401,1.2470359802246094,1.913429379463196,2145.8770932712605,8.89285568300118,11.85714091066824,14.821426138335298,8.714331605164931,11.619108806886574,14.523886008608216,False,1.5,32.0,76.74057643722836,3232.354334470899,3.804332464145283,57.55779046638494,-8.329012109495759,-0.0291221604308987,1.272114,59.87195,51.79188,2022-03-22T21:20:58.166,32.0,Red,data\RV_UMa\2022_03_22\Light\Red\reduced_images\RV_Uma_Light_Red_32_secs_007_reduced.fits,2,0.979925,792.0,10.173707946164564,1172.747472077054,937.0443692434184,7.0,V* RV UMa,False,1.109246169756129,0.007934626143214,2380.305946478562,66.07715575107215,-8.441581953910108,-0.0301399744064484,2022-03-22 21:20:58.166,0.25720026540184815,2022_03_22,2,"(0.25, 0.273]",-8.441581953910108,-0.0301399744064484
1,6,6,1156.6945729085865,885.2820984931674,2481.181238752256,2481.181238752256,265.39170313940485,75.54193878173828,6.127417539058952,6.004409631962344,322.9251807060144,265.3917031394049,1.2106211185455322,1.87347948551178,2159.892438244926,9.191126308588426,12.254835078117903,15.31854384764738,9.006614447943514,12.008819263924687,15.01102407990586,False,1.5,32.0,77.536913711008,1918.340946473092,4.0638104543221365,44.720707403152986,-8.336080310007155,-0.0224802357146324,1.265293,60.14403,52.18682,2022-03-22T21:23:51.426,32.0,Red,data\RV_UMa\2022_03_22\Light\Red\reduced_images\RV_Uma_Light_Red_32_secs_008_reduced.fits,2,0.979925,792.0,9.01497806317243,1172.7468626366506,936.9951871615806,7.0,V* RV UMa,False,1.0915611046447942,0.0060608091949301,2357.654575804569,50.54016334592302,-8.431200440393225,-0.0232745227830215,2022-03-22 21:23:51.426,0.26148460527639195,2022_03_22,2,"(0.25, 0.273]",-8.431200440393225,-0.0232745227830215
1,6,6,1156.5586330846245,884.7267856509991,2418.062768402505,2418.062768402505,230.5379332765897,106.14871215820312,5.710905874915219,5.596259439476296,283.56738172788715,230.5379332765898,1.2373956441879272,1.8872361183166504,2132.7961339459657,8.566358812372828,11.421811749830438,14.277264687288048,8.394389159214443,11.192518878952592,13.99064859869074,False,1.5,32.0,75.56446151257828,4490.112577778837,3.53011210329778,67.59591075941438,-8.322373362095579,-0.034410849887144,1.258625,60.41938,52.58054,2022-03-22T21:26:44.563,32.0,Red,data\RV_UMa\2022_03_22\Light\Red\reduced_images\RV_Uma_Light_Red_32_secs_009_reduced.fits,2,0.979925,792.0,8.815693061792484,1172.7731174586356,937.055114501085,7.0,V* RV UMa,False,1.0884002050098138,0.0058359054601218,2321.3357494309275,74.61684866010046,-8.414344899372923,-0.0348998261432409,2022-03-22 21:26:44.563,0.26576590363065034,2022_03_22,2,"(0.25, 0.273]",-8.414344899372923,-0.0348998261432409
1,6,6,1156.8145273159869,885.0228962677429,2473.34555739852,2473.34555739852,265.4128023843813,80.06587219238281,6.1276611060444885,6.004648309340646,317.8180225763804,265.4128023843813,1.17572021484375,1.8005497455596924,2161.2943603568738,9.191491659066733,12.255322212088975,15.31915276511122,9.00697246401097,12.009296618681292,15.011620773351614,False,1.5,32.0,77.29204866870376,2001.7489116350373,4.0641335365108375,45.64104615190424,-8.336784800563818,-0.0229279903464777,1.252093,60.69563,52.9738,2022-03-22T21:29:37.815,32.0,Red,data\RV_UMa\2022_03_22\Light\Red\reduced_images\RV_Uma_Light_Red_32_secs_010_reduced.fits,2,0.979925,792.0,8.767012296626733,1172.71136386652,937.0637167159414,7.0,V* RV UMa,False,1.0875073101516228,0.0068557548296809,2350.423416277576,51.79944868879029,-8.427865262901404,-0.0239278320826977,2022-03-22 21:29:37.815,0.27005004568273616,2022_03_22,2,"(0.25, 0.273]",-8.427865262901404,-0.0239278320826977
1,6,6,1157.5338107685131,884.4947414756818,2453.5600435514807,2453.5600435514807,273.36629966845135,78.86630249023438,6.218795729576542,6.093953405305293,321.2432206701801,273.36629966845123,1.178237497806549,1.777294397354126,2131.4696186454894,9.328193594364814,12.437591459153085,15.546989323941355,9.14093010795794,12.187906810610588,15.234883513263233,False,1.5,32.0,76.67375136098377,2135.318689794215,4.185921463673161,47.07630362102437,-8.32169786679678,-0.0239799088762116,1.245864,60.96003,53.35607,2022-03-22T21:32:25.169,32.0,Red,data\RV_UMa\2022_03_22\Light\Red\reduced_images\RV_Uma_Light_Red_32_secs_011_reduced.fits,2,0.979925,792.0,7.874916133560481,1172.6893646660656,937.0306073667108,7.0,V* RV UMa,False,1.0894688165197022,0.0115611662276409,2322.169682873402,56.90094501625611,-8.414734877054133,-0.026604178215201,2022-03-22 21:32:25.169,0.2741883431279879,2022_03_22,2,"(0.273, 0.295]",-8.414734877054133,-0.026604178215201
1,6,6,1158.5783746187508,884.8716455863309,2405.444607302916,2405.444607302916,248.8719703220853,95.54833984375,5.93364825185086,5.814530263194954,286.508522382141,248.8719703220856,1.149073362350464,1.8694449663162231,2119.4724555701323,8.900472377776289,11.86729650370172,14.83412062962715,8.72179539479243,11.629060526389909,14.536325657987389,False,1.5,32.0,75.17014397821612,3946.490091448084,3.810852045556931,63.44660028300852,-8.315569442244524,-0.032501611811487,1.239617,61.22704,53.74687,2022-03-22T21:35:16.669,32.0,Red,data\RV_UMa\2022_03_22\Light\Red\reduced_images\RV_Uma_Light_Red_32_secs_012_reduced.fits,2,0.979925,792.0,7.288823807269828,1172.7316060416924,937.0495860908476,7.0,V* RV UMa,False,1.1047226191766355,0.0104820503746518,2341.429162390172,73.52756401618693,-8.423702557923447,-0.034095218246343,2022-03-22 21:35:16.669,0.27842916206186885,2022_03_22,2,"(0.273, 0.295]",-8.423702557923447,-0.034095218246343
1,6,6,1159.69435091459,887.7356381525127,2405.9602619880984,2405.9602619880984,251.9334217291442,90.47803497314452,5.970032525371917,5.850184122425076,294.1798698224061,251.9334217291442,1.152911126613617,1.870217561721801,2115.503416910727,8.955048788057876,11.940065050743836,14.925081313429793,8.775276183637615,11.700368244850152,14.62546030606269,False,1.5,32.0,75.18625818712808,4756.844837179923,3.85773052022752,69.54055526013062,-8.313534327824955,-0.0356901803804051,1.233354,61.49194,54.14634,2022-03-22T21:38:11.562,32.0,Red,data\RV_UMa\2022_03_22\Light\Red\reduced_images\RV_Uma_Light_Red_32_secs_013_reduced.fits,2,0.979925,792.0,8.853175231141819,1172.7922657610245,937.0578759689236,7.0,V* RV UMa,False,1.081435169242086,0.0031042602115077,2287.7797956990635,75.48978887750056,-8.398535550613746,-0.0358259990878209,2022-03-22 21:38:11.562,0.28275388244556066,2022_03_22,2,"(0.273, 0.295]",-8.398535550613746,-0.0358259990878209
1,6,6,1160.279398569003,895.2109320402446,2403.822599750425,2403.822599750425,227.31803099330483,111.92276763916016,5.670883786618655,5.557040794602285,262.86075089975014,227.31803099330463,1.1754582524299622,1.769584059715271,2136.619744293215,8.506325679927983,11.341767573237307,14.177209466546635,8.335561191903428,11.11408158920457,13.892601986505712,False,1.5,32.0,75.11945624220078,5838.110441512387,3.48080734958498,76.92015798933446,-8.324318093372737,-0.0390874420344562,1.227238,61.75804,54.5442,2022-03-22T21:41:04.558,32.0,Red,data\RV_UMa\2022_03_22\Light\Red\reduced_images\RV_Uma_Light_Red_32_secs_014_reduced.fits,2,0.979925,792.0,15.659352749755596,1172.731058813746,936.9865387783314,7.0,V* RV UMa,False,1.0631954844522291,0.005238906130915,2271.6444641240228,82.54365182923627,-8.39085090193769,-0.0394518740407339,2022-03-22 21:41:04.558,0.28703169417900565,2022_03_22,2,"(0.273, 0.295]",-8.39085090193769,-0.0394518740407339
1,6,6,1160.5204143490537,886.9500599072306,2404.402959998476,2404.402959998476,235.22569402949767,107.34278869628906,5.768676485758913,5.652870305307303,264.50539444270606,235.2256940294976,1.1283848285675049,1.934763789176941,2138.977855566329,8.65301472863837,11.537352971517826,14.421691214397285,8.479305457960955,11.305740610614606,14.132175763268258,False,1.5,32.0,75.13759249995238,13.40078779470548,3.601893439826682,9.598972535354216,-8.32551572106518,-0.0048723982733115,1.221361,62.01628,54.93393,2022-03-22T21:43:54.825,32.0,Red,data\RV_UMa\2022_03_22\Light\Red\reduced_images\RV_Uma_Light_Red_32_secs_015_reduced.fits,2,0.979925,792.0,7.772441638016092,1172.7375075146756,937.0434612714408,7.0,V* RV UMa,False,1.039293823875511,0.0117185852080148,2223.0264746965704,26.97809607675129,-8.367361587186258,-0.0131762243857083,2022-03-22 21:43:54.825,0.2912420237266158,2022_03_22,2,"(0.273, 0.295]",-8.367361587186258,-0.0131762243857083
1,6,6,1161.8352722840864,890.607256837777,2419.9681393962933,2419.9681393962933,251.47050213624385,104.62140655517578,5.964545131713956,5.844806888194798,273.5206079233809,251.4705021362438,1.0879037976264954,1.768625259399414,2146.392425131232,8.946817697570934,11.929090263427913,14.911362829284888,8.767210332292198,11.689613776389596,14.612017220486996,False,1.5,32.0,75.62400435613417,5119.3349577513045,3.850642063961233,72.10277112685337,-8.32927281747699,-0.0364726357394908,1.215285,62.28605,55.345,2022-03-22T21:46:52.689,32.0,Red,data\RV_UMa\2022_03_22\Light\Red\reduced_images\RV_Uma_Light_Red_32_secs_016_reduced.fits,2,0.979925,792.0,10.825892282237552,1172.7973892357022,937.082660453424,7.0,V* RV UMa,False,1.02711106858625,0.0109327489885768,2204.5834173819726,77.68637640465948,-8.358316340944278,-0.038259795848039,2022-03-22 21:46:52.689,0.29564021042548294,2022_03_22,2,"(0.295, 0.318]",-8.358316340944278,-0.038259795848039
1,6,6,1162.2080809933086,884.876812715704,2483.435274404428,2483.435274404428,287.6196703757129,78.85824584960938,6.37886038381683,6.250804761611708,309.71526381525666,287.6196703757127,1.0735995769500732,1.6123676300048828,2174.646917966543,9.568290575725246,12.75772076763366,15.947150959542077,9.376207142417565,12.501609523223417,15.627011904029269,False,1.5,32.0,77.60735232513836,1291.9840684857663,4.404176202628102,37.06744659419547,-8.343471884230539,-0.0185066681182842,1.209394,62.55034,55.7516,2022-03-22T21:49:48.369,32.0,Red,data\RV_UMa\2022_03_22\Light\Red\reduced_images\RV_Uma_Light_Red_32_secs_017_reduced.fits,2,0.979925,792.0,5.1956016004495424,1172.7504121426173,937.0641641068656,7.0,V* RV UMa,False,1.0241713400033483,0.0052220699025706,2227.211048007945,39.62553870885215,-8.36940343059865,-0.0193169309427258,2022-03-22 21:49:48.369,0.29998439159343704,2022_03_22,2,"(0.295, 0.318]",-8.36940343059865,-0.0193169309427258
1,6,6,1161.9183596244757,872.9723990572292,2412.194975477614,2412.194975477614,236.38696669438468,120.57901000976562,5.782898483702561,5.666806796642232,252.1762595327801,236.38696669438465,1.0655779838562012,1.7481271028518677,2160.3062280975287,8.674347725553842,11.565796967405122,14.457246209256402,8.50021019496335,11.333613593284465,14.16701699160558,False,1.5,32.0,75.38109298367544,6167.397559962145,3.619675427507765,79.03415925012,-8.336288294250568,-0.039721335334039,1.203926,62.79799,56.13649,2022-03-22T21:52:35.167,32.0,Red,data\RV_UMa\2022_03_22\Light\Red\reduced_images\RV_Uma_Light_Red_32_secs_018_reduced.fits,2,0.979925,792.0,7.329420281567073,1172.7880861973008,937.077684658037,7.0,V* RV UMa,False,1.0244421846212113,0.004557562755718,2213.108831763041,81.56236705365748,-8.362506928256886,-0.0400139449018335,2022-03-22 21:52:35.167,0.3041089403778887,2022_03_22,2,"(0.295, 0.318]",-8.362506928256886,-0.0400139449018335
1,6,6,1162.9556008607335,881.9144238756769,2439.541357902003,2439.541357902003,261.63676394728714,95.43865203857422,6.083915718371452,5.961781110325146,270.439191073865,261.6367639472869,1.0430707931518557,1.6710504293441772,2166.635691013821,9.12587357755718,12.167831436742905,15.20978929592863,8.942671665487719,11.923562220650291,14.904452775812864,False,1.5,32.0,76.23566743443759,3565.4943263140035,4.006312947942834,60.379932980224346,-8.33946473251806,-0.0302573614703187,1.198437,63.04906,56.53032,2022-03-22T21:55:24.887,32.0,Red,data\RV_UMa\2022_03_22\Light\Red\reduced_images\RV_Uma_Light_Red_32_secs_019_reduced.fits,2,0.979925,792.0,2.1807770032403315,1172.7711893506994,937.059528505492,7.0,V* RV UMa,False,1.0268856223741163,0.007793504534047,2224.887040024701,64.2614481518315,-8.368269915663962,-0.031359336259991,2022-03-22 21:55:24.887,0.30830574381496323,2022_03_22,2,"(0.295, 0.318]",-8.368269915663962,-0.031359336259991
1,6,6,1162.7813198339572,873.8034872505696,2448.521889633315,2448.521889633315,269.94701284089786,77.84593963623047,6.179780756018974,6.055721657341893,278.31200402877823,269.947012840898,1.006857991218567,1.7133809328079224,2176.723582548876,9.26967113402846,12.359561512037947,15.449451890047436,9.08358248601284,12.111443314683786,15.139304143354734,False,1.5,32.0,76.51630905104109,2610.616946772024,4.133563634126248,51.8774210948963,-8.344508206048268,-0.0258761354651457,1.192684,63.31479,56.95145,2022-03-22T21:58:25.614,32.0,Red,data\RV_UMa\2022_03_22\Light\Red\reduced_images\RV_Uma_Light_Red_32_secs_020_reduced.fits,2,0.979925,792.0,6.315215879204764,1172.7160510665087,937.0066345703026,7.0,V* RV UMa,False,1.0194924830369807,0.0034058232564774,2219.153330057906,53.40570047810662,-8.365468275969283,-0.0261291104873929,2022-03-22 21:58:25.614,0.3127747262258289,2022_03_22,2,"(0.295, 0.318]",-8.365468275969283,-0.0261291104873929
1,6,6,1163.2838998143034,870.3589728076655,2373.31136967773,2373.31136967773,239.3919244122664,106.78801727294922,5.819538592362308,5.702711355120635,252.05508369914344,239.39192441226623,1.0512073040008545,1.7219295501708984,2121.660830216735,8.729307888543463,11.639077184724616,14.54884648090577,8.554067032680953,11.40542271024127,14.256778387801589,False,1.5,32.0,74.16598030242906,13.664016632814608,3.6656888425628287,9.565337724189696,-8.31668989644115,-0.0048949546176193,1.187151,63.57292,57.36501,2022-03-22T22:01:23.452,32.0,Red,data\RV_UMa\2022_03_22\Light\Red\reduced_images\RV_Uma_Light_Red_32_secs_021_reduced.fits,2,0.979925,792.0,9.667585262064556,1172.7592283172378,937.0283569399109,7.0,V* RV UMa,False,1.0245401224771007,0.0044583034713702,2173.7266468451207,13.620361454904977,-8.343012323121195,-0.0068031183106419,2022-03-22 22:01:23.452,0.3171722700017092,2022_03_22,2,"(0.295, 0.318]",-8.343012323121195,-0.0068031183106419
1,6,6,1164.1396627896736,880.7977158662699,2389.826334837323,2389.826334837323,240.6773810371317,111.18104553222656,5.835142186782968,5.7180017073833005,244.53937303336627,240.6773810371316,1.017102301120758,1.631559133529663,2145.0328167567386,8.752713280174452,11.670284373565936,14.58785546695742,8.57700256107495,11.4360034147666,14.29500426845825,False,1.5,32.0,74.68207296366634,5039.257386231225,3.6853723971310792,71.53757636090296,-8.328584852056338,-0.0362096729005382,1.181939,63.81834,57.76244,2022-03-22T22:04:13.299,32.0,Red,data\RV_UMa\2022_03_22\Light\Red\reduced_images\RV_Uma_Light_Red_32_secs_022_reduced.fits,2,0.979925,792.0,0.809849552767733,1172.7516852530098,937.0234353420668,7.0,V* RV UMa,False,1.016066201097711,0.0059962374461877,2179.495345351942,73.81613424243834,-8.345889864629811,-0.0367722049112061,2022-03-22 22:04:13.299,0.3213722138702977,2022_03_22,2,"(0.318, 0.341]",-8.345889864629811,-0.0367722049112061
1,6,6,1164.0139922209426,867.7618951334886,2368.490802929796,2368.490802929796,236.539933346142,117.08824157714844,5.784769245809086,5.668640003199469,215.0908176921185,236.53993334614216,0.8956232666969299,1.6274548768997192,2156.6401351220497,8.677153868713628,11.569538491618172,14.461923114522715,8.502960004799203,11.337280006398938,14.171600007998672,False,1.5,32.0,74.0153375915561,7730.452847778605,3.622017729362798,88.36339854883086,-8.33444420794721,-0.0444855585396532,1.176798,64.06269,58.16229,2022-03-22T22:07:04.871,32.0,Red,data\RV_UMa\2022_03_22\Light\Red\reduced_images\RV_Uma_Light_Red_32_secs_023_reduced.fits,2,0.979925,792.0,12.238112865388102,1172.744279607959,937.0467943813884,7.0,V* RV UMa,False,1.005149206405883,0.0030852050147905,2167.7451203210044,89.067275598977,-8.340020543206673,-0.0446102103381321,2022-03-22 22:07:04.871,0.3256148132062968,2022_03_22,2,"(0.318, 0.341]",-8.340020543206673,-0.0446102103381321
1,6,6,1164.8781770589942,872.2858840933172,2391.307485562197,2391.307485562197,265.98404372518763,87.59620666503906,6.1342517676429456,6.011106663407514,240.1694059218395,265.98404372518746,0.8990422785282135,1.4566056728363037,2152.176584839357,9.20137765146442,12.268503535285893,15.335629419107365,9.016659995111272,12.022213326815027,15.027766658518784,False,1.5,32.0,74.72835892381866,3659.104531438965,4.072880669541935,61.13841485541088,-8.332194755166011,-0.0308432825529493,1.17174,64.30526,58.56358,2022-03-22T22:09:55.703,32.0,Red,data\RV_UMa\2022_03_22\Light\Red\reduced_images\RV_Uma_Light_Red_32_secs_024_reduced.fits,2,0.979925,792.0,7.763940956027405,1172.7528107568771,937.0973584828414,7.0,V* RV UMa,False,1.005360361658314,0.0029718114393566,2163.713029686651,61.798003940738056,-8.337999150920062,-0.0310098101456466,2022-03-22 22:09:55.703,0.32983911396497145,2022_03_22,2,"(0.318, 0.341]",-8.337999150920062,-0.0310098101456466
1,6,6,1165.767532247884,878.7966993369789,2344.8013029565727,2344.8013029565727,244.92389064521603,105.42896270751952,5.886394699454362,5.768225325862816,214.75647238996183,244.9238906452161,0.8717028796672821,1.4906060695648191,2131.300442181823,8.829592049181542,11.772789398908724,14.715986748635906,8.652337988794223,11.536450651725632,14.42056331465704,False,1.5,32.0,73.2750407173929,5876.035029381683,3.75039707550487,77.15607861454974,-8.321611687617951,-0.0393051802134588,1.166702,64.54904,58.97146,2022-03-22T22:12:49.485,32.0,Red,data\RV_UMa\2022_03_22\Light\Red\reduced_images\RV_Uma_Light_Red_32_secs_025_reduced.fits,2,0.979925,792.0,2.1382475845740627,1172.7879124447986,937.1108285047364,7.0,V* RV UMa,False,1.010900071461803,0.0044178752556331,2154.531769308177,78.56336923254946,-8.333382255730857,-0.0395905484238691,2022-03-22 22:12:49.485,0.3341363617548705,2022_03_22,2,"(0.318, 0.341]",-8.333382255730857,-0.0395905484238691
1,6,6,1165.6219818136228,867.8247611466026,2317.760607352461,2317.760607352461,228.67376830109563,122.35026550292967,5.687769379648084,5.573587409351649,201.23420907363413,228.6737683010957,0.8792688846588135,1.4649022817611694,2116.694878147629,8.531654069472125,11.375538759296168,14.21942344912021,8.360381114027472,11.1471748187033,13.933968523379123,False,1.5,32.0,72.43001897976441,8160.684110261464,3.5015670771105265,90.755802549029,-8.314145647307388,-0.0465522270765793,1.161837,64.78642,59.37332,2022-03-22T22:15:39.787,32.0,Red,data\RV_UMa\2022_03_22\Light\Red\reduced_images\RV_Uma_Light_Red_32_secs_026_reduced.fits,2,0.979925,792.0,12.282803675912186,1172.7533977426767,937.082940706259,7.0,V* RV UMa,False,1.0145845724596738,0.0065325226564528,2147.5659679729933,93.1118604162672,-8.329866282930642,-0.0470741851258456,2022-03-22 22:15:39.787,0.3383475567757319,2022_03_22,2,"(0.318, 0.341]",-8.329866282930642,-0.0470741851258456
1,6,6,1166.2717745192265,878.9075102078217,2316.164920606069,2316.164920606069,243.6486184920388,109.0406723022461,5.87105002991756,5.753188700566966,208.9362897917932,243.64861849203896,0.8559667468070984,1.33389151096344,2107.609805271395,8.80657504487634,11.74210005983512,14.677625074793902,8.629783050850447,11.506377401133932,14.382971751417417,False,1.5,32.0,72.38015376893966,6666.241456193991,3.7308694706593433,82.11182910783069,-8.309475525953902,-0.0422999482533742,1.156941,65.02748,59.78614,2022-03-22T22:18:35.481,32.0,Red,data\RV_UMa\2022_03_22\Light\Red\reduced_images\RV_Uma_Light_Red_32_secs_027_reduced.fits,2,0.979925,792.0,2.5208120541245167,1172.7677292198869,937.0190345164294,7.0,V* RV UMa,False,1.0068661795423093,0.002141150688803,2122.08103259952,82.7986914286022,-8.316904909020405,-0.0423629143324968,2022-03-22 22:18:35.481,0.34269208413298635,2022_03_22,2,"(0.341, 0.364]",-8.316904909020405,-0.0423629143324968
1,6,6,1166.7231219838677,879.8446041442191,2314.221123558357,2314.221123558357,255.5951648431377,89.67271423339844,6.01326192974408,5.892545696504468,218.2228901901421,255.59516484313767,0.8438655138015747,1.4454288482666016,2098.5331784528043,9.01989289461612,12.02652385948816,15.0331548243602,8.838818544756702,11.785091393008935,14.731364241261169,False,1.5,32.0,72.31941011119865,5293.57712352761,3.9138009616605456,73.27898972147794,-8.304789599826675,-0.0379129827470091,1.152305,65.25754,60.18505,2022-03-22T22:21:24.485,32.0,Red,data\RV_UMa\2022_03_22\Light\Red\reduced_images\RV_Uma_Light_Red_32_secs_028_reduced.fits,2,0.979925,792.0,2.7275522379995323,1172.785931173974,937.0694269762072,7.0,V* RV UMa,False,1.0201781486561132,0.0035945514295499,2140.877692887411,75.13723119523615,-8.32647964252224,-0.0381054987423983,2022-03-22 22:21:24.485,0.3468711824601094,2022_03_22,2,"(0.341, 0.364]",-8.32647964252224,-0.0381054987423983
1,6,6,1167.1946198272406,874.1750548599144,2275.557958938991,2275.557958938991,237.7607811046652,115.89263916015624,5.799678426809356,5.683249882391158,205.2433053327039,237.7607811046653,0.8544390499591827,1.4412075281143188,2072.405863014368,8.699517640214033,11.599356853618712,14.49919606702339,8.524874823586737,11.366499764782317,14.208124705977896,False,1.5,32.0,71.11118621684346,10.811612076612342,3.6407119606651848,9.250054608169672,-8.291187030683126,-0.0048461159868905,1.147872,65.47931,60.57425,2022-03-22T22:24:08.763,32.0,Red,data\RV_UMa\2022_03_22\Light\Red\reduced_images\RV_Uma_Light_Red_32_secs_029_reduced.fits,2,0.979925,792.0,6.643461577039855,1172.7396146112078,937.0280040443675,7.0,V* RV UMa,False,0.9977355658917808,0.0031621379548031,2067.713036492085,11.319068380121118,-8.288725664735095,-0.0059435338112874,2022-03-22 22:24:08.763,0.35093341717043014,2022_03_22,2,"(0.341, 0.364]",-8.288725664735095,-0.0059435338112874
1,6,6,1167.9474163406385,884.6739415778255,2262.4405345744785,2262.4405345744785,242.5346116440689,104.0046844482422,5.857612886114898,5.740021307426142,210.24890321495505,242.53461164406903,0.8716578483581543,1.2951412200927734,2051.033336836429,8.786419329172347,11.715225772229797,14.644032215287249,8.610031961139212,11.480042614852284,14.350053268565356,False,1.5,32.0,70.70126670545245,6072.259153629397,3.713811240799804,78.40072851431707,-8.27993179827153,-0.0415022554234551,1.143178,65.7158,60.99479,2022-03-22T22:27:05.415,32.0,Red,data\RV_UMa\2022_03_22\Light\Red\reduced_images\RV_Uma_Light_Red_32_secs_030_reduced.fits,2,0.979925,792.0,6.117828506853075,1172.7850178816948,937.0202272130076,7.0,V* RV UMa,False,1.010426120203275,0.0058163186664995,2072.4176569472097,80.11133769514313,-8.291193209522742,-0.0419701981671724,2022-03-22 22:27:05.415,0.3553016337669783,2022_03_22,2,"(0.341, 0.364]",-8.291193209522742,-0.0419701981671724
1,6,6,1168.3418666701427,882.2418587742864,2263.818136711421,2263.818136711421,252.5279506370473,107.95248413085938,5.97707261032632,5.857082877674019,209.4059051418701,252.52795063704733,0.8165176510810852,1.414351463317871,2057.624607624939,8.96560891548948,11.95414522065264,14.9426815258158,8.78562431651103,11.714165755348038,14.642707194185048,False,1.5,32.0,70.74431677223191,11.209297589655284,3.866834244129786,9.263932674950578,-8.283415362766982,-0.0048882517570809,1.138716,65.94234,61.40302,2022-03-22T22:29:57.628,32.0,Red,data\RV_UMa\2022_03_22\Light\Red\reduced_images\RV_Uma_Light_Red_32_secs_031_reduced.fits,2,0.979925,792.0,4.886485131988134,1172.7601048545491,936.972405268432,7.0,V* RV UMa,False,1.0175712550983391,0.0097875097710233,2093.779654502137,22.236075564016645,-8.302327438499095,-0.0115305888275674,2022-03-22 22:29:57.628,0.35956008362738956,2022_03_22,2,"(0.341, 0.364]",-8.302327438499095,-0.0115305888275674
1,6,6,1168.7455552759302,880.1942170219904,2239.2806728801816,2239.2806728801816,233.310276529161,111.79352569580078,5.745141621598624,5.629807903545032,186.8715002138269,233.3102765291609,0.7886912822723389,1.367011547088623,2055.2708917170835,8.617712432397937,11.490283243197249,14.36285405399656,8.444711855317548,11.259615807090064,14.07451975886258,False,1.5,32.0,69.97752102750567,5411.750728264078,3.5725636093527773,74.06281666869643,-8.282172678698661,-0.0391251011278549,1.134319,66.16719,61.8139,2022-03-22T22:32:50.607,32.0,Red,data\RV_UMa\2022_03_22\Light\Red\reduced_images\RV_Uma_Light_Red_32_secs_032_reduced.fits,2,0.979925,792.0,4.749527884804952,1172.78596637561,937.000196322076,7.0,V* RV UMa,False,1.0079082721446475,0.0052976559671801,2071.524533259755,75.4384085656317,-8.290725202637848,-0.0395390979416277,2022-03-22 22:32:50.607,0.36383747498811037,2022_03_22,2,"(0.364, 0.386]",-8.290725202637848,-0.0395390979416277
1,6,6,1169.7353151348618,889.90632935589,2200.800712086609,2200.800712086609,209.4661243165964,97.2173080444336,5.443656377047224,5.334374975278002,178.71003026839264,209.4661243165965,0.8774302005767822,1.4762587547302246,2017.0088086134567,8.165484565570836,10.887312754094449,13.609140942618062,8.001562462917002,10.668749950556004,13.335937438195003,False,1.5,32.0,68.77502225270653,8496.451036371884,3.207450028597882,92.56583337632296,-8.261769487133133,-0.0498272869166942,1.129965,66.39122,62.22936,2022-03-22T22:35:44.741,32.0,Red,data\RV_UMa\2022_03_22\Light\Red\reduced_images\RV_Uma_Light_Red_32_secs_033_reduced.fits,2,0.979925,792.0,11.446798722941814,1172.770318163787,937.0501793363626,7.0,V* RV UMa,False,1.0163416604901416,0.0037483322532587,2049.970081769443,94.38181238147216,-8.279368807008588,-0.0499879250358632,2022-03-22 22:35:44.741,0.36814342696614233,2022_03_22,2,"(0.364, 0.386]",-8.279368807008588,-0.0499879250358632
1,5,5,1170.243771551876,886.5320371128765,2188.562606232672,2188.562606232672,226.35208982941205,92.24256896972656,5.658822333354581,5.545221475012488,190.4812960277816,226.35208982941208,0.8401445150375366,1.382318139076233,1998.394139495208,8.488233500031871,11.317644666709162,14.147055833386451,8.317832212518733,11.090442950024975,13.86305368753122,False,1.5,32.0,68.392581444771,1022.3060684757432,3.466016375512872,33.078159959345186,-8.251702868542143,-0.0179715077946103,1.125128,66.64182,62.70166,2022-03-22T22:39:01.661,32.0,Red,data\RV_UMa\2022_03_22\Light\Red\reduced_images\RV_Uma_Light_Red_32_secs_034_reduced.fits,2,0.979925,792.0,9.036160248468962,1172.757290699337,937.0562749987308,7.0,V* RV UMa,False,1.017943938616476,0.0040107383493023,2034.2532012658355,34.61249803651736,-8.271012520273027,-0.0184736306335818,2022-03-22 22:39:01.661,0.37301282675891123,2022_03_22,2,"(0.364, 0.386]",-8.271012520273027,-0.0184736306335818
1,6,6,1170.5176308571895,889.9481548915192,2167.2918610044817,2167.2918610044817,208.07831563392403,94.38224792480467,5.425593053779641,5.316674273225015,174.7757227534354,208.07831563392423,0.837468832731247,1.596708059310913,1993.0327568938555,8.138389580669461,10.851186107559284,13.563982634449104,7.975011409837522,10.63334854645003,13.29168568306254,False,1.5,32.0,67.72787065639005,822.2497831746037,3.186199208144461,29.88584703566453,-8.248786091735333,-0.0162807891763178,1.121133,66.84998,63.10056,2022-03-22T22:41:48.759,32.0,Red,data\RV_UMa\2022_03_22\Light\Red\reduced_images\RV_Uma_Light_Red_32_secs_035_reduced.fits,2,0.979925,792.0,11.893077723459474,1172.7548557029695,937.1012299454952,7.0,V* RV UMa,False,1.012401075222019,0.0059289836060157,2017.748506032044,32.482102965793715,-8.262167586059187,-0.0174783899436491,2022-03-22 22:41:48.759,0.37714479388552125,2022_03_22,2,"(0.364, 0.386]",-8.262167586059187,-0.0174783899436491
1,6,6,1171.4330095122532,904.2700557341554,2151.881753030024,2151.881753030024,187.60266365579795,127.7782745361328,5.151732503237376,5.048311473234886,160.12925789368066,187.60266365579795,0.8443284034729004,1.4181114435195925,1993.4834955382605,7.727598754856064,10.303465006474752,12.87933125809344,7.572467209852329,10.096622946469772,12.620778683087217,False,1.5,32.0,67.24630478218825,11.329247051515711,2.872665787229405,9.024866626213008,-8.249031610998877,-0.0049153275967038,1.117012,67.0658,63.52093,2022-03-22T22:44:44.082,32.0,Red,data\RV_UMa\2022_03_22\Light\Red\reduced_images\RV_Uma_Light_Red_32_secs_036_reduced.fits,2,0.979925,792.0,25.38277439028796,1172.7399541542427,937.0376361497526,7.0,V* RV UMa,False,1.0145775504546293,0.0059191323472277,2022.5436017749405,14.935625304095437,-8.26474473214606,-0.008017700641473,2022-03-22 22:44:44.082,0.3814801472263074,2022_03_22,2,"(0.364, 0.386]",-8.26474473214606,-0.008017700641473
1,6,6,1167.7360635203038,884.421010494107,2220.1716389509493,2220.1716389509493,253.61918092873856,88.58939361572266,5.989972829300387,5.869724124752183,201.9710999535205,253.6191809287386,0.793376088142395,1.3259283304214478,2018.9562453078283,8.98495924395058,11.979945658600776,14.974932073250969,8.804586187128272,11.739448249504363,14.674310311880456,False,1.5,32.0,69.38036371721716,4440.037749525481,3.8835437079713087,67.18111086422037,-8.262817267607643,-0.0361280560243307,1.107932,67.54259,64.48138,2022-03-22T22:51:19.276,32.0,Red,data\RV_UMa\2022_03_22\Light\Red\reduced_images\RV_Uma_Light_Red_32_secs_037_reduced.fits,2,0.979925,792.0,5.788221178976234,1172.7683822298084,936.9805375612428,7.0,V* RV UMa,False,0.9961675896642256,0.0043344882555501,2011.2187765258343,67.49338327781105,-8.258648287220426,-0.0364356233452234,2022-03-22 22:51:19.276,0.3912524282627867,2022_03_22,2,"(0.386, 0.409]",-8.258648287220426,-0.0364356233452234
1,6,6,1168.551685057693,884.790659326257,2171.742916596966,2171.742916596966,233.3696619218365,94.84947204589844,5.745872741951951,5.630524346657266,186.4580418436853,233.36966192183635,0.7888209819793701,1.4330600500106812,1987.6560307155887,8.618809112927927,11.491745483903902,14.364681854879876,8.4457865199859,11.261048693314532,14.076310866643164,False,1.5,32.0,67.86696614365519,4596.843115266527,3.5734729481781207,68.3248384876127,-8.245853076804307,-0.0373217245257197,1.103372,67.78262,64.98283,2022-03-22T22:54:47.698,32.0,Red,data\RV_UMa\2022_03_22\Light\Red\reduced_images\RV_Uma_Light_Red_32_secs_038_reduced.fits,2,0.979925,792.0,6.608195944785477,1172.765980474971,937.0613981465816,7.0,V* RV UMa,False,1.0027208119324909,0.0076342756410336,1993.064068961647,70.1710835168308,-8.248803149346895,-0.038226210129322,2022-03-22 22:54:47.698,0.39640624729390694,2022_03_22,2,"(0.386, 0.409]",-8.248803149346895,-0.038226210129322
1,6,6,1168.5945980892634,885.326605525297,2212.214003054793,2212.214003054793,260.0058291937662,72.70643615722656,6.064923775202596,5.943170430415404,201.00109958090803,260.00582919376615,0.7720236480236053,1.388372540473938,2011.4833542932188,9.097385662803894,12.129847550405191,15.162309438006488,8.914755645623107,11.886340860830808,14.85792607603851,False,1.5,32.0,69.13168759546227,2315.71581442664,3.981339259529544,48.875646709599984,-8.258791107470147,-0.0263815552091537,1.099235,68.00202,65.44976,2022-03-22T22:58:00.888,32.0,Red,data\RV_UMa\2022_03_22\Light\Red\reduced_images\RV_Uma_Light_Red_32_secs_039_reduced.fits,2,0.979925,792.0,7.034419522888011,1172.7433326381704,937.1159544315938,7.0,V* RV UMa,False,0.9883303442332072,0.0048975648061518,1988.010035967983,49.2995945832115,-8.246046431232855,-0.0269245897910308,2022-03-22 22:58:00.888,0.40118341236583976,2022_03_22,2,"(0.386, 0.409]",-8.246046431232855,-0.0269245897910308
1,6,6,1168.8777761419065,884.8259202152376,2170.157446042725,2170.157446042725,263.1754674646908,74.70635223388672,6.1017794524785645,5.979286229970057,203.6187428282736,263.1754674646908,0.7823969125747681,1.3644132614135742,1964.24977283293,9.152669178717847,12.203558904957127,15.25444863119641,8.968929344955086,11.958572459940116,14.948215574925143,False,1.5,32.0,67.81742018883517,1178.5905714348987,4.029874345553078,35.36153087706027,-8.23299177897607,-0.0195460347558163,1.095359,68.20397,65.8982,2022-03-22T23:01:05.292,32.0,Red,data\RV_UMa\2022_03_22\Light\Red\reduced_images\RV_Uma_Light_Red_32_secs_040_reduced.fits,2,0.979925,792.0,6.861647470862281,1172.7412386420788,937.0669969871464,7.0,V* RV UMa,False,0.9843502139110204,0.0094824152017112,1933.5096840627675,39.478190965533024,-8.215865878990762,-0.0221684440388057,2022-03-22 23:01:05.292,0.4057433189237605,2022_03_22,2,"(0.386, 0.409]",-8.215865878990762,-0.0221684440388057
1,6,6,1169.0867793654809,883.978549265527,2182.124181641785,2182.124181641785,231.70604113331228,92.33059692382812,5.725355829067796,5.61041931079926,171.4209901778318,231.7060411333121,0.7316951751708984,1.295121192932129,2012.5859892865908,8.588033743601695,11.450711658135592,14.31338957266949,8.415628966198891,11.22083862159852,14.02604827699815,False,1.5,32.0,68.19138067630578,3737.884266051192,3.547998754853844,61.72214874323764,-8.259386112506434,-0.033297445119229,1.091629,68.40334,66.34027,2022-03-22T23:04:09.213,32.0,Red,data\RV_UMa\2022_03_22\Light\Red\reduced_images\RV_Uma_Light_Red_32_secs_041_reduced.fits,2,0.979925,792.0,6.457877249631466,1172.7444876095572,937.040024174642,7.0,V* RV UMa,False,0.9821151747613232,0.0049184552206013,1976.5912405903907,61.42116762103784,-8.239792166062962,-0.0337384807011285,2022-03-22 23:04:09.213,0.41029128195080666,2022_03_22,2,"(0.409, 0.432]",-8.239792166062962,-0.0337384807011285
1,6,6,1169.5668052865644,885.0296136072599,2168.0998723177418,2168.0998723177418,235.33206107497807,79.06747436523438,5.769980611412569,5.654148250638462,183.948430545822,235.33206107497816,0.7713041305541992,1.369252324104309,1986.5872815587784,8.654970917118852,11.539961222825138,14.424951528531423,8.481222375957692,11.308296501276924,14.135370626596156,False,1.5,32.0,67.75312100992943,2357.8204268110253,3.6035221852106014,49.2866824812359,-8.245269126809227,-0.0269368157538527,1.087937,68.59931,66.78883,2022-03-22T23:07:12.660,32.0,Red,data\RV_UMa\2022_03_22\Light\Red\reduced_images\RV_Uma_Light_Red_32_secs_042_reduced.fits,2,0.979925,792.0,7.502421884755309,1172.7672945212105,937.0601959145,7.0,V* RV UMa,False,0.9954658072530036,0.0077010817879198,1977.5797119154597,51.39312945422395,-8.240334994959454,-0.0282159960420638,2022-03-22 23:07:12.660,0.4148275239972401,2022_03_22,2,"(0.409, 0.432]",-8.240334994959454,-0.0282159960420638
1,5,5,1169.9486157471154,883.8234674051596,2155.5257307377624,2155.5257307377624,241.9335145409116,71.81102752685547,5.850349637322239,5.732903868352995,179.1450131934771,241.9335145409116,0.7297157347202301,1.1488831043243408,1978.9830384210936,8.775524455983359,11.700699274644478,14.625874093305598,8.599355802529493,11.46580773670599,14.332259670882488,False,1.5,32.0,67.36017908555507,847.2067278329563,3.7046069414077074,30.302995130183405,-8.241105179867063,-0.0166252354298595,1.084415,68.7822,67.22732,2022-03-22T23:10:14.890,32.0,Red,data\RV_UMa\2022_03_22\Light\Red\reduced_images\RV_Uma_Light_Red_32_secs_043_reduced.fits,2,0.979925,792.0,7.0714165699063845,1172.7761906865412,937.0554049253346,7.0,V* RV UMa,False,0.9702678451717344,0.008945506631523,1920.1436083202464,34.32018797812785,-8.208334277447292,-0.0194061894540042,2022-03-22 23:10:14.890,0.41933367230232044,2022_03_22,2,"(0.409, 0.432]",-8.208334277447292,-0.0194061894540042
1,6,6,1169.2148388871328,884.9391982143768,2146.7493903904447,2146.7493903904447,241.6292011267002,78.5909194946289,5.846669080551392,5.729297198759323,182.3013249755272,241.6292011267003,0.745983362197876,1.35185968875885,1966.498026528762,8.770003620827087,11.693338161102783,14.61667270137848,8.593945798138984,11.458594397518644,14.323242996898308,False,1.5,32.0,67.0859184497014,3389.183401648312,3.699947142252596,58.82150344253593,-8.234233787278729,-0.0324763285008728,1.080907,68.96722,67.67518,2022-03-22T23:13:19.033,32.0,Red,data\RV_UMa\2022_03_22\Light\Red\reduced_images\RV_Uma_Light_Red_32_secs_044_reduced.fits,2,0.979925,792.0,7.182633473848971,1172.7566855644045,937.09231567732,7.0,V* RV UMa,False,0.9775223520093234,0.0032701900130493,1922.2957761140883,57.85783378244332,-8.20955052915776,-0.0326788133475815,2022-03-22 23:13:19.033,0.42388712490256264,2022_03_22,2,"(0.409, 0.432]",-8.20955052915776,-0.0326788133475815
1,6,6,1169.3614003570833,884.3972807946179,2115.304517946054,2115.304517946054,223.41455949510964,82.43910217285156,5.621983161549948,5.509121849581833,169.1502753625953,223.41455949510964,0.7268204987049103,1.3619325160980225,1952.9222363958809,8.432974742324921,11.243966323099896,14.05495790387487,8.263682774372748,11.018243699163666,13.772804623954585,False,1.5,32.0,66.10326618581419,5981.001236655015,3.421035442268866,77.78512414519307,-8.2267123760428,-0.043245001722087,1.077461,69.14916,68.1264,2022-03-22T23:16:23.845,32.0,Red,data\RV_UMa\2022_03_22\Light\Red\reduced_images\RV_Uma_Light_Red_32_secs_045_reduced.fits,2,0.979925,792.0,6.934024241062958,1172.7410773178576,937.044728168362,7.0,V* RV UMa,False,0.979215544430324,0.0051703387083687,1912.331810942478,76.83476048061003,-8.203908123562066,-0.0436233297800988,2022-03-22 23:16:23.845,0.4284571204058185,2022_03_22,2,"(0.409, 0.432]",-8.203908123562066,-0.0436233297800988
1,6,6,1169.5718533454087,884.7866071522026,2124.467302426475,2124.467302426475,240.83632694730773,79.43196868896484,5.837068663846025,5.719889510419316,177.02146478293264,240.83632694730784,0.7306278944015503,1.3952462673187256,1948.50556397356,8.755602995769037,11.67413732769205,14.592671659615062,8.579834265628973,11.439779020838632,14.29972377604829,False,1.5,32.0,66.38960320082734,1881.6741047956773,3.687806256380649,44.17863187393749,-8.224254125654804,-0.0246169890346108,1.074128,69.31932,68.57439,2022-03-22T23:19:28.635,32.0,Red,data\RV_UMa\2022_03_22\Light\Red\reduced_images\RV_Uma_Light_Red_32_secs_046_reduced.fits,2,0.979925,792.0,7.345553602844328,1172.7379089843548,937.0712026384244,7.0,V* RV UMa,False,0.9874619074367336,0.0072000163959524,1924.07502085242,45.82506222284464,-8.210555003593162,-0.0258586222477926,2022-03-22 23:19:28.635,0.43302657189731697,2022_03_22,2,"(0.432, 0.455]",-8.210555003593162,-0.0258586222477926
1,5,5,1169.7803719984552,885.0363690882413,2075.522177910097,2075.522177910097,205.1185420514318,99.93495178222656,5.386867148685726,5.27872579067586,156.7189826113412,205.1185420514317,0.7609113454818726,1.3253355026245115,1919.445152094462,8.08030072302859,10.773734297371451,13.467167871714311,7.918088686013791,10.55745158135172,13.19681447668965,False,1.5,32.0,64.86006805969053,9756.087453412589,3.140877675162549,99.1165394833145,-8.207939266800341,-0.0560653766480101,1.070877,69.4851,69.02271,2022-03-22T23:22:32.098,32.0,Red,data\RV_UMa\2022_03_22\Light\Red\reduced_images\RV_Uma_Light_Red_32_secs_047_reduced.fits,2,0.979925,792.0,7.666662509431119,1172.739200826425,937.0695544178982,7.0,V* RV UMa,False,0.9843075630756803,0.0027343253181297,1889.3243801155284,97.70222823581466,-8.19076632201462,-0.0561464445161499,2022-03-22 23:22:32.098,0.43756320958866635,2022_03_22,2,"(0.432, 0.455]",-8.19076632201462,-0.0561464445161499
1,6,6,1168.8592674981112,884.2030382777796,2112.630344712345,2112.630344712345,244.36968643391177,85.33414459228516,5.879731175848361,5.761695572493205,178.68605539939392,244.369686433912,0.7408517599105835,1.4074382781982422,1931.588632448984,8.819596763772541,11.759462351696722,14.699327939620904,8.642543358739808,11.52339114498641,14.404238931233015,False,1.5,32.0,66.01969827226078,5643.782686933665,3.7419108235192735,75.58799042195423,-8.214786602196618,-0.0424876272656331,1.067592,69.65114,69.48828,2022-03-22T23:25:42.704,32.0,Red,data\RV_UMa\2022_03_22\Light\Red\reduced_images\RV_Uma_Light_Red_32_secs_048_reduced.fits,2,0.979925,792.0,6.424796602436538,1172.7671812827894,937.04485160976,7.0,V* RV UMa,False,0.9648464300898087,0.0050863144882223,1863.686396420458,73.58957855122134,-8.17593208796018,-0.0428714132803744,2022-03-22 23:25:42.704,0.442276478006808,2022_03_22,2,"(0.432, 0.455]",-8.17593208796018,-0.0428714132803744
1,7,6,1169.4203530812267,885.3275158767744,2112.1588721442085,2112.1588721442085,228.09192037295395,98.96969604492188,5.680528661366229,5.566492048489303,162.76949443260372,228.0919203729539,0.6971157193183899,1.3902677297592163,1953.152409002704,8.520792992049344,11.361057322732458,14.201321653415572,8.349738072733954,11.132984096978603,13.916230121223256,False,1.5,32.0,66.00496475450652,8595.016532759744,3.492657530710857,93.08337206528866,-8.226840334034158,-0.0517440352562448,1.064462,69.79829,69.94412,2022-03-22T23:28:50.256,32.0,Red,data\RV_UMa\2022_03_22\Light\Red\reduced_images\RV_Uma_Light_Red_32_secs_049_reduced.fits,2,0.979925,792.0,7.600174533683274,1172.739151780756,937.023385705455,7.0,V* RV UMa,False,0.9685824561067596,0.0047601451966914,1891.7891574626733,90.63702689598578,-8.192181830094405,-0.0520184298574772,2022-03-22 23:28:50.256,0.4469142277017779,2022_03_22,2,"(0.432, 0.455]",-8.192181830094405,-0.0520184298574772
1,6,6,1170.566301278781,898.110589006001,2059.598043189838,2059.598043189838,204.24053125443965,92.9231414794922,5.375325530513069,5.267415870488019,147.62266967372182,204.2405312544396,0.7181812822818756,1.438127875328064,1912.9163165595928,8.062988295769603,10.750651061026138,13.438313826282672,7.901123805732029,10.534831740976038,13.16853967622005,False,1.5,32.0,64.36243884968243,3665.250433656563,3.127433134833607,61.0961562264033,-8.204239928921703,-0.0346770573350893,1.061503,69.93824,70.38695,2022-03-22T23:31:50.998,32.0,Red,data\RV_UMa\2022_03_22\Light\Red\reduced_images\RV_Uma_Light_Red_32_secs_050_reduced.fits,2,0.979925,792.0,19.264208954120217,1172.7712600196323,937.0817855633616,7.0,V* RV UMa,False,0.9757958276232828,0.0030605055027793,1866.6157602913493,59.9041433108064,-8.1776373209047,-0.0348438594547226,2022-03-22 23:31:50.998,0.4513835810297513,2022_03_22,2,"(0.432, 0.455]",-8.1776373209047,-0.0348438594547226
2,7,7,1170.662632853907,885.9200385320648,2048.439215905324,2048.439215905324,218.94421934881288,81.745849609375,5.565453342481816,5.453726866631494,161.07591736721787,218.94421934881296,0.7255592346191406,1.371696710586548,1889.582215690314,8.348180013722724,11.130906684963632,13.91363335620454,8.18059029994724,10.907453733262988,13.634317166578734,False,1.5,32.0,64.01372549704138,546.1098670383183,3.3525833587786966,24.768451221142964,-8.190914482024272,-0.0142317195850386,1.05853,70.07416,70.8443,2022-03-22T23:34:58.190,32.0,Red,data\RV_UMa\2022_03_22\Light\Red\reduced_images\RV_Uma_Light_Red_32_secs_051_reduced.fits,2,0.979925,792.0,8.912773573198058,1172.6695901260111,937.0292313235844,7.0,V* RV UMa,False,0.9848040787141767,0.0037861153276966,1860.868273077593,25.4195869944486,-8.174289078581488,-0.014831230296719,2022-03-22 23:34:58.190,0.4560124287141303,2022_03_22,2,"(0.455, 0.477]",-8.174289078581488,-0.014831230296719
1,6,6,1171.3581113071018,890.956524423507,2031.7594412991969,2031.7594412991969,212.86724621271057,88.00770568847656,5.48767301075682,5.377507975065877,155.96421643136074,212.86724621271065,0.7395209074020386,1.178030014038086,1874.3396622238,8.23150951613523,10.97534602151364,13.719182526892052,8.066261962598816,10.755015950131757,13.443769937664694,False,1.5,32.0,63.49248254059989,174.1031426712697,3.2595297076321303,15.519508849171151,-8.182120738074607,-0.0089898821314049,1.055691,70.19853,71.29357,2022-03-22T23:38:01.672,32.0,Red,data\RV_UMa\2022_03_22\Light\Red\reduced_images\RV_Uma_Light_Red_32_secs_052_reduced.fits,2,0.979925,792.0,13.198000964184072,1172.7363833381569,937.055079101944,7.0,V* RV UMa,False,0.9858917485652892,0.0055500141071008,1847.896006995096,18.501927808599188,-8.166693817563324,-0.0108708568033994,2022-03-22 23:38:01.672,0.46054953623381767,2022_03_22,2,"(0.455, 0.477]",-8.166693817563324,-0.0108708568033994
1,6,6,1171.8069312521052,894.4535361173967,2013.5774541984829,2013.5774541984829,199.68433129749096,93.60145568847656,5.315030961255727,5.208331714708518,147.02372458687364,199.68433129749093,0.725591778755188,1.3241597414016724,1868.688145062796,7.9725464418835905,10.630061922511452,13.287577403139316,7.812497572062778,10.416663429417037,13.020829286771296,False,1.5,32.0,62.92429544370259,235.4559846894243,3.0576663229928305,17.36196839232579,-8.17884207610772,-0.0100875674302417,1.052994,70.31077,71.73271,2022-03-22T23:41:00.716,32.0,Red,data\RV_UMa\2022_03_22\Light\Red\reduced_images\RV_Uma_Light_Red_32_secs_053_reduced.fits,2,0.979925,792.0,16.427199453101743,1172.7537238545156,937.0921848582544,7.0,V* RV UMa,False,0.9944369970007946,0.0073667674543428,1858.292627307232,22.081700332240324,-8.17278525963658,-0.0129015748978533,2022-03-22 23:41:00.716,0.4649769017451755,2022_03_22,2,"(0.455, 0.477]",-8.17278525963658,-0.0129015748978533
1,6,6,1171.8211299303507,887.4031870857468,2039.3607309841468,2039.3607309841468,225.5213579120097,74.79722595214844,5.648428602284424,5.535036398093564,161.98114536531347,225.52135791200985,0.7090858221054077,1.2219743728637695,1879.4467335067816,8.472642903426635,11.296857204568848,14.12107150571106,8.302554597140347,11.070072796187128,13.837590995233912,False,1.5,32.0,63.73002284325459,29.4471771227914,3.453295793027648,9.830081167471286,-8.185075054079235,-0.0056787323785019,1.050341,70.41435,72.17691,2022-03-22T23:44:01.426,32.0,Red,data\RV_UMa\2022_03_22\Light\Red\reduced_images\RV_Uma_Light_Red_32_secs_054_reduced.fits,2,0.979925,792.0,10.769273532323162,1172.7650434602672,937.0468143188748,7.0,V* RV UMa,False,0.9837648351432432,0.0043190253605294,1848.933605948806,12.625773993522504,-8.167303290488828,-0.0074141439658815,2022-03-22 23:44:01.426,0.46944546378331875,2022_03_22,2,"(0.455, 0.477]",-8.167303290488828,-0.0074141439658815
1,6,6,1172.9655415224834,896.5516798390737,2034.3141062405475,2034.3141062405475,236.77648556335083,68.37287902832031,5.787661057827847,5.671473762091954,167.473052112166,236.7764855633508,0.6941672563552856,1.2074308395385742,1869.951622887589,8.681491586741771,11.575322115655696,14.469152644569618,8.507210643137931,11.342947524183908,14.178684405229884,False,1.5,32.0,63.57231582001711,17.11131937467793,3.625639935188809,9.182008229678509,-8.179575927858975,-0.0053312816467168,1.047745,70.50775,72.62454,2022-03-22T23:47:04.161,32.0,Red,data\RV_UMa\2022_03_22\Light\Red\reduced_images\RV_Uma_Light_Red_32_secs_055_reduced.fits,2,0.979925,792.0,18.82389545993528,1172.7522061507436,937.03092145268,7.0,V* RV UMa,False,0.9796700774722468,0.0035899639616969,1831.9356512636384,11.22413822333632,-8.15727553633185,-0.0066522277831537,2022-03-22 23:47:04.161,0.47396409963103103,2022_03_22,2,"(0.455, 0.477]",-8.15727553633185,-0.0066522277831537
1,6,6,1173.3802899382845,896.3352159647575,1999.689057282434,1999.689057282434,221.7972233467717,80.40509796142578,5.601596951639642,5.489144892835477,159.0982092257244,221.7972233467717,0.7333968877792358,1.192330837249756,1837.023663961836,8.402395427459464,11.203193903279285,14.003992379099106,8.233717339253216,10.978289785670954,13.722862232088692,False,1.5,32.0,62.49028304007607,8.492638933181594,3.3962699824974414,8.624337189358675,-8.160286876967367,-0.0050972425190943,1.045358,70.58541,73.04822,2022-03-22T23:49:56.806,32.0,Red,data\RV_UMa\2022_03_22\Light\Red\reduced_images\RV_Uma_Light_Red_32_secs_056_reduced.fits,2,0.979925,792.0,18.83690844967796,1172.748551111329,937.0846555930156,7.0,V* RV UMa,False,0.9820647536564912,0.0059205564356056,1804.0761920098253,13.785023591786878,-8.140637188157099,-0.0082961569269278,2022-03-22 23:49:56.806,0.47823323190414957,2022_03_22,2,"(0.477, 0.5]",-8.140637188157099,-0.0082961569269278
1,6,6,1173.620365192463,894.2368657272277,1987.9373807757047,1987.9373807757047,204.2216279392134,90.73971557617188,5.375076770329248,5.267172104164888,148.55994200552786,204.22162793921345,0.7207719087600708,1.239879131317139,1840.7401681958693,8.062615155493871,10.750153540658497,13.43769192582312,7.900758156247332,10.534344208329776,13.16793026041222,False,1.5,32.0,62.12304314924079,8.486284578146812,3.1271436778192045,8.586994317292099,-8.162481223727907,-0.005064924850026,1.042967,70.6537,73.4853,2022-03-22T23:52:54.133,32.0,Red,data\RV_UMa\2022_03_22\Light\Red\reduced_images\RV_Uma_Light_Red_32_secs_057_reduced.fits,2,0.979925,792.0,17.182542657344513,1172.7421337369965,937.0248571984577,7.0,V* RV UMa,False,0.9788026347184934,0.0038206784457597,1801.7213264622796,10.959238764100911,-8.139219047991045,-0.0066041524446717,2022-03-22 23:52:54.133,0.4826181397705538,2022_03_22,2,"(0.477, 0.5]",-8.139219047991045,-0.0066041524446717
1,6,6,1174.4993480249927,907.4550092645782,2003.911363343421,2003.911363343421,209.2359608714156,89.73894500732422,5.440664783340621,5.331443437815058,143.75665653880392,209.23596087141573,0.6803138554096222,1.2632505893707275,1861.5652401126515,8.16099717501093,10.881329566681242,13.601661958351553,7.997165156722586,10.662886875630116,13.328608594537648,False,1.5,32.0,62.62223010448191,15.087764751894165,3.203925650843551,8.995216534759995,-8.174695652587253,-0.0052463550838738,1.04068,70.70828,73.91604,2022-03-22T23:55:49.319,32.0,Red,data\RV_UMa\2022_03_22\Light\Red\reduced_images\RV_Uma_Light_Red_32_secs_058_reduced.fits,2,0.979925,792.0,29.394112381019298,1172.742840445354,937.0608653825204,7.0,V* RV UMa,False,0.9743359149680412,0.004799529097066,1813.7898714978617,12.515661414232133,-8.146467430990334,-0.0074918858779955,2022-03-22 23:55:49.319,0.4869501054017542,2022_03_22,2,"(0.477, 0.5]",-8.146467430990334,-0.0074918858779955
1,6,6,1174.8955793084374,900.2988887134461,1984.0665528824777,1984.0665528824777,207.4501215394728,92.98226928710938,5.417396856467469,5.308642614573884,150.734127532182,207.45012153947283,0.7133333086967468,1.28938627243042,1836.085471295184,8.126095284701202,10.834793712934935,13.543492141168672,7.962963921860826,10.617285229147768,13.271606536434712,False,1.5,32.0,62.00207977757743,13.941964583296269,3.1765799860731763,8.89497747872061,-8.159732235256563,-0.0052598853594449,1.038298,70.7519,74.37915,2022-03-22T23:58:58.473,32.0,Red,data\RV_UMa\2022_03_22\Light\Red\reduced_images\RV_Uma_Light_Red_32_secs_059_reduced.fits,2,0.979925,792.0,23.03819722693854,1172.758982307442,937.025748818292,7.0,V* RV UMa,False,0.9768110952357952,0.0067569088298325,1793.5086601623802,15.146255919655548,-8.13425869514448,-0.0091690878242055,2022-03-22 23:58:58.473,0.49162746904384935,2022_03_22,2,"(0.477, 0.5]",-8.13425869514448,-0.0091690878242055
2,7,7,1175.589032562655,907.430538622662,2003.93120011856,2003.93120011856,246.0594504209228,61.84249877929688,5.900024695162253,5.781581699406871,167.45325985640716,246.0594504209226,0.6829541921615601,1.2054250240325928,1835.8838669326208,8.85003704274338,11.800049390324508,14.750061737905632,8.672372549110309,11.563163398813742,14.453954248517178,False,1.5,32.0,62.62285000370498,15.978360880747084,3.7677853345703793,9.075736676381837,-8.15961301358801,-0.0053673634110978,1.036092,70.77771,74.82219,2022-03-23T00:01:58.547,32.0,Red,data\RV_UMa\2022_03_22\Light\Red\reduced_images\RV_Uma_Light_Red_32_secs_060_reduced.fits,2,0.979925,792.0,29.77818202757885,1172.7134572683185,936.957432785102,7.0,V* RV UMa,False,0.9754836764365968,0.00724292677473,1790.8747440260688,15.974809182750931,-8.132663029557545,-0.0096848921185985,2022-03-23 00:01:58.547,0.4960803041966173,2022_03_22,2,"(0.477, 0.5]",-8.132663029557545,-0.0096848921185985
1,6,6,1148.468647511292,885.394484900342,1876.397527807652,1876.397527807652,271.4529037643031,57.94218826293945,6.19699364034152,6.0725889930116645,422.78688895794863,271.4529037643032,1.5471283197402954,2.3280653953552246,1456.425052918161,9.29549046051228,12.39398728068304,15.4924841008538,9.108883489517495,12.145177986023327,15.18147248252916,False,1.5,32.0,58.63742274398911,2226.6370879402166,4.15662258889089,47.84800030589676,-7.90822035227268,-0.0356697422591709,1.340401,57.22371,48.21487,2022-03-24T20:46:19.250,32.0,Red,data\RV_UMa\2022_03_24\Light\Red\reduced_images\RV_Uma_Light_Red_32_secs_001_reduced.fits,2,0.979925,792.0,16.441513843576477,1172.7617760587716,936.9946314886053,7.0,V* RV UMa,False,1.2302032901597315,0.0158806901058448,1791.6988919709831,63.24379529355908,-8.133162562780624,-0.0383245636776566,2022-03-24 20:46:19.250,0.47875831461387186,2022_03_24,3,"(0.477, 0.5]",-8.133162562780624,-0.0383245636776566
1,6,6,1150.093454970414,884.7604966294809,1871.1417703652792,1871.1417703652792,250.28573555311044,71.03852844238281,5.9504780012416525,5.831022155366727,383.87364018622577,250.2857355531104,1.5551540851593018,2.2919161319732666,1481.9088862627586,8.925717001862479,11.900956002483303,14.876195003104131,8.74653323305009,11.662044310733451,14.577555388416815,False,1.5,32.0,58.473180323914974,16.288275053729866,3.832500325657003,8.865323214824254,-7.927053755718003,-0.0064952727326521,1.332677,57.50768,48.58875,2022-03-24T20:49:09.048,32.0,Red,data\RV_UMa\2022_03_24\Light\Red\reduced_images\RV_Uma_Light_Red_32_secs_002_reduced.fits,2,0.979925,792.0,14.698786440356226,1172.7998731745631,937.0489285121804,7.0,V* RV UMa,False,1.2207326428644445,0.0076191420294904,1809.0145512118424,15.639809021150487,-8.143605150545875,-0.0093867165846679,2022-03-24 20:49:09.048,0.4829570468199069,2022_03_24,3,"(0.477, 0.5]",-8.143605150545875,-0.0093867165846679
1,6,6,1150.0424434532308,883.6942351539244,1843.5476725149688,1843.5476725149688,262.3341971269422,59.95637893676758,6.0920191299616855,5.969721845927705,402.0809662180725,262.3341971269422,1.522332787513733,2.29849910736084,1444.1877229425338,9.138028694942529,12.184038259923373,15.230047824904211,8.954582768891559,11.93944369185541,14.924304614819262,False,1.5,32.0,57.61086476609277,2724.9475460279305,4.016992393506301,52.78802329304944,-7.899059121829182,-0.0396858851217085,1.325487,57.77566,48.94323,2022-03-24T20:51:48.902,32.0,Red,data\RV_UMa\2022_03_24\Light\Red\reduced_images\RV_Uma_Light_Red_32_secs_003_reduced.fits,2,0.979925,792.0,14.438170179380426,1172.7474565033333,937.0881111494034,7.0,V* RV UMa,False,1.209860828186636,0.0131019966292535,1747.2661545362262,66.61020147764394,-8.105897661201338,-0.041391007982815,2022-03-24 20:51:48.902,0.48690988571119753,2022_03_24,3,"(0.477, 0.5]",-8.105897661201338,-0.041391007982815
1,6,6,1149.940128851831,883.3059218706977,1913.3952262987243,1913.3952262987243,291.5599461879737,45.064266204833984,6.422405685890125,6.293475891745881,440.6730626812472,291.55994618797376,1.5168960094451904,2.1704630851745605,1471.1291074121325,9.633608528835186,12.84481137178025,16.056014214725312,9.44021383761882,12.58695178349176,15.733689729364702,False,1.5,32.0,59.793600821835135,1393.921077105188,4.4645116760033465,38.186112522788,-7.919126971037365,-0.0281824652072116,1.318317,58.04768,49.30313,2022-03-24T20:54:32.358,32.0,Red,data\RV_UMa\2022_03_24\Light\Red\reduced_images\RV_Uma_Light_Red_32_secs_004_reduced.fits,2,0.979925,792.0,14.443306273781747,1172.747978175075,937.0408209932148,7.0,V* RV UMa,False,1.2201832072571768,0.00999977713126,1795.0470325715237,48.86121403285261,-8.13518958036201,-0.0295537599412678,2022-03-24 20:54:32.358,0.49095179416400647,2022_03_24,3,"(0.477, 0.5]",-8.13518958036201,-0.0295537599412678
1,6,6,1150.2484744075653,883.066620202576,1848.0623846025069,1848.0623846025069,244.6151292693404,72.45350646972656,5.882683210786533,5.764588345329994,369.8847976478325,244.6151292693403,1.5019460320472715,2.228637218475342,1480.6636618176904,8.8240248161798,11.765366421573066,14.706708026966332,8.646882517994992,11.529176690659988,14.411470863324984,False,1.5,32.0,57.75194951882833,18.69884977252065,3.7456691669367737,8.95524809585339,-7.926141045348393,-0.0065666750194457,1.310874,58.32757,49.68374,2022-03-24T20:57:23.346,32.0,Red,data\RV_UMa\2022_03_24\Light\Red\reduced_images\RV_Uma_Light_Red_32_secs_005_reduced.fits,2,0.979925,792.0,14.08930855600214,1172.767865953204,937.0474204138728,7.0,V* RV UMa,False,1.2258812911021215,0.0095388381159025,1815.1178814370653,17.888546097001,-8.147262088024243,-0.0107002648955349,2022-03-24 20:57:23.346,0.4951799524606031,2022_03_24,3,"(0.477, 0.5]",-8.147262088024243,-0.0107002648955349
1,6,6,1150.824212717095,882.3393061592088,1823.1540739928048,1823.1540739928048,238.9183840317316,74.35662841796875,5.813779938057347,5.697068305800846,359.28945332161766,238.91838403173165,1.5020110607147217,2.160050630569458,1464.296018569056,8.72066990708602,11.627559876114692,14.534449845143367,8.545602458701268,11.394136611601692,14.242670764502115,False,1.5,32.0,56.97356481227514,4638.980513582464,3.65843775548589,68.5537199293388,-7.914072203820266,-0.0508307437528021,1.303558,58.61344,50.06504,2022-03-24T21:00:14.797,32.0,Red,data\RV_UMa\2022_03_24\Light\Red\reduced_images\RV_Uma_Light_Red_32_secs_006_reduced.fits,2,0.979925,792.0,13.381843065545,1172.7773704525316,937.0211642063672,7.0,V* RV UMa,False,1.2194459299815703,0.0068756676027455,1785.6298201322536,84.20163917828307,-8.129478575159208,-0.0511980518722919,2022-03-24 21:00:14.797,0.49941955973193153,2022_03_24,3,"(0.477, 0.5]",-8.129478575159208,-0.0511980518722919
1,6,6,1151.4262336083957,882.138014938374,1878.9178584464173,1878.9178584464173,276.2319039936788,55.61371612548828,6.2513054963853465,6.125810538545411,408.1323811225869,276.2319039936789,1.4796293377876282,2.432805299758911,1470.197029264435,9.37695824457802,12.502610992770691,15.628263740963366,9.188715807818117,12.251621077090824,15.314526346363529,False,1.5,32.0,58.71618307645056,2268.502471261289,4.229801029903206,48.28507487172038,-7.918438852156651,-0.0356583865251808,1.296482,58.88656,50.44091,2022-03-24T21:03:03.784,32.0,Red,data\RV_UMa\2022_03_24\Light\Red\reduced_images\RV_Uma_Light_Red_32_secs_007_reduced.fits,2,0.979925,792.0,12.754242790042603,1172.7230244505254,937.0682328535596,7.0,V* RV UMa,False,1.2269213667096193,0.008074900275852,1803.8161484775428,60.4197857769578,-8.140480676459047,-0.0363673143502684,2022-03-24 21:03:03.784,0.5035982376863313,2022_03_24,3,"(0.5, 0.523]",-8.140480676459047,-0.0363673143502684
1,6,6,1150.988502825268,881.086257993399,1899.312835122887,1899.312835122887,301.63009367820234,50.02389526367188,6.532375466800036,6.401238029304025,438.9700638227792,301.63009367820257,1.439968824386597,2.264620542526245,1464.9749037294669,9.798563200200054,13.064750933600072,16.33093866700009,9.601857043956038,12.80247605860805,16.003095073260063,False,1.5,32.0,59.35352609759022,2164.2933707754146,4.618710809447473,47.20450834064954,-7.914575462296712,-0.034984656462562,1.290111,59.13806,50.78545,2022-03-24T21:05:37.271,32.0,Red,data\RV_UMa\2022_03_24\Light\Red\reduced_images\RV_Uma_Light_Red_32_secs_008_reduced.fits,2,0.979925,792.0,13.056761281278154,1172.761929708542,937.082740716445,7.0,V* RV UMa,False,1.2025626744631133,0.0118229225871774,1761.7241382502496,59.34992960002564,-8.114844762154998,-0.0365768771157296,2022-03-24 21:05:37.271,0.5073936346292172,2022_03_24,3,"(0.5, 0.523]",-8.114844762154998,-0.0365768771157296
1,6,6,1151.6715485346976,880.9065201203637,1819.491838447021,1819.491838447021,252.8564845673375,67.1764907836914,5.9809593739340885,5.8608916145023615,370.0232742161486,252.85648456733733,1.450374960899353,2.0633676052093506,1452.7551245295213,8.971439060901133,11.961918747868175,14.95239843483522,8.791337421753543,11.721783229004725,14.652229036255903,False,1.5,32.0,56.85911995146941,16.295366691746608,3.871864919937355,8.776465778612332,-7.905481040170278,-0.0065592104854877,1.283355,59.40419,51.15739,2022-03-24T21:08:22.306,32.0,Red,data\RV_UMa\2022_03_24\Light\Red\reduced_images\RV_Uma_Light_Red_32_secs_009_reduced.fits,2,0.979925,792.0,12.361735082946076,1172.8118661670203,937.0897085010608,7.0,V* RV UMa,False,1.2314832597683842,0.0073420080927067,1789.0436164008397,15.184891567649924,-8.131552321696937,-0.0092154190033062,2022-03-24 21:08:22.306,0.5114745882895839,2022_03_24,3,"(0.5, 0.523]",-8.131552321696937,-0.0092154190033062
1,6,6,1151.1250545233256,880.5298459851813,1826.1757073172569,1826.1757073172569,252.80239159598307,69.06427764892578,5.980319593686071,5.860264677842823,361.7931746858605,252.8023915959829,1.437442421913147,2.119124412536621,1462.786825276091,8.970479390529107,11.96063918737214,14.950798984215176,8.790397016764235,11.720529355685644,14.650661694607058,False,1.5,32.0,57.06799085366427,16.275881595206283,3.87103662131349,8.787201435621244,-7.912952600426193,-0.0065221962437048,1.27667,59.67714,51.5323,2022-03-24T21:11:09.529,32.0,Red,data\RV_UMa\2022_03_24\Light\Red\reduced_images\RV_Uma_Light_Red_32_secs_010_reduced.fits,2,0.979925,792.0,12.885843309436558,1172.7761903633054,937.0434962780256,7.0,V* RV UMa,False,1.2029831825324595,0.0048480925606455,1759.707950437185,12.729319056034631,-8.113601490503974,-0.0078539638112226,2022-03-24 21:11:09.529,0.5156096463920932,2022_03_24,3,"(0.5, 0.523]",-8.113601490503974,-0.0078539638112226
1,6,6,1152.262249054312,880.2293045103237,1773.0026168657582,1773.0026168657582,222.17596889559093,84.77523803710938,5.606377613314995,5.493829582727697,315.4059569671645,222.17596889559096,1.4175280332565308,2.341593742370605,1458.061952640327,8.409566419972492,11.21275522662999,14.01594403328749,8.240744374091545,10.987659165455394,13.734573956819244,False,1.5,32.0,55.40633177705495,15.901646928878275,3.4020695237137355,8.643497453557035,-7.909439943559516,-0.0064363233016728,1.270032,59.94436,51.91163,2022-03-24T21:13:56.849,32.0,Red,data\RV_UMa\2022_03_24\Light\Red\reduced_images\RV_Uma_Light_Red_32_secs_011_reduced.fits,2,0.979925,792.0,11.73999053753688,1172.7099080919738,937.0251190835124,7.0,V* RV UMa,False,1.2060433351180204,0.005020620239037,1758.485900171033,12.738001731676457,-8.112847226055967,-0.0078647827969548,2022-03-24 21:13:56.849,0.5197471030919001,2022_03_24,3,"(0.5, 0.523]",-8.112847226055967,-0.0078647827969548
1,6,6,1153.0133675312152,880.1258390969891,1797.6753911107187,1797.6753911107187,235.0208055255088,78.68296813964844,5.766163594921573,5.650407860753523,334.55170536365785,235.02080552550868,1.4245771169662476,2.0735397338867188,1462.8701295481044,8.64924539238236,11.532327189843146,14.415408987303932,8.475611791130284,11.300815721507046,14.126019651883809,False,1.5,32.0,56.17735597220996,13.95392537265527,3.598756084609352,8.586619674206759,-7.91301443027539,-0.0063729538722994,1.263458,60.21314,52.29442,2022-03-24T21:16:46.180,32.0,Red,data\RV_UMa\2022_03_24\Light\Red\reduced_images\RV_Uma_Light_Red_32_secs_012_reduced.fits,2,0.979925,792.0,10.987353115399898,1172.7324299821798,937.0512304651884,7.0,V* RV UMa,False,1.1913158625507303,0.0068119265578128,1742.7403901822988,14.280778801405408,-8.103081741572135,-0.008896998465277,2022-03-24 21:16:46.180,0.5239342874119757,2022_03_24,3,"(0.523, 0.545]",-8.103081741572135,-0.008896998465277
1,6,6,1153.35294672943,883.7592813813267,1750.0622072614374,1750.0622072614374,208.9668031152453,102.03547668457033,5.437164265632278,5.328013192999711,299.70802476617393,208.9668031152452,1.437844455242157,1.9890835285186768,1449.6004480725023,8.155746398448418,10.874328531264556,13.592910664080694,7.992019789499566,10.656026385999422,13.320032982499274,False,1.5,32.0,54.68944397691992,16.568830934608076,3.1998041727021937,8.628909495656458,-7.90312078643371,-0.0064629667157407,1.257139,60.47673,52.66933,2022-03-24T21:19:32.478,32.0,Red,data\RV_UMa\2022_03_24\Light\Red\reduced_images\RV_Uma_Light_Red_32_secs_013_reduced.fits,2,0.979925,792.0,11.291232875569682,1172.8101367553743,937.0096544435324,7.0,V* RV UMa,False,1.1900536237496484,0.0048817850151832,1725.1022662177954,12.471102215195836,-8.092037114229898,-0.0078489997105875,2022-03-24 21:19:32.478,0.5280464722928304,2022_03_24,3,"(0.523, 0.545]",-8.092037114229898,-0.0078489997105875
1,6,6,1153.5605587910509,889.1111732566361,1773.7467734864813,1773.7467734864813,224.01696744813145,81.30206298828125,5.62955752797096,5.516544160596943,316.0206278388959,224.01696744813137,1.40068519115448,2.1687123775482178,1459.9695246145484,8.444336291956441,11.25911505594192,14.0738938199274,8.274816240895415,11.033088321193889,13.79136040149236,False,1.5,32.0,55.42958667145254,15.032359003468766,3.430259814049512,8.596057555005714,-7.910859476053779,-0.0063926340572885,1.250947,60.73577,53.04363,2022-03-24T21:22:17.379,32.0,Red,data\RV_UMa\2022_03_24\Light\Red\reduced_images\RV_Uma_Light_Red_32_secs_014_reduced.fits,2,0.979925,792.0,13.856240863507898,1172.7814689853983,937.0225208296918,7.0,V* RV UMa,False,1.1941073953160568,0.0112601901101282,1743.3604062783002,19.38093472648885,-8.103467946085063,-0.0120701275759293,2022-03-24 21:22:17.379,0.5321241124270344,2022_03_24,3,"(0.523, 0.545]",-8.103467946085063,-0.0120701275759293
1,6,6,1154.800684706174,900.0903479827202,1797.3281334523,1797.3281334523,240.77492641377765,76.94912719726562,5.836324544425013,5.719160329195681,334.4270408263422,240.7749264137776,1.3805957436561584,2.430466651916504,1464.9152948663136,8.75448681663752,11.672649088850026,14.590811361062531,8.578740493793523,11.438320658391362,14.297900822989202,False,1.5,32.0,56.16650417038437,15.262841241236508,3.68686606071097,8.666960913280494,-7.914531283507426,-0.0064236022941046,1.2451,60.9827,53.40351,2022-03-24T21:24:55.810,32.0,Red,data\RV_UMa\2022_03_24\Light\Red\reduced_images\RV_Uma_Light_Red_32_secs_015_reduced.fits,2,0.979925,792.0,22.09636811654828,1172.7865778249738,937.0750408027502,7.0,V* RV UMa,False,1.169618428585764,0.0046787529840429,1713.391925192789,12.236687515393212,-8.084641789608524,-0.0077541013625818,2022-03-24 21:24:55.810,0.5360417636486883,2022_03_24,3,"(0.523, 0.545]",-8.084641789608524,-0.0077541013625818
1,6,6,1155.4727329682337,895.3053938281593,1778.8268755047825,1778.8268755047825,241.05998994016352,72.31022644042969,5.839778457035246,5.722544904510264,334.9748785263331,241.05998994016343,1.3789944648742676,2.0116896629333496,1446.4064836746504,8.75966768555287,11.679556914070492,14.599446142588114,8.583817356765396,11.445089809020528,14.30636226127566,False,1.5,32.0,55.58833985952445,5457.6953202738,3.6912310959587535,74.27634139636444,-7.900725899769958,-0.0557550826280365,1.239657,61.21474,53.74432,2022-03-24T21:27:25.337,32.0,Red,data\RV_UMa\2022_03_24\Light\Red\reduced_images\RV_Uma_Light_Red_32_secs_016_reduced.fits,2,0.979925,792.0,17.520541180742903,1172.831266542542,937.031423020029,7.0,V* RV UMa,False,1.1702605794623044,0.0102309978053271,1692.6724897231306,88.17333774402226,-8.071432339652832,-0.0565572995746569,2022-03-24 21:27:25.337,0.5397392384750805,2022_03_24,3,"(0.523, 0.545]",-8.071432339652832,-0.0565572995746569
1,6,6,1155.3350455687653,897.8092166656254,1743.498576433822,1743.498576433822,238.3459827438968,72.14900207519531,5.806811427188037,5.690239687787237,312.5836750750059,238.34598274389683,1.3098137974739077,2.145216941833496,1431.3097196633885,8.710217140782055,11.613622854376072,14.517028567970092,8.535359531680855,11.380479375574474,14.225599219468092,False,1.5,32.0,54.48433051355694,12.764669190704826,3.649672860765919,8.420134949335889,-7.889334051182294,-0.006387188766938,1.234078,61.45477,54.09976,2022-03-24T21:30:00.655,32.0,Red,data\RV_UMa\2022_03_24\Light\Red\reduced_images\RV_Uma_Light_Red_32_secs_017_reduced.fits,2,0.979925,792.0,19.805293068737047,1172.7632038855952,937.0414059559826,7.0,V* RV UMa,False,1.1583896073583877,0.0109687211675185,1658.0143041691165,18.48283423026109,-8.048970682536417,-0.0121033227758513,2022-03-24 21:30:00.655,0.5435799120329374,2022_03_24,3,"(0.523, 0.545]",-8.048970682536417,-0.0121033227758513
1,6,6,1156.4566957812583,905.4427579703332,1713.829419936855,1713.829419936855,222.2815524666762,95.1944580078125,5.607709600438945,5.495134830210133,285.31717365736705,222.2815524666761,1.302001953125,1.9269756078720093,1424.4184044815854,8.411564400658417,11.21541920087789,14.019274001097362,8.242702245315199,10.990269660420266,13.737837075525333,False,1.5,32.0,53.55716937302672,8155.227206704001,3.403686272145979,90.62112370937128,-7.884093941066964,-0.0690742513699398,1.228614,61.69205,54.454,2022-03-24T21:32:35.330,32.0,Red,data\RV_UMa\2022_03_24\Light\Red\reduced_images\RV_Uma_Light_Red_32_secs_018_reduced.fits,2,0.979925,792.0,26.53743340403214,1172.79408422904,937.0338418107796,7.0,V* RV UMa,False,1.1884820995491867,0.0076897999271566,1692.8957759947773,108.25714784351794,-8.07157555341813,-0.069430561824453,2022-03-24 21:32:35.330,0.5474046856107684,2022_03_24,3,"(0.545, 0.568]",-8.07157555341813,-0.069430561824453
1,6,6,1156.3355177499525,895.5874692466344,1735.137739099027,1735.137739099027,237.2154765519544,82.38440704345703,5.793023825345112,5.676728872051309,304.8201716386067,237.2154765519544,1.2799018621444702,2.0232863426208496,1431.5252089306923,8.689535738017668,11.586047650690224,14.48255956336278,8.515093308076963,11.353457744102618,14.191822180128272,False,1.5,32.0,54.22305434684459,11.584334201862337,3.6323619847018014,8.333051693911944,-7.889497500703852,-0.0063201792492075,1.22307,61.935,54.81985,2022-03-24T21:35:13.924,32.0,Red,data\RV_UMa\2022_03_24\Light\Red\reduced_images\RV_Uma_Light_Red_32_secs_019_reduced.fits,2,0.979925,792.0,17.369901717513297,1172.8089148528038,937.0218844557596,7.0,V* RV UMa,False,1.192245060357036,0.017292916412725,1706.7288591241918,26.674467340483783,-8.080411330116494,-0.0169689724172491,2022-03-24 21:35:13.924,0.5513263674649949,2022_03_24,3,"(0.545, 0.568]",-8.080411330116494,-0.0169689724172491
1,6,6,1157.2278638607615,898.0477926499487,1710.4619429723705,1710.4619429723705,224.59373550868133,93.0626220703125,5.636799974270695,5.523641214787212,281.4014879114564,224.5937355086812,1.234249770641327,1.9581140279769893,1433.2571764333015,8.455199961406043,11.27359994854139,14.091999935676736,8.285461822180817,11.047282429574423,13.809103036968027,False,1.5,32.0,53.45193571788657,13.689705819604804,3.4390915749766826,8.401234023193739,-7.890810312498397,-0.0063641920609994,1.217779,62.16905,55.17528,2022-03-24T21:37:48.416,32.0,Red,data\RV_UMa\2022_03_24\Light\Red\reduced_images\RV_Uma_Light_Red_32_secs_020_reduced.fits,2,0.979925,792.0,19.276531000777176,1172.7517797797195,937.0521174712426,7.0,V* RV UMa,False,1.1735862537440884,0.0056507890990793,1682.0509203421884,12.759526922650569,-8.064597847395657,-0.0082360647754287,2022-03-24 21:37:48.416,0.5551466158541114,2022_03_24,3,"(0.545, 0.568]",-8.064597847395657,-0.0082360647754287
1,6,6,1157.971213487422,900.9511940070618,1734.8310723941572,1734.8310723941572,240.11773032191687,73.47823333740234,5.828353966581704,5.711349760702577,298.8487577669098,240.1177303219171,1.2225980758666992,1.884425401687622,1441.263597321103,8.742530949872556,11.656707933163409,14.57088491645426,8.567024641053864,11.422699521405152,14.278374401756444,False,1.5,32.0,54.21347101231741,15.405665386663872,3.676802745554353,8.561304757134605,-7.896858543972271,-0.0064494229591772,1.212467,62.4061,55.53844,2022-03-24T21:40:26.189,32.0,Red,data\RV_UMa\2022_03_24\Light\Red\reduced_images\RV_Uma_Light_Red_32_secs_021_reduced.fits,2,0.979925,792.0,21.801348516451487,1172.792557212827,937.0718983571252,7.0,V* RV UMa,False,1.1909499047102026,0.0211726443159127,1716.4727438918512,32.173707265953624,-8.086592278985913,-0.0203511293402375,2022-03-24 21:40:26.189,0.559047996178629,2022_03_24,3,"(0.545, 0.568]",-8.086592278985913,-0.0203511293402375
1,7,6,1157.272053779134,885.9329318060289,1733.1714846709474,1733.1714846709474,240.96515798048569,74.5255126953125,5.83862967222152,5.721419181551673,298.1201344051736,240.9651579804858,1.220152497291565,1.8630380630493164,1439.1572454008012,8.75794450833228,11.67725934444304,14.596574180553802,8.58212877232751,11.442838363103348,14.303547953879184,False,1.5,32.0,54.16160889596711,12.350818228794518,3.6897789815761866,8.37867567735724,-7.895270621184349,-0.0063210823972884,1.207117,62.64715,55.91099,2022-03-24T21:43:07.153,32.0,Red,data\RV_UMa\2022_03_24\Light\Red\reduced_images\RV_Uma_Light_Red_32_secs_022_reduced.fits,2,0.979925,792.0,8.970225201512761,1172.783221201257,937.0773868552208,7.0,V* RV UMa,False,1.1936134266655456,0.0064574031883158,1717.797411193398,13.652175951124496,-8.087429859755582,-0.0086288764945608,2022-03-24 21:43:07.153,0.5630282829359086,2022_03_24,3,"(0.545, 0.568]",-8.087429859755582,-0.0086288764945608
1,6,6,1157.86997367227,886.3545407446132,1768.1239694214164,1768.1239694214164,256.53869689617306,63.648040771484375,6.024350713221535,5.903411872653614,313.4623493139896,256.53869689617324,1.2054866552352903,1.8581913709640503,1458.8699937616288,9.036526069832302,12.04870142644307,15.06087678305384,8.855117808980419,11.806823745307227,14.758529681634034,False,1.5,32.0,55.25387404441926,14.471204337050043,3.9282487962226496,8.582151663638435,-7.910041479377897,-0.0063871029055245,1.202121,62.87422,56.26512,2022-03-24T21:45:40.401,32.0,Red,data\RV_UMa\2022_03_24\Light\Red\reduced_images\RV_Uma_Light_Red_32_secs_023_reduced.fits,2,0.979925,792.0,8.829349401491253,1172.852633209397,937.1106985142924,7.0,V* RV UMa,False,1.1493510877786297,0.0078095910792326,1676.7538142575308,15.069875106450588,-8.061173257352976,-0.0097580866464298,2022-03-24 21:45:40.401,0.5668177699328734,2022_03_24,3,"(0.545, 0.568]",-8.061173257352976,-0.0097580866464298
1,6,6,1158.2782184909984,891.9206815851783,1721.8850005736913,1721.8850005736913,234.7892625446118,79.6336898803711,5.7633224768647136,5.647623778141655,286.9922051756397,234.789262544612,1.226982355117798,1.8069634437561035,1433.8027182603323,8.64498371529707,11.526644953729429,14.408306192161785,8.47143566721248,11.295247556283307,14.119059445354138,False,1.5,32.0,53.80890626792785,13.36841458096528,3.595210582714368,8.412641168599045,-7.891223498508959,-0.0063704085492801,1.197248,63.09762,56.61661,2022-03-24T21:48:11.659,32.0,Red,data\RV_UMa\2022_03_24\Light\Red\reduced_images\RV_Uma_Light_Red_32_secs_024_reduced.fits,2,0.979925,792.0,13.22276193130472,1172.7843758565127,937.0374386091862,7.0,V* RV UMa,False,1.162480819917381,0.0098717158016888,1666.7681595230408,17.204000481569498,-8.054687988709075,-0.0112067212724182,2022-03-24 21:48:11.659,0.5705580485935187,2022_03_24,3,"(0.568, 0.591]",-8.054687988709075,-0.0112067212724182
1,6,6,1158.7172294453087,878.6058747665104,1706.5555766658915,1706.5555766658915,216.4464522000765,78.14900207519531,5.533616280504364,5.422528933673239,264.48579485241305,216.4464522000766,1.2236260175704956,1.957148551940918,1441.7060663430495,8.300424420756546,11.067232561008728,13.83404070126091,8.133793400509859,10.845057867346478,13.5563223341831,False,1.5,32.0,53.32986177080912,7474.795629752719,3.314336299313671,86.78386847694011,-7.897191814659394,-0.0653561708548441,1.188724,63.49303,57.24655,2022-03-24T21:52:43.062,32.0,Red,data\RV_UMa\2022_03_24\Light\Red\reduced_images\RV_Uma_Light_Red_32_secs_025_reduced.fits,2,0.979925,792.0,5.463629736737825,1172.7408033478032,937.0010373198176,7.0,V* RV UMa,False,1.1410507071334055,0.0137706804100713,1645.059726479257,100.9953582721613,-8.040454175790185,-0.0666567390980297,2022-03-24 21:52:43.062,0.5772692496495662,2022_03_24,3,"(0.568, 0.591]",-8.040454175790185,-0.0666567390980297
1,6,6,1159.5602265107684,886.6865538396796,1717.506776173435,1717.506776173435,207.78607255210648,89.88825988769531,5.421781630285908,5.312939364057919,249.2024220835044,207.7860725521064,1.1969151496887207,1.89495849609375,1468.804478041499,8.132672445428863,10.843563260571816,13.55445407571477,7.969409046086879,10.625878728115838,13.282348410144795,False,1.5,32.0,53.67208675541983,10.584997113845551,3.18172423595413,8.212113498072194,-7.917409969803845,-0.0060703715679902,1.183994,63.71504,57.6048,2022-03-24T21:55:16.210,32.0,Red,data\RV_UMa\2022_03_24\Light\Red\reduced_images\RV_Uma_Light_Red_32_secs_026_reduced.fits,2,0.979925,792.0,8.026306179471216,1172.78179219445,937.0577017719372,7.0,V* RV UMa,False,1.140212462087267,0.0077288085266513,1674.7491702325,14.715519542433348,-8.059874428221534,-0.0095400389640602,2022-03-24 21:55:16.210,0.581056263865813,2022_03_24,3,"(0.568, 0.591]",-8.059874428221534,-0.0095400389640602
1,7,6,1159.5962179515184,886.0439918038493,1696.9617774683647,1696.9617774683647,207.37166639877407,81.43523406982422,5.416372362430897,5.307638687255097,249.5069343681976,207.3716663987742,1.1766767501831057,1.906407117843628,1452.9523589702,8.124558543646344,10.832744724861794,13.540930906077245,7.961458030882644,10.615277374510194,13.269096718137742,False,1.5,32.0,53.0300555458864,10.971691831551144,3.175378641731229,8.196165324050556,-7.905628435993578,-0.0061246835641686,1.179403,63.93228,57.9587,2022-03-24T21:57:48.184,32.0,Red,data\RV_UMa\2022_03_24\Light\Red\reduced_images\RV_Uma_Light_Red_32_secs_027_reduced.fits,2,0.979925,792.0,7.47817713453795,1172.754462333752,937.0507898361316,7.0,V* RV UMa,False,1.132781790263397,0.0124606949357512,1645.877974361689,20.346620509806577,-8.040994083530464,-0.0134220536856863,2022-03-24 21:57:48.184,0.5848142476364089,2022_03_24,3,"(0.568, 0.591]",-8.040994083530464,-0.0134220536856863
1,6,6,1159.9255579613523,876.6000503888183,1656.8366117210498,1656.8366117210498,194.78666011474343,96.35563659667967,5.249445245240246,5.144062631942048,232.37081310191,194.78666011474343,1.2073733806610107,1.8124737739562988,1421.6563833906448,7.874167867860368,10.498890490480491,13.123613113100614,7.716093947913071,10.288125263884096,12.86015657985512,False,1.5,32.0,51.77614411628281,15070.779615733249,2.982670733007008,122.98592777461386,-7.881986598525613,-0.0939258431367202,1.174648,64.15913,58.33187,2022-03-24T22:00:27.539,32.0,Red,data\RV_UMa\2022_03_24\Light\Red\reduced_images\RV_Uma_Light_Red_32_secs_028_reduced.fits,2,0.979925,792.0,5.306668944344679,1172.742779725823,936.9813199210636,7.0,V* RV UMa,False,1.1417129180544148,0.0073029516335512,1623.123457951619,140.7979336002062,-8.025878885930295,-0.0941822467760992,2022-03-24 22:00:27.539,0.5887547473519117,2022_03_24,3,"(0.568, 0.591]",-8.025878885930295,-0.0941822467760992
1,6,6,1160.65552744831,885.277401276726,1695.522173635174,1695.522173635174,215.75735412324863,78.98887634277344,5.524800603110269,5.413890231002831,252.6941099987248,215.7573541232485,1.160484790802002,1.9126322269439693,1445.139045671462,8.287200904665404,11.049601206220538,13.812001507775673,8.120835346504247,10.82778046200566,13.534725577507077,False,1.5,32.0,52.985067926099184,10097.987843493174,3.303784485012245,100.76843104814267,-7.899774088082049,-0.0757075481514008,1.170149,64.37552,58.69145,2022-03-24T22:03:00.038,32.0,Red,data\RV_UMa\2022_03_24\Light\Red\reduced_images\RV_Uma_Light_Red_32_secs_029_reduced.fits,2,0.979925,792.0,6.247916523497764,1172.749432319899,936.9852038763028,7.0,V* RV UMa,False,1.150844063020543,0.0050604809115789,1663.1296909501757,116.1991072638043,-8.05231529212258,-0.0758579312265222,2022-03-24 22:03:00.038,0.5925257132212867,2022_03_24,3,"(0.591, 0.614]",-8.05231529212258,-0.0758579312265222
1,6,6,1161.259106609139,884.9803378430408,1664.6591052609213,1664.6591052609213,213.1526199505421,91.14649963378906,5.4913502163244114,5.381111360731699,220.77670450283915,213.15261995054223,1.023457169532776,1.5849850177764893,1446.506528167844,8.237025324486616,10.982700432648825,13.72837554081103,8.071667041097548,10.7622227214634,13.45277840182925,False,1.5,32.0,52.02059703940379,12.295003709550178,3.2638994929926763,8.220675169470367,-7.900800994961514,-0.0061703728847703,1.165372,64.60724,59.08049,2022-03-24T22:05:45.519,32.0,Red,data\RV_UMa\2022_03_24\Light\Red\reduced_images\RV_Uma_Light_Red_32_secs_030_reduced.fits,2,0.979925,792.0,5.684739361737699,1172.7609974721313,937.0234341919396,7.0,V* RV UMa,False,1.1386016914910748,0.0107032536321748,1646.9947797247892,18.091805428783456,-8.041730556606367,-0.011926527275789,2022-03-24 22:05:45.519,0.5966176954836637,2022_03_24,3,"(0.591, 0.614]",-8.041730556606367,-0.011926527275789
1,6,6,1161.338633358162,879.709498800061,1667.886469349056,1667.886469349056,204.9722285625496,90.29550170898438,5.384945547835004,5.276842765962217,209.69954062914607,204.9722285625495,1.0168671011924744,1.5366442203521729,1459.4569534656948,8.077418321752507,10.769891095670008,13.46236386958751,7.915264148943326,10.553685531924431,13.19210691490554,False,1.5,32.0,52.121452167158,10.081729800718678,3.13863724986404,8.08342867957284,-7.910478225103484,-0.0060135183536255,1.160757,64.83289,59.46366,2022-03-24T22:08:28.445,32.0,Red,data\RV_UMa\2022_03_24\Light\Red\reduced_images\RV_Uma_Light_Red_32_secs_031_reduced.fits,2,0.979925,792.0,2.677174508591813,1172.7664956129734,937.0235050232056,7.0,V* RV UMa,False,1.115713179402477,0.0061767510497084,1628.3353577522637,12.751603523332792,-8.029359633174195,-0.0085024731226834,2022-03-24 22:08:28.445,0.6006464981986568,2022_03_24,3,"(0.591, 0.614]",-8.029359633174195,-0.0085024731226834
1,6,6,1162.114738402522,889.2841911381614,1655.237817189217,1655.237817189217,200.7382396833285,97.5330047607422,5.329038530180543,5.222058081687169,200.00720425868585,200.7382396833285,0.9953618347644806,1.4917490482330322,1455.4306346306269,7.993557795270814,10.658077060361084,13.322596325451356,7.833087122530753,10.444116163374336,13.055145204217922,False,1.5,32.0,51.72618178716302,11161.828662295084,3.073804295150967,105.90858628259276,-7.907478779821792,-0.0790067103067018,1.15651,65.0422,59.82292,2022-03-24T22:11:00.258,32.0,Red,data\RV_UMa\2022_03_24\Light\Red\reduced_images\RV_Uma_Light_Red_32_secs_032_reduced.fits,2,0.979925,792.0,9.473669636462988,1172.701514801503,937.0029482869528,7.0,V* RV UMa,False,1.1131300717933028,0.009000451616448,1620.083606816562,118.61558695833868,-8.023843568829033,-0.0794929574420948,2022-03-24 22:11:00.258,0.6044005007922966,2022_03_24,3,"(0.591, 0.614]",-8.023843568829033,-0.0794929574420948
1,6,6,1162.980897530907,883.9879367550894,1678.0110432520114,1678.0110432520114,229.0040772740741,71.65422821044922,5.6918757608341135,5.577611354935369,215.2387819617072,229.00407727407423,0.923484206199646,1.535510778427124,1466.5293947340806,8.53781364125117,11.383751521668229,14.229689402085285,8.366417032403053,11.155222709870738,13.944028387338424,False,1.5,32.0,52.43784510162536,28.51243294338132,3.5066249332592605,9.19004368750584,-7.915726930723866,-0.0068037934941244,1.147861,65.47309,60.57518,2022-03-24T22:16:18.518,32.0,Red,data\RV_UMa\2022_03_24\Light\Red\reduced_images\RV_Uma_Light_Red_32_secs_034_reduced.fits,2,0.979925,792.0,4.116091520496688,1172.7522278938964,937.0317910813342,7.0,V* RV UMa,False,1.117432836125818,0.0072107681360618,1638.7481008195832,14.740559634223766,-8.036280503463043,-0.0097662107222389,2022-03-24 22:16:18.518,0.6122703727100642,2022_03_24,3,"(0.591, 0.614]",-8.036280503463043,-0.0097662107222389
1,6,6,1163.5315506954394,894.1035570208951,1671.372116292711,1671.372116292711,227.24620357702148,76.64836883544922,5.669987779579237,5.556162774904184,211.8690825650132,227.2462035770215,0.9257875680923462,1.669022560119629,1460.9904061249224,8.504981669368854,11.339975559158471,14.174969448948092,8.334244162356276,11.112325549808368,13.89040693726046,False,1.5,32.0,52.23037863414723,12.027030308225443,3.479707492273141,8.230256158507208,-7.911618410163109,-0.0061163215365842,1.143549,65.69027,60.96119,2022-03-24T22:19:01.509,32.0,Red,data\RV_UMa\2022_03_24\Light\Red\reduced_images\RV_Uma_Light_Red_32_secs_035_reduced.fits,2,0.979925,792.0,14.111334642498656,1172.7440555131907,937.0163088930468,7.0,V* RV UMa,False,1.113467419858922,0.006345049776939,1626.765217946556,13.035148165030645,-8.028312195329399,-0.0086999230995515,2022-03-24 22:19:01.509,0.6163007827325249,2022_03_24,3,"(0.614, 0.636]",-8.028312195329399,-0.0086999230995515
1,6,6,1164.1815216253665,894.2340947423863,1656.5498174970764,1656.5498174970764,231.5005998994188,70.58360290527344,5.722817084286889,5.60793153131983,213.7970871678004,231.50059989941863,0.904130607843399,1.5411765575408936,1447.2430393939037,8.584225626430333,11.445634168573775,14.30704271071722,8.411897296979745,11.21586306263966,14.019828828299572,False,1.5,32.0,51.76718179678364,6511.160053058908,3.5448529359598493,81.03377127958227,-7.901353673693341,-0.0607923457853892,1.13946,65.89758,61.33438,2022-03-24T22:21:38.136,32.0,Red,data\RV_UMa\2022_03_24\Light\Red\reduced_images\RV_Uma_Light_Red_32_secs_036_reduced.fits,2,0.979925,792.0,14.23525213109012,1172.7546914462118,937.0210989412952,7.0,V* RV UMa,False,1.099877033979333,0.0058301249792815,1591.7893816158014,89.5256843277227,-8.00471400829487,-0.0610641570128382,2022-03-24 22:21:38.136,0.6201738249899993,2022_03_24,3,"(0.614, 0.636]",-8.00471400829487,-0.0610641570128382
2,7,6,1164.3423176522513,885.7457720028616,1665.5486465058757,1665.5486465058757,198.339153264899,93.49169921875,5.297098295882354,5.1907590475925165,185.90607499590843,198.339153264899,0.9632205963134766,1.4128774404525757,1474.5042890257496,7.945647443823532,10.594196591764709,13.242745739705883,7.786138571388775,10.381518095185031,12.97689761898129,False,1.5,32.0,52.048395203308615,12012.265813323604,3.037068284368765,109.8514964705137,-7.921615100404531,-0.0808880297958996,1.135404,66.10456,61.71164,2022-03-24T22:24:16.242,32.0,Red,data\RV_UMa\2022_03_24\Light\Red\reduced_images\RV_Uma_Light_Red_32_secs_037_reduced.fits,2,0.979925,792.0,5.755960153085757,1172.7681173222943,937.0185674010012,7.0,V* RV UMa,False,1.088942857954924,0.0066039980459681,1605.6509145584932,120.01768534911297,-8.01412782751213,-0.0811555893085465,2022-03-24 22:24:16.242,0.6240834396743171,2022_03_24,3,"(0.614, 0.636]",-8.01412782751213,-0.0811555893085465
1,6,6,1165.2628189510565,899.1665346060897,1658.6327574249167,1658.6327574249167,211.6680954964716,89.06553649902344,5.4721942536273165,5.362339953985749,194.10001069539072,211.6680954964715,0.9259597659111024,1.4365779161453247,1462.636617268155,8.208291380440976,10.944388507254631,13.68048563406829,8.043509930978624,10.724679907971495,13.40584988496437,False,1.5,32.0,51.83227366952865,7352.665177437098,3.241167712289721,86.06822072529975,-7.912841104585809,-0.0638896785553671,1.1314,66.31018,62.09141,2022-03-24T22:26:55.599,32.0,Red,data\RV_UMa\2022_03_24\Light\Red\reduced_images\RV_Uma_Light_Red_32_secs_038_reduced.fits,2,0.979925,792.0,19.20809101679763,1172.7479557892366,937.0358967873252,7.0,V* RV UMa,False,1.0984056591490166,0.0063636992884072,1606.5683376859158,94.99491726990644,-8.014748009046071,-0.0641985893338976,2022-03-24 22:26:55.599,0.6280239888454311,2022_03_24,3,"(0.614, 0.636]",-8.014748009046071,-0.0641985893338976
1,6,6,1166.0094818189734,901.4236937596834,1688.5432460700808,1688.5432460700808,234.43088117595627,73.12628936767578,5.758922241186931,5.643311877195104,209.9977255853873,234.43088117595613,0.8989280462265015,1.5309925079345703,1477.8067520794214,8.638383361780397,11.517844482373862,14.397305602967329,8.464967815792656,11.286623754390208,14.10827969298776,False,1.5,32.0,52.766976439690026,6551.123703117692,3.58972286800683,81.28640970313172,-7.924044116282499,-0.0597206622891039,1.12761,66.50594,62.45783,2022-03-24T22:29:30.152,32.0,Red,data\RV_UMa\2022_03_24\Light\Red\reduced_images\RV_Uma_Light_Red_32_secs_039_reduced.fits,2,0.979925,792.0,21.517729236364165,1172.7370741554132,937.082175435308,7.0,V* RV UMa,False,1.090292110642768,0.0053643663478085,1611.2410428468058,88.97977796696047,-8.017901290134807,-0.0599591022454199,2022-03-24 22:29:30.152,0.6318457456307858,2022_03_24,3,"(0.614, 0.636]",-8.017901290134807,-0.0599591022454199
1,6,6,1166.43144489526,892.6342941328451,1661.588988234271,1661.588988234271,204.1350250956811,94.83650970458984,5.373936963792374,5.266055179244243,182.89052383369133,204.1350250956811,0.8748265504837036,1.5477652549743652,1483.006248396912,8.060905445688562,10.747873927584749,13.434842409480936,7.899082768866364,10.532110358488486,13.165137948110608,False,1.5,32.0,51.92465588232097,10803.01103993522,3.1258175717776164,104.20202259740124,-7.927857452147124,-0.0762882210815497,1.123861,66.70058,62.82729,2022-03-24T22:32:04.756,32.0,Red,data\RV_UMa\2022_03_24\Light\Red\reduced_images\RV_Uma_Light_Red_32_secs_040_reduced.fits,2,0.979925,792.0,12.866130440576509,1172.8027438322097,936.9896716258364,7.0,V* RV UMa,False,1.0852282351107676,0.0103449422330734,1609.4002536060216,114.11890651481195,-8.016660163565458,-0.0769870814751784,2022-03-24 22:32:04.756,0.635668763534305,2022_03_24,3,"(0.614, 0.636]",-8.016660163565458,-0.0769870814751784
1,6,6,1167.2924880874357,906.6719389015116,1713.1318489953428,1713.1318489953428,250.63192031112644,65.69293975830078,5.954591805331021,5.835053374839001,218.7973733580249,250.63192031112635,0.8641932010650635,1.4052133560180664,1496.5374474925866,8.931887707996532,11.909183610662042,14.886479513327552,8.752580062258502,11.670106749678002,14.587633437097503,False,1.5,32.0,53.53537028110446,11.754513210672648,3.837801279764123,8.314306030664328,-7.937718971393439,-0.0060320195061312,1.120147,66.89427,63.20028,2022-03-24T22:34:40.374,32.0,Red,data\RV_UMa\2022_03_24\Light\Red\reduced_images\RV_Uma_Light_Red_32_secs_041_reduced.fits,2,0.979925,792.0,26.87438934323652,1172.7136683513356,937.0938564933576,7.0,V* RV UMa,False,1.0627114284925736,0.0053878848435561,1590.3874486174766,11.961792092938362,-8.003757349006209,-0.0081661552097777,2022-03-24 22:34:40.374,0.6395168554343211,2022_03_24,3,"(0.636, 0.659]",-8.003757349006209,-0.0081661552097777
1,6,6,1167.893270800085,913.6930322817274,1677.814617336105,1677.814617336105,214.1686083571048,75.36945343017578,5.5044218729749295,5.393920603874958,187.54941943561104,214.1686083571049,0.8566442728042603,1.5217442512512207,1494.3483055725324,8.256632809462394,11.00884374594986,13.761054682437324,8.090880905812437,10.787841207749915,13.484801509687395,False,1.5,32.0,52.43170679175328,8226.203306248282,3.279456815468167,91.0050244209379,-7.936129588674979,-0.0661207627835156,1.116543,67.08305,63.56939,2022-03-24T22:37:13.721,32.0,Red,data\RV_UMa\2022_03_24\Light\Red\reduced_images\RV_Uma_Light_Red_32_secs_042_reduced.fits,2,0.979925,792.0,33.917222496252805,1172.745151691205,937.0134751295728,7.0,V* RV UMa,False,1.0759792767570044,0.0094622166871773,1607.8878090529884,98.93516944774066,-8.015639356041916,-0.0668065861240399,2022-03-24 22:37:13.721,0.6433087904841983,2022_03_24,3,"(0.636, 0.659]",-8.015639356041916,-0.0668065861240399
1,6,6,1168.466838211019,906.7759568431252,1690.4148076503384,1690.4148076503384,202.9086676002424,88.40091705322266,5.357770468707121,5.250213226547825,181.11014198224743,202.90866760024235,0.8901896476745605,1.5189857482910156,1509.7876123291642,8.036655703060681,10.71554093741424,13.3944261717678,7.875319839821738,10.50042645309565,13.125533066369565,False,1.5,32.0,52.82546273907308,11.078274170075796,3.107038972628711,8.186010987152263,-7.947289644257827,-0.0058868203903115,1.11288,67.27575,63.95198,2022-03-24T22:39:53.147,32.0,Red,data\RV_UMa\2022_03_24\Light\Red\reduced_images\RV_Uma_Light_Red_32_secs_043_reduced.fits,2,0.979925,792.0,27.145985126134725,1172.7698820058265,937.0538216902988,7.0,V* RV UMa,False,1.050046972674496,0.0076073014329318,1585.3479117076945,14.345752726623042,-8.000311462211343,-0.0098247854649296,2022-03-24 22:39:53.147,0.647251045874011,2022_03_24,3,"(0.636, 0.659]",-8.000311462211343,-0.0098247854649296
1,6,6,1169.5822196498343,916.8174893306276,1734.7963543608994,1734.7963543608994,259.91496247676207,58.83863067626953,6.0638638992144775,5.942131831437747,219.16386264598447,259.9149624767621,0.8234902024269104,1.6409751176834106,1520.7589292971277,9.095795848821716,12.127727798428957,15.159659748036194,8.91319774715662,11.884263662875494,14.855329578594368,False,1.5,32.0,54.212386073778106,155.4367520221722,3.979947862925419,14.616055759296888,-7.955150937871243,-0.0104350404281148,1.109383,67.46032,64.32465,2022-03-24T22:42:28.031,32.0,Red,data\RV_UMa\2022_03_24\Light\Red\reduced_images\RV_Uma_Light_Red_32_secs_044_reduced.fits,2,0.979925,792.0,37.23826925126726,1172.751374524811,937.0691232249368,7.0,V* RV UMa,False,1.055567661650841,0.0072766488895179,1605.2639469328055,18.98650712326546,-8.013866129658753,-0.0128417125576235,2022-03-24 22:42:28.031,0.6510809875635459,2022_03_24,3,"(0.636, 0.659]",-8.013866129658753,-0.0128417125576235
1,5,5,1170.016724554804,927.7163227100734,1655.3949894452098,1655.3949894452098,187.93184094806736,80.52147674560547,5.156250269871597,5.052738545703925,165.3222628646149,187.93184094806747,0.8683307766914368,1.4876811504364014,1492.2079880297229,7.734375404807396,10.312500539743194,12.890625674678994,7.579107818555887,10.10547709140785,12.631846364259813,False,1.5,32.0,51.73109342016281,12427.481052829477,2.877706314517281,111.72327354926615,-7.934573401270298,-0.0812902785533931,1.106206,67.62845,64.66959,2022-03-24T22:44:51.765,32.0,Red,data\RV_UMa\2022_03_24\Light\Red\reduced_images\RV_Uma_Light_Red_32_secs_045_reduced.fits,2,0.979925,792.0,48.09416209209024,1172.756575756065,936.9953321034616,7.0,V* RV UMa,False,1.0610431403225982,0.004270441478692,1583.297049633523,118.71436587995484,-7.998906006224327,-0.0814076455776913,2022-03-24 22:44:51.765,0.6546352142028589,2022_03_24,3,"(0.636, 0.659]",-7.998906006224327,-0.0814076455776913
1,6,6,1170.1628645803155,920.9954347278962,1641.694742804666,1641.694742804666,171.18587434640546,97.87982177734376,4.921163194904095,4.822370843766395,158.72521649997717,171.18587434640557,0.9399794638156892,1.6733927726745603,1480.783536423712,7.381744792356142,9.84232638980819,12.302907987260236,7.233556265649593,9.64474168753279,12.055927109415988,False,1.5,32.0,51.30296071264581,18091.34839913815,2.6212837009293333,134.704389845141,-7.9262289430491775,-0.0987675979623222,1.103153,67.79036,65.00732,2022-03-24T22:47:11.834,32.0,Red,data\RV_UMa\2022_03_24\Light\Red\reduced_images\RV_Uma_Light_Red_32_secs_046_reduced.fits,2,0.979925,792.0,41.45607999274057,1172.748568596756,937.0521664940612,7.0,V* RV UMa,False,1.0629062661977495,0.0091913769034262,1573.9340997472273,143.82358587650984,-7.992466361488228,-0.0992128414457409,2022-03-24 22:47:11.834,0.6580988134288077,2022_03_24,3,"(0.636, 0.659]",-7.992466361488228,-0.0992128414457409
1,6,6,1170.5901290977454,922.3203163004276,1641.134510904814,1641.134510904814,176.5113994580816,79.07711791992188,4.997124660871092,4.896807383304106,156.80869398790753,176.5113994580817,0.8714964687824249,1.6551083326339722,1487.3054495772517,7.495686991306639,9.994249321742185,12.492811652177732,7.3452110749561585,9.793614766608211,12.242018458260263,False,1.5,32.0,51.28545346577543,14340.364113373931,2.702830804201874,119.97646601581458,-7.931000423058766,-0.0875830804689976,1.10015,67.94967,65.34542,2022-03-24T22:49:32.187,32.0,Red,data\RV_UMa\2022_03_24\Light\Red\reduced_images\RV_Uma_Light_Red_32_secs_047_reduced.fits,2,0.979925,792.0,42.83035107599751,1172.7671794791715,937.0767266858344,7.0,V* RV UMa,False,1.0717186968466597,0.0064510077165389,1593.9730582338675,128.93849651033148,-8.00620244139671,-0.0878265746871907,2022-03-24 22:49:32.187,0.6615694353519963,2022_03_24,3,"(0.659, 0.682]",-8.00620244139671,-0.0878265746871907
1,6,6,1171.5798251319206,930.2723505382488,1639.6832038350408,1639.6832038350408,165.65378715213168,95.83131408691406,4.840993384480271,4.743810442286829,147.99321476492548,165.65378715213168,0.8963152170181274,1.4568827152252195,1491.2051936539033,7.261490076720406,9.681986768960542,12.102483461200675,7.115715663430245,9.487620884573658,11.859526105717077,False,1.5,32.0,51.24010011984503,3242.855811388765,2.536573615767016,57.41630852923564,-7.933843518994895,-0.0418044177817036,1.097056,68.11405,65.70051,2022-03-24T22:51:58.849,32.0,Red,data\RV_UMa\2022_03_24\Light\Red\reduced_images\RV_Uma_Light_Red_32_secs_048_reduced.fits,2,0.979925,792.0,50.84056429339716,1172.7399797363514,937.0208745916744,7.0,V* RV UMa,False,1.066692572300744,0.006654055855009,1590.657503846911,62.04413448815673,-8.003941696442329,-0.0423495082654559,2022-03-24 22:51:58.849,0.6651960650107736,2022_03_24,3,"(0.659, 0.682]",-8.003941696442329,-0.0423495082654559
1,7,7,1162.892971289756,886.8357889453437,1707.1267632747108,1707.1267632747108,248.23827023593063,59.20271301269531,5.926089043665219,5.80712280611364,206.1840256149908,248.2382702359305,0.8298911452293396,1.3715360164642334,1501.116020898864,8.88913356549783,11.852178087330438,14.815222609163047,8.710684209170461,11.61424561222728,14.5178070152841,False,1.5,32.0,53.34771135233471,11.26528967802838,3.801148512987688,8.271284636823399,-7.941035650143324,-0.0059825043934188,1.090957,68.4518,66.42107,2022-03-24T22:56:50.289,32.0,Red,data\RV_UMa\2022_03_24\Light\Red\reduced_images\RV_Uma_Light_Red_32_secs_049_reduced.fits,2,0.979925,792.0,6.924848234480476,1172.7015896519963,937.123125218076,7.0,V* RV UMa,False,1.0425883379313068,0.0077145335989602,1565.0460572710035,14.43853946780482,-7.986317806981445,-0.0100166030074285,2022-03-24 22:56:50.289,0.6724027371395813,2022_03_24,3,"(0.659, 0.682]",-7.986317806981445,-0.0100166030074285
1,6,6,1163.7673660586363,897.5579040824226,1686.98693807986,1686.98693807986,217.07347432354112,71.54966735839844,5.54162563014165,5.430377495616557,181.83118973077583,217.07347432354112,0.8470480442047119,1.3665292263031006,1503.1152762053828,8.312438445212475,11.0832512602833,13.854064075354124,8.145566243424835,10.860754991233112,13.57594373904139,False,1.5,32.0,52.718341814995625,7315.572748458021,3.323937575579223,85.85810985485644,-7.942480721427529,-0.0620173714000502,1.088118,68.60227,66.76652,2022-03-24T22:59:13.281,32.0,Red,data\RV_UMa\2022_03_24\Light\Red\reduced_images\RV_Uma_Light_Red_32_secs_050_reduced.fits,2,0.979925,792.0,17.559445159748854,1172.720004300669,937.0120710753196,7.0,V* RV UMa,False,1.051719712805524,0.0042359128120462,1580.855966604321,90.52286295011046,-7.997230756806335,-0.0621713500404512,2022-03-24 22:59:13.281,0.6759386157459577,2022_03_24,3,"(0.659, 0.682]",-7.997230756806335,-0.0621713500404512
1,6,7,1163.6721212421746,894.6722296923309,1725.0194936159046,1725.0194936159046,261.1082354050594,58.57706832885742,6.0777675979639065,5.955756413434782,217.3172101113949,261.1082354050594,0.8230628371238708,1.7119181156158447,1510.1110085870089,9.11665139694586,12.155535195927811,15.194418994909766,8.933634620152173,11.911512826869563,14.889391033586952,False,1.5,32.0,53.90685917549702,11.412801540728246,3.998219854639972,8.325736037784601,-7.947522183869943,-0.0059860189059481,1.085147,68.75924,67.13526,2022-03-24T23:01:44.861,32.0,Red,data\RV_UMa\2022_03_24\Light\Red\reduced_images\RV_Uma_Light_Red_32_secs_051_reduced.fits,2,0.979925,792.0,14.675892770947533,1172.6732154355673,937.0101096680028,7.0,V* RV UMa,False,1.05273535974641,0.0100088801645324,1589.7472558818588,17.47198844019085,-8.003320210013644,-0.011932695809629,2022-03-24 23:01:44.861,0.6796868567605223,2022_03_24,3,"(0.659, 0.682]",-8.003320210013644,-0.011932695809629
1,6,7,1163.972014110053,883.5059756383898,1693.4855727938827,1693.4855727938827,220.72306499557425,72.81095886230469,5.5880162927018775,5.475836865625888,178.53557379394647,220.7230649955743,0.7890082001686096,1.3924293518066406,1519.3332645460257,8.382024439052817,11.176032585403757,13.970040731754692,8.213755298438832,10.951673731251775,13.689592164064718,False,1.5,32.0,52.92142414980884,10.02183438323428,3.37982193274473,8.143898358021657,-7.954132616155391,-0.0058197404753172,1.082162,68.91625,67.51363,2022-03-24T23:04:21.475,32.0,Red,data\RV_UMa\2022_03_24\Light\Red\reduced_images\RV_Uma_Light_Red_32_secs_052_reduced.fits,2,0.979925,792.0,3.50608733305648,1172.7003072672496,936.995738838804,7.0,V* RV UMa,False,1.0357962741203433,0.004169472079064,1573.7197345638713,10.549228302113232,-7.99231847734771,-0.0072780933277408,2022-03-24 23:04:21.475,0.6835595775565029,2022_03_24,3,"(0.682, 0.705]",-7.99231847734771,-0.0072780933277408
2,7,8,1164.412707463358,890.9892787233281,1701.7971330006924,1701.7971330006924,215.113510656485,75.96234130859375,5.516551140528993,5.405806376382873,171.9817163291737,215.11351065648503,0.8036164045333862,1.4911088943481443,1528.9283870003735,8.274826710793489,11.033102281057984,13.791377851322482,8.10870956457431,10.811612752765749,13.514515940957184,False,1.5,32.0,53.18116040627164,9.39974790536076,3.293925631927426,8.116331310608249,-7.960967860262444,-0.0057636412723215,1.079241,69.06896,67.89195,2022-03-24T23:06:56.890,32.0,Red,data\RV_UMa\2022_03_24\Light\Red\reduced_images\RV_Uma_Light_Red_32_secs_053_reduced.fits,2,0.979925,792.0,10.997025702857236,1172.664338659965,936.90066192111,7.0,V* RV UMa,False,1.0394148886113483,0.0016980901981957,1589.1909290687215,8.82669974486072,-8.002940193710259,-0.0060304066089406,2022-03-24 23:06:56.890,0.6874026497116592,2022_03_24,3,"(0.682, 0.705]",-8.002940193710259,-0.0060304066089406
1,6,7,1164.7817760347168,893.1811780246608,1672.1636371027482,1672.1636371027482,220.6404213419821,71.24293518066406,5.586970055600996,5.474811631734806,176.84884064579325,220.6404213419821,0.788634330034256,1.2145991325378418,1498.1590262392383,8.380455083401493,11.173940111201992,13.96742513900249,8.212217447602209,10.949623263469611,13.687029079337016,False,1.5,32.0,52.25511365946088,7.966906334051877,3.3785564517991,7.974996955818344,-7.938894788002315,-0.0057795886658998,1.076264,69.22331,68.28602,2022-03-24T23:09:37.668,32.0,Red,data\RV_UMa\2022_03_24\Light\Red\reduced_images\RV_Uma_Light_Red_32_secs_054_reduced.fits,2,0.979925,792.0,13.204341251507303,1172.72378459156,936.9936254676088,7.0,V* RV UMa,False,1.037140807164509,0.0038419522964249,1553.8018617345583,10.076831632687137,-7.978489093688619,-0.0070412973509034,2022-03-24 23:09:37.668,0.691378337096797,2022_03_24,3,"(0.682, 0.705]",-7.978489093688619,-0.0070412973509034
1,7,7,1164.7546541579156,880.1991142970029,1654.694921473573,1654.694921473573,186.4469540546909,98.65324401855467,5.1358395927037686,5.032737612880241,160.15222264462727,186.4469540546909,0.8377062380313873,1.3697421550750732,1498.5071450000069,7.703759389055653,10.271679185407535,12.83959898175942,7.549106419320362,10.065475225760482,12.581844032200602,False,1.5,32.0,51.70921629604916,8.622258234927857,2.8549689839624546,7.948990094027006,-7.939147045092177,-0.0057594028598033,1.073301,69.37526,68.68724,2022-03-24T23:12:23.140,32.0,Red,data\RV_UMa\2022_03_24\Light\Red\reduced_images\RV_Uma_Light_Red_32_secs_055_reduced.fits,2,0.979925,792.0,0.7804802376295747,1172.70611231331,936.9706409901636,7.0,V* RV UMa,False,1.0404414977848355,0.0054007755860471,1559.1090183850852,11.57146383709662,-7.982191209119839,-0.0080581646836976,2022-03-24 23:12:23.140,0.6954700968089096,2022_03_24,3,"(0.682, 0.705]",-7.982191209119839,-0.0080581646836976
1,6,6,1165.2487089320298,889.1701357486098,1687.2296537648313,1687.2296537648313,230.830707614312,69.58885192871094,5.714531040093628,5.599811829463749,188.8726861068633,230.830707614312,0.8086440563201904,1.414090871810913,1500.569774036334,8.571796560140442,11.429062080187256,14.28632760023407,8.399717744195623,11.199623658927498,13.999529573659371,False,1.5,32.0,52.72592668015098,5270.784812855586,3.534595210344152,72.98661065391434,-7.940640485530871,-0.0528094108122568,1.070497,69.51725,69.07594,2022-03-24T23:15:01.840,32.0,Red,data\RV_UMa\2022_03_24\Light\Red\reduced_images\RV_Uma_Light_Red_32_secs_056_reduced.fits,2,0.979925,792.0,9.25476437543727,1172.6730396648786,937.0087864521612,7.0,V* RV UMa,False,1.028235134581988,0.0048753931773871,1542.938563555913,75.40314171228098,-7.970871584373931,-0.0530597412257656,2022-03-24 23:15:01.840,0.6993943998107,2022_03_24,3,"(0.682, 0.705]",-7.970871584373931,-0.0530597412257656
1,6,7,1165.6773844645911,890.0034108138823,1706.2526400411284,1706.2526400411284,243.5219800712928,72.56668090820312,5.869524067768075,5.751693372107631,191.7648774747433,243.5219800712928,0.7762659788131714,1.4376232624053955,1517.2148118185646,8.804286101652112,11.73904813553615,14.673810169420188,8.627540058161447,11.503386744215264,14.379233430269078,False,1.5,32.0,53.32039500128526,9.905736381854869,3.728930319841671,8.182607268040046,-7.952617684634735,-0.0058555669843345,1.067784,69.65253,69.46062,2022-03-24T23:17:39.773,32.0,Red,data\RV_UMa\2022_03_24\Light\Red\reduced_images\RV_Uma_Light_Red_32_secs_057_reduced.fits,2,0.979925,792.0,10.14306889227069,1172.697784775198,936.9647083205298,7.0,V* RV UMa,False,1.015944972840607,0.0115338432116589,1541.406760786378,19.373523163738938,-7.969793148798612,-0.0136463236361182,2022-03-24 23:17:39.773,0.7032997365843681,2022_03_24,3,"(0.682, 0.705]",-7.969793148798612,-0.0136463236361182
1,7,7,1166.0858255527946,879.3746474287685,1672.2190104642864,1672.2190104642864,198.01523310354668,96.54191589355467,5.292771015969558,5.186518637823969,160.2760015037214,198.01523310354656,0.8195631802082062,1.3513877391815186,1509.9330162922745,7.939156523954337,10.585542031939116,13.231927539923896,7.779777956735955,10.373037275647938,12.966296594559925,False,1.5,32.0,52.25684407700895,9.00717934795039,3.032108256898058,8.018486869843798,-7.947394203829127,-0.0057657931895184,1.065123,69.7827,69.84677,2022-03-24T23:20:18.177,32.0,Red,data\RV_UMa\2022_03_24\Light\Red\reduced_images\RV_Uma_Light_Red_32_secs_058_reduced.fits,2,0.979925,792.0,2.177552312812908,1172.6755828885346,936.9439068241912,7.0,V* RV UMa,False,1.031310926912982,0.003164454134364,1557.2104186089002,9.550700506416549,-7.980868251822249,-0.0066590495392919,2022-03-24 23:20:18.177,0.7072167201552304,2022_03_24,3,"(0.705, 0.727]",-7.980868251822249,-0.0066590495392919
1,6,6,1167.183804066894,888.7105145390301,1691.8832576794234,1691.8832576794234,219.80223296909088,75.44894409179688,5.576347819509522,5.464402637032868,172.9278399884377,219.8022329690908,0.7900386154651642,1.2775558233261108,1518.2310058683713,8.364521729264283,11.152695639019043,13.940869548773804,8.196603955549303,10.928805274065736,13.66100659258217,False,1.5,32.0,52.87135180248198,7833.613327104127,3.3657216923392035,88.82482986529695,-7.95334464125226,-0.0635215150352391,1.062608,69.90302,70.22019,2022-03-24T23:22:51.295,32.0,Red,data\RV_UMa\2022_03_24\Light\Red\reduced_images\RV_Uma_Light_Red_32_secs_059_reduced.fits,2,0.979925,792.0,9.274139953172243,1172.6887803369896,936.9218372602064,7.0,V* RV UMa,False,1.0403642143063976,0.0070049559795497,1579.5132075558597,93.02014057286344,-7.996308154337721,-0.0639407976511502,2022-03-24 23:22:51.295,0.7110029925372583,2022_03_24,3,"(0.705, 0.727]",-7.996308154337721,-0.0639407976511502
1,7,7,1167.6085133995011,889.6786406562662,1666.761379862,1666.761379862,205.624548320398,80.63906860351562,5.393507478542418,5.285232815910679,164.29510392761642,205.624548320398,0.7917218208312988,1.4467298984527588,1503.9639380581611,8.090261217813627,10.787014957084835,13.483768696356044,7.927849223866018,10.570465631821358,13.213082039776696,False,1.5,32.0,52.0862931206875,10.5326536169363,3.148625896156093,8.109720872741546,-7.943093557244593,-0.0058545403511381,1.060126,70.01873,70.59715,2022-03-24T23:25:25.459,32.0,Red,data\RV_UMa\2022_03_24\Light\Red\reduced_images\RV_Uma_Light_Red_32_secs_060_reduced.fits,2,0.979925,792.0,10.32944596324066,1172.7160137929227,936.9688119630794,7.0,V* RV UMa,False,1.0197015366008797,0.0060260246376218,1533.5943386302172,12.26870537735572,-7.9642762416119695,-0.0086858547127942,2022-03-24 23:25:25.459,0.7148151302056132,2022_03_24,3,"(0.705, 0.727]",-7.9642762416119695,-0.0086858547127942
1,7,7,1167.7559991796095,881.2981222077952,1686.272290463522,1686.272290463522,202.18696839137925,82.55472564697266,5.348233805929897,5.240868012275854,159.44736152251218,202.18696839137937,0.8010138273239136,1.33170485496521,1524.3177330773242,8.022350708894844,10.696467611859791,13.370584514824742,7.861302018413781,10.481736024551708,13.102170030689637,False,1.5,32.0,52.69600907698506,9.61984077296599,3.0959879534929944,8.087758515401164,-7.95768875500849,-0.0057607230073905,1.057535,70.13563,71.00035,2022-03-24T23:28:09.409,32.0,Red,data\RV_UMa\2022_03_24\Light\Red\reduced_images\RV_Uma_Light_Red_32_secs_061_reduced.fits,2,0.979925,792.0,3.973996867588104,1172.7149773993344,937.0002575049208,7.0,V* RV UMa,False,1.0270917776029789,0.0075327714945079,1565.6142100981317,14.17209090204567,-7.986711886216071,-0.0098281888924026,2022-03-24 23:28:09.409,0.7188692541951731,2022_03_24,3,"(0.705, 0.727]",-7.986711886216071,-0.0098281888924026
1,7,8,1168.5263773116585,887.769737513416,1673.618309560588,1673.618309560588,194.57902230785407,87.4339599609375,5.246646609219023,5.141320178538951,152.6861604574637,194.5790223078542,0.8026660084724426,1.3517282009124756,1517.4363423922723,7.869969913828534,10.493293218438046,13.116616523047558,7.711980267808427,10.282640357077902,12.85330044634738,False,1.5,32.0,52.30057217376837,7.643561244522697,2.979491279089016,7.932441282315306,-7.952776202864699,-0.0056757166358292,1.055097,70.24137,71.38922,2022-03-24T23:30:48.157,32.0,Red,data\RV_UMa\2022_03_24\Light\Red\reduced_images\RV_Uma_Light_Red_32_secs_062_reduced.fits,2,0.979925,792.0,8.992047185979418,1172.666275291998,936.9696811431296,7.0,V* RV UMa,False,1.026499301975571,0.0095105866061976,1557.6473462580311,16.570362734862314,-7.981172848825672,-0.0115501386051439,2022-03-24 23:30:48.157,0.7227947441317095,2022_03_24,3,"(0.705, 0.727]",-7.981172848825672,-0.0115501386051439
2,8,7,1168.95242059943,889.6849035060861,1690.3952101237066,1690.3952101237066,222.098117602631,69.9843521118164,5.605395279380497,5.492866969146934,169.60024714100555,222.0981176026308,0.7533026933670044,1.2619011402130127,1523.088099941903,8.408092919070747,11.210790558760994,14.013488198451242,8.239300453720402,10.985733938293867,13.732167422867334,False,1.5,32.0,52.82485031636583,7.899882293593074,3.4008774257902865,8.007846778988045,-7.956812562365104,-0.0057084085749437,1.052803,70.33633,71.76419,2022-03-24T23:33:21.431,32.0,Red,data\RV_UMa\2022_03_24\Light\Red\reduced_images\RV_Uma_Light_Red_32_secs_063_reduced.fits,2,0.979925,792.0,10.877675565848556,1172.71181363705,936.960419069851,7.0,V* RV UMa,False,0.9988240499919148,0.0112712354439592,1521.297024478462,18.93894597226156,-7.955535039567563,-0.0135165579049836,2022-03-24 23:33:21.431,0.7265848740516603,2022_03_24,3,"(0.705, 0.727]",-7.955535039567563,-0.0135165579049836
1,7,8,1169.1783303562863,881.942799230172,1689.2572473566088,1689.2572473566088,209.6641638427625,73.68669128417969,5.446229118680165,5.336896069122661,167.21018262354616,209.6641638427625,0.7827479243278503,1.407033920288086,1525.143058302752,8.169343678020248,10.89245823736033,13.615572796700413,8.005344103683992,10.673792138245322,13.342240172806653,False,1.5,32.0,52.789288979894025,9.272552886152996,3.210482508842301,8.0791289366422,-7.958276455957039,-0.0057514622917951,1.050555,70.42452,72.14067,2022-03-24T23:35:54.227,32.0,Red,data\RV_UMa\2022_03_24\Light\Red\reduced_images\RV_Uma_Light_Red_32_secs_064_reduced.fits,2,0.979925,792.0,5.530784223561191,1172.6737880115977,936.9594347089372,7.0,V* RV UMa,False,1.003717715639552,0.004920499309899,1530.8131065031585,11.04878069473585,-7.962305429768324,-0.0078363982956156,2022-03-24 23:35:54.227,0.7303631840797724,2022_03_24,3,"(0.727, 0.75]",-7.962305429768324,-0.0078363982956156
1,7,7,1170.3704426317254,889.6625409890971,1654.1942322085793,1654.1942322085793,185.01005016528967,71.34611511230469,5.116010946516425,5.0133070267651085,149.81756337650637,185.01005016528973,0.8075532913208008,1.2768182754516602,1504.7887572701732,7.674016419774638,10.23202189303285,12.790027366291064,7.519960540147663,10.026614053530215,12.533267566912771,False,1.5,32.0,51.6935697565181,8.194793435965714,2.832966393155998,7.919679891614296,-7.943688844524059,-0.0057142128068655,1.048316,70.50658,72.52489,2022-03-24T23:38:31.319,32.0,Red,data\RV_UMa\2022_03_24\Light\Red\reduced_images\RV_Uma_Light_Red_32_secs_065_reduced.fits,2,0.979925,792.0,11.57355769372954,1172.732356351073,936.9985193987336,7.0,V* RV UMa,False,1.009762999072643,0.0041478354653496,1519.4800085119257,10.144445622400465,-7.954237476324422,-0.0072486586383106,2022-03-24 23:38:31.319,0.7342477247675934,2022_03_24,3,"(0.727, 0.75]",-7.954237476324422,-0.0072486586383106
1,7,7,1170.776988727062,894.2931554584262,1669.1696999335732,1669.1696999335732,197.8324411215446,68.00596618652344,5.290327518399775,5.1841241934679,154.58492354702224,197.8324411215445,0.7748779356479645,1.3183512687683103,1515.8737063531132,7.935491277599663,10.58065503679955,13.225818795999436,7.77618629020185,10.3682483869358,12.96031048366975,False,1.5,32.0,52.16155312292416,8.273976805609168,3.0293092546736515,7.966482233910208,-7.951657549878096,-0.0057059490837978,1.046102,70.58121,72.91502,2022-03-24T23:41:10.495,32.0,Red,data\RV_UMa\2022_03_24\Light\Red\reduced_images\RV_Uma_Light_Red_32_secs_066_reduced.fits,2,0.979925,792.0,15.818402863926051,1172.6850020642678,936.9681556212344,7.0,V* RV UMa,False,1.0184371345609728,0.0035826713472303,1543.8220738545865,9.763250503520448,-7.971493115653756,-0.0068662799472276,2022-03-24 23:41:10.495,0.7381837982056059,2022_03_24,3,"(0.727, 0.75]",-7.971493115653756,-0.0068662799472276
1,7,7,1171.1638058188655,887.1542299065344,1651.0795837220649,1651.0795837220649,182.16399697075747,77.28839111328125,5.076508036153556,4.974597137327774,140.47522886596408,182.1639969707573,0.7573084831237793,1.3579899072647097,1513.1252434963758,7.614762054230335,10.153016072307112,12.69127009038389,7.461895705991661,9.949194274655548,12.436492843319432,False,1.5,32.0,51.59623699131453,8.906958598695631,2.7893862036147232,7.955663504298362,-7.949687191684262,-0.0057085505225796,1.043972,70.64563,73.29998,2022-03-24T23:43:46.758,32.0,Red,data\RV_UMa\2022_03_24\Light\Red\reduced_images\RV_Uma_Light_Red_32_secs_067_reduced.fits,2,0.979925,792.0,10.12438241899043,1172.6678641158437,936.9782698342184,7.0,V* RV UMa,False,1.0175748879508804,0.0049458514874432,1539.718250106473,11.024631895588444,-7.9686031436191165,-0.0077740469675824,2022-03-24 23:43:46.758,0.7420478395412626,2022_03_24,3,"(0.727, 0.75]",-7.9686031436191165,-0.0077740469675824
1,7,8,1172.3480828029185,898.5582551277447,1681.4598815689587,1681.4598815689587,209.6011939006033,66.5128173828125,5.445411204735708,5.336094574800638,159.2555191112283,209.6011939006032,0.7486601769924164,1.2271320819854736,1524.5398146455111,8.168116807103562,10.890822409471417,13.613528011839268,8.004141862200958,10.672189149601277,13.340236437001597,False,1.5,32.0,52.54562129902996,6.127908053283063,3.209518281602988,7.866577885835493,-7.9578469270422065,-0.0056023649472134,1.041931,70.69964,73.67879,2022-03-24T23:46:20.279,32.0,Red,data\RV_UMa\2022_03_24\Light\Red\reduced_images\RV_Uma_Light_Red_32_secs_068_reduced.fits,2,0.979925,792.0,20.34943045568711,1172.672714828269,936.9466339748376,7.0,V* RV UMa,False,1.015519997825982,0.0042384066723832,1548.2006692544326,10.274791111966511,-7.974568127142573,-0.0072055986850602,2022-03-24 23:46:20.279,0.7458440772295916,2022_03_24,3,"(0.727, 0.75]",-7.974568127142573,-0.0072055986850602
1,7,7,1173.1480006904526,903.8476732160055,1641.9629867440776,1641.9629867440776,181.62094433256817,80.80718994140625,5.0689355498453015,4.967176668682157,139.56843947775826,181.6209443325681,0.7598338723182678,1.4274194240570068,1503.9612413177615,7.603403324767952,10.137871099690605,12.672338874613253,7.4507650030232355,9.934353337364314,12.417941671705393,False,1.5,32.0,51.311343335752426,8.917294858534905,2.78107071009245,7.937865513119996,-7.943091610421774,-0.0057304854269674,1.039908,70.74431,74.06442,2022-03-24T23:48:57.733,32.0,Red,data\RV_UMa\2022_03_24\Light\Red\reduced_images\RV_Uma_Light_Red_32_secs_069_reduced.fits,2,0.979925,792.0,25.54207185116175,1172.7055433356293,936.9848494117476,7.0,V* RV UMa,False,1.015724535887416,0.0037358241544073,1527.6103338301457,9.82724875787692,-7.96003146896096,-0.0069846344537609,2022-03-24 23:48:57.733,0.7497375693836155,2022_03_24,3,"(0.727, 0.75]",-7.96003146896096,-0.0069846344537609
1,8,7,1172.982639558443,894.1833482015572,1657.091482563406,1657.091482563406,182.667353170161,82.1066665649414,5.083516910219111,4.981465308246463,142.20764446027508,182.667353170161,0.7662217617034912,1.3633065223693848,1517.1277814116513,7.625275365328667,10.167033820438222,12.708792275547776,7.472197962369695,9.962930616492926,12.453663270616156,False,1.5,32.0,51.78410883010643,8.439414961708163,2.79709384541809,7.938552616014627,-7.952555402897704,-0.0056812445821567,1.037921,70.77814,74.45379,2022-03-24T23:51:36.130,32.0,Red,data\RV_UMa\2022_03_24\Light\Red\reduced_images\RV_Uma_Light_Red_32_secs_070_reduced.fits,2,0.979925,792.0,16.788543106640372,1172.696359355986,936.9253583096204,7.0,V* RV UMa,False,1.0073552455110242,0.0039233633120536,1528.286628715529,9.968966529817,-7.96051203349775,-0.0070822237675018,2022-03-24 23:51:36.130,0.7536543798598263,2022_03_24,3,"(0.75, 0.773]",-7.96051203349775,-0.0070822237675018
1,7,7,1173.9392400846618,905.2861729433675,1693.6014685521282,1693.6014685521282,232.70872971657863,59.411109924316406,5.73773045608564,5.622545517179721,168.5223445475476,232.7087297165785,0.7221933305263519,1.283133625984192,1525.5407759955556,8.606595684128461,11.47546091217128,14.3443261402141,8.433818275769582,11.245091034359442,14.056363792949304,False,1.5,32.0,52.925045892254005,10.490115228101809,3.56335242378511,8.184040172441783,-7.958559550846087,-0.0058246287849082,1.035964,70.79999,74.84843,2022-03-24T23:54:16.631,32.0,Red,data\RV_UMa\2022_03_24\Light\Red\reduced_images\RV_Uma_Light_Red_32_secs_071_reduced.fits,2,0.979925,792.0,27.169450410018264,1172.7395819799472,936.958769187198,7.0,V* RV UMa,False,1.0111210028210418,0.0066498310126119,1542.5063192690163,13.091570064787074,-7.970567379766508,-0.0092148676597986,2022-03-24 23:54:16.631,0.7576232176423723,2022_03_24,3,"(0.75, 0.773]",-7.970567379766508,-0.0092148676597986
1,6,7,1174.832058805281,912.016858137914,1687.4769619219628,1687.4769619219628,190.8296457642872,76.29502868652344,5.195851457278129,5.091544739273271,143.61502693073953,190.8296457642872,0.747542530298233,1.2897388935089111,1544.823685671412,7.793777185917194,10.39170291455626,12.989628643195324,7.637317108909906,10.183089478546542,12.72886184818318,False,1.5,32.0,52.73365506006134,7.516944822496771,2.9220789507656466,7.948124233636748,-7.972197298868946,-0.0055861172510598,1.034136,70.80829,75.22757,2022-03-24T23:56:50.936,32.0,Red,data\RV_UMa\2022_03_24\Light\Red\reduced_images\RV_Uma_Light_Red_32_secs_072_reduced.fits,2,0.979925,792.0,33.799596195581614,1172.734860992277,936.9991277827072,7.0,V* RV UMa,False,0.9891159719483196,0.0051594323447354,1528.009781341664,11.19520004323269,-7.960315335810424,-0.0079548142655047,2022-03-24 23:56:50.936,0.7614388419315414,2022_03_24,3,"(0.75, 0.773]",-7.960315335810424,-0.0079548142655047
1,7,6,1145.9360084449845,886.8649792416326,1711.3172440990852,1711.3172440990852,207.6663384678517,92.13264465332033,5.420219288794973,5.311408386572414,148.0105976761049,207.6663384678517,0.7148644328117371,1.4320603609085083,1562.863964836174,8.130328933192459,10.840438577589946,13.550548221987434,7.967112579858621,10.622816773144828,13.278520966431037,False,1.5,32.0,53.47866387809641,10.10588823997298,3.1798908077889787,8.170951164084777,-7.984802944260831,-0.0056764361491227,1.029911,70.77627,76.1482,2022-03-25T00:02:58.729,32.0,Red,data\RV_UMa\2022_03_24\Light\Red\reduced_images\RV_Uma_Light_Red_32_secs_073_reduced.fits,2,0.979925,792.0,19.324485268377146,1172.7378466684954,937.0041276084636,7.0,V* RV UMa,False,0.9865945009384488,0.0049276685917381,1541.9129934222308,11.148814583771912,-7.97014967043732,-0.0078504245605133,2022-03-25 00:02:58.729,0.7705335563230804,2022_03_24,3,"(0.75, 0.773]",-7.97014967043732,-0.0078504245605133
1,7,6,1146.551263532859,889.2780341614115,1736.6537267983356,1736.6537267983356,231.43804019385328,77.16130065917969,5.722043777560019,5.6071737487255024,161.88267854617558,231.43804019385323,0.7090489864349365,1.3679323196411133,1572.552818976396,8.58306566634003,11.44408755512004,14.305109443900047,8.410760623088255,11.214347497451003,14.017934371813755,False,1.5,32.0,54.27042896244799,10.008306833239912,3.543894990468378,8.235449640800207,-7.9915131036632925,-0.0056859939644503,1.028276,70.73473,76.52329,2022-03-25T00:05:31.699,32.0,Red,data\RV_UMa\2022_03_24\Light\Red\reduced_images\RV_Uma_Light_Red_32_secs_074_reduced.fits,2,0.979925,792.0,19.76209306222541,1172.735510097772,937.1029714499884,7.0,V* RV UMa,False,0.982568165098722,0.002602142178365,1545.1403378624602,9.067701330458265,-7.972419826216658,-0.0063716747192243,2022-03-25 00:05:31.699,0.7743161689896443,2022_03_24,3,"(0.773, 0.795]",-7.972419826216658,-0.0063716747192243
1,7,6,1146.9883793549882,882.2180135736202,1727.0512540790482,1727.0512540790482,213.4372674349421,96.16741943359376,5.495015612336358,5.384703173918706,149.81533631605237,213.43726743494216,0.6981080174446106,1.367247223854065,1578.0489864612457,8.242523418504536,10.990031224672716,13.737539030840896,8.077054760878058,10.769406347837412,13.461757934796765,False,1.5,32.0,53.97035168997026,10146.302203679652,3.2682581575975505,101.01257750165183,-7.995301201587174,-0.0694991178793632,1.026655,70.67444,76.90651,2022-03-25T00:08:07.516,32.0,Red,data\RV_UMa\2022_03_24\Light\Red\reduced_images\RV_Uma_Light_Red_32_secs_075_reduced.fits,2,0.979925,792.0,17.155606115277756,1172.737833399446,936.9850893216692,7.0,V* RV UMa,False,0.9817099674991562,0.0097808371880938,1549.1864192109458,100.35903590716224,-7.975259202828106,-0.0703359114228008,2022-03-25 00:08:07.516,0.7781691817232907,2022_03_24,3,"(0.773, 0.795]",-7.975259202828106,-0.0703359114228008
1,7,6,1148.0968621189595,896.7434583639065,1735.9596674833556,1735.9596674833556,230.2538062286478,78.20389556884766,5.70738557987321,5.592809814357256,163.0950556981451,230.253806228648,0.695418119430542,1.2184213399887085,1575.836998564105,8.561078369809815,11.41477115974642,14.268463949683026,8.389214721535883,11.185619628714512,13.98202453589314,False,1.5,32.0,54.24873960885486,8.97163126014975,3.525761407876169,8.169830614944278,-7.993778232304454,-0.0056289330009822,1.025077,70.59407,77.29191,2022-03-25T00:10:44.018,32.0,Red,data\RV_UMa\2022_03_24\Light\Red\reduced_images\RV_Uma_Light_Red_32_secs_076_reduced.fits,2,0.979925,792.0,23.09227560131846,1172.7484953258197,937.0028577899066,7.0,V* RV UMa,False,0.98064288573153,0.0087278079790657,1545.3333417144167,15.91693139208084,-7.972555437318207,-0.0111830814844523,2022-03-25 00:10:44.018,0.7820391330048686,2022_03_24,3,"(0.773, 0.795]",-7.972555437318207,-0.0111830814844523
1,7,6,1148.879529152024,899.3740673038061,1754.6001893819268,1754.6001893819268,264.09445953967975,56.96661758422852,6.112423682153702,5.989716776734467,184.24400608913385,264.09445953968,0.693105161190033,1.2824665307998655,1571.5549564332823,9.168635523230552,12.224847364307404,15.281059205384256,8.984575165101699,11.979433553468931,14.974291941836167,False,1.5,32.0,54.831255918185214,10.45591831168822,4.043946411701346,8.326531128962094,-7.990823931660169,-0.0057525295375462,1.023547,70.49195,77.67797,2022-03-25T00:13:20.873,32.0,Red,data\RV_UMa\2022_03_24\Light\Red\reduced_images\RV_Uma_Light_Red_32_secs_077_reduced.fits,2,0.979925,792.0,24.57606808578019,1172.734577180714,937.0538063483846,7.0,V* RV UMa,False,0.9581415146857636,0.0068550910865251,1505.772046368904,13.405566703835628,-7.944398076246539,-0.0096660773792108,2022-03-25 00:13:20.873,0.7859178132023832,2022_03_24,3,"(0.773, 0.795]",-7.944398076246539,-0.0096660773792108
1,7,7,1149.4474607449438,890.4227876610613,1733.7143699431188,1733.7143699431188,237.99791858678043,69.09415435791016,5.8025699431789,5.686083351569583,160.8873749682498,237.9979185867804,0.6665402352809906,1.146206617355347,1575.0791812919,8.70385491476835,11.6051398863578,14.506424857947248,8.529125027354375,11.372166703139166,14.215208378923958,False,1.5,32.0,54.17857406072246,10.823475893003527,3.644343128360074,8.285311888039343,-7.993255978066053,-0.0057112449909844,1.022046,70.3638,78.06976,2022-03-25T00:16:00.661,32.0,Red,data\RV_UMa\2022_03_24\Light\Red\reduced_images\RV_Uma_Light_Red_32_secs_078_reduced.fits,2,0.979925,792.0,17.90002517868408,1172.7224798174584,937.060791369639,7.0,V* RV UMa,False,0.9717056939076884,0.0035392783171854,1530.5134088167997,9.792517360585077,-7.962092847002014,-0.0069467477859793,2022-03-25 00:16:00.661,0.7898690200584007,2022_03_24,3,"(0.773, 0.795]",-7.962092847002014,-0.0069467477859793
1,7,6,1150.1993985019335,902.445214751046,1755.3341040413889,1755.3341040413889,260.0557725632229,65.86639404296875,6.065506239421487,5.943741201665101,178.33108548278742,260.05577256322283,0.6828302145004272,1.3982813358306885,1577.760165079969,9.09825935913223,12.131012478842974,15.163765598553718,8.91561180249765,11.887482403330202,14.859353004162752,False,1.5,32.0,54.8541907512934,12.85583507601485,3.98210401737435,8.467120516721291,-7.995102467242873,-0.0058266519199315,1.020668,70.21689,78.44218,2022-03-25T00:18:33.007,32.0,Red,data\RV_UMa\2022_03_24\Light\Red\reduced_images\RV_Uma_Light_Red_32_secs_079_reduced.fits,2,0.979925,792.0,26.348515459680133,1172.718103632074,936.9813387472644,7.0,V* RV UMa,False,0.9707251234165818,0.0048198179242112,1531.5714309690195,11.19753050518457,-7.96284314169463,-0.0079379675198501,2022-03-25 00:18:33.007,0.793636202573273,2022_03_24,3,"(0.773, 0.795]",-7.96284314169463,-0.0079379675198501
1,7,7,1150.5731716734867,908.1295788058354,1731.451961434251,1731.451961434251,227.65931645479927,84.929931640625,5.675139199835905,5.5612107803992,156.18230052174482,227.6593164547993,0.6908159852027893,1.0847162008285522,1574.181266446935,8.512708799753858,11.35027839967181,14.187847999589762,8.341816170598799,11.1224215607984,13.903026950997996,False,1.5,32.0,54.10787379482034,9.416244757641646,3.486033283214115,8.18597287044589,-7.992636849417556,-0.0056459870956738,1.019302,70.03828,78.8244,2022-03-25T00:21:08.924,32.0,Red,data\RV_UMa\2022_03_24\Light\Red\reduced_images\RV_Uma_Light_Red_32_secs_080_reduced.fits,2,0.979925,792.0,31.16974370609044,1172.7506316872075,937.0326446934846,7.0,V* RV UMa,False,0.973350351042917,0.0041205144333758,1532.229888301308,10.274240059361636,-7.963309824029064,-0.0072803138053861,2022-03-25 00:21:08.924,0.797491688087641,2022_03_24,3,"(0.795, 0.818]",-7.963309824029064,-0.0072803138053861
1,4,5,1163.62912268571,900.4464970712505,2543.786438640153,2543.786438640153,221.20818432069848,96.28117370605467,5.5941537727263695,5.481851135738888,292.6176644963272,221.2081843206984,1.3141311407089231,1.918960452079773,2253.089875044644,8.391230659089555,11.18830754545274,13.985384431815923,8.222776703608332,10.963702271477777,13.70462783934722,False,1.5,30.0,84.79288128800509,12.418750461664752,3.8539381446095016,10.053137315996402,-8.381946289848244,-0.0048444828039387,1.771545,44.61818,34.31028,2023-02-23T20:47:04.172,30.0,Red,data\RV_UMa\2023_02_23\Light\Red\reduced_images\RV_Uma_Light_Red_30_secs_001_reduced.fits,2,0.979925,792.0,20.449860451037583,1172.76598906362,937.0116956563502,7.0,V* RV UMa,False,1.020706555844209,0.0060326511097882,2299.7436063642776,17.030550920439257,-8.404198550317822,-0.0080403248736628,2023-02-23 20:47:04.172,0.3380031204599163,2023_02_23,4,"(0.318, 0.341]",-8.404198550317822,-0.0080403248736628
1,4,5,1164.543526605857,900.3674728889666,2541.082058344162,2541.082058344162,216.56937116705905,88.97554016113281,5.535187315392384,5.424068430035882,285.31738937254664,216.56937116705905,1.2939853072166445,2.1745524406433105,2260.84447406084,8.302780973088575,11.070374630784768,13.83796828848096,8.136102645053823,10.848136860071763,13.560171075089706,False,1.5,30.0,84.70273527813873,12.763889822193756,3.773119710999428,10.061796301423117,-8.38567671946321,-0.0048320247830822,1.760526,44.88679,34.5564,2023-02-23T20:49:18.812,30.0,Red,data\RV_UMa\2023_02_23\Light\Red\reduced_images\RV_Uma_Light_Red_30_secs_002_reduced.fits,2,0.979925,792.0,20.37472387675636,1172.696319007206,936.961710640398,7.0,V* RV UMa,False,1.0145201768625949,0.0051069498856432,2293.672335683024,15.411414353828206,-8.401328441314295,-0.0072951703999593,2023-02-23 20:49:18.812,0.341332472420504,2023_02_23,4,"(0.341, 0.364]",-8.401328441314295,-0.0072951703999593
2,5,6,1166.0527249641027,900.7474971532516,2562.832888746414,2562.832888746414,250.02330657513585,99.36771392822266,5.947357592867105,5.827964389190298,300.4282219655195,250.023306575136,1.2045984268188477,1.5953445434570312,2261.655206977959,8.921036389300657,11.89471518573421,14.868393982167763,8.741946583785447,11.655928778380597,14.569910972975746,False,1.5,60.0,42.7138814791069,5.414771703645332,1.0889904019717027,7.015528745912452,-8.386065991835578,-0.0033678933603395,1.740189,45.37948,35.02076,2023-02-23T20:52:55.376,60.0,Red,data\RV_UMa\2023_02_23\Light\Red\reduced_images\RV_Uma_Light_Red_60_secs_001_reduced.fits,2,0.979925,792.0,20.848796557653863,1172.7670703510587,936.9440682762282,7.0,V* RV UMa,False,0.9982844910449356,0.0082873194399336,2257.77531721712,20.0087777890102,-8.384201802178872,-0.0096219735829451,2023-02-23 20:52:55.376,0.3466876252578004,2023_02_23,4,"(0.341, 0.364]",-8.384201802178872,-0.0096219735829451
1,4,5,1165.7935336015316,901.2137663889658,2579.43232867584,2579.43232867584,272.65023915826384,83.75834655761719,6.210645577266694,6.085966867303066,318.2825947099125,272.650239158264,1.1622092723846436,1.591672420501709,2262.555692608215,9.31596836590004,12.421291154533389,15.526613943166735,9.128950300954598,12.171933734606132,15.214917168257664,False,1.5,60.0,42.990538811264,7.377961472674861,1.1875432638893268,7.180253724474379,-8.386498195322659,-0.0034455997938439,1.721016,45.85632,35.4711,2023-02-23T20:56:56.027,60.0,Red,data\RV_UMa\2023_02_23\Light\Red\reduced_images\RV_Uma_Light_Red_60_secs_002_reduced.fits,2,0.979925,792.0,21.289449198733152,1172.760254466471,937.0750633797404,7.0,V* RV UMa,False,0.9784014789194064,0.0111435557515802,2213.6878357854,26.173347774931678,-8.362790946557508,-0.0128371086562377,2023-02-23 20:56:56.027,0.3526383967870288,2023_02_23,4,"(0.341, 0.364]",-8.362790946557508,-0.0128371086562377
2,6,7,1166.7441113027926,902.337262859768,2558.750574567097,2558.750574567097,270.1776445125755,81.88925170898438,6.182420068197048,6.058307985327992,310.32845409557774,270.17764451257545,1.151631236076355,1.539495825767517,2247.605559856881,9.273630102295572,12.364840136394095,15.45605017049262,9.087461977991987,12.116615970655984,15.14576996331998,False,1.5,60.0,42.645842909451616,5.371260427972397,1.176773740543662,7.013834691377298,-8.379300244324394,-0.0033881275231859,1.702067,46.33139,35.9287,2023-02-23T21:00:56.639,60.0,Red,data\RV_UMa\2023_02_23\Light\Red\reduced_images\RV_Uma_Light_Red_60_secs_003_reduced.fits,2,0.979925,792.0,22.505187377768905,1172.7997569193187,937.0244558272436,7.0,V* RV UMa,False,0.9814751419431664,0.0057236193818946,2205.9689858927823,14.59047374175409,-8.35899850581085,-0.0071811551691349,2023-02-23 21:00:56.639,0.3585882039318449,2023_02_23,4,"(0.341, 0.364]",-8.35899850581085,-0.0071811551691349
1,4,5,1167.521529284794,903.207140742231,2464.9045485730576,2464.9045485730576,234.1845088152885,94.32579040527344,5.755895310105068,5.6403457117547084,267.43318137387416,234.1845088152885,1.1323292255401611,1.5293526649475098,2199.730585072739,8.633842965157601,11.511790620210135,14.389738275262667,8.460518567632063,11.280691423509415,14.100864279386771,False,1.5,60.0,41.08174247621763,6.101018511635601,1.0200036383954787,6.942821085570959,-8.355923733213293,-0.0034268161141712,1.683568,46.80431,36.38801,2023-02-23T21:04:58.538,60.0,Red,data\RV_UMa\2023_02_23\Light\Red\reduced_images\RV_Uma_Light_Red_60_secs_004_reduced.fits,2,0.979925,792.0,23.472804475251344,1172.74426596555,937.0391142098532,7.0,V* RV UMa,False,0.9904858476708496,0.0087374272825348,2178.802013203266,20.413176478244456,-8.345544419718573,-0.0101722527435903,2023-02-23 21:04:58.538,0.3645698357644278,2023_02_23,4,"(0.364, 0.386]",-8.345544419718573,-0.0101722527435903
2,5,6,1167.1292093644538,903.9193631459708,2396.886713828187,2396.886713828187,242.4552852934224,81.91728210449219,5.856654876345855,5.739082529703213,284.2504056636185,242.4552852934225,1.1871004700660706,1.5737777948379517,2109.067930686362,8.784982314518782,11.71330975269171,14.64163719086464,8.608623794554818,11.478165059406424,14.347706324258032,False,1.5,60.0,39.94811189713645,5.461455725996943,1.0560274648335728,6.816567691145373,-8.310226420243835,-0.0035091303730802,1.665253,47.27831,36.85554,2023-02-23T21:08:59.965,60.0,Red,data\RV_UMa\2023_02_23\Light\Red\reduced_images\RV_Uma_Light_Red_60_secs_005_reduced.fits,2,0.979925,792.0,24.123181476650345,1172.7457229577103,936.9733815910562,7.0,V* RV UMa,False,1.02489758460776,0.0073157148369143,2161.57862793414,16.937316193295114,-8.336927594303887,-0.0085074200701511,2023-02-23 21:08:59.965,0.3705397960719665,2023_02_23,4,"(0.364, 0.386]",-8.336927594303887,-0.0085074200701511
2,5,6,1167.8174592067858,904.7137249892075,2470.7800099296555,2470.7800099296555,249.5915124773716,100.20407104492188,5.942219784600227,5.8229297224243775,274.7490404603443,249.5915124773716,1.0907036066055298,1.4606527090072632,2198.549647092457,8.913329676900341,11.884439569200454,14.855549461500567,8.734394583636567,11.645859444848757,14.557324306060943,False,1.5,60.0,41.179666832160926,6.1850182185268805,1.0871096987903297,6.960732342898852,-8.355340692986706,-0.0034375021397905,1.647698,47.74367,37.31621,2023-02-23T21:13:00.242,60.0,Red,data\RV_UMa\2023_02_23\Light\Red\reduced_images\RV_Uma_Light_Red_60_secs_006_reduced.fits,2,0.979925,792.0,25.00682302168072,1172.8104165515622,937.1369172664336,7.0,V* RV UMa,False,0.974485911062412,0.0064715518155723,2142.4556558628374,15.762224087681112,-8.327279604360463,-0.0079878513763748,2023-02-23 21:13:00.242,0.3764813194011367,2023_02_23,4,"(0.364, 0.386]",-8.327279604360463,-0.0079878513763748
3,6,7,1167.83532228499,905.2042453023074,2402.086570833514,2402.086570833514,205.5295931194496,110.94011688232422,5.392262002917917,5.28401234320934,230.69113282046587,205.5295931194496,1.131528377532959,1.5562527179718018,2169.5240037960543,8.088393004376876,10.784524005835834,13.480655007294793,7.92601851481401,10.56802468641868,13.21003085802335,False,1.5,60.0,40.034776180558566,4.442978489935853,0.8951955611424912,6.735944642857223,-8.34091114890622,-0.0033709970293945,1.630238,48.21106,37.78713,2023-02-23T21:17:00.602,60.0,Red,data\RV_UMa\2023_02_23\Light\Red\reduced_images\RV_Uma_Light_Red_60_secs_007_reduced.fits,2,0.979925,792.0,25.494385230646905,1172.7357367449408,937.061637280927,7.0,V* RV UMa,False,0.9789342920983312,0.0070922900197535,2123.821444846428,16.740309083442956,-8.317795004213849,-0.0085579509025296,2023-02-23 21:17:00.602,0.3824248951384561,2023_02_23,4,"(0.364, 0.386]",-8.317795004213849,-0.0085579509025296
2,5,6,1167.7665947516098,905.9273383470176,2376.9308773789858,2376.9308773789858,229.97452618490823,103.72162628173828,5.703923221202494,5.589416962536855,252.59131855778364,229.97452618490823,1.095097899436951,1.510087966918945,2125.086256829885,8.555884831803741,11.407846442404988,14.259808053006235,8.384125443805281,11.17883392507371,13.973542406342135,False,1.5,60.0,39.6155146229831,5.37158515753287,1.0016668251609335,6.781501795743838,-8.318441406677556,-0.0034647638412828,1.61333,48.66447,38.25582,2023-02-23T21:21:00.620,60.0,Red,data\RV_UMa\2023_02_23\Light\Red\reduced_images\RV_Uma_Light_Red_60_secs_008_reduced.fits,2,0.979925,792.0,26.19950590724148,1172.742873184258,936.9943259022727,7.0,V* RV UMa,False,0.984934585090893,0.0065304936019122,2093.0709506531016,15.401577327381498,-8.301959875618417,-0.0079892418885763,2023-02-23 21:21:00.620,0.3883600139657801,2023_02_23,4,"(0.386, 0.409]",-8.301959875618417,-0.0079892418885763
3,6,7,1168.1065210674822,906.6529000966829,2286.535958542352,2286.535958542352,202.96195175009777,99.47142028808594,5.358473902198218,5.250902538611589,225.60312392861024,202.96195175009788,1.1135599613189695,1.6375683546066284,2060.5256554022903,8.037710853297327,10.716947804396437,13.396184755495549,7.876353807917384,10.501805077223178,13.127256346528974,False,1.5,60.0,38.10893264237253,5.398943757202619,0.8840120565115368,6.66272380157595,-8.284945065630383,-0.0035107354449621,1.596351,49.13223,38.7396,2023-02-23T21:25:06.762,60.0,Red,data\RV_UMa\2023_02_23\Light\Red\reduced_images\RV_Uma_Light_Red_60_secs_009_reduced.fits,2,0.979925,792.0,26.96739881489177,1172.6959199434586,936.9439532127544,7.0,V* RV UMa,False,1.0055733965561655,0.006990938446437,2072.009781994,15.886860947479825,-8.29097950347448,-0.0083247387442531,2023-02-23 21:25:06.762,0.3944465658842091,2023_02_23,4,"(0.386, 0.409]",-8.29097950347448,-0.0083247387442531
3,6,7,1168.0540150806664,907.1535196027886,2295.52181362014,2295.52181362014,209.4996020299964,107.14613342285156,5.444091373129735,5.334801238814156,226.80649070561063,209.4996020299963,1.0755942463874817,1.463180422782898,2070.185247056208,8.166137059694602,10.888182746259467,13.610228432824336,8.002201858221234,10.669602477628311,13.337003097035389,False,1.5,60.0,38.25869689366899,4.118244370386514,0.9124871555084288,6.5794702233207145,-8.290023023273509,-0.0034506907242941,1.579899,49.59232,39.22154,2023-02-23T21:29:10.263,60.0,Red,data\RV_UMa\2023_02_23\Light\Red\reduced_images\RV_Uma_Light_Red_60_secs_010_reduced.fits,2,0.979925,792.0,27.4544835153258,1172.707663139092,936.9669306394826,7.0,V* RV UMa,False,0.991502683700702,0.0086069698258856,2052.5942282138312,18.97468768064551,-8.280757758393401,-0.0100368134654565,2023-02-23 21:29:10.263,0.40046781166404344,2023_02_23,4,"(0.386, 0.409]",-8.280757758393401,-0.0100368134654565
1,5,6,1167.9451257306014,907.369883903475,2193.6639343280644,2193.6639343280644,200.9529724146421,107.05917358398438,5.3318880449028,5.224850392401376,216.550396830267,200.9529724146421,1.0827308297157288,1.4356162548065186,1976.0859557717167,7.997832067354199,10.6637760898056,13.329720112257,7.837275588602064,10.449700784802753,13.062125981003442,False,1.5,60.0,36.56106557213441,4.055094732751989,0.8752618354059966,6.441383557923903,-8.239514579001291,-0.0035391392348823,1.563756,50.05056,39.7076,2023-02-23T21:33:14.184,60.0,Red,data\RV_UMa\2023_02_23\Light\Red\reduced_images\RV_Uma_Light_Red_60_secs_011_reduced.fits,2,0.979925,792.0,27.652749626754225,1172.812798159055,937.0898971151594,7.0,V* RV UMa,False,1.040025928170874,0.00703102806596,2055.180630296908,15.424663904537017,-8.282124995327981,-0.0081487319413682,2023-02-23 21:33:14.184,0.4064994431228115,2023_02_23,4,"(0.386, 0.409]",-8.282124995327981,-0.0081487319413682
2,5,6,1168.5850028345546,908.4590609775416,2251.5623749499364,2251.5623749499364,205.247241362284,102.89443969726562,5.388556848135196,5.280381569408882,204.642010631781,205.247241362284,0.991866946220398,1.411827802658081,2047.9844204397668,8.082835272202795,10.777113696270392,13.47139212033799,7.920572354113324,10.560763138817764,13.200953923522205,False,1.5,60.0,37.52603958249894,4.582241642037949,0.893965762377948,6.557609853209844,-8.278316621307853,-0.0034765081038945,1.548123,50.50099,40.19134,2023-02-23T21:37:15.322,60.0,Red,data\RV_UMa\2023_02_23\Light\Red\reduced_images\RV_Uma_Light_Red_60_secs_012_reduced.fits,2,0.979925,792.0,28.82603688883196,1172.704650031016,937.0302427466074,7.0,V* RV UMa,False,0.989704576516656,0.0078155284900851,2026.8995535440483,17.27182584601337,-8.267080567560786,-0.0092518875000513,2023-02-23 21:37:15.322,0.4124622570940346,2023_02_23,4,"(0.409, 0.432]",-8.267080567560786,-0.0092518875000513
2,6,7,1168.8653192469194,908.8203687775969,2244.1727902963685,2244.1727902963685,278.0263896177986,65.79620361328125,6.271577807336904,6.145675882854616,276.5864076513729,278.0263896177987,0.981980800628662,1.404829025268555,1971.1562136235864,9.407366711005356,12.543155614673807,15.67894451834226,9.218513824281924,12.291351765709232,15.36418970713654,False,1.5,60.0,37.40287983827281,5.544321853895362,1.2109593858908558,6.645160726277358,-8.23680260842361,-0.0036602332869869,1.532877,50.94682,40.67602,2023-02-23T21:41:15.378,60.0,Red,data\RV_UMa\2023_02_23\Light\Red\reduced_images\RV_Uma_Light_Red_60_secs_013_reduced.fits,2,0.979925,792.0,29.228154027429056,1172.811869994359,937.0551523940256,7.0,V* RV UMa,False,1.0156493535211086,0.0064197123729565,2002.003534055912,14.341592034800632,-8.253662099466174,-0.0077778013081264,2023-02-23 21:41:15.378,0.41839831557786056,2023_02_23,4,"(0.409, 0.432]",-8.253662099466174,-0.0077778013081264
2,5,6,1168.9370450874264,909.6369291183244,2211.320055947137,2211.320055947137,295.05128158643925,62.31222534179688,6.460744362349212,6.331044919275052,292.16201731720787,295.0512815864392,0.9893604815006256,1.5295631885528564,1919.4079779294009,9.69111654352382,12.921488724698424,16.15186090587303,9.496567378912578,12.662089838550104,15.82761229818763,False,1.5,60.0,36.855334265785615,6.947174022785049,1.285112248687602,6.714731605750022,-8.20791823899046,-0.0037982686815031,1.517935,51.39031,41.16402,2023-02-23T21:45:15.572,60.0,Red,data\RV_UMa\2023_02_23\Light\Red\reduced_images\RV_Uma_Light_Red_60_secs_014_reduced.fits,2,0.979925,792.0,30.0453321126571,1172.745655741738,937.0209055764922,7.0,V* RV UMa,False,1.0169426753901982,0.0098627505563907,1951.9278842408155,20.12455175580558,-8.226159420551545,-0.0111940377624684,2023-02-23 21:45:15.572,0.4243377864993363,2023_02_23,4,"(0.409, 0.432]",-8.226159420551545,-0.0111940377624684
2,6,7,1168.93284374041,910.1971391956224,2190.426562192032,2190.426562192032,270.0281378830076,71.23651123046875,6.180709266597559,6.0566315280706124,258.157491520068,270.02813788300773,0.9548806548118592,1.3479845523834229,1932.5819170726784,9.271063899896337,12.361418533195115,15.451773166493895,9.084947292105918,12.113263056141223,15.141578820176532,False,1.5,60.0,36.50710936986719,5.747238780496992,1.1761225561126551,6.590179869053411,-8.215344778957974,-0.003702402892467,1.50322,51.83366,41.65779,2023-02-23T21:49:17.102,60.0,Red,data\RV_UMa\2023_02_23\Light\Red\reduced_images\RV_Uma_Light_Red_60_secs_015_reduced.fits,2,0.979925,792.0,30.59738817231132,1172.8269236444758,937.0159082962848,7.0,V* RV UMa,False,1.0009379516715695,0.0106166763249307,1934.3945855122424,21.55188516132772,-8.216362669754512,-0.0120966333217101,2023-02-23 21:49:17.102,0.4303102937709582,2023_02_23,4,"(0.409, 0.432]",-8.216362669754512,-0.0120966333217101
2,7,6,1173.462805332758,936.782275578029,2294.998893197874,2294.998893197874,263.4619621411374,79.51875305175781,6.105099769242236,5.9825398913746985,556.4719377408985,263.46196214113746,2.109674572944641,3.2317423820495605,1739.179890730613,9.157649653863354,12.210199538484472,15.262749423105593,8.973809837062047,11.965079782749395,14.956349728436749,False,1.5,60.0,38.2499815532979,12.490613363810152,1.1475232128813984,7.203340761756968,-8.10086126310207,-0.0044969056403728,1.20913,62.58683,55.76998,2023-04-03T21:03:25.401,60.0,Red,data\RV_UMa\2023_04_03\Light\Red\reduced_images\RV_Uma_Light_Red_60_secs_001_reduced.fits,2,0.979925,792.0,57.565367232259575,1172.731342996538,937.1256742196024,7.0,V* RV UMa,False,0.8908115513842981,0.006823977835608,1549.2815365981114,13.491773781277466,-7.975325863121162,-0.0094550324874486,2023-04-03 21:03:25.401,0.6850858850463055,2023_04_03,5,"(0.682, 0.705]",-7.975325863121162,-0.0094550324874486
2,6,5,1156.1727924463898,911.3321530807492,2237.7114738211467,2237.7114738211467,244.6238212919197,90.6773681640625,5.882787725910411,5.76469076231276,487.6280062722128,244.62382129191968,1.990403413772583,2.4682090282440186,1750.8113848316154,8.824181588865617,11.765575451820824,14.706969314776028,8.64703614346914,11.52938152462552,14.4117269057819,False,1.5,60.0,37.29519123035245,10.17995938607103,1.0654726438492503,6.967110108235173,-8.108098404987304,-0.0043205360397943,1.184236,63.74173,57.58633,2023-04-03T21:16:26.175,60.0,Red,data\RV_UMa\2023_04_03\Light\Red\reduced_images\RV_Uma_Light_Red_60_secs_002_reduced.fits,2,0.979925,792.0,32.295030496390524,1172.765124576557,937.1408245533962,7.0,V* RV UMa,False,0.8736531881964221,0.0028187573373108,1529.601948288734,7.83612985485608,-7.9614460702578,-0.0055622117232014,2023-04-03 21:16:26.175,0.7043927139808375,2023_04_03,5,"(0.682, 0.705]",-7.9614460702578,-0.0055622117232014
2,7,6,1166.223495799214,915.5056375186392,2292.528179027056,2292.528179027056,280.8630217861146,77.68777465820312,6.303490267673534,6.176947700549988,513.2267773601009,280.8630217861147,1.83567476272583,2.357695341110229,1776.9550181513705,9.4552354015103,12.606980535347068,15.758725669183836,9.265421550824982,12.353895401099976,15.44236925137497,False,1.5,60.0,38.20880298378427,11.219223331651245,1.2233144948906325,7.11697553812897,-8.124191085529148,-0.0043485388944529,1.160933,64.85298,59.44893,2023-04-03T21:29:35.388,60.0,Red,data\RV_UMa\2023_04_03\Light\Red\reduced_images\RV_Uma_Light_Red_60_secs_003_reduced.fits,2,0.979925,792.0,35.57519120361991,1172.7523019036337,937.0159000580716,7.0,V* RV UMa,False,0.8620617078762217,0.0023649405626672,1531.844877766793,7.436509296416187,-7.963036971758379,-0.0052708257195795,2023-04-03 21:29:35.388,0.7239082208803893,2023_04_03,5,"(0.705, 0.727]",-7.963036971758379,-0.0052708257195795
2,7,6,1172.3526432359204,942.2345493851008,2242.7650769686143,2242.7650769686143,267.89633051040994,80.57682037353516,6.156263313761532,6.032676327737769,480.35258118184765,267.89633051040994,1.7783117294311523,2.4468588829040527,1766.3618901503876,9.234394970642295,12.312526627523065,15.390658284403829,9.049014491606654,12.065352655475538,15.081690819344422,False,1.5,60.0,37.3794179494769,10.65635966357006,1.1668373506675631,7.014457567318696,-8.11769921525306,-0.0043116026110193,1.139593,65.93307,61.32211,2023-04-03T21:42:48.847,60.0,Red,data\RV_UMa\2023_04_03\Light\Red\reduced_images\RV_Uma_Light_Red_60_secs_004_reduced.fits,2,0.979925,792.0,62.79256155145379,1172.7400240096586,937.1269665333556,7.0,V* RV UMa,False,0.8623498778700958,0.0044209867358281,1523.2219602455782,9.87779577034626,-7.956907980740321,-0.0070407864191654,2023-04-03 21:42:48.847,0.7435287220491773,2023_04_03,5,"(0.727, 0.75]",-7.956907980740321,-0.0070407864191654
2,6,5,1162.5429105965518,924.3548131036092,2255.1138886531007,2255.1138886531007,290.3621422235001,73.09196472167969,6.40919965338866,6.280534970346882,494.9791377366155,290.36214222350026,1.7090638875961304,2.126885414123535,1758.8664370538652,9.613799480082989,12.81839930677732,16.02299913347165,9.420802455520324,12.561069940693764,15.701337425867209,False,1.5,60.0,37.58523147755168,11.289214448135308,1.264688441684578,7.080899262619937,-8.11308215428205,-0.0043709906162909,1.119693,66.97132,63.24647,2023-04-03T21:56:13.349,60.0,Red,data\RV_UMa\2023_04_03\Light\Red\reduced_images\RV_Uma_Light_Red_60_secs_005_reduced.fits,2,0.979925,792.0,44.37873989857909,1172.7052168008902,936.9287476562732,7.0,V* RV UMa,False,0.8591639514670475,0.0057048256013006,1511.1546381619655,11.734245691557431,-7.948272271145568,-0.0084308349795009,2023-04-03 21:56:13.349,0.7634222923929883,2023_04_03,5,"(0.75, 0.773]",-7.948272271145568,-0.0084308349795009
2,6,5,1157.1913244707982,914.227469179546,2161.55577528335,2161.55577528335,240.6684466955204,90.67332458496094,5.835033880723526,5.717895575568002,410.5338450682422,240.66844669552023,1.7048356533050537,2.27675724029541,1751.2556267312802,8.75255082108529,11.670067761447052,14.587584701808815,8.576843363352003,11.435791151136003,14.294738938920004,False,1.5,60.0,36.02592958805584,10.055472674582694,1.0482447900516,6.865103571883685,-8.10837385917772,-0.0042561984576293,1.09933,68.04211,65.43893,2023-04-03T22:11:23.093,60.0,Red,data\RV_UMa\2023_04_03\Light\Red\reduced_images\RV_Uma_Light_Red_60_secs_006_reduced.fits,2,0.979925,792.0,34.89810466055019,1172.721546103703,937.1039558407198,7.0,V* RV UMa,False,0.8589576531306949,0.0051839690700127,1504.254423169025,10.825478633499586,-7.943303242955478,-0.007813581203547,2023-04-03 22:11:23.093,0.7859182666213655,2023_04_03,5,"(0.773, 0.795]",-7.943303242955478,-0.007813581203547
3,7,6,1159.6919708076534,913.5355492964884,2127.572427758965,2127.572427758965,220.14106795241463,98.3746337890625,5.580644259275336,5.468612825770384,361.2982482234714,220.1410679524145,1.6339057683944702,2.1742138862609863,1767.8826669709958,8.370966388913004,11.161288518550672,13.95161064818834,8.202919238655577,10.937225651540768,13.67153206442596,False,1.5,60.0,35.45954046264942,8.145088609174245,0.9588366515260724,6.675587294264807,-8.118633594597053,-0.0040997781972855,1.074993,69.33016,68.45701,2023-04-03T22:32:02.342,60.0,Red,data\RV_UMa\2023_04_03\Light\Red\reduced_images\RV_Uma_Light_Red_60_secs_007_reduced.fits,2,0.979925,792.0,33.81112512383049,1172.699983311939,936.9545076315555,7.0,V* RV UMa,False,0.8619894403817774,0.0053819494210582,1523.8961907629728,11.119373460660688,-7.957388458659953,-0.0079222629557342,2023-04-03 22:32:02.342,0.8165621769595646,2023_04_03,5,"(0.795, 0.818]",-7.957388458659953,-0.0079222629557342
2,7,6,1171.680703614039,913.1762531171346,2126.08573330699,2126.08573330699,245.2390009061916,88.7945556640625,5.89018009406905,5.771934728680614,388.65428226719655,245.23900090619176,1.576424241065979,2.0649895668029785,1739.4850274236678,8.835270141103575,11.7803601881381,14.725450235172628,8.65790209302092,11.543869457361229,14.429836821701535,False,1.5,60.0,35.43476222178317,9.01283966618426,1.0681520928358568,6.746536443302095,-8.101051737300475,-0.0042109927695452,1.06214,69.96955,70.2905,2023-04-03T22:44:34.039,60.0,Red,data\RV_UMa\2023_04_03\Light\Red\reduced_images\RV_Uma_Light_Red_60_secs_008_reduced.fits,2,0.979925,792.0,34.0537366363648,1172.733005715856,937.1193746098008,7.0,V* RV UMa,False,0.8488656008974015,0.0024127629434929,1476.5890030560247,7.100135914778701,-7.923149074191006,-0.0052207314326627,2023-04-03 22:44:34.039,0.8351499954443398,2023_04_03,5,"(0.818, 0.841]",-7.923149074191006,-0.0052207314326627
2,6,6,1164.858458859709,936.1475866565752,2129.3810892120737,2129.3810892120737,251.8799978175533,84.36808776855469,5.969399502175103,5.849563807168939,376.6569011184928,251.87999781755337,1.4907828569412231,1.9163647890090945,1753.8827064592724,8.954099253262655,11.938799004350209,14.92349875543776,8.774345710753407,11.699127614337876,14.623909517922346,False,1.5,60.0,35.48968482020123,7.86860064864792,1.0970773238275653,6.667485492498406,-8.110001364763189,-0.0041274883247577,1.050511,70.49035,72.14802,2023-04-03T22:57:13.015,60.0,Red,data\RV_UMa\2023_04_03\Light\Red\reduced_images\RV_Uma_Light_Red_60_secs_009_reduced.fits,2,0.979925,792.0,56.15414890256503,1172.721627437727,937.0948105179094,7.0,V* RV UMa,False,0.8452758242039325,0.0039105169457145,1482.5146502593857,8.877116441443695,-7.927497484425273,-0.0065012556284976,2023-04-03 22:57:13.015,0.8539178076377993,2023_04_03,5,"(0.841, 0.864]",-7.927497484425273,-0.0065012556284976
2,7,6,1169.7537413646082,902.9212736225512,2098.205805032454,2098.205805032454,244.50963252180847,92.66229248046876,5.881414542583643,5.763345145641277,351.15561905891286,244.5096325218084,1.443159103393555,1.8851269483566284,1745.3395029911933,8.822121813875466,11.762829085167288,14.703536356459107,8.645017718461917,11.526690291282554,14.408362864103191,False,1.5,60.0,34.9700967505409,7.599844643244887,1.06497528831721,6.60567306806074,-8.104699795908948,-0.00410923971783,1.040113,70.79315,74.02496,2023-04-03T23:09:52.256,60.0,Red,data\RV_UMa\2023_04_03\Light\Red\reduced_images\RV_Uma_Light_Red_60_secs_010_reduced.fits,2,0.979925,792.0,23.632399881744146,1172.7633112850692,936.9851952499694,7.0,V* RV UMa,False,0.8351996928538583,0.0044319627773852,1457.7070168239504,9.501182053507476,-7.909175610773108,-0.0070767151591046,2023-04-03 23:09:52.256,0.872692172699999,2023_04_03,5,"(0.864, 0.886]",-7.909175610773108,-0.0070767151591046
2,6,7,1165.0824704940594,912.5317167351149,2131.293540293658,2131.293540293658,280.34014083163294,68.12834167480469,6.297619949750503,6.171195229259262,380.8248073962459,280.3401408316331,1.359841227531433,1.874276757240296,1750.0754590588356,9.446429924625754,12.595239899501006,15.74404987437626,9.256792843888892,12.342390458518524,15.427988073148155,False,1.5,60.0,35.52155900489431,7.860166291592762,1.2210370578444456,6.678529954588174,-8.107641937067648,-0.0041433194944391,1.029743,70.83561,76.18628,2023-04-03T23:24:30.590,60.0,Red,data\RV_UMa\2023_04_03\Light\Red\reduced_images\RV_Uma_Light_Red_60_secs_011_reduced.fits,2,0.979925,792.0,32.54972098350862,1172.6764988080376,936.99761970663,7.0,V* RV UMa,False,0.845515429783688,0.004098972913381,1479.7158039200165,9.129382491361666,-7.925445780647669,-0.0066986519111963,2023-04-03 23:24:30.590,0.8944114465044777,2023_04_03,5,"(0.886, 0.909]",-7.925445780647669,-0.0066986519111963
2,7,6,1155.012380512493,923.8285901647156,2056.779490965771,2056.779490965771,247.32150592546247,81.49949645996094,5.915136155169594,5.796389796854565,332.8708106411044,247.32150592546253,1.3426471948623655,1.7532711029052734,1724.7139648058128,8.87270423275439,11.830272310339188,14.787840387923984,8.694584695281847,11.59277959370913,14.490974492136411,False,1.5,60.0,34.27965818276285,7.100243494518061,1.077222559142014,6.515913154456782,-8.091792699527842,-0.004101875999856,1.022107,70.42255,78.05371,2023-04-03T23:37:08.899,60.0,Red,data\RV_UMa\2023_04_03\Light\Red\reduced_images\RV_Uma_Light_Red_60_secs_012_reduced.fits,2,0.979925,792.0,44.74061488042837,1172.766072761838,937.1105547929832,7.0,V* RV UMa,False,0.8369888873569481,0.004649262202605,1443.5664224118077,9.69752866148592,-7.898591929362858,-0.0072937121569119,2023-04-03 23:37:08.899,0.9131627652503767,2023_04_03,5,"(0.909, 0.932]",-7.898591929362858,-0.0072937121569119
2,6,5,1150.4272122417956,918.0877849462994,2074.696155904769,2074.696155904769,238.89009434033585,82.2496337890625,5.813435730746008,5.696731008451282,321.2673965010981,238.8900943403359,1.3292059898376465,1.814731240272522,1757.1620115947146,8.720153596119012,11.626871461492016,14.53358932686502,8.545096512676922,11.393462016902564,14.241827521128204,False,1.5,60.0,34.57826926507949,7.053084197591095,1.0404990775712404,6.532369596114554,-8.112029514008348,-0.004036298375769,1.01551,69.40967,79.96647,2023-04-03T23:50:08.870,60.0,Red,data\RV_UMa\2023_04_03\Light\Red\reduced_images\RV_Uma_Light_Red_60_secs_013_reduced.fits,2,0.979925,792.0,40.43389580098378,1172.6859410716406,937.0719492045448,7.0,V* RV UMa,False,0.8383090967726896,0.0030431757062946,1473.0448988232476,7.653910364636228,-7.920539961156145,-0.0056414625226275,2023-04-03 23:50:08.870,0.93244973775586,2023_04_03,5,"(0.932, 0.955]",-7.920539961156145,-0.0056414625226275
2,7,6,1165.877215675663,918.9183415591295,2113.250618976004,2113.250618976004,244.518791412586,87.4843521118164,5.881524695153963,5.763453086898747,320.738466542659,244.5187914125861,1.3078961968421936,1.829961895942688,1793.445421631033,8.822287042730943,11.763049390307923,14.703811737884909,8.645179630348121,11.526906173797494,14.408632717246867,False,1.5,60.0,35.22084364960006,7.155990894412708,1.065015180374819,6.591043143872417,-8.134220411764508,-0.0039901599915524,1.010214,67.26609,81.83998,2023-04-04T00:03:01.210,60.0,Red,data\RV_UMa\2023_04_03\Light\Red\reduced_images\RV_Uma_Light_Red_60_secs_014_reduced.fits,2,0.979925,792.0,38.96358875162853,1172.7344131441578,936.943100753022,7.0,V* RV UMa,False,0.8384698281694424,0.0035678494075157,1503.7498745062453,8.454874910817901,-7.942939010260863,-0.0061045815883378,2023-04-04 00:03:01.210,0.951548012364583,2023_04_03,5,"(0.932, 0.955]",-7.942939010260863,-0.0061045815883378
1,6,4,1162.7403238780769,922.8551470423906,1841.1283120067155,1841.1283120067155,323.4568775782159,66.93084716796875,6.764598103764963,6.628798796831882,209.3350338571563,323.4568775782159,0.6394337117671967,1.1039032936096191,1634.299080180249,10.146897155647444,13.529196207529926,16.91149525941241,9.943198195247822,13.257597593663764,16.571996992079704,False,1.5,60.0,30.685471866778588,5.65096967510476,1.4088344001184512,6.143718413306537,-8.033328840690249,-0.0040815402725616,1.071558,69.4875,68.92789,2023-04-19T21:32:23.477,60.0,Red,data\RV_UMa\2023_04_19\Light\Red\reduced_images\RV_Uma_Light_Red_60_secs_001_reduced.fits,2,0.979925,792.0,42.87365638660955,1172.77461414199,937.0803108479164,7.0,V* RV UMa,False,0.8712661719710799,0.0082500324217292,1423.9095034445024,14.50670386518781,-7.883705971490188,-0.0110614147598832,2023-04-19 21:32:23.477,0.911785359135024,2023_04_19,6,"(0.909, 0.932]",-7.883705971490188,-0.0110614147598832
2,8,9,1120.9023513856089,905.6210387955732,1788.9609973142483,1788.9609973142483,248.7942796633852,78.24481201171875,5.932722022546941,5.813622627944311,156.14038303137144,248.79427966338503,0.6200387477874756,1.002573013305664,1634.6989036950763,8.899083033820412,11.865444045093884,14.831805056367353,8.720433941916468,11.627245255888624,14.53405656986078,False,1.5,60.0,29.816016621904144,3.824004346472563,1.0836373069782996,5.892678361777011,-8.033594428414602,-0.0039138059161319,1.060194,70.04212,70.58664,2023-04-19T21:43:37.376,60.0,Red,data\RV_UMa\2023_04_19\Light\Red\reduced_images\RV_Uma_Light_Red_60_secs_002_reduced.fits,2,0.979925,792.0,50.13825829697115,1172.7518477817885,936.9527776337547,7.0,V* RV UMa,False,0.8576306273464346,0.0038293014656922,1401.967846298537,8.045174581747638,-7.866845133336141,-0.0062304833452957,2023-04-19 21:43:37.376,0.9284494036755859,2023_04_19,6,"(0.909, 0.932]",-7.866845133336141,-0.0062304833452957
2,7,8,1140.131302404659,893.0373264051776,1628.1393692331594,1628.1393692331594,219.88282762295648,84.28106689453125,5.577370062610487,5.465404358603582,140.32612501993304,219.8828276229565,0.6345983743667603,0.9832032918930054,1488.6020842724647,8.36605509391573,11.154740125220972,13.943425156526216,8.198106537905371,10.930808717207164,13.663510896508956,False,1.5,60.0,27.13565615388599,2.911027597661262,0.9577118714244324,5.568159087433807,-7.931946556838806,-0.0040612276302397,1.037431,70.8135,74.55161,2023-04-19T22:10:29.771,60.0,Red,data\RV_UMa\2023_04_19\Light\Red\reduced_images\RV_Uma_Light_Red_60_secs_004_reduced.fits,2,0.979925,792.0,27.197180087152045,1172.70186922898,936.979743390822,7.0,V* RV UMa,False,0.9357811908326764,0.0047460812726977,1393.0058310964912,8.77865182278753,-7.859882335940973,-0.006842254282212,2023-04-19 22:10:29.771,0.9683203963572851,2023_04_19,6,"(0.955, 0.977]",-7.859882335940973,-0.006842254282212
2,8,9,1131.4308731968167,891.7946658870347,1765.5998086541658,1765.5998086541658,270.6097591322376,69.33126831054688,6.1873620884152265,6.063150794490291,158.44103788805367,270.6097591322377,0.5768473148345947,0.947849452495575,1609.499295730698,9.28104313262284,12.374724176830451,15.468405221038068,9.094726191735436,12.12630158898058,15.157876986225729,False,1.5,60.0,29.42666347756943,3.818978638406596,1.178655839775968,5.867222337337489,-8.016726977468124,-0.0039579114634659,1.028194,70.7684,76.54239,2023-04-19T22:23:57.532,60.0,Red,data\RV_UMa\2023_04_19\Light\Red\reduced_images\RV_Uma_Light_Red_60_secs_005_reduced.fits,2,0.979925,792.0,34.63902660451954,1172.7819591366288,937.0301007948268,7.0,V* RV UMa,False,0.880731473484244,0.0045578876466089,1417.5366863007505,8.973192852653005,-7.878835768474626,-0.006872852354761,2023-04-19 22:23:57.532,0.988294554624531,2023_04_19,6,"(0.977, 1.0]",-7.878835768474626,-0.006872852354761
3,7,7,1099.4278895309023,884.0931926591929,1835.6090169517504,1835.6090169517504,262.2182680875179,83.80178833007812,6.090672908280826,5.968402649647089,140.55007333158522,262.2182680875179,0.5363112390041351,0.8723462820053101,1694.978412704215,9.13600936242124,12.181345816561652,15.226682270702064,8.952603974470634,11.936805299294178,14.921006624117725,False,1.5,60.0,30.59348361586251,3.614016717806648,1.1421062343367443,5.945553512332212,-8.072910428467015,-0.0038084866788167,1.020534,70.22591,78.47913,2023-04-19T22:37:05.108,60.0,Red,data\RV_UMa\2023_04_19\Light\Red\reduced_images\RV_Uma_Light_Red_60_secs_006_reduced.fits,2,0.979925,792.0,64.70171308843857,1172.6786404048785,936.9814435781032,7.0,V* RV UMa,False,0.8635533535071861,0.004682370186313,1463.704292413012,9.452478843945752,-7.913633366080218,-0.0070115928188357,2023-04-19 22:37:05.108,0.007769582103605899,2023_04_19,6,"(-0.001, 0.0227]",-7.913633366080218,-0.0070115928188357
