Unnamed: 0.1,Unnamed: 0,id,xcenter,ycenter,aperture_sum,Circ_sum_flux,Circ_area (reduced pixs),Max_Flux,FWHM_from_aperature (reduced pix),FWHM_from_aperature (arcsec),Annu_sum_flux,Annu_area (reduced pix),Annu_pix_flux_median,Annu_pix_flux_max,Circ_sum_flux_minus_back,Apperature_radius (reduced pix),Anulus_in_radius (reduced pix),Anulus_out_radius (reduced pix),Apperature_radius (arcsec),Anulus_in_radius (arcsec),Anulus_out_radius (arcsec),Saturated,Number_FWHM,Exposure_sec,Er1_source,Er2_sky,Er3_read,Circ_sum_flux_minus_back_ERROR,Source_Mag,Source_Mag_Error,Air mass,Azimuth,Altitude,Date Observation,Exposure time /s ,Filter,File,BINNED,Arcsec_per_pix_binned_image,max_dist,Distance_to_centre_pix,xcenter_transformed,ycenter_transformed,matched_id,matched_MAIN_ID,matched_Normilsation_star,Norm_multiply_factor,Norm_multiply_factor_ERROR,Circ_sum_flux_minus_back_norm,Circ_sum_flux_minus_back_ERROR_norm,Source_Mag_norm,Source_Mag_Error_norm,time,phase,epoch_folder,epoch,phase_bin,Source_Mag_norm_calibrated,Source_Mag_Error_norm_calibrated
2,8,9,1147.0091970508656,899.1628809268408,7238.174382336669,7238.174382336669,268.3192593272545,183.78585815429688,6.1611208539203455,6.037436352777895,960.6839938322082,268.31925932725443,3.545870423316956,5.062795639038086,6286.749056681845,9.24168128088052,12.322241707840693,15.402802134800863,9.056154529166845,12.074872705555787,15.093590881944737,False,1.5,16.0,452.3858988960418,77.53206700624372,16.434554633794335,23.37418491704213,-9.496065313244875,-0.0040367761767381,1.267107,60.06607,52.08101,2022-03-20T21:31:12.756,16.0,Luminance,data\RV_UMa\2022_03_20\Light\Luminance\reduced_images\RV_Uma_Light_Luminance_16_secs_001_reduced.fits,2,0.979925,792.0,25.61061089221793,1172.7275250582802,937.0353308456644,7.0,V* RV UMa,False,0.962033722155507,0.0030336850429435,6048.064595257258,29.485520637619235,-9.454041052303468,-0.0052931804494135,2022-03-20 21:31:12.756,0.0,2022_03_20,1,"(-0.001, 0.0227]",-9.454041052303468,-0.0052931804494135
2,7,8,1147.8399600070902,897.9980121186536,7300.276745842355,7300.276745842355,268.1000948117517,205.5965576171875,6.158604122702993,6.034970144939731,977.0645075778796,268.1000948117517,3.619808316230774,5.159154891967773,6329.805793060517,9.23790618405449,12.317208245405986,15.396510306757484,9.052455217409596,12.069940289879462,15.087425362349329,False,1.5,16.0,456.2672966151472,72.66236562345755,16.42113080721979,23.352747012842503,-9.503475963710043,-0.0040056399424129,1.261728,60.28403,52.39635,2022-03-20T21:33:31.963,16.0,Luminance,data\RV_UMa\2022_03_20\Light\Luminance\reduced_images\RV_Uma_Light_Luminance_16_secs_002_reduced.fits,2,0.979925,792.0,24.18833050864912,1172.8117893955268,937.0347248981508,7.0,V* RV UMa,False,0.9596837426713616,0.0028793961649632,6074.611713867183,28.88688200607749,-9.458796308180338,-0.0051630515848408,2022-03-20 21:33:31.963,0.003442283856144318,2022_03_20,1,"(-0.001, 0.0227]",-9.458796308180338,-0.0051630515848408
2,7,7,1147.1096063183898,898.1164795252663,7373.796519201366,7373.796519201366,244.9321215512661,239.3246459960937,5.886493607638796,5.768322248465448,935.7880052447988,244.9321215512662,3.838366627693176,5.214864730834961,6433.657237788898,8.829740411458193,11.772987215277592,14.71623401909699,8.65248337269817,11.536644496930895,14.42080562116362,False,1.5,16.0,460.8622824500854,39190.48269290864,15.002092445015046,199.164120934981,-9.521144798820002,-0.0336106958757181,1.256306,60.51158,52.71931,2022-03-20T21:35:55.645,16.0,Luminance,data\RV_UMa\2022_03_20\Light\Luminance\reduced_images\RV_Uma_Light_Luminance_16_secs_003_reduced.fits,2,0.979925,792.0,24.76877528480512,1172.7474776819258,937.031196960267,7.0,V* RV UMa,False,0.9523304108704282,0.0038431412843547,6126.967440663006,191.2748692224844,-9.468113931131024,-0.0338950798394899,2022-03-20 21:35:55.645,0.006995224649484653,2022_03_20,1,"(-0.001, 0.0227]",-9.468113931131024,-0.0338950798394899
2,7,7,1146.9268463789106,897.7509927556412,7376.70365784288,7376.70365784288,247.5295582881402,230.2830810546875,5.917623604335402,5.798827310478369,974.2741544362368,247.52955828814035,3.9721522331237793,5.374652862548828,6393.478570124501,8.876435406503102,11.835247208670804,14.794059010838506,8.698240965717552,11.59765462095674,14.497068276195924,False,1.5,16.0,461.04397861518,52253.35631233415,15.161185445148586,229.6291825452385,-9.514343034581202,-0.0389954724058024,1.250955,60.73515,53.04312,2022-03-20T21:38:16.974,16.0,Luminance,data\RV_UMa\2022_03_20\Light\Luminance\reduced_images\RV_Uma_Light_Luminance_16_secs_004_reduced.fits,2,0.979925,792.0,24.629054354159525,1172.6562130110892,937.0926180587232,7.0,V* RV UMa,False,0.9548316302205052,0.0028867548147833,6104.695565891842,220.03263754282227,-9.464160027643324,-0.0391333848232224,2022-03-20 21:38:16.974,0.010489980912495998,2022_03_20,1,"(-0.001, 0.0227]",-9.464160027643324,-0.0391333848232224
1,7,7,1151.8708401763492,912.03728871797,7459.343787621439,7459.343787621439,256.7187889161657,212.49835205078125,6.026464911119409,5.905483628028687,1036.446302878781,256.7187889161657,4.031841278076172,5.764932632446289,6424.294377611519,9.039697366679114,12.052929822238818,15.066162277798522,8.85822544204303,11.810967256057374,14.763709070071718,False,1.5,16.0,466.20898672634,14676.886035086722,15.72402582111515,123.1211559709954,-9.51956358302833,-0.0208080590259442,1.245585,60.96642,53.37341,2022-03-20T21:40:43.682,16.0,Luminance,data\RV_UMa\2022_03_20\Light\Luminance\reduced_images\RV_Uma_Light_Luminance_16_secs_005_reduced.fits,2,0.979925,792.0,34.25645028934294,1172.6736838287727,937.0562859755936,7.0,V* RV UMa,False,0.9539026854879606,0.0027916288783735,6128.151659168835,118.80701342422014,-9.468323761635268,-0.0210492629797866,2022-03-20 21:40:43.682,0.014117748050407317,2022_03_20,1,"(-0.001, 0.0227]",-9.468323761635268,-0.0210492629797866
2,7,7,1151.834412075791,907.9300794088712,7521.14622625176,7521.14622625176,263.91289856499526,195.45733642578125,6.110322221169243,5.987657502579271,1066.3167567210598,263.91289856499515,3.9965415000915527,5.663092136383057,6466.407374727304,9.165483331753864,12.220644442338486,15.275805552923106,8.981486253868907,11.975315005158542,14.969143756448176,False,1.5,16.0,470.071639140735,20920.836409753243,16.16466503710596,146.31156042476988,-9.526657652723772,-0.0245663084804533,1.240656,61.17626,53.68133,2022-03-20T21:42:57.969,16.0,Luminance,data\RV_UMa\2022_03_20\Light\Luminance\reduced_images\RV_Uma_Light_Luminance_16_secs_006_reduced.fits,2,0.979925,792.0,30.464583787203026,1172.783639568668,937.0080192824956,7.0,V* RV UMa,False,0.9585136980896724,0.0037991229077125,6198.140046104198,142.3770969497465,-9.480653462092436,-0.024940380136112,2022-03-20 21:42:57.969,0.017438371095154,2022_03_20,1,"(-0.001, 0.0227]",-9.480653462092436,-0.024940380136112
2,7,7,1152.846279521287,909.6166224465692,7821.305575100119,7821.305575100119,274.307071766588,192.1331481933593,6.229487326629394,6.10443036854731,1152.814928780219,274.30707176658814,4.188974857330322,5.882795333862305,6672.240148281978,9.34423098994409,12.458974653258789,15.573718316573489,9.156645552820963,12.20886073709462,15.261075921368274,False,1.5,16.0,488.8315984437575,11400.135159342335,16.801308145703512,109.11355583029908,-9.560679172760048,-0.0177554367591756,1.235762,61.38631,53.99178,2022-03-20T21:45:13.812,16.0,Luminance,data\RV_UMa\2022_03_20\Light\Luminance\reduced_images\RV_Uma_Light_Luminance_16_secs_007_reduced.fits,2,0.979925,792.0,31.64727169377945,1172.7496157682413,937.034308236834,7.0,V* RV UMa,False,0.9556704163763464,0.0043621874577159,6376.462520671613,108.26237807971242,-9.51144952837688,-0.0184341056053092,2022-03-20 21:45:13.812,0.020797470607895552,2022_03_20,1,"(-0.001, 0.0227]",-9.51144952837688,-0.0184341056053092
2,7,7,1152.9542640065245,919.5451273258614,7833.947878933604,7833.947878933604,277.99053567675605,199.9071807861328,6.271173406820882,6.145279600678953,1207.1096934375396,277.99053567675605,4.333892822265625,6.099115371704102,6629.166691706336,9.406760110231325,12.542346813641764,15.677933517052203,9.21791940101843,12.290559201357906,15.363199001697383,False,1.5,16.0,489.6217424333503,28486.453437024345,17.026920310201305,170.27360952234463,-9.55364734893848,-0.0278877016027594,1.230921,61.5959,54.30367,2022-03-20T21:47:30.733,16.0,Luminance,data\RV_UMa\2022_03_20\Light\Luminance\reduced_images\RV_Uma_Light_Luminance_16_secs_008_reduced.fits,2,0.979925,792.0,41.05880391409555,1172.7044385160093,937.0602803905578,7.0,V* RV UMa,False,0.9607991360715484,0.0063654679642843,6369.297630265733,168.95323813724497,-9.510228858657056,-0.0288004515105499,2022-03-20 21:47:30.733,0.02418322669679292,2022_03_20,1,"(0.0227, 0.0455]",-9.510228858657056,-0.0288004515105499
2,7,7,1158.407552418227,882.14153287277,8173.877185375455,8173.877185375455,265.2108280254488,314.2484130859375,6.125329142484761,6.002363159949379,1220.4861198267797,265.2108280254486,4.595684051513672,6.0704121589660645,6955.052012730165,9.187993713727142,12.25065828496952,15.3133228562119,9.00354473992407,12.004726319898758,15.005907899873447,False,1.5,16.0,510.867324085966,62055.025675026605,16.244163216558736,250.1642203879866,-9.60575095543096,-0.0390525262375009,1.216793,62.216,55.2422,2022-03-20T21:54:17.309,16.0,Luminance,data\RV_UMa\2022_03_20\Light\Luminance\reduced_images\RV_Uma_Light_Luminance_16_secs_009_reduced.fits,2,0.979925,792.0,5.988458315796624,1172.8540068649663,937.0639434434788,7.0,V* RV UMa,False,0.9496697349275708,0.0039037719462118,6605.002401336924,239.11982032592363,-9.54968244961035,-0.039306730024892,2022-03-20 21:54:17.309,0.034236959634761074,2022_03_20,1,"(0.0227, 0.0455]",-9.54968244961035,-0.039306730024892
1,6,6,1158.680813530795,881.136540198971,8356.825027189425,8356.825027189425,271.9612277386326,326.3404541015625,6.202793186151904,6.0782721129399055,1279.1709513154133,271.9612277386325,4.650637626647949,6.128762722015381,7092.031908478768,9.304189779227857,12.405586372303809,15.50698296537976,9.117408169409858,12.156544225879813,15.195680282349764,False,1.5,16.0,522.301564199339,64791.59284278815,16.657625198991244,255.59841946339668,-9.62692670227887,-0.0391301761570741,1.212045,62.42503,55.56761,2022-03-20T21:56:37.886,16.0,Luminance,data\RV_UMa\2022_03_20\Light\Luminance\reduced_images\RV_Uma_Light_Luminance_16_secs_010_reduced.fits,2,0.979925,792.0,5.439252551412879,1172.7026793616778,937.0813346831912,7.0,V* RV UMa,False,0.953189329164269,0.0029872023885915,6760.049137254468,244.5530440427243,-9.574874631851468,-0.0392778348958619,2022-03-20 21:56:37.886,0.03771312058676205,2022_03_20,1,"(0.0227, 0.0455]",-9.574874631851468,-0.0392778348958619
2,8,8,1159.2342191346124,881.8263255297452,8478.659216932387,8478.659216932387,255.3028130515373,372.16448974609375,6.009821937271111,5.889174761880394,1235.6843308092575,255.30281305153747,4.810214757919312,6.287734031677246,7250.597857853567,9.014732905906666,12.019643874542222,15.024554843177778,8.83376214282059,11.778349523760788,14.722936904700983,False,1.5,16.0,529.9162010582742,70344.10916936742,15.637297299406658,266.2511270731546,-9.65093454596601,-0.0398696071535484,1.207444,62.6317,55.88797,2022-03-20T21:58:57.892,16.0,Luminance,data\RV_UMa\2022_03_20\Light\Luminance\reduced_images\RV_Uma_Light_Luminance_16_secs_011_reduced.fits,2,0.979925,792.0,5.103737081540676,1172.7777695047505,937.1043569595698,7.0,V* RV UMa,False,0.935148339298224,0.0045171932083429,6780.384545691024,251.1292452691808,-9.578135813331278,-0.0402130752061269,2022-03-20 21:58:57.892,0.041175161960854884,2022_03_20,1,"(0.0227, 0.0455]",-9.578135813331278,-0.0402130752061269
2,7,7,1157.892681606001,881.7294429375062,8680.506865546107,8680.506865546107,253.0667723094291,363.5147399902344,5.983445885318877,5.863328209171101,1224.6346635641437,253.06677230942933,4.848702192306519,6.699572563171387,7453.461451849444,8.975168827978315,11.966891770637757,14.958614713297194,8.794992313756651,11.726656418342202,14.658320522927754,False,1.5,16.0,542.5316790966317,84369.54829181763,15.50033980395253,291.42336953428804,-9.680895024257726,-0.0424512698240993,1.202928,62.84258,56.20749,2022-03-20T22:01:16.468,16.0,Luminance,data\RV_UMa\2022_03_20\Light\Luminance\reduced_images\RV_Uma_Light_Luminance_16_secs_012_reduced.fits,2,0.979925,792.0,6.347464914418389,1172.834767272887,937.0479698658784,7.0,V* RV UMa,False,0.9312829057524198,0.0063199460735566,6941.281238791999,275.4552310299251,-9.603599102498858,-0.0430859529862893,2022-03-20 22:01:16.468,0.044601842570659384,2022_03_20,1,"(0.0227, 0.0455]",-9.603599102498858,-0.0430859529862893
1,6,6,1167.8159098930655,885.3663557803883,10657.88018533851,10657.88018533851,244.3438427845476,414.5146179199219,5.879420258134277,5.761390896452232,1344.9663769327683,244.3438427845477,5.530861854553223,6.812402248382568,9306.448145886508,8.819130387201415,11.758840516268554,14.698550645335692,8.642086344678347,11.522781792904464,14.40347724113058,False,1.5,16.0,666.1175115836569,90379.41562921811,14.966060370553537,301.7623223684036,-9.921959904664476,-0.0352050829157722,1.168478,64.45975,58.82672,2022-03-20T22:19:55.413,16.0,Luminance,data\RV_UMa\2022_03_20\Light\Luminance\reduced_images\RV_Uma_Light_Luminance_16_secs_013_reduced.fits,2,0.979925,792.0,6.584750767774133,1172.8037619195493,937.1749935795066,7.0,V* RV UMa,False,0.913887004302184,0.0032963170235981,8505.042016737836,277.47765205387253,-9.82419115865522,-0.0354222274567576,2022-03-20 22:19:55.413,0.07227089879206638,2022_03_20,1,"(0.0682, 0.0909]",-9.82419115865522,-0.0354222274567576
1,6,6,1167.748558319198,885.558475507732,11059.400565134249,11059.400565134249,241.4112552340908,471.4601440429688,5.844031682059131,5.726712746041795,1352.4656225389062,241.41125523409085,5.535181522369385,7.540499687194824,9723.14544587051,8.766047523088696,11.688063364118262,14.610079205147828,8.590069119062692,11.45342549208359,14.316781865104486,False,1.5,16.0,691.2125353208905,78985.21826492445,14.786439383088055,282.2963287746201,-9.969516955731766,-0.0315226534794953,1.164492,64.64993,59.15301,2022-03-20T22:22:14.797,16.0,Luminance,data\RV_UMa\2022_03_20\Light\Luminance\reduced_images\RV_Uma_Light_Luminance_16_secs_014_reduced.fits,2,0.979925,792.0,6.704352276132615,1172.7412596122476,937.1044487810196,7.0,V* RV UMa,False,0.9144775878742006,0.0030821953360582,8891.598593889683,259.8873489886988,-9.872449621236514,-0.0317343502381617,2022-03-20 22:22:14.797,0.07571755947008416,2022_03_20,1,"(0.0682, 0.0909]",-9.872449621236514,-0.0317343502381617
2,7,7,1166.5093415839383,885.2295796727276,11296.045736421362,11296.045736421362,223.7331995349032,589.5579223632812,5.625990847229209,5.513049080971083,1264.642698638258,223.7331995349033,5.645712852478027,7.642374992370605,10032.912336281128,8.438986270843813,11.25198169445842,14.064977118073024,8.269573621456624,11.026098161942166,13.782622702427709,False,1.5,16.0,706.0028585263351,91772.71520980191,13.703658471512815,304.1256676553292,-10.00356754391319,-0.0329117047076705,1.160634,64.84516,59.47403,2022-03-20T22:24:31.296,16.0,Luminance,data\RV_UMa\2022_03_20\Light\Luminance\reduced_images\RV_Uma_Light_Luminance_16_secs_015_reduced.fits,2,0.979925,792.0,5.800456769797424,1172.750598027129,936.9802767733988,7.0,V* RV UMa,False,0.9129093478566432,0.0041412681633486,9159.139458017276,280.7308741064374,-9.904636679204907,-0.0332781999016245,2022-03-20 22:24:31.296,0.07909288042434538,2022_03_20,1,"(0.0682, 0.0909]",-9.904636679204907,-0.0332781999016245
2,6,6,1167.2426798919796,885.175217149552,11403.108618881328,11403.108618881328,213.29030520451272,563.1054077148438,5.49312349007595,5.382849036012676,1251.0520658008509,213.2903052045128,5.870421409606934,7.713368415832519,10151.00464474716,8.239685235113924,10.9862469801519,13.732808725189876,8.074273554019014,10.765698072025351,13.457122590031693,False,1.5,16.0,712.694288680083,10118.866034473302,13.064031193776405,104.13752615818738,-10.016272566233514,-0.0111383933296098,1.156839,65.02552,59.79489,2022-03-20T22:26:46.228,16.0,Luminance,data\RV_UMa\2022_03_20\Light\Luminance\reduced_images\RV_Uma_Light_Luminance_16_secs_016_reduced.fits,2,0.979925,792.0,6.10719620012871,1172.7590939864406,937.0916910037788,7.0,V* RV UMa,False,0.9184062985498752,0.0032010975196782,9322.746602344829,101.00989983018222,-9.923859700013937,-0.0117637119147952,2022-03-20 22:26:46.228,0.08242945290473262,2022_03_20,1,"(0.0682, 0.0909]",-9.923859700013937,-0.0117637119147952
2,7,7,1168.9542497553334,882.8607764353442,12003.6055026763,12003.6055026763,220.03558062034247,508.7861022949219,5.579307030791767,5.467302442148623,1285.6646238346773,220.0355806203425,5.810502052307129,7.339658737182617,10725.08830990121,8.368960546187651,11.158614061583537,13.948267576979418,8.200953663222935,10.934604884297244,13.668256105371558,False,1.5,16.0,750.2253439172688,11376.51411869068,13.477179312995975,110.18265127469454,-10.07600219208244,-0.0111541546482872,1.152903,65.22735,60.1332,2022-03-20T22:29:08.766,16.0,Luminance,data\RV_UMa\2022_03_20\Light\Luminance\reduced_images\RV_Uma_Light_Luminance_16_secs_017_reduced.fits,2,0.979925,792.0,5.720894375116692,1172.7464662928046,937.0804731692864,7.0,V* RV UMa,False,0.9189998374413748,0.0046057386947921,9856.3544133436,112.66414233297016,-9.984290778495703,-0.0124106270106649,2022-03-20 22:29:08.766,0.0859541050866423,2022_03_20,1,"(0.0682, 0.0909]",-9.984290778495703,-0.0124106270106649
2,6,6,1169.1512191464078,874.6563312644672,12462.644748124534,12462.644748124534,238.15300508177103,596.239990234375,5.804460198537223,5.687935660051588,1386.8610229490878,238.1530050817709,5.842363357543945,7.920104503631592,11071.268357745816,8.706690297805835,11.608920397074446,14.511150496343056,8.531903490077383,11.375871320103176,14.21983915012897,False,1.5,16.0,778.9152967577834,8948.248693801708,14.586871561258471,98.7003083182659,-10.110493444521984,-0.0096793334511629,1.14915,65.41479,60.46128,2022-03-20T22:31:27.803,16.0,Luminance,data\RV_UMa\2022_03_20\Light\Luminance\reduced_images\RV_Uma_Light_Luminance_16_secs_018_reduced.fits,2,0.979925,792.0,7.422253987127428,1172.710563625939,937.0219424677674,7.0,V* RV UMa,False,0.9032647169366946,0.0016241104009506,10000.28607928946,90.94770109004286,-10.000031060219918,-0.0098742386997788,2022-03-20 22:31:27.803,0.08939218521556351,2022_03_20,1,"(0.0682, 0.0909]",-10.000031060219918,-0.0098742386997788
1,5,5,1168.8517756106962,877.2447898842967,12874.559435786408,12874.559435786408,236.3420869187819,505.68060302734375,5.782349495089231,5.666268828975315,1412.806964513019,236.342086918782,5.924737453460693,8.224076271057129,11474.294621589635,8.673524242633846,11.564698990178462,14.455873737723078,8.499403243462972,11.33253765795063,14.165672072438287,False,1.5,16.0,804.6599647366504,7442.402398829028,14.475952823775389,90.89300477148645,-10.149314992305989,-0.0086006006725652,1.145516,65.59736,60.78421,2022-03-20T22:33:44.695,16.0,Luminance,data\RV_UMa\2022_03_20\Light\Luminance\reduced_images\RV_Uma_Light_Luminance_16_secs_019_reduced.fits,2,0.979925,792.0,5.579507985317405,1172.824847323954,937.108033536659,7.0,V* RV UMa,False,0.9181872645870124,0.0041407847873348,10535.551191662857,96.0337600345965,-10.056643154140245,-0.0098967133519436,2022-03-20 22:33:44.695,0.09277722419805223,2022_03_20,1,"(0.0909, 0.114]",-10.056643154140245,-0.0098967133519436
2,7,7,1169.6060929042146,887.3846354984686,13054.85331150558,13054.85331150558,216.61232197585085,585.4342041015625,5.5357361672094685,5.424606263652739,1319.2108840626652,216.6123219758508,6.048358678817749,8.55916976928711,11744.704293944078,8.303604250814203,11.071472334418935,13.83934041802367,8.136909395479108,10.849212527305475,13.561515659131846,False,1.5,16.0,815.9283319690987,19182.405667220475,13.267504721020863,141.46236780115973,-10.174605216656976,-0.0130774526534248,1.141875,65.78137,61.11314,2022-03-20T22:36:03.432,16.0,Luminance,data\RV_UMa\2022_03_20\Light\Luminance\reduced_images\RV_Uma_Light_Luminance_16_secs_020_reduced.fits,2,0.979925,792.0,9.271521940648572,1172.7042108586038,936.9892091277408,7.0,V* RV UMa,False,0.9140152299800766,0.0040341148141171,10734.83859627729,137.70615323744514,-10.07698879746092,-0.0139277880004375,2022-03-20 22:36:03.432,0.09620788598481507,2022_03_20,1,"(0.0909, 0.114]",-10.07698879746092,-0.0139277880004375
2,5,6,1170.1135132641302,883.5342187911084,13332.450097576677,13332.450097576677,212.48901230749084,645.8729248046875,5.48279544769732,5.372728329084796,1313.433194544767,212.4890123074909,6.189116477966309,8.436217308044434,12017.3308501176,8.224193171545979,10.96559089539464,13.7069886192433,8.059092493627194,10.745456658169593,13.431820822711993,False,1.5,16.0,833.2781310985423,91.58288941604644,13.014952003833812,30.62476077487664,-10.199520044834552,-0.0027668716081836,1.138199,65.96824,61.45088,2022-03-20T22:38:25.168,16.0,Luminance,data\RV_UMa\2022_03_20\Light\Luminance\reduced_images\RV_Uma_Light_Luminance_16_secs_021_reduced.fits,2,0.979925,792.0,7.061568302729928,1172.677979877088,937.0342345439836,7.0,V* RV UMa,False,0.9111686967320451,0.0041910843818246,10949.815688899453,57.57907366617417,-10.098517022605275,-0.005709291068632,2022-03-20 22:38:25.168,0.09971270646535464,2022_03_20,1,"(0.0909, 0.114]",-10.098517022605275,-0.005709291068632
1,4,5,1170.1299058219531,883.0047795976121,13962.138835592068,13962.138835592068,234.0197200696225,634.3030395507812,5.75386982667121,5.6383608899007855,1436.4974600566725,234.0197200696225,6.051008701324463,8.257431983947754,12546.083473169268,8.630804740006814,11.50773965334242,14.384674566678024,8.457541334851179,11.276721779801573,14.095902224751963,False,1.5,16.0,872.6336772245043,137.1705132531206,14.333707854264375,32.00215458890056,-10.24627043178302,-0.0027694617162194,1.134697,66.14728,61.77818,2022-03-20T22:40:42.352,16.0,Luminance,data\RV_UMa\2022_03_20\Light\Luminance\reduced_images\RV_Uma_Light_Luminance_16_secs_022_reduced.fits,2,0.979925,792.0,6.826744891691853,1172.8055025111223,937.1182198865088,7.0,V* RV UMa,False,0.902993683235302,0.0045848745639634,11329.034125614668,64.3730165059354,-10.135482212479168,-0.0061692915614017,2022-03-20 22:40:42.352,0.10310496596754418,2022_03_20,1,"(0.0909, 0.114]",-10.135482212479168,-0.0061692915614017
1,4,5,1170.8989237738915,892.7801766481496,14139.733922504636,14139.733922504636,214.21033637583605,666.8456420898438,5.504958080017357,5.39444604656101,1356.749446198885,214.210336375836,6.275163650512695,8.369853973388672,12795.529006114892,8.257437120026037,11.009916160034717,13.762395200043391,8.091669069841513,10.78889209312202,13.486115116402525,False,1.5,16.0,883.7333701565398,109.36758911625502,13.120383103019956,31.72099214047087,-10.267645614125293,-0.0026916143600861,1.131258,66.32407,62.10501,2022-03-20T22:42:59.151,16.0,Luminance,data\RV_UMa\2022_03_20\Light\Luminance\reduced_images\RV_Uma_Light_Luminance_16_secs_023_reduced.fits,2,0.979925,792.0,14.523362709643935,1172.7780001348517,937.1558525100972,7.0,V* RV UMa,False,0.9116014006800516,0.0042474029542069,11664.422164416565,61.561895762000695,-10.167158073636458,-0.0057302434805773,2022-03-20 22:42:59.151,0.10648770526396384,2022_03_20,1,"(0.0909, 0.114]",-10.167158073636458,-0.0057302434805773
2,5,6,1170.6616413925335,894.3435695826713,14836.880098038167,14836.880098038167,247.37476424739287,599.094970703125,5.915773004897995,5.797013861824667,1507.599098716295,247.37476424739268,5.96441912651062,8.337593078613281,13361.433322744962,8.873659507346993,11.83154600979599,14.789432512244986,8.695520792737002,11.594027723649337,14.492534654561668,False,1.5,16.0,927.3050061273856,106.3692152227396,15.151704310152812,32.38558206455888,-10.314632621915026,-0.0026316187874695,1.127843,66.50048,62.43515,2022-03-20T22:45:17.895,16.0,Luminance,data\RV_UMa\2022_03_20\Light\Luminance\reduced_images\RV_Uma_Light_Luminance_16_secs_024_reduced.fits,2,0.979925,792.0,15.815038868610134,1172.7429027861067,937.0598076474928,7.0,V* RV UMa,False,0.8992804494260537,0.0056388280488724,12015.67576345434,80.77581563113114,-10.199370501538196,-0.0072989009712071,2022-03-20 22:45:17.895,0.10991854014537702,2022_03_20,1,"(0.0909, 0.114]",-10.199370501538196,-0.0072989009712071
2,5,6,1170.6529633057598,885.6375105189907,14689.349784173628,14689.349784173628,216.4214681410816,670.9791259765625,5.533296903161866,5.422215967830892,1373.285678900688,216.4214681410816,6.343961477279663,8.510438919067383,13316.3803274303,8.2999453547428,11.066593806323732,13.833242257904663,8.133323951746338,10.844431935661785,13.55553991957723,False,1.5,16.0,918.0843615108516,108.92487497308343,13.255814923641248,32.25314017902097,-10.31096547622688,-0.0026297237799199,1.124396,66.67941,62.77409,2022-03-20T22:47:39.349,16.0,Luminance,data\RV_UMa\2022_03_20\Light\Luminance\reduced_images\RV_Uma_Light_Luminance_16_secs_025_reduced.fits,2,0.979925,792.0,8.720289307099696,1172.7891590450402,937.0432048055068,7.0,V* RV UMa,False,0.9063016832938756,0.0029899689126176,12068.657906131531,49.39367199326131,-10.204147442772634,-0.0044436173753657,2022-03-20 22:47:39.349,0.11341638738428769,2022_03_20,1,"(0.0909, 0.114]",-10.204147442772634,-0.0044436173753657
2,5,6,1171.3782678847606,893.0909554560857,15032.307045725827,15032.307045725827,236.71866040168305,742.1943359375,5.786954288168408,5.670781180833427,1502.636553007378,236.7186604016831,6.342047691345215,8.021202087402344,13531.026012027003,8.680431432252611,11.573908576336816,14.46738572042102,8.50617177125014,11.341562361666854,14.17695295208357,False,1.5,16.0,939.5191903578644,119.76837364487211,14.499017949603084,32.76868294503671,-10.328326822326916,-0.0026293752908347,1.12114,66.84921,63.0999,2022-03-20T22:49:55.451,16.0,Luminance,data\RV_UMa\2022_03_20\Light\Luminance\reduced_images\RV_Uma_Light_Luminance_16_secs_026_reduced.fits,2,0.979925,792.0,15.02704068446309,1172.7686410851663,936.98864129189,7.0,V* RV UMa,False,0.9002668896955347,0.0024813504186254,12181.534702236924,44.69427543975337,-10.214255016868062,-0.0039835861553192,2022-03-20 22:49:55.451,0.11678189139909266,2022_03_20,1,"(0.114, 0.136]",-10.214255016868062,-0.0039835861553192
2,5,6,1172.142845502325,902.5850938657458,15090.034121022369,15090.034121022369,237.3630036594047,668.6446533203125,5.79482492033741,5.678493810061637,1517.6982389465802,237.3630036594048,6.393369674682617,8.553248405456543,13572.48469153475,8.692237380506114,11.58964984067482,14.487062300843526,8.517740715092454,11.356987620123274,14.196234525154091,False,1.5,16.0,943.127132563898,120.4714599368504,14.538483974138536,32.834997738310975,-10.331648401213338,-0.0026266484463136,1.117948,67.01624,63.4247,2022-03-20T22:52:11.736,16.0,Luminance,data\RV_UMa\2022_03_20\Light\Luminance\reduced_images\RV_Uma_Light_Luminance_16_secs_027_reduced.fits,2,0.979925,792.0,24.00817356233664,1172.74751260885,937.0786827660936,7.0,V* RV UMa,False,0.9023658124289567,0.0035677823957789,12247.346175356332,56.76918422516284,-10.22010498373928,-0.0050326297424225,2022-03-20 22:52:11.736,0.12015192060261422,2022_03_20,1,"(0.114, 0.136]",-10.22010498373928,-0.0050326297424225
2,6,7,1172.4013869954565,899.9811805461908,15061.064791272833,15061.064791272833,201.4834983501836,781.863525390625,5.338921631763766,5.231742780006108,1341.6225081305,201.48349835018365,6.63551926612854,8.758712768554688,13724.117156163213,8.008382447645648,10.677843263527532,13.347304079409415,7.8476141700091615,10.463485560012217,13.079356950015272,True,1.5,16.0,941.316549454552,110.56121896232614,12.34086427394874,32.62236399605073,-10.34371104190577,-0.0025808058378024,1.114806,67.18122,63.74984,2022-03-20T22:54:27.259,16.0,Luminance,data\RV_UMa\2022_03_20\Light\Luminance\reduced_images\RV_Uma_Light_Luminance_16_secs_028_reduced.fits,2,0.979925,792.0,21.67558256349524,1172.7442488602928,937.0580821133514,7.0,V* RV UMa,False,0.9043596013550284,0.0027923381112616,12411.53712029747,48.36313676753068,-10.23456392625367,-0.0042307095450977,2022-03-20 22:54:27.259,0.1235031072170535,2022_03_20,1,"(0.114, 0.136]",-10.23456392625367,-0.0042307095450977
2,5,6,1172.8435115288123,903.0958516984982,15413.621268205748,15413.621268205748,241.93632590615204,668.3605346679688,5.850383628937385,5.732937177586467,1566.4060191367712,241.9363259061522,6.492477416992188,8.094708442687988,13842.855135909993,8.775575443406076,11.70076725787477,14.625959072343464,8.5994057663797,11.465874355172934,14.332342943966168,False,1.5,16.0,963.3513292628592,118.6764850701146,14.81859996175181,33.11867168674984,-10.353064185180465,-0.0025975956947293,1.111531,67.35386,64.09488,2022-03-20T22:56:50.325,16.0,Luminance,data\RV_UMa\2022_03_20\Light\Luminance\reduced_images\RV_Uma_Light_Luminance_16_secs_029_reduced.fits,2,0.979925,792.0,24.731074821755392,1172.8008347308837,937.006276050861,7.0,V* RV UMa,False,0.896297410151957,0.0036358676942569,12407.315207424845,58.43234483137261,-10.23419453901184,-0.005113282869961,2022-03-20 22:56:50.325,0.12704081568116193,2022_03_20,1,"(0.114, 0.136]",-10.23419453901184,-0.005113282869961
2,5,6,1173.9552930887294,913.7932677148824,15303.122127402106,15303.122127402106,212.29734353015755,702.312255859375,5.4803221014910575,5.370304635303625,1408.8670543310393,212.2973435301576,6.615518093109131,8.806085586547852,13898.665210159344,8.220483152236586,10.960644202982117,13.700805253727644,8.055456952955437,10.74060927060725,13.425761588259062,False,1.5,16.0,956.4451329626316,106.41016971227944,13.003212291222148,32.800282239123085,-10.35743273450261,-0.0025622930989998,1.10843,67.51776,64.42743,2022-03-20T22:59:08.332,16.0,Luminance,data\RV_UMa\2022_03_20\Light\Luminance\reduced_images\RV_Uma_Light_Luminance_16_secs_030_reduced.fits,2,0.979925,792.0,35.22914707074539,1172.7827777591708,937.0587678162116,7.0,V* RV UMa,False,0.9099562966433266,0.0025232993062937,12647.17792292204,46.051843539438536,-10.25498407084813,-0.0039534633047269,2022-03-20 22:59:08.332,0.1304534261686727,2022_03_20,1,"(0.114, 0.136]",-10.25498407084813,-0.0039534633047269
2,5,6,1174.4097663042849,915.9589203451004,15431.91843769097,15431.91843769097,227.28733146415857,854.15087890625,5.670500844404167,5.556665539952753,1473.7509505701578,227.28733146415863,6.507152557373047,9.265443801879885,13952.925097495476,8.50575126660625,11.341001688808332,14.176252111010417,8.33499830992913,11.113331079905509,13.891663849881883,True,1.5,16.0,964.4949023556856,108.47476101676082,13.92134905217971,32.9680301568751,-10.361663157112435,-0.0025653820751393,1.105445,67.6759,64.75325,2022-03-20T23:01:24.399,16.0,Luminance,data\RV_UMa\2022_03_20\Light\Luminance\reduced_images\RV_Uma_Light_Luminance_16_secs_031_reduced.fits,2,0.979925,792.0,37.43537347075748,1172.7309306915638,937.0648443067122,7.0,V* RV UMa,False,0.903370373144458,0.0049092508104638,12604.65915178116,74.69283694883876,-10.251327765550393,-0.0064338683287592,2022-03-20 23:01:24.399,0.1338180647102258,2022_03_20,1,"(0.114, 0.136]",-10.251327765550393,-0.0064338683287592
2,6,7,1179.6876127324188,881.7989845613191,15351.584245558435,15351.584245558435,221.22241819648065,623.8056640625,5.594333750716968,5.482027500671324,1492.11304519784,221.2224181964806,6.699366569519043,8.564034461975098,13869.534172664771,8.391500626075452,11.188667501433937,13.985834376792418,8.223041251006988,10.964055001342649,13.705068751678311,False,1.5,16.0,959.4740153474024,95.45318912860829,13.54987311453444,32.68756763037814,-10.35515468735543,-0.0025588513053111,1.094607,68.25593,65.98642,2022-03-20T23:09:51.121,16.0,Luminance,data\RV_UMa\2022_03_20\Light\Luminance\reduced_images\RV_Uma_Light_Luminance_16_secs_032_reduced.fits,2,0.979925,792.0,15.790425538731109,1172.7428482288974,937.0727366788336,7.0,V* RV UMa,False,0.9023943946504422,0.0061108473745863,12515.78989382545,89.74085423905922,-10.243645659771571,-0.0077849576670616,2022-03-20 23:09:51.121,0.14634818862750845,2022_03_20,1,"(0.136, 0.159]",-10.243645659771571,-0.0077849576670616
2,5,6,1178.636043192023,882.3291647460715,15191.257473404256,15191.257473404256,219.19354585824453,608.5117797851562,5.568621318876745,5.456831245900294,1467.0548747207354,219.1935458582444,6.638149738311768,8.417957305908203,13736.217894325722,8.352931978315118,11.13724263775349,13.921553297191862,8.185246868850442,10.913662491800588,13.642078114750737,False,1.5,16.0,949.453592087766,99.45526110564508,13.425604683817475,32.59347262685013,-10.344667928291427,-0.0025762486837357,1.091736,68.40932,66.32752,2022-03-20T23:12:13.175,16.0,Luminance,data\RV_UMa\2022_03_20\Light\Luminance\reduced_images\RV_Uma_Light_Luminance_16_secs_033_reduced.fits,2,0.979925,792.0,14.820214867980273,1172.7352828033786,937.0085378336004,7.0,V* RV UMa,False,0.9066038899351396,0.0030221945444048,12453.30857599237,50.95623402609787,-10.238211873640298,-0.004442596744685,2022-03-20 23:12:13.175,0.1498608725507359,2022_03_20,1,"(0.136, 0.159]",-10.238211873640298,-0.004442596744685
3,7,8,1180.5826009147245,882.2782504910793,15134.663966915898,15134.663966915898,216.37423739850783,606.6937255859375,5.5326930906475695,5.42162427685282,1444.55418496239,216.374237398508,6.683634281158447,8.868637084960938,13688.497696279714,8.299039635971354,11.06538618129514,13.831732726618924,8.13243641527923,10.84324855370564,13.55406069213205,False,1.5,16.0,945.9164979322436,112.15869060419035,13.252922040658603,32.73114893457137,-10.3408894680309,-0.0025961500093069,1.088873,68.555,66.67408,2022-03-20T23:14:33.570,16.0,Luminance,data\RV_UMa\2022_03_20\Light\Luminance\reduced_images\RV_Uma_Light_Luminance_16_secs_034_reduced.fits,2,0.979925,792.0,16.73837143802002,1172.731461921635,936.9812819354664,7.0,V* RV UMa,False,0.8988282764513258,0.0032986717340928,12303.608791555038,53.89238175986903,-10.225081284367956,-0.0047557518309179,2022-03-20 23:14:33.570,0.15333253304182748,2022_03_20,1,"(0.136, 0.159]",-10.225081284367956,-0.0047557518309179
2,5,6,1181.8026040492,882.1046784460004,15492.085942156446,15492.085942156446,258.1148381599039,592.2394409179688,6.042828798833524,5.921519010696941,1702.225299531818,258.1148381599041,6.5353405475616455,9.009541511535645,13805.217574402714,9.064243198250283,12.085657597667048,15.10707199708381,8.88227851604541,11.843038021393882,14.803797526742354,False,1.5,16.0,968.2553713847778,121.67561688208296,15.809533837294111,33.25267691636502,-10.350108139103886,-0.0026152166772195,1.086166,68.6932,67.00792,2022-03-20T23:16:51.296,16.0,Luminance,data\RV_UMa\2022_03_20\Light\Luminance\reduced_images\RV_Uma_Light_Luminance_16_secs_035_reduced.fits,2,0.979925,792.0,17.92658311819771,1172.8071709606802,937.0535968140742,7.0,V* RV UMa,False,0.9016771377674788,0.0032072006102942,12447.849068744736,53.47302333265328,-10.2377357845477,-0.0046640666262506,2022-03-20 23:16:51.296,0.1567381950155165,2022_03_20,1,"(0.136, 0.159]",-10.2377357845477,-0.0046640666262506
2,6,7,1180.0091955583464,881.2730762818551,15206.237208571163,15206.237208571163,257.60475045160115,470.5719909667969,6.036854913194192,5.915665050811819,1734.3128881394969,257.6047504516009,6.701176643371582,8.621528625488281,13479.98227162333,9.05528236979129,12.073709826388384,15.09213728298548,8.87349757621773,11.83133010162364,14.789162627029548,False,1.5,16.0,950.3898255356978,114.86477954787958,15.778290965160569,32.879064707633304,-10.324223302578886,-0.0026482223946844,1.083348,68.8511,67.36242,2022-03-20T23:19:18.089,16.0,Luminance,data\RV_UMa\2022_03_20\Light\Luminance\reduced_images\RV_Uma_Light_Luminance_16_secs_036_reduced.fits,2,0.979925,792.0,16.059734295585333,1172.6363431495406,937.1103496127172,7.0,V* RV UMa,False,0.8994302968385206,0.0044794083487252,12124.304455944168,67.2350804096663,-10.209142083730132,-0.0060209277402968,2022-03-20 23:19:18.089,0.16036806401703937,2022_03_20,1,"(0.159, 0.182]",-10.209142083730132,-0.0060209277402968
2,5,6,1180.1335326511596,881.1621706278773,14953.813119600074,14953.813119600074,230.73316007107792,559.5640258789062,5.713323450829693,5.598628482554287,1573.4755412345196,230.7331600710777,6.813467025756836,8.674901008605957,13381.72034170711,8.56998517624454,11.426646901659383,14.28330862707423,8.39794272383143,11.197256965108574,13.996571206385717,False,1.5,16.0,934.6133199750046,91.1317277012286,14.13240605435352,32.24713093797008,-10.316279873804255,-0.0026163958493294,1.080632,68.98298,67.71074,2022-03-20T23:21:41.738,16.0,Luminance,data\RV_UMa\2022_03_20\Light\Luminance\reduced_images\RV_Uma_Light_Luminance_16_secs_037_reduced.fits,2,0.979925,792.0,16.17533666958231,1172.7224460516663,937.0093611484888,7.0,V* RV UMa,False,0.9086786653774248,0.0039855520616918,12159.683780556352,60.85302315232929,-10.212305702525768,-0.0054335566284311,2022-03-20 23:21:41.738,0.16392018879274228,2022_03_20,1,"(0.159, 0.182]",-10.212305702525768,-0.0054335566284311
2,6,7,1180.996059522544,881.6587773547215,14977.345617526113,14977.345617526113,219.81707271053355,607.4351806640625,5.5765360572768135,5.464587095926982,1509.6276284627938,219.8170727105334,6.81370735168457,9.119915008544922,13479.576413172568,8.364804085915221,11.153072114553629,13.941340143192033,8.196880643890474,10.929174191853964,13.661467739817454,False,1.5,16.0,936.084101095382,110.73666955454316,13.463795703520178,32.562011091967975,-10.324190612487836,-0.0026227644889298,1.077974,69.12537,68.05857,2022-03-20T23:24:03.919,16.0,Luminance,data\RV_UMa\2022_03_20\Light\Luminance\reduced_images\RV_Uma_Light_Luminance_16_secs_038_reduced.fits,2,0.979925,792.0,17.07681415271592,1172.77322350929,937.0766958902816,7.0,V* RV UMa,False,0.9020125878204353,0.0034014973365199,12158.74760316909,54.451505948021534,-10.212222108179745,-0.004862340542044,2022-03-20 23:24:03.919,0.16743601314748346,2022_03_20,1,"(0.159, 0.182]",-10.212222108179745,-0.004862340542044
2,6,7,1180.2625926532503,881.1970875063013,14860.405794540642,14860.405794540642,220.7160560629461,605.417724609375,5.587927569892935,5.475749923927335,1506.033966892183,220.716056062946,6.769764184951782,9.74598503112793,13366.2101431619,8.381891354839404,11.17585513978587,13.969818924732335,8.213624885891003,10.95149984785467,13.689374809818336,False,1.5,16.0,928.77536215879,138.9354716730805,13.518858433855447,32.8820572997756,-10.315020712015984,-0.002671006943248,1.075397,69.26491,68.40243,2022-03-20T23:26:26.608,16.0,Luminance,data\RV_UMa\2022_03_20\Light\Luminance\reduced_images\RV_Uma_Light_Luminance_16_secs_039_reduced.fits,2,0.979925,792.0,16.306591866582455,1172.6769498921726,937.0085374656518,7.0,V* RV UMa,False,0.9037355797306216,0.0037971398234681,12079.519672531733,58.81314326955002,-10.205124163586056,-0.0052862663991997,2022-03-20 23:26:26.608,0.17096439922827952,2022_03_20,1,"(0.159, 0.182]",-10.205124163586056,-0.0052862663991997
2,6,7,1180.8354199990329,881.9381426592885,14699.884750837187,14699.884750837187,213.4166448028493,638.9847412109375,5.494750137557423,5.384443028545958,1474.309629079737,213.41664480284948,6.841026544570923,8.900771141052246,13239.895818687632,8.242125206336134,10.989500275114846,13.736875343893558,8.076664542818936,10.768886057091915,13.461107571364897,False,1.5,16.0,918.7427969273242,107.90486106784245,13.071769494174518,32.244680607649705,-10.30471141941572,-0.0026442214973605,1.072829,69.38647,68.75207,2022-03-20T23:28:49.631,16.0,Luminance,data\RV_UMa\2022_03_20\Light\Luminance\reduced_images\RV_Uma_Light_Luminance_16_secs_040_reduced.fits,2,0.979925,792.0,16.94661510483995,1172.700743190801,936.9605748846228,7.0,V* RV UMa,False,0.9013564608970842,0.0029031717570661,11933.865637778386,48.18889286111271,-10.191952859641676,-0.0043841976468121,2022-03-20 23:28:49.631,0.17450104439667857,2022_03_20,1,"(0.159, 0.182]",-10.191952859641676,-0.0043841976468121
1,4,5,1182.95957492323,882.5633603685956,14815.445635558208,14815.445635558208,239.72119964144724,476.42822265625,5.823539503074697,5.7066319475504725,1637.2258975152915,239.7211996414474,6.902569770812988,8.711272239685059,13160.75332949013,8.735309254612044,11.647079006149394,14.558848757686745,8.559947921325708,11.413263895100943,14.266579868876182,False,1.5,16.0,925.965352222388,119.85950577440497,14.682923478038642,32.56543845052346,-10.298201873171442,-0.0026865844731188,1.070329,69.51301,69.0995,2022-03-20T23:31:11.531,16.0,Luminance,data\RV_UMa\2022_03_20\Light\Luminance\reduced_images\RV_Uma_Light_Luminance_16_secs_041_reduced.fits,2,0.979925,792.0,19.13207510043962,1172.7040481015438,937.1347185260572,7.0,V* RV UMa,False,0.8994786628649781,0.0058686128874818,11837.81680710559,82.60337921093145,-10.183179037206084,-0.0075761840976319,2022-03-20 23:31:11.531,0.17800992023759807,2022_03_20,1,"(0.159, 0.182]",-10.183179037206084,-0.0075761840976319
2,5,6,1180.7714720410158,881.3342985081825,14726.221450733156,14726.221450733156,242.9468186420463,627.1875,5.862588514021726,5.7448970496027405,1673.4305104309,242.9468186420464,6.867696285247803,9.1500825881958,13057.736486832402,8.793882771032589,11.725177028043452,14.656471285054316,8.61734557440411,11.48979409920548,14.362242624006852,False,1.5,16.0,920.3888406708222,101.14521714673464,14.880492641825334,32.19339296283295,-10.289669750066626,-0.0026768446682164,1.067877,69.64269,69.44732,2022-03-20T23:33:34.221,16.0,Luminance,data\RV_UMa\2022_03_20\Light\Luminance\reduced_images\RV_Uma_Light_Luminance_16_secs_042_reduced.fits,2,0.979925,792.0,16.82446513062196,1172.766992137007,936.9461137915682,7.0,V* RV UMa,False,0.9103406329661028,0.003487263351514,11886.988098527583,54.15167138002728,-10.187679569706663,-0.0049461166847422,2022-03-20 23:33:34.221,0.18153833104620135,2022_03_20,1,"(0.159, 0.182]",-10.187679569706663,-0.0049461166847422
1,4,5,1179.029782415903,881.1925838069258,14763.420617153715,14763.420617153715,247.29456376733867,476.9466552734375,5.914813961445608,5.796074071169588,1692.3038757822787,247.2945637673388,6.885966777801514,8.962224006652832,13060.558466720904,8.872220942168411,11.829627922891216,14.78703490361402,8.69411110675438,11.592148142339177,14.490185177923973,False,1.5,16.0,922.7137885721072,119.04276869299608,15.146792030749491,32.510049973752004,-10.289904369190992,-0.0027025902732213,1.065473,69.76065,69.79553,2022-03-20T23:35:57.934,16.0,Luminance,data\RV_UMa\2022_03_20\Light\Luminance\reduced_images\RV_Uma_Light_Luminance_16_secs_043_reduced.fits,2,0.979925,792.0,15.077022769961104,1172.7026374930529,937.2095968321892,7.0,V* RV UMa,False,0.9025056216939225,0.0047328695213197,11787.22743867777,68.42386793048665,-10.17852915869076,-0.0063026077224867,2022-03-20 23:35:57.934,0.18509203840156468,2022_03_20,1,"(0.182, 0.205]",-10.17852915869076,-0.0063026077224867
2,6,8,1175.159465125281,878.6734199456093,14473.732669516532,14473.732669516532,239.3206050316787,441.2825927734375,5.818671652498229,5.701861819074328,1646.036411426635,239.3206050316786,6.901151180267334,9.039551734924316,12822.14499363987,8.728007478747344,11.637343304996458,14.546679131245572,8.552792728611491,11.403723638148657,14.254654547685815,False,1.5,16.0,904.6082918447833,123.70459787459988,14.658387058190318,32.29506582711318,-10.269901709013505,-0.0027346377864964,1.059524,70.05217,70.6899,2022-03-20T23:41:59.704,16.0,Luminance,data\RV_UMa\2022_03_20\Light\Luminance\reduced_images\RV_Uma_Light_Luminance_16_secs_044_reduced.fits,2,0.979925,792.0,11.238037040474229,1172.6539022805027,937.0041555770468,7.0,V* RV UMa,False,0.9029667491263658,0.0051194893360964,11577.970581733898,71.82873564674,-10.15908110435204,-0.006735814215723,2022-03-20 23:41:59.704,0.1940378172103698,2022_03_20,1,"(0.182, 0.205]",-10.15908110435204,-0.006735814215723
1,5,7,1173.5957143739363,879.0951956829175,14302.412685409245,14302.412685409245,246.26053557929328,412.4035034179688,5.902435017358107,5.783943634384643,1728.016006722933,246.2605355792934,7.066071510314941,9.464688301086426,12562.318130837502,8.853652526037159,11.804870034716211,14.756087543395267,8.675915451576964,11.567887268769288,14.459859085961607,False,1.5,16.0,893.9007928380778,154.34353640605414,15.083457804231712,32.60870722749315,-10.247674468434704,-0.0028183057982218,1.057364,70.15096,71.02734,2022-03-20T23:44:17.686,16.0,Luminance,data\RV_UMa\2022_03_20\Light\Luminance\reduced_images\RV_Uma_Light_Luminance_16_secs_045_reduced.fits,2,0.979925,792.0,9.63827812414534,1172.709001688565,937.0270301390624,7.0,V* RV UMa,False,0.90210413536673,0.0048286828008545,11332.51913562096,67.41584622820567,-10.135816152657409,-0.0064589191642568,2022-03-20 23:44:17.686,0.1974498095027007,2022_03_20,1,"(0.182, 0.205]",-10.135816152657409,-0.0064589191642568
2,6,8,1173.9604131588692,879.6271095927278,14447.152402899042,14447.152402899042,280.14742238353995,342.25048828125,6.2954549437082665,6.169073685713324,1935.1660076704093,280.1474223835399,6.912596702575684,8.791219711303711,12510.606254695507,9.4431824155624,12.590909887416531,15.738637359270664,9.253610528569986,12.338147371426649,15.422684214283308,False,1.5,16.0,902.9470251811902,158.15002596360807,17.15902962099182,32.836809844529505,-10.24319588947921,-0.0028497510489216,1.055281,70.24156,71.35952,2022-03-20T23:46:32.633,16.0,Luminance,data\RV_UMa\2022_03_20\Light\Luminance\reduced_images\RV_Uma_Light_Luminance_16_secs_046_reduced.fits,2,0.979925,792.0,9.967390709268402,1172.7168559219394,937.0603747812366,7.0,V* RV UMa,False,0.9064299067645692,0.0023320076416056,11339.987661011886,41.67831845460761,-10.13653145500832,-0.0039904504883357,2022-03-20 23:46:32.633,0.20078675290019585,2022_03_20,1,"(0.182, 0.205]",-10.13653145500832,-0.0039904504883357
2,5,7,1173.9731711478075,878.6731551149285,14189.618033901874,14189.618033901874,247.39030402055403,485.3504638671875,5.915958812709001,5.797195939543868,1730.6341790120978,247.3903040205539,6.9479405879974365,9.157211303710938,12470.764899520442,8.873938219063502,11.831917625418004,14.789897031772504,8.695793909315803,11.594391879087736,14.49298984885967,False,1.5,16.0,886.8511271188671,133.47533938107202,15.152656121258932,32.17886142518405,-10.239732729817684,-0.0028015727310006,1.053186,70.33205,71.70101,2022-03-20T23:48:51.278,16.0,Luminance,data\RV_UMa\2022_03_20\Light\Luminance\reduced_images\RV_Uma_Light_Luminance_16_secs_047_reduced.fits,2,0.979925,792.0,10.061046669830189,1172.6579034510114,936.9984391106988,7.0,V* RV UMa,False,0.903934643868949,0.0038265799606227,11272.7564282214,55.88669190703551,-10.130075308126806,-0.0053827300495665,2022-03-20 23:48:51.278,0.2042151397286968,2022_03_20,1,"(0.182, 0.205]",-10.130075308126806,-0.0053827300495665
2,6,8,1173.9963192031903,878.9278289473127,14297.403643919588,14297.403643919588,273.6008169960055,426.9458923339844,6.221462668958185,6.096566805878849,1882.78223398936,273.6008169960056,6.801255941390991,8.867923736572266,12436.574461756076,9.332194003437277,12.44292533791637,15.553656672395462,9.144850208818273,12.193133611757698,15.241417014697124,False,1.5,16.0,893.5877277449742,127.45078332323943,16.758050041005337,32.21485000910634,-10.236751936171656,-0.0028124166420019,1.051223,70.40957,72.02786,2022-03-20T23:51:05.365,16.0,Luminance,data\RV_UMa\2022_03_20\Light\Luminance\reduced_images\RV_Uma_Light_Luminance_16_secs_048_reduced.fits,2,0.979925,792.0,10.053653484097024,1172.676725486097,936.8795737364164,7.0,V* RV UMa,False,0.911845781300585,0.0040051028439274,11340.237956782872,57.826476000371976,-10.136555419071556,-0.0055364180916175,2022-03-20 23:51:05.365,0.20753081721200453,2022_03_20,1,"(0.205, 0.227]",-10.136555419071556,-0.0055364180916175
2,5,7,1174.5950576350813,879.2620563876646,13960.614176861818,13960.614176861818,252.9351826702256,361.2991333007813,5.9818900471947005,5.861803604497268,1775.637514297181,252.93518267022552,7.03995943069458,8.752730369567871,12179.960752268107,8.972835070792051,11.9637800943894,14.95472511798675,8.7927054067459,11.723607208994537,14.654509011243167,False,1.5,16.0,872.5383860538636,158.76760838805038,15.492279938551311,32.35426207442329,-10.214114722158223,-0.0028840974471853,1.049271,70.47261,72.35978,2022-03-20T23:53:21.408,16.0,Luminance,data\RV_UMa\2022_03_20\Light\Luminance\reduced_images\RV_Uma_Light_Luminance_16_secs_049_reduced.fits,2,0.979925,792.0,10.62072535496896,1172.71254013607,937.0013338090488,7.0,V* RV UMa,False,0.9151606504061168,0.0023389305869173,11146.620803966658,41.08873713790439,-10.117858067872811,-0.0040022469861482,2022-03-20 23:53:21.408,0.21089486228618498,2022_03_20,1,"(0.205, 0.227]",-10.117858067872811,-0.0040022469861482
2,6,7,1175.819937729483,879.4344524174611,13980.387357067842,13980.387357067842,265.29464984268395,425.7881774902344,6.126297043496388,6.003311630348199,1838.990119422432,265.29464984268384,6.945056915283203,8.671140670776367,12137.900914590276,9.189445565244585,12.252594086992776,15.315742608740967,9.004967445522299,12.006623260696395,15.008279075870494,False,1.5,16.0,873.7742098167402,127.27729707709506,16.24929730286439,31.8951533026054,-10.210358969724496,-0.0028530240064262,1.047311,70.54049,72.70077,2022-03-20T23:55:38.452,16.0,Luminance,data\RV_UMa\2022_03_20\Light\Luminance\reduced_images\RV_Uma_Light_Luminance_16_secs_050_reduced.fits,2,0.979925,792.0,11.833459848960914,1172.7003337627225,937.0171233582251,7.0,V* RV UMa,False,0.9064173446110512,0.0031726271905563,11002.003916154968,48.1534250943743,-10.103679488001418,-0.0047520358478787,2022-03-20 23:55:38.452,0.2142836598953673,2022_03_20,1,"(0.205, 0.227]",-10.103679488001418,-0.0047520358478787
2,6,7,1174.0656743067327,879.2306809044105,13865.183973430978,13865.183973430978,254.0212668895438,497.2166137695313,5.994719177997804,5.8743751904994985,1766.1352073566084,254.02126688954385,6.933825969696045,9.247209548950195,12103.844716217169,8.992078766996705,11.989438355995608,14.98679794499451,8.811562785749247,11.748750380998995,14.685937976248749,False,1.5,16.0,866.5739983394361,140.40413340664784,15.558802596984556,31.9771314276792,-10.20730835839816,-0.0028684050505723,1.045435,70.61289,73.03449,2022-03-20T23:57:54.573,16.0,Luminance,data\RV_UMa\2022_03_20\Light\Luminance\reduced_images\RV_Uma_Light_Luminance_16_secs_051_reduced.fits,2,0.979925,792.0,10.095031011347007,1172.665207585821,936.9380752623064,7.0,V* RV UMa,False,0.9117515878678047,0.0033943542824297,11035.699639316344,50.37838161458363,-10.10699967923637,-0.0049564263838068,2022-03-20 23:57:54.573,0.21764963373850893,2022_03_20,1,"(0.205, 0.227]",-10.10699967923637,-0.0049564263838068
2,7,8,1174.7095543988034,878.8317353382429,13350.959646311005,13350.959646311005,204.53948604080364,608.9761352539062,5.379258128186627,5.271269521263281,1475.3926034016722,204.5394860408037,7.179022312164307,9.192143440246582,11882.566112305456,8.06888719227994,10.758516256373252,13.448145320466567,7.906904281894921,10.54253904252656,13.178173803158202,False,1.5,16.0,834.4349778944378,115.43700324278574,12.52804351999922,31.02257282459375,-10.187275598260577,-0.0028346007219371,1.043622,70.65665,73.36439,2022-03-21T00:00:09.505,16.0,Luminance,data\RV_UMa\2022_03_20\Light\Luminance\reduced_images\RV_Uma_Light_Luminance_16_secs_052_reduced.fits,2,0.979925,792.0,10.773086732262056,1172.701572065816,936.9734987670878,7.0,V* RV UMa,False,0.9246797089535572,0.0038269650914614,10987.567774348012,53.766003270935634,-10.102253917345545,-0.0053128861214112,2022-03-21 00:00:09.505,0.22098620621889617,2022_03_20,1,"(0.205, 0.227]",-10.102253917345545,-0.0053128861214112
1,5,6,1174.7921703181169,878.9560250882962,13210.522407753702,13210.522407753702,213.58265904969443,445.4763793945313,5.496886872198748,5.386536868239358,1550.770282679844,213.5826590496944,7.294989585876465,9.12205696105957,11652.43913426238,8.245330308298122,10.993773744397496,13.74221718049687,8.079805302359038,10.773073736478716,13.466342170598397,False,1.5,16.0,825.6576504846064,115.7363298523905,13.081937866793782,30.89459367274136,-10.166042107755814,-0.0028786572918589,1.041782,70.70925,73.70691,2022-03-21T00:02:27.308,16.0,Luminance,data\RV_UMa\2022_03_20\Light\Luminance\reduced_images\RV_Uma_Light_Luminance_16_secs_053_reduced.fits,2,0.979925,792.0,10.842546923648037,1172.6377785594457,936.966298355976,7.0,V* RV UMa,False,0.929291078431026,0.0062587539739849,10828.507729430576,78.37739809337474,-10.086421527175522,-0.0078586247404555,2022-03-21 00:02:27.308,0.2243937722337392,2022_03_20,1,"(0.205, 0.227]",-10.086421527175522,-0.0078586247404555
2,7,8,1174.7434771059195,878.5173979619526,13058.669601092322,13058.669601092322,201.45190954279605,515.350830078125,5.338503094317095,5.231332644698679,1465.440842180462,201.4519095427959,7.223809242248535,9.53909683227539,11603.419435068456,8.007754641475643,10.67700618863419,13.346257735792737,7.84699896704802,10.46266528939736,13.078331611746698,False,1.5,16.0,816.1668500682702,110.11474745705968,12.338929459496256,30.63691444948114,-10.161464978012337,-0.0028667073017586,1.040017,70.75327,74.04352,2022-03-21T00:04:44.584,16.0,Luminance,data\RV_UMa\2022_03_20\Light\Luminance\reduced_images\RV_Uma_Light_Luminance_16_secs_054_reduced.fits,2,0.979925,792.0,10.845294331120709,1172.6971189133565,937.0433670513934,7.0,V* RV UMa,False,0.9284872619030508,0.0031496897260547,10773.627139979357,46.31273862124255,-10.080904852878296,-0.0046672691015998,2022-03-21 00:04:44.584,0.22778830669419067,2022_03_20,1,"(0.227, 0.25]",-10.080904852878296,-0.0046672691015998
2,6,7,1173.1689791879032,879.1646636910738,12975.414855855652,12975.414855855652,213.6673118481316,542.0242919921875,5.497976100977736,5.3876042307506085,1561.6200387372337,213.66731184813167,7.346139907836914,9.591217041015623,11405.784889287856,8.246964151466603,10.995952201955472,13.74494025244434,8.081406346125911,10.775208461501215,13.46901057687652,False,1.5,16.0,810.9634284909782,121.54104132733436,13.087122850698057,30.750473047890026,-10.142812941558576,-0.0029271902131776,1.038335,70.77836,74.37188,2022-03-21T00:06:58.073,16.0,Luminance,data\RV_UMa\2022_03_20\Light\Luminance\reduced_images\RV_Uma_Light_Luminance_16_secs_055_reduced.fits,2,0.979925,792.0,9.206952052509733,1172.5780448947355,936.975081142534,7.0,V* RV UMa,False,0.9361395982388512,0.0054112443133677,10677.406883856693,68.10265351353812,-10.071164481737778,-0.0069250443824089,2022-03-21 00:06:58.073,0.23108919694879604,2022_03_20,1,"(0.227, 0.25]",-10.071164481737778,-0.0069250443824089
1,6,5,1153.9659747470328,890.3300334299558,10363.18731127208,10363.18731127208,275.611880789052,275.9589233398437,6.244285793333636,6.118931756032463,1395.137028404035,275.6118807890519,5.077019691467285,7.523014545440674,8963.900365303727,9.366428690000454,12.488571586667272,15.610714483334087,9.178397634048697,12.237863512064926,15.297329390081158,False,1.5,16.0,647.6992069545049,23177.50528224137,16.881227698329432,154.4088265511211,-9.881242551652406,-0.0187024895958992,1.318326,58.05726,49.30264,2022-03-22T21:02:41.836,16.0,Luminance,data\RV_UMa\2022_03_22\Light\Luminance\reduced_images\RV_Uma_Light_Luminance_16_secs_001_reduced.fits,2,0.979925,792.0,14.401085148043173,1172.808118298685,937.1321493009372,7.0,V* RV UMa,False,1.1716237370171063,0.0058731480242134,10502.31844424616,188.41368690949636,-10.053212956340694,-0.0194783239944203,2022-03-22 21:02:41.836,0.23065778334842157,2022_03_22,2,"(0.227, 0.25]",-10.053212956340694,-0.0194783239944203
1,6,5,1153.6567664925296,889.0364599995172,10305.25884098302,10305.25884098302,261.7296025536466,302.4270324707031,6.084995024184217,5.962838749073719,1291.224919199659,261.7296025536466,4.924766540527344,7.254725933074951,9016.301651661302,9.127492536276325,12.169990048368431,15.21248756046054,8.944258123610577,11.925677498147438,14.907096872684296,False,1.5,16.0,644.0786775614388,19965.806160330383,16.03093815641085,143.61725445101726,-9.887571082866993,-0.0172942808270727,1.309743,58.38488,49.74221,2022-03-22T21:06:00.163,16.0,Luminance,data\RV_UMa\2022_03_22\Light\Luminance\reduced_images\RV_Uma_Light_Luminance_16_secs_002_reduced.fits,2,0.979925,792.0,13.734631000246496,1172.7803922382604,937.1633530894608,7.0,V* RV UMa,False,1.1475391747986323,0.0057115270474574,10346.55935708296,172.66465641816828,-10.036989883986037,-0.0181188994607171,2022-03-22 21:06:00.163,0.23556197516591393,2022_03_22,2,"(0.227, 0.25]",-10.036989883986037,-0.0181188994607171
1,6,5,1154.1608280235905,889.6429568131263,10073.514389304575,10073.514389304575,254.02766566811005,307.3757629394531,5.994794680808051,5.874449177590829,1240.4848042150588,254.02766566810988,4.9151387214660645,6.351772308349609,8824.933173455613,8.992192021212077,11.9895893616161,14.986986702020126,8.811673766386244,11.74889835518166,14.686122943977072,False,1.5,16.0,629.594649331536,24124.883913253205,15.559194522171738,157.38499851353976,-9.864278563475612,-0.0193631597671399,1.302291,58.67159,50.13183,2022-03-22T21:08:53.704,16.0,Luminance,data\RV_UMa\2022_03_22\Light\Luminance\reduced_images\RV_Uma_Light_Luminance_16_secs_003_reduced.fits,2,0.979925,792.0,13.776644050028455,1172.6583715534312,937.0872543844728,7.0,V* RV UMa,False,1.1482195383996254,0.0083744532570182,10132.960694832746,195.2404118367081,-10.01434089512892,-0.0209198071666358,2022-03-22 21:08:53.704,0.23985326355427894,2022_03_22,2,"(0.227, 0.25]",-10.01434089512892,-0.0209198071666358
2,6,6,1154.2490876458526,888.1720565698174,10007.857294684904,10007.857294684904,220.02288203371725,472.17822265625,5.579146033339278,5.467144676719992,1084.2196801003042,220.02288203371728,4.879304885864258,6.657742500305176,8934.298571375853,8.368719050008917,11.158292066678555,13.947865083348194,8.200717015079988,10.934289353439985,13.66786169179998,False,1.5,16.0,625.4910809178066,5847.054242489872,13.47640152456518,80.53584124433198,-9.877651154684274,-0.0097870781820266,1.294963,58.95828,50.5225,2022-03-22T21:11:49.577,16.0,Luminance,data\RV_UMa\2022_03_22\Light\Luminance\reduced_images\RV_Uma_Light_Luminance_16_secs_004_reduced.fits,2,0.979925,792.0,12.722531207215056,1172.7736195956113,937.0696130165716,7.0,V* RV UMa,False,1.151877334684439,0.0053146098784411,10291.216025671412,104.21306198229524,-10.03116673672056,-0.0109946088120814,2022-03-22 21:11:49.577,0.24420221718902102,2022_03_22,2,"(0.227, 0.25]",-10.03116673672056,-0.0109946088120814
1,6,5,1155.2850225476554,888.6838269286451,10232.401010292304,10232.401010292304,272.87256615403885,252.2825164794922,6.213177232487274,6.0884476995450925,1304.5704783887732,272.87256615403885,4.802902221679688,6.584317684173584,8921.820756075633,9.31976584873091,12.426354464974548,15.532943081218184,9.132671549317635,12.176895399090183,15.221119248862731,False,1.5,16.0,639.525063143269,29012.088150747066,16.713444676934877,172.2449611993549,-9.876133734489608,-0.0209612584218244,1.287692,59.24325,50.9178,2022-03-22T21:14:44.697,16.0,Luminance,data\RV_UMa\2022_03_22\Light\Luminance\reduced_images\RV_Uma_Light_Luminance_16_secs_005_reduced.fits,2,0.979925,792.0,12.302832280476542,1172.8708454586758,937.167418403514,7.0,V* RV UMa,False,1.13403417501245,0.0042654770294904,10117.649640725182,199.0042909616601,-10.012699090889951,-0.0213553711851805,2022-03-22 21:14:44.697,0.24853255078494652,2022_03_22,2,"(0.227, 0.25]",-10.012699090889951,-0.0213553711851805
1,6,5,1156.3704831960094,886.741406490729,9889.2346523077,9889.2346523077,249.31027741315967,340.1707763671875,5.938871049762167,5.819648213438192,1119.3771183695303,249.31027741315967,4.47914981842041,5.805945873260498,8772.536568502202,8.90830657464325,11.877742099524331,14.847177624405417,8.729472320157287,11.639296426876385,14.54912053359548,False,1.5,16.0,618.0771657692312,36846.9191732992,15.270254491556033,193.5982091692999,-9.857812968142126,-0.0239607533385676,1.280538,59.52561,51.31449,2022-03-22T21:17:40.886,16.0,Luminance,data\RV_UMa\2022_03_22\Light\Luminance\reduced_images\RV_Uma_Light_Luminance_16_secs_006_reduced.fits,2,0.979925,792.0,10.181163397943148,1172.8529735829998,937.1394852596912,7.0,V* RV UMa,False,1.1532660431834016,0.0033776685677432,10117.06853703823,225.22784017787052,-10.012636730217936,-0.0241708375806041,2022-03-22 21:17:40.886,0.25288931840676376,2022_03_22,2,"(0.25, 0.273]",-10.012636730217936,-0.0241708375806041
1,5,5,1156.872916284061,886.2304451687793,9857.564983810722,9857.564983810722,230.620868723668,353.0160217285156,5.711933024624372,5.597265969155038,1015.373452449896,230.620868723668,4.415681838989258,6.482565402984619,8839.216602095696,8.567899536936558,11.423866049248744,14.27983256156093,8.395898953732557,11.194531938310076,13.993164922887596,False,1.5,16.0,616.0978114881701,4689.788178877931,14.125528209324663,72.93840907625712,-9.866034440682231,-0.0089591504560229,1.273895,59.79178,51.69,2022-03-22T21:20:28.119,16.0,Luminance,data\RV_UMa\2022_03_22\Light\Luminance\reduced_images\RV_Uma_Light_Luminance_16_secs_007_reduced.fits,2,0.979925,792.0,9.466454948668437,1172.763067105396,937.1739567853904,7.0,V* RV UMa,False,1.1314530083988867,0.0087458894273874,10001.15821633056,113.079382821858,-10.00012574445848,-0.0122760161658998,2022-03-22 21:20:28.119,0.2570246237873448,2022_03_22,2,"(0.25, 0.273]",-10.00012574445848,-0.0122760161658998
1,6,5,1155.6952782773926,886.3376914117124,10032.027177206644,10032.027177206644,289.2152196910809,262.2836608886719,6.396529047068782,6.2681187264488765,1256.5002665466725,289.21521969108096,4.320725917816162,6.03233528137207,8782.407481660493,9.594793570603173,12.793058094137564,15.991322617671957,9.402178089673315,12.536237452897751,15.67029681612219,False,1.5,16.0,627.0016985754152,23111.0968332006,17.714432206078705,154.129208665918,-9.85903395852396,-0.0190544178699014,1.267028,60.07463,52.08566,2022-03-22T21:23:22.776,16.0,Luminance,data\RV_UMa\2022_03_22\Light\Luminance\reduced_images\RV_Uma_Light_Luminance_16_secs_008_reduced.fits,2,0.979925,792.0,10.446757167659255,1172.7914712360157,937.0939377081284,7.0,V* RV UMa,False,1.130189653062181,0.0037304892915224,9925.786064748576,177.249467012496,-9.991912276009687,-0.0193885060945471,2022-03-22 21:23:22.776,0.26134350840853937,2022_03_22,2,"(0.25, 0.273]",-9.991912276009687,-0.0193885060945471
1,6,5,1156.9361480478024,884.725965544293,9850.697777315449,9850.697777315449,269.3575838952189,338.5009155273437,6.173030297545318,6.049106714322096,1135.9285521198594,269.35758389521885,4.230221748352051,6.064040660858154,8711.25546783833,9.259545446317976,12.346060595090636,15.432575743863294,9.073660071483143,12.098213428644192,15.12276678580524,False,1.5,16.0,615.6686110822154,27826.8783771697,16.498152013582157,168.69808872736377,-9.850201875309704,-0.0210258582452351,1.260401,60.34466,52.47491,2022-03-22T21:26:14.783,16.0,Luminance,data\RV_UMa\2022_03_22\Light\Luminance\reduced_images\RV_Uma_Light_Luminance_16_secs_009_reduced.fits,2,0.979925,792.0,8.498985511719084,1172.811105529194,937.1443093306953,7.0,V* RV UMa,False,1.1316059636474942,0.0036322061533487,9857.708638262697,193.50420482504637,-9.98443994419762,-0.021312713599183,2022-03-22 21:26:14.783,0.26559686434066787,2022_03_22,2,"(0.25, 0.273]",-9.98443994419762,-0.021312713599183
1,6,5,1157.76413633242,885.309979992418,9824.957148414727,9824.957148414727,251.65430875847773,335.5179443359375,5.966724557580299,5.846942562086875,1069.306292708067,251.65430875847784,4.243773460388184,5.83681583404541,8756.993271713167,8.950086836370449,11.9334491151606,14.916811393950749,8.770413843130314,11.69388512417375,14.617356405217189,False,1.5,16.0,614.0598217759206,51673.13836800898,15.413826411456762,228.6976432239658,-9.855887540062566,-0.0283550875839077,1.253843,60.61833,52.86769,2022-03-22T21:29:07.585,16.0,Luminance,data\RV_UMa\2022_03_22\Light\Luminance\reduced_images\RV_Uma_Light_Luminance_16_secs_010_reduced.fits,2,0.979925,792.0,8.190353057135114,1172.7880864337706,937.1447016131696,7.0,V* RV UMa,False,1.127888108497457,0.0028106822659983,9876.90857735752,259.1169826455104,-9.98655258467642,-0.0284838810770062,2022-03-22 21:29:07.585,0.26986987887951575,2022_03_22,2,"(0.25, 0.273]",-9.98655258467642,-0.0284838810770062
1,6,6,1157.9851406950734,884.7097382454245,9927.88374000086,9927.88374000086,279.4355064574841,330.8310546875,6.287450790836958,6.161230216210907,1144.4167278387622,279.43550645748405,4.089207172393799,5.555253028869629,8785.214062773422,9.431176186255438,12.574901581673917,15.718626977092397,9.24184532431636,12.322460432421812,15.403075540527263,False,1.5,16.0,620.4927337500537,18960.783838376163,17.1154247705209,139.99425701398158,-9.859380870226731,-0.0173014376442308,1.247593,60.88312,53.24926,2022-03-22T21:31:54.161,16.0,Luminance,data\RV_UMa\2022_03_22\Light\Luminance\reduced_images\RV_Uma_Light_Luminance_16_secs_011_reduced.fits,2,0.979925,792.0,7.63938261893441,1172.7591476095,937.1216753615428,7.0,V* RV UMa,False,1.1020212836745236,0.0068380966730671,9681.492878813044,165.56022364235122,-9.964855825874452,-0.0185668399622261,2022-03-22 21:31:54.161,0.27398893809076963,2022_03_22,2,"(0.273, 0.295]",-9.964855825874452,-0.0185668399622261
1,5,5,1159.0880621373178,884.9676755749422,9625.073969319728,9625.073969319728,237.303504563128,441.644287109375,5.79409858883268,5.677782059661864,995.1002755248344,237.30350456312792,4.146176338195801,5.616735458374023,8641.171793729149,8.69114788324902,11.58819717766536,14.485246472081698,8.516673089492796,11.355564119323727,14.194455149154658,False,1.5,16.0,601.567123082483,3805.687484539512,14.534839654491586,66.49653710740498,-9.8414315983974,-0.0083550818745376,1.241247,61.1515,53.64418,2022-03-22T21:34:47.558,16.0,Luminance,data\RV_UMa\2022_03_22\Light\Luminance\reduced_images\RV_Uma_Light_Luminance_16_secs_012_reduced.fits,2,0.979925,792.0,6.986052832947077,1172.7470246918715,937.0676156996864,7.0,V* RV UMa,False,1.1097010569082777,0.0038553526810808,9589.117472427231,80.96311624996181,-9.954446597569062,-0.009167119582734,2022-03-22 21:34:47.558,0.27827666567489917,2022_03_22,2,"(0.273, 0.295]",-9.954446597569062,-0.009167119582734
1,6,5,1158.9744041986148,886.4857851743396,9787.736547801553,9787.736547801553,260.26747713497593,367.2371215820313,6.067974621794749,5.946160031262219,1030.6388533979314,260.26747713497576,3.893569827079773,5.281020164489746,8774.366951858636,9.101961932692124,12.135949243589495,15.16993655448687,8.91924004689333,11.89232006252444,14.865400078155549,False,1.5,16.0,611.733534237597,53793.40391926516,15.941382974517271,233.2832588002776,-9.85803948257911,-0.0288663651102225,1.234882,61.42589,54.04812,2022-03-22T21:37:43.761,16.0,Luminance,data\RV_UMa\2022_03_22\Light\Luminance\reduced_images\RV_Uma_Light_Luminance_16_secs_013_reduced.fits,2,0.979925,792.0,8.204999846836332,1172.8039712960758,937.1278929673438,7.0,V* RV UMa,False,1.091869374443634,0.0054450531453468,9580.462554864784,259.15687205678154,-9.95346619445414,-0.0293697717717231,2022-03-22 21:37:43.761,0.28263377948601676,2022_03_22,2,"(0.273, 0.295]",-9.95346619445414,-0.0293697717717231
2,6,7,1159.982883938819,894.5146680274809,9602.732975599634,9602.732975599634,211.86974011576032,566.6284790039062,5.474800163254545,5.364893549977211,856.8678201464668,211.86974011576035,3.948047041893005,5.691776275634766,8766.261274868966,8.212200244881817,10.94960032650909,13.687000408136363,8.047340324965814,10.729787099954422,13.412233874943029,False,1.5,16.0,600.1708109749771,68.88944245337659,12.977021582090318,26.11584337160958,-9.857036026205206,-0.0032345507140697,1.22892,61.6846,54.434,2022-03-22T21:40:32.417,16.0,Luminance,data\RV_UMa\2022_03_22\Light\Luminance\reduced_images\RV_Uma_Light_Luminance_16_secs_014_reduced.fits,2,0.979925,792.0,15.060305753767874,1172.743932331627,936.9883361756392,7.0,V* RV UMa,False,1.0791721757720405,0.0043377886352489,9460.305253386525,47.33180968589253,-9.939762874757792,-0.0054321565780659,2022-03-22 21:40:32.417,0.2868042725362354,2022_03_22,2,"(0.273, 0.295]",-9.939762874757792,-0.0054321565780659
2,6,6,1160.5455249513657,887.9654634571758,9621.77057158858,9621.77057158858,216.39974895926184,392.8963012695313,5.533019246564654,5.42194388518987,862.6387175091661,216.3997489592619,3.979992389678955,5.945933818817139,8760.501217602283,8.29952886984698,11.066038493129309,13.832548116411637,8.132915827784803,10.84388777037974,13.554859712974674,False,1.5,16.0,601.3606607242863,6864.7825236742365,13.254484623754786,86.48351096609271,-9.85632238580028,-0.0107183683488127,1.222848,61.95069,54.83462,2022-03-22T21:43:26.764,16.0,Luminance,data\RV_UMa\2022_03_22\Light\Luminance\reduced_images\RV_Uma_Light_Luminance_16_secs_015_reduced.fits,2,0.979925,792.0,8.682281148940087,1172.778938550402,937.0786084019708,7.0,V* RV UMa,False,1.0703395960783535,0.0027628111676684,9376.711334692352,95.67869963809169,-9.93012636576925,-0.01107870601038,2022-03-22 21:43:26.764,0.29111549153719984,2022_03_22,2,"(0.273, 0.295]",-9.93012636576925,-0.01107870601038
1,5,5,1161.5731195343112,889.6770482532389,9575.714898699738,9575.714898699738,217.82179224346484,414.3843078613281,5.551169242095322,5.439729519560259,852.1696730620308,217.82179224346487,3.8974069356918335,5.2569098472595215,8726.774734865232,8.326753863142983,11.102338484190645,13.877923105238306,8.159594279340388,10.879459039120515,13.599323798900649,False,1.5,16.0,598.4821811687336,9892.563826700534,13.34158477491222,102.49091468342051,-9.852134414058076,-0.0127513428627861,1.216976,62.21066,55.22971,2022-03-22T21:46:18.749,16.0,Luminance,data\RV_UMa\2022_03_22\Light\Luminance\reduced_images\RV_Uma_Light_Luminance_16_secs_016_reduced.fits,2,0.979925,792.0,9.97672349472793,1172.7930944138866,937.0845194361544,7.0,V* RV UMa,False,1.0622660459699036,0.005230083862012,9270.156491675343,118.05260562355475,-9.917717664082224,-0.0138265182585242,2022-03-22 21:46:18.749,0.29536830345757004,2022_03_22,2,"(0.273, 0.295]",-9.917717664082224,-0.0138265182585242
2,6,6,1162.1463603622324,887.7205815991675,9727.840364719375,9727.840364719375,225.1011837150405,451.1389770507813,5.643164288398293,5.529877765308698,880.4851036262905,225.1011837150404,3.903794765472412,5.620769500732422,8849.091542030956,8.46474643259744,11.286328576796588,14.107910720995733,8.294816647963048,11.059755530617396,13.824694413271745,False,1.5,16.0,607.990022794961,8753.795528147686,13.78744750254623,96.82754256122166,-9.86724671953152,-0.0118802216111269,1.211033,62.4765,55.63762,2022-03-22T21:49:15.230,16.0,Luminance,data\RV_UMa\2022_03_22\Light\Luminance\reduced_images\RV_Uma_Light_Luminance_16_secs_017_reduced.fits,2,0.979925,792.0,7.939984895206512,1172.809737313861,937.102920984903,7.0,V* RV UMa,False,1.0458120268582616,0.002412655492134,9254.486361425694,103.48957564420104,-9.915880799324473,-0.0121413955030837,2022-03-22 21:49:15.230,0.29973229159908676,2022_03_22,2,"(0.295, 0.318]",-9.915880799324473,-0.0121413955030837
1,6,5,1161.879772793534,875.2121953056203,9668.91283366163,9668.91283366163,229.72132477701385,410.6243286132813,5.700782353473206,5.586339147727231,881.9976343210386,229.72132477701376,3.8288536071777344,5.47084903717041,8789.343510643514,8.551173530209809,11.401564706946411,14.251955883683014,8.379508721590847,11.172678295454462,13.965847869318075,False,1.5,16.0,604.3070521038519,73621.4763440835,14.070431142592094,272.4699136186048,-9.859891095434053,-0.0336578550565012,1.205376,62.7321,56.03371,2022-03-22T21:52:06.832,16.0,Luminance,data\RV_UMa\2022_03_22\Light\Luminance\reduced_images\RV_Uma_Light_Luminance_16_secs_018_reduced.fits,2,0.979925,792.0,5.236261758025698,1172.7570180789426,937.1239384138056,7.0,V* RV UMa,False,1.04254690367105,0.0039713950437547,9163.302862322633,286.1992719033316,-9.905130102383776,-0.0339110161422843,2022-03-22 21:52:06.832,0.30397563276930306,2022_03_22,2,"(0.295, 0.318]",-9.905130102383776,-0.0339110161422843
1,6,5,1162.6774122270415,879.3227061213521,9727.158428037095,9727.158428037095,229.89907573045804,427.7736206054688,5.702987467772026,5.588499994356503,873.0990450797161,229.89907573045804,3.81440269947052,5.344038963317871,8850.230772965058,8.554481201658039,11.405974935544052,14.257468669430065,8.382749991534753,11.176999988713003,13.971249985891257,False,1.5,16.0,607.9474017523185,74050.37372220834,14.081318388490551,273.26251561886266,-9.867386488077504,-0.0335235333655919,1.199838,62.98478,56.42907,2022-03-22T21:54:57.373,16.0,Luminance,data\RV_UMa\2022_03_22\Light\Luminance\reduced_images\RV_Uma_Light_Luminance_16_secs_019_reduced.fits,2,0.979925,792.0,1.4859224122521604,1172.7517275823627,937.0740653401792,7.0,V* RV UMa,False,1.0334982349347686,0.0043980606571511,9146.69788262476,285.0860366843377,-9.903160836207238,-0.0338404345995919,2022-03-22 21:54:57.373,0.3081927377360829,2022_03_22,2,"(0.295, 0.318]",-9.903160836207238,-0.0338404345995919
1,5,5,1162.5997078429496,880.2342816461064,9568.150659317336,9568.150659317336,219.1750369752524,394.110107421875,5.568386204435046,5.456600851381013,836.7995846257056,219.17503697525245,3.752796530723572,5.967898368835449,8745.631340935399,8.352579306652569,11.136772408870092,13.920965511087616,8.18490127707152,10.913201702762024,13.641502128452531,False,1.5,16.0,598.0094162073335,10965.368876395169,13.424471014734207,107.59555178359946,-9.85447791589394,-0.0133575703672283,1.194256,63.24191,56.83552,2022-03-22T21:57:52.153,16.0,Luminance,data\RV_UMa\2022_03_22\Light\Luminance\reduced_images\RV_Uma_Light_Luminance_16_secs_020_reduced.fits,2,0.979925,792.0,1.4197556179847697,1172.7440770487406,937.15148013496,7.0,V* RV UMa,False,1.0438412383199145,0.0042874709416944,9129.05064881146,118.40665003698248,-9.901064041475468,-0.0140823390925117,2022-03-22 21:57:52.153,0.3125146638775629,2022_03_22,2,"(0.295, 0.318]",-9.901064041475468,-0.0140823390925117
2,6,6,1163.0699211069452,869.4534336900119,9453.176461331142,9453.176461331142,207.26917264492164,506.4054565429688,5.415033671959061,5.306326870994483,798.1741165626262,207.26917264492164,3.810558319091797,5.5034894943237305,8663.365191217763,8.122550507938591,10.830067343918122,13.537584179897651,7.959490306491724,10.612653741988966,13.265817177486207,False,1.5,16.0,590.8235288331964,18185.206552204185,12.695236824501448,137.07197130654347,-9.844216554549943,-0.0171785442054258,1.188693,63.5007,57.2489,2022-03-22T22:00:49.772,16.0,Luminance,data\RV_UMa\2022_03_22\Light\Luminance\reduced_images\RV_Uma_Light_Luminance_16_secs_021_reduced.fits,2,0.979925,792.0,10.587497706175965,1172.718115926232,937.096754333266,7.0,V* RV UMa,False,1.0504003285732548,0.0043072037397407,9100.001643405238,148.73724603715974,-9.89760367688014,-0.0177460861378627,2022-03-22 22:00:49.772,0.31690679226366747,2022_03_22,2,"(0.295, 0.318]",-9.89760367688014,-0.0177460861378627
1,6,6,1163.7118210346189,879.5039898695558,9705.356974404787,9705.356974404787,272.75017057775244,351.27410888671875,6.211783631962504,6.087082075550857,1010.86377476354,272.75017057775244,3.703611850738525,5.45414400100708,8695.196210362072,9.317675447943756,12.423567263925008,15.52945907990626,9.130623113326283,12.174164151101714,15.217705188877144,False,1.5,16.0,606.5848109002993,25342.62187481234,16.705947947887335,161.13941986261625,-9.848198466167732,-0.0201208688022554,1.183456,63.74671,57.64593,2022-03-22T22:03:39.801,16.0,Luminance,data\RV_UMa\2022_03_22\Light\Luminance\reduced_images\RV_Uma_Light_Luminance_16_secs_022_reduced.fits,2,0.979925,792.0,0.5736489916241801,1172.7865088393469,937.1236418585852,7.0,V* RV UMa,False,1.0169560539652611,0.0028226496154485,8842.632426543507,165.6994866565674,-9.86645393123576,-0.0203452912090789,2022-03-22 22:03:39.801,0.32111123659316565,2022_03_22,2,"(0.318, 0.341]",-9.86645393123576,-0.0203452912090789
1,6,5,1163.7040150593534,871.7477596738057,9428.33927757259,9428.33927757259,249.13063575735967,356.3715209960937,5.9367310239004825,5.817551148595681,783.5058117438609,249.13063575735967,3.09354019165039,4.600407600402832,8657.643642885783,8.905096535850724,11.873462047800963,14.841827559751206,8.726326722893521,11.63510229719136,14.5438778714892,False,1.5,16.0,589.2712048482869,68946.25091656609,15.25925144013828,263.7248213059486,-9.843499264644173,-0.033073154589878,1.178119,63.99969,58.05874,2022-03-22T22:06:36.715,16.0,Luminance,data\RV_UMa\2022_03_22\Light\Luminance\reduced_images\RV_Uma_Light_Luminance_16_secs_023_reduced.fits,2,0.979925,792.0,8.257546699011558,1172.8119274606463,937.0996628942733,7.0,V* RV UMa,False,1.0248425186214651,0.0029033923554837,8872.721316302182,271.4427809168636,-9.87014210239623,-0.0332158809293577,2022-03-22 22:06:36.715,0.3254859318751979,2022_03_22,2,"(0.318, 0.341]",-9.87014210239623,-0.0332158809293577
1,5,5,1164.6166156628797,868.2494470496125,9236.408650895495,9236.408650895495,202.7372019495496,548.3628540039062,5.35550622891084,5.247994441365455,640.6018444576175,202.7372019495496,3.1660163402557373,4.536965370178223,8594.539356745494,8.03325934336626,10.71101245782168,13.3887655722771,7.871991662048182,10.49598888273091,13.119986103413638,False,1.5,16.0,577.2755406809684,18434.976189153986,12.41765361940991,137.92994375208875,-9.835556511695358,-0.0174244979789822,1.173072,64.24116,58.45714,2022-03-22T22:09:26.646,16.0,Luminance,data\RV_UMa\2022_03_22\Light\Luminance\reduced_images\RV_Uma_Light_Luminance_16_secs_024_reduced.fits,2,0.979925,792.0,11.766720423107222,1172.7578360243174,937.111740569394,7.0,V* RV UMa,False,1.0246787446476515,0.0051253140661669,8806.641798894807,148.0393304076056,-9.86202583055173,-0.018251186368436,2022-03-22 22:09:26.646,0.3296879528795902,2022_03_22,2,"(0.318, 0.341]",-9.86202583055173,-0.018251186368436
1,6,6,1165.4394165407505,880.7275646112063,9439.047820763495,9439.047820763495,268.15352199452605,348.463134765625,6.159217737698702,6.035571441614401,808.6579529388538,268.15352199452616,2.997102975845337,4.542747974395752,8635.364102010293,9.238826606548052,12.318435475397404,15.398044344246756,9.0533571624216,12.071142883228802,15.088928604036004,False,1.5,16.0,589.9404887977184,38459.38765055029,16.424403222164717,197.6505819434139,-9.84070163477034,-0.0248508794965021,1.168081,64.48213,58.85899,2022-03-22T22:12:17.518,16.0,Luminance,data\RV_UMa\2022_03_22\Light\Luminance\reduced_images\RV_Uma_Light_Luminance_16_secs_025_reduced.fits,2,0.979925,792.0,1.612845386658558,1172.7680619823934,937.1594703142024,7.0,V* RV UMa,False,1.0073557434552147,0.0032978152366217,8698.883624987051,201.1307253575009,-9.84865880205881,-0.0251037857067811,2022-03-22 22:12:17.518,0.3339132427505529,2022_03_22,2,"(0.318, 0.341]",-9.84865880205881,-0.0251037857067811
1,6,6,1165.2704470743738,869.0400679412302,9299.388523100386,9299.388523100386,234.5790249267288,587.58251953125,5.760741569760755,5.645094682747809,700.9719389329197,234.57902492672875,2.986477255821228,4.389476776123047,8598.82360046399,8.641112354641134,11.52148313952151,14.401853924401887,8.467642024121714,11.290189365495618,14.11273670686952,False,1.5,16.0,581.2117826937741,115889.10074799796,14.367965276762137,341.29852108669985,-9.836097599395655,-0.0430942857060401,1.163083,64.72545,59.26962,2022-03-22T22:15:11.914,16.0,Luminance,data\RV_UMa\2022_03_22\Light\Luminance\reduced_images\RV_Uma_Light_Luminance_16_secs_026_reduced.fits,2,0.979925,792.0,11.03331983138509,1172.734640324391,937.089716604411,7.0,V* RV UMa,False,1.0041145865709258,0.0050825078600147,8634.204204576217,345.47826098912526,-9.840555789475596,-0.0434432921697596,2022-03-22 22:15:11.914,0.33822567341406895,2022_03_22,2,"(0.318, 0.341]",-9.840555789475596,-0.0434432921697596
1,6,6,1165.9171538436965,874.4691707233434,9226.74801726565,9226.74801726565,227.12842576766232,579.9503173828125,5.668518260443499,5.554722756365097,672.9866936458209,227.1284257676621,2.9413275718688965,3.992972612380981,8558.688916200048,8.50277739066525,11.337036520887,14.171295651108748,8.332084134547644,11.109445512730192,13.88680689091274,False,1.5,16.0,576.6717510791032,109326.52704794802,13.911616078269317,331.5374947349174,-9.83101810326134,-0.0420581078238705,1.158272,64.96179,59.67308,2022-03-22T22:18:03.472,16.0,Luminance,data\RV_UMa\2022_03_22\Light\Luminance\reduced_images\RV_Uma_Light_Luminance_16_secs_027_reduced.fits,2,0.979925,792.0,5.853678445893774,1172.7442964145382,937.0924972189345,7.0,V* RV UMa,False,1.0177079527430342,0.0062765799854891,8710.245775070449,341.6579488417425,-9.850076023928732,-0.0425878229248795,2022-03-22 22:18:03.472,0.34246792656076686,2022_03_22,2,"(0.341, 0.364]",-9.850076023928732,-0.0425878229248795
1,6,6,1166.7706375349412,883.0808903472149,9203.450952377334,9203.450952377334,240.1449682166107,487.2278137207031,5.828684528572248,5.71167368666116,695.2862488212322,240.1449682166105,2.852692723274231,4.274547576904297,8518.391149014888,8.743026792858373,11.657369057144496,14.57171132143062,8.567510529991742,11.42334737332232,14.2791842166529,False,1.5,16.0,575.2156845235834,67643.64840419305,14.708879303267404,261.2155680047036,-9.82589394551906,-0.0332939864427291,1.153516,65.19727,60.08011,2022-03-22T22:20:56.208,16.0,Luminance,data\RV_UMa\2022_03_22\Light\Luminance\reduced_images\RV_Uma_Light_Luminance_16_secs_028_reduced.fits,2,0.979925,792.0,4.143466867441697,1172.8063407726804,937.1605532142738,7.0,V* RV UMa,False,1.0123695593554385,0.0042547263556896,8623.759893945467,266.91878410928376,-9.839241640540624,-0.0336052245425956,2022-03-22 22:20:56.208,0.3467393090643407,2022_03_22,2,"(0.341, 0.364]",-9.839241640540624,-0.0336052245425956
1,6,6,1166.696106403028,873.0130566695644,9052.846574379404,9052.846574379404,238.43542039903977,423.9405822753906,5.807900807593533,5.691307198881094,686.8748376251993,238.43542039903977,2.812802314758301,4.251104354858398,8382.174871960617,8.7118512113903,11.615801615187069,14.519752018983834,8.53696079832164,11.382614397762188,14.228267997202732,False,1.5,16.0,565.8029108987128,71837.53058727639,14.604169499441184,269.10581128558806,-9.80839179250182,-0.0348570540088518,1.149066,65.41943,60.4687,2022-03-22T22:23:40.329,16.0,Luminance,data\RV_UMa\2022_03_22\Light\Luminance\reduced_images\RV_Uma_Light_Luminance_16_secs_029_reduced.fits,2,0.979925,792.0,7.489083177476803,1172.7924116867598,937.1135776147328,7.0,V* RV UMa,False,1.0153178777968992,0.0038076139875335,8510.572002321549,275.0857037830441,-9.824896875858803,-0.0350940580641523,2022-03-22 22:23:40.329,0.3507976615089321,2022_03_22,2,"(0.341, 0.364]",-9.824896875858803,-0.0350940580641523
1,7,6,1167.9311422914618,883.0543405920447,9112.026943259769,9112.026943259769,254.4583593437873,435.3489379882813,5.999874495029415,5.8794270145417,730.1229525812141,254.45835934378752,2.8324928283691406,4.4795756340026855,8391.275465299914,8.999811742544122,11.99974899005883,14.999686237573538,8.819140521812548,11.7588540290834,14.69856753635425,False,1.5,16.0,569.5016839537356,65.69280047939556,15.585574509806971,25.51039119541169,-9.809569945409436,-0.0033007562953853,1.144362,65.65598,60.88783,2022-03-22T22:26:36.680,16.0,Luminance,data\RV_UMa\2022_03_22\Light\Luminance\reduced_images\RV_Uma_Light_Luminance_16_secs_030_reduced.fits,2,0.979925,792.0,4.978240268200357,1172.7781023675498,937.114518523611,7.0,V* RV UMa,False,1.0087701474339774,0.00651093242618,8464.86818828971,60.39231094011121,-9.819050499572478,-0.0077461476089372,2022-03-22 22:26:36.680,0.3551584350355137,2022_03_22,2,"(0.341, 0.364]",-9.819050499572478,-0.0077461476089372
1,6,6,1168.475668450536,886.6813128417228,9065.271732469508,9065.271732469508,253.22305737178152,374.6545104980469,5.985293182130245,5.865138421498981,713.100716749049,253.2230573717816,2.7627551555633545,4.204113960266113,8365.678425208103,8.977939773195367,11.97058636426049,14.963232955325612,8.79770763224847,11.73027684299796,14.662846053747453,False,1.5,16.0,566.5794832793442,39641.708318910816,15.509912264021615,200.55871388312747,-9.806252915958822,-0.0260294318971771,1.13994,65.88004,61.29021,2022-03-22T22:29:26.052,16.0,Luminance,data\RV_UMa\2022_03_22\Light\Luminance\reduced_images\RV_Uma_Light_Luminance_16_secs_031_reduced.fits,2,0.979925,792.0,8.041862307208056,1172.7335381926027,937.1028278507398,7.0,V* RV UMa,False,1.008072060496269,0.0033123523745661,8433.206687548714,204.06774543136947,-9.814981861206078,-0.0262727747163286,2022-03-22 22:29:26.052,0.3593466331956847,2022_03_22,2,"(0.341, 0.364]",-9.814981861206078,-0.0262727747163286
1,6,6,1168.346296419438,877.7680676344436,8849.675693865045,8849.675693865045,227.97744701734183,450.9151611328125,5.679103028259197,5.565095034966894,638.1383722251672,227.97744701734203,2.803868174552917,4.060471534729004,8210.456985657296,8.518654542388795,11.358206056518394,14.197757570647994,8.34764255245034,11.130190069933787,13.912737587417237,False,1.5,16.0,553.1047308665653,101357.10114226663,13.963618629812183,319.2556491148794,-9.785918325449623,-0.0422177982812771,1.135416,66.11093,61.71054,2022-03-22T22:32:22.307,16.0,Luminance,data\RV_UMa\2022_03_22\Light\Luminance\reduced_images\RV_Uma_Light_Luminance_16_secs_032_reduced.fits,2,0.979925,792.0,4.8858791071861,1172.729068314392,937.0844626908872,7.0,V* RV UMa,False,1.0109415882190058,0.0042148115765461,8300.292425084219,324.5987352372283,-9.79773348285684,-0.0424597810314112,2022-03-22 22:32:22.307,0.363705032852776,2022_03_22,2,"(0.364, 0.386]",-9.79773348285684,-0.0424597810314112
1,6,6,1169.2141912472564,891.1200544133893,8678.609334458204,8678.609334458204,220.0518116527376,493.0523071289063,5.579512807155192,5.467504087551552,635.6124864342328,220.05181165273748,2.8841954469680786,4.456615924835205,8043.936901192301,8.369269210732789,11.159025614310384,13.94878201788798,8.201256131327328,10.935008175103103,13.668760218878878,False,1.5,16.0,542.4130834036378,74331.64290766235,13.478173463730172,273.6558681346514,-9.76367163803793,-0.0369368988503959,1.131008,66.33738,62.12904,2022-03-22T22:35:17.542,16.0,Luminance,data\RV_UMa\2022_03_22\Light\Luminance\reduced_images\RV_Uma_Light_Luminance_16_secs_033_reduced.fits,2,0.979925,792.0,12.281832132043832,1172.7477937080444,937.1255766108592,7.0,V* RV UMa,False,1.0268669019302594,0.0033753197385324,8260.05256504983,282.31675735146854,-9.792457027695155,-0.0371089072681411,2022-03-22 22:35:17.542,0.3680382101465298,2022_03_22,2,"(0.364, 0.386]",-9.792457027695155,-0.0371089072681411
2,6,6,1170.013741175782,885.8619458655077,8678.33231216229,8678.33231216229,221.794265160348,385.62799072265625,5.6015595962952975,5.489108287399669,636.0093579803558,221.7942651603479,2.81978178024292,4.488386154174805,8052.920884300775,8.402339394442947,11.203119192590597,14.003898990738245,8.233662431099505,10.97821657479934,13.722770718499174,False,1.5,16.0,542.3957695101432,21904.492994538086,13.584898741071314,149.86818762762596,-9.764883580998053,-0.0202059997343344,1.126742,66.55804,62.54279,2022-03-22T22:38:10.917,16.0,Luminance,data\RV_UMa\2022_03_22\Light\Luminance\reduced_images\RV_Uma_Light_Luminance_16_secs_034_reduced.fits,2,0.979925,792.0,8.398064792524343,1172.729569592294,937.0429917921848,7.0,V* RV UMa,False,1.0241991986808776,0.0034701841418208,8247.795116741358,156.0179704785537,-9.790844660279513,-0.020538138586592,2022-03-22 22:38:10.917,0.37232539371890017,2022_03_22,2,"(0.364, 0.386]",-9.790844660279513,-0.020538138586592
1,6,6,1170.1973341231333,890.4416192261722,8700.186427543651,8700.186427543651,238.05270774947903,383.9061584472656,5.803237805435471,5.686737806491354,657.0640315162334,238.05270774947908,2.766662120819092,4.244747161865234,8041.57501825475,8.704856708153205,11.60647561087094,14.508094513588675,8.53010670973703,11.373475612982707,14.216844516228385,False,1.5,16.0,543.7616517214782,5636.823329093094,14.58072834965559,78.70937497632812,-9.763352794366932,-0.0106269751723624,1.122188,66.79488,62.99437,2022-03-22T22:41:19.712,16.0,Luminance,data\RV_UMa\2022_03_22\Light\Luminance\reduced_images\RV_Uma_Light_Luminance_16_secs_035_reduced.fits,2,0.979925,792.0,12.142255239374618,1172.791089730806,937.0481724734384,7.0,V* RV UMa,False,1.0111457054885191,0.0052443732788282,8131.2040450720515,90.06996176249744,-9.775387148552618,-0.0120267819998922,2022-03-22 22:41:19.712,0.37699388007821266,2022_03_22,2,"(0.364, 0.386]",-9.775387148552618,-0.0120267819998922
2,7,7,1171.1829808883904,900.668912320613,8528.079895065268,8528.079895065268,189.2803358001528,503.0310974121094,5.174716402121905,5.070833970349308,546.5422441858288,189.2803358001528,2.8863768577575684,4.300832748413086,7981.745514183125,7.762074603182857,10.34943280424381,12.936791005304762,7.6062509555239615,10.141667940698616,12.67708492587327,False,1.5,16.0,533.0049934415792,8927.982227683797,11.593420567759354,97.32718346738044,-9.75524469212418,-0.0132391651186947,1.118058,67.01094,63.41339,2022-03-22T22:44:15.304,16.0,Luminance,data\RV_UMa\2022_03_22\Light\Luminance\reduced_images\RV_Uma_Light_Luminance_16_secs_036_reduced.fits,2,0.979925,792.0,21.88147963370324,1172.7566616522265,937.0091324731084,7.0,V* RV UMa,False,1.0247008734271263,0.0024541156209788,8178.901599856496,101.63669072693922,-9.78173745809287,-0.0134921093629466,2022-03-22 22:44:15.304,0.38133588519913353,2022_03_22,2,"(0.364, 0.386]",-9.78173745809287,-0.0134921093629466
2,7,7,1169.0511853752346,885.4426652927549,8691.441658667822,8691.441658667822,262.0324523841605,325.5646057128906,6.088514509389761,5.966287580613762,705.8146740446049,262.0324523841606,2.6924585103988647,3.988515853881836,7985.930152245403,9.13277176408464,12.17702901877952,15.2212862734744,8.949431370920642,11.932575161227524,14.915718951534403,False,1.5,16.0,543.2151036667389,27544.986112358507,16.049487708529828,167.6432244492266,-9.755813768456512,-0.022792124999458,1.108824,67.49558,64.3849,2022-03-22T22:50:55.557,16.0,Luminance,data\RV_UMa\2022_03_22\Light\Luminance\reduced_images\RV_Uma_Light_Luminance_16_secs_037_reduced.fits,2,0.979925,792.0,7.42543461246158,1172.7674186170264,937.022374602926,7.0,V* RV UMa,False,1.001660540516608,0.0029066398901214,7999.191112826008,169.5183529749093,-9.757615182168225,-0.023008853095248,2022-03-22 22:50:55.557,0.39123326421221005,2022_03_22,2,"(0.386, 0.409]",-9.757615182168225,-0.023008853095248
1,6,6,1167.674089607741,884.5933531286985,8645.447808086077,8645.447808086077,243.11323813591903,361.9888305664063,5.864596117980321,5.746864350911866,652.5940528019813,243.11323813591883,2.6764378547668457,4.051217079162598,7994.770334544157,8.796894176970483,11.729192235960642,14.661490294950802,8.6202965263678,11.493728701823732,14.367160877279666,False,1.5,16.0,540.3404880053798,59598.67634600824,14.89068583582504,245.2629354791495,-9.757014980751975,-0.033308129888906,1.10445,67.73274,64.86304,2022-03-22T22:54:14.619,16.0,Luminance,data\RV_UMa\2022_03_22\Light\Luminance\reduced_images\RV_Uma_Light_Luminance_16_secs_038_reduced.fits,2,0.979925,792.0,5.881991789405603,1172.7589588434207,937.0715335744017,7.0,V* RV UMa,False,0.9923239949392848,0.0041781331877111,7933.40243699694,245.66184735175037,-9.748648713155909,-0.0336203746016601,2022-03-22 22:54:14.619,0.3961556309679901,2022_03_22,2,"(0.386, 0.409]",-9.748648713155909,-0.0336203746016601
1,6,6,1167.7731105809355,885.1342338382927,8574.216695042021,8574.216695042021,251.00607512168364,360.4523315429688,5.959034791471337,5.83940716803255,659.2437758103473,251.0060751216837,2.6317477226257324,3.820079803466797,7913.632028475307,8.938552187207005,11.918069582942676,14.897586978678344,8.759110752048825,11.6788143360651,14.598517920081376,False,1.5,16.0,535.8885434401263,80930.90423958449,15.37412210120312,285.4508134602629,-9.745939630961608,-0.0391633426644401,1.100387,67.94247,65.31851,2022-03-22T22:57:22.851,16.0,Luminance,data\RV_UMa\2022_03_22\Light\Luminance\reduced_images\RV_Uma_Light_Luminance_16_secs_039_reduced.fits,2,0.979925,792.0,6.371555584175479,1172.762809813987,937.0967535895988,7.0,V* RV UMa,False,0.9896734691603922,0.0013447021830458,7831.91166327995,282.7034502429241,-9.734669450956542,-0.0391911176140917,2022-03-22 22:57:22.851,0.40081019557185105,2022_03_22,2,"(0.386, 0.409]",-9.734669450956542,-0.0391911176140917
1,6,6,1167.3419060716665,885.0645559400308,8716.85542809764,8716.85542809764,304.15545888742554,270.0067749023437,6.559664269885737,6.427979009667781,782.9990159217815,304.1554588874255,2.571962356567383,3.955224514007568,7934.579037294704,9.839496404828605,13.119328539771471,16.39916067471434,9.641968514501672,12.855958019335562,16.06994752416945,False,1.5,16.0,544.8034642561025,29128.4112750717,18.62952185685481,172.31321557322485,-9.748809726394578,-0.0235786543718051,1.09639,68.15408,65.77779,2022-03-22T23:00:31.690,16.0,Luminance,data\RV_UMa\2022_03_22\Light\Luminance\reduced_images\RV_Uma_Light_Luminance_16_secs_040_reduced.fits,2,0.979925,792.0,6.0677889763523,1172.7172857013434,937.1243036805082,7.0,V* RV UMa,False,0.9925675218842164,0.0043740617239847,7875.605452242056,174.51832698655238,-9.740709877411346,-0.0240592126093842,2022-03-22 23:00:31.690,0.40547976995468016,2022_03_22,2,"(0.386, 0.409]",-9.740709877411346,-0.0240592126093842
1,6,6,1168.065340658979,884.5146221170401,8515.488151366617,8515.488151366617,248.1303674952211,378.8760681152344,5.924800945034956,5.805860566063379,647.660071039858,248.13036749522115,2.5793349742889404,4.2088823318481445,7875.476816303026,8.887201417552433,11.849601890069913,14.81200236258739,8.708790849095069,11.61172113212676,14.514651415158449,False,1.5,16.0,532.2180094604136,69704.88868903233,15.19798500908229,265.05151326393485,-9.740692143430422,-0.0365407747097748,1.092606,68.35562,66.2234,2022-03-22T23:03:36.669,16.0,Luminance,data\RV_UMa\2022_03_22\Light\Luminance\reduced_images\RV_Uma_Light_Luminance_16_secs_041_reduced.fits,2,0.979925,792.0,6.075261931243412,1172.7626649844665,937.0693086340268,7.0,V* RV UMa,False,0.9882442721747914,0.0039892102162398,7782.894854356827,263.8130077484216,-9.727852908101536,-0.0368026729332281,2022-03-22 23:03:36.669,0.41005389500173717,2022_03_22,2,"(0.409, 0.432]",-9.727852908101536,-0.0368026729332281
1,6,6,1166.1319422871525,885.8076343252825,8615.676372448017,8615.676372448017,299.7171139632109,242.7104339599609,6.511627904772061,6.380906974583762,751.3733112475938,299.717113963211,2.498506546020508,3.786201477050781,7866.83120125656,9.76744185715809,13.02325580954412,16.279069761930153,9.571360461875642,12.761813949167523,15.952267436459405,False,1.5,16.0,538.4797732780011,23086.05786865261,18.357673230246668,153.76246393434536,-9.739499579010818,-0.0212214384363133,1.088902,68.55799,66.67049,2022-03-22T23:06:40.427,16.0,Luminance,data\RV_UMa\2022_03_22\Light\Luminance\reduced_images\RV_Uma_Light_Luminance_16_secs_042_reduced.fits,2,0.979925,792.0,6.186581800311731,1172.7594643690925,937.0585521998756,7.0,V* RV UMa,False,0.9775260294676124,0.0041120007162053,7690.032268656252,153.74835731062964,-9.714820405443092,-0.0217073416758768,2022-03-22 23:06:40.427,0.41459782739621076,2022_03_22,2,"(0.409, 0.432]",-9.714820405443092,-0.0217073416758768
2,7,7,1166.8936297228552,884.375630595491,8476.580388217053,8476.580388217053,250.8952212393529,363.5666809082031,5.957718777323168,5.838117572868406,628.7689072201592,250.89522123935296,2.531299352645874,4.108145713806152,7841.489477111936,8.936578165984752,11.915437554646337,14.89429694330792,8.757176359302608,11.676235145736811,14.595293932171016,False,1.5,16.0,529.7862742635658,62241.25553669131,15.367332300910364,250.5721635442688,-9.735996409979808,-0.0346943358986419,1.085342,68.7442,67.11082,2022-03-22T23:09:42.478,16.0,Luminance,data\RV_UMa\2022_03_22\Light\Luminance\reduced_images\RV_Uma_Light_Luminance_16_secs_043_reduced.fits,2,0.979925,792.0,5.2458780086070975,1172.7230557743994,937.0233183109068,7.0,V* RV UMa,False,0.9694961501422236,0.0027979554873229,7602.29385944078,243.9174988162996,-9.702361632079516,-0.0348355462621363,2022-03-22 23:09:42.478,0.4190995494238017,2022_03_22,2,"(0.409, 0.432]",-9.702361632079516,-0.0348355462621363
1,6,6,1169.2264110619922,885.070230324492,8457.715644960721,8457.715644960721,237.18990906693,387.0906066894531,5.792711625982665,5.676422940091063,609.3802225033554,237.18990906693008,2.585469007492065,3.95707893371582,7844.468486178313,8.689067438973998,11.58542325196533,14.481779064956664,8.514634410136596,11.352845880182128,14.19105735022766,False,1.5,16.0,528.6072278100451,52127.06178591723,14.52788193034946,229.49988430423585,-9.736408806601563,-0.0317645910383796,1.081811,68.92613,67.55861,2022-03-22T23:12:47.507,16.0,Luminance,data\RV_UMa\2022_03_22\Light\Luminance\reduced_images\RV_Uma_Light_Luminance_16_secs_044_reduced.fits,2,0.979925,792.0,7.281662456631163,1172.7249748358863,937.084834357906,7.0,V* RV UMa,False,0.9750492859069564,0.0031660956459215,7648.743395767786,225.14775529669933,-9.708975228043927,-0.0319596379035163,2022-03-22 23:12:47.507,0.42367491086121767,2022_03_22,2,"(0.409, 0.432]",-9.708975228043927,-0.0319596379035163
1,6,6,1168.7926132432997,884.576891684598,8465.24439295995,8465.24439295995,276.0899582497168,266.307373046875,6.249699128294271,6.124236418293764,677.6337312047087,276.08995824971686,2.42915678024292,3.623400211334229,7794.578598920666,9.374548692441406,12.499398256588542,15.624247820735675,9.186354627440643,12.248472836587528,15.310591045734409,False,1.5,16.0,529.0777745599969,4705.239347377012,16.91050994279515,72.46535470057263,-9.72948160185562,-0.0100939721359594,1.078337,69.10451,68.01065,2022-03-22T23:15:52.187,16.0,Luminance,data\RV_UMa\2022_03_22\Light\Luminance\reduced_images\RV_Uma_Light_Luminance_16_secs_045_reduced.fits,2,0.979925,792.0,6.626996242068765,1172.8384035804834,937.0994475538812,7.0,V* RV UMa,False,0.9647672913679252,0.0029888016125452,7519.954482235089,73.69152464352334,-9.690538029612764,-0.0106396330560658,2022-03-22 23:15:52.187,0.4282416422939246,2022_03_22,2,"(0.409, 0.432]",-9.690538029612764,-0.0106396330560658
2,7,7,1168.6213742802363,884.7198221111868,8371.308183404337,8371.308183404337,267.8464520624241,283.9437255859375,6.155690183190847,6.032114702763291,642.3701526033497,267.84645206242425,2.3848578929901123,3.670612335205078,7732.532458093867,9.23353527478627,12.311380366381696,15.38922545797712,9.048172054144937,12.064229405526582,15.08028675690823,False,1.5,16.0,523.206761462771,14561.04712958992,16.405595188823472,122.8847406566068,-9.720804379186092,-0.0172544263688846,1.074992,69.28206,68.45713,2022-03-22T23:18:56.621,16.0,Luminance,data\RV_UMa\2022_03_22\Light\Luminance\reduced_images\RV_Uma_Light_Luminance_16_secs_046_reduced.fits,2,0.979925,792.0,6.605590132552663,1172.7568116654868,937.029688324644,7.0,V* RV UMa,False,0.9691878558229842,0.0034860295726916,7494.276553141624,122.11079239278315,-9.686824288376725,-0.0176908481228878,2022-03-22 23:18:56.621,0.4328022906860607,2022_03_22,2,"(0.432, 0.455]",-9.686824288376725,-0.0176908481228878
1,6,6,1168.5189793069048,884.2105794325239,8289.997204211933,8289.997204211933,236.99278055750307,368.6410827636719,5.790303964603773,5.674063612514352,587.4566730516067,236.99278055750307,2.4179396629333496,4.144659042358398,7716.962960273087,8.685455946905659,11.580607929207543,14.475759911509432,8.511095418771529,11.348127225028705,14.18515903128588,False,1.5,16.0,518.1248252632458,83175.4949677547,14.51580780914706,289.32358286324865,-9.718616039342129,-0.0407063102961753,1.071736,69.44483,68.90311,2022-03-22T23:21:59.197,16.0,Luminance,data\RV_UMa\2022_03_22\Light\Luminance\reduced_images\RV_Uma_Light_Luminance_16_secs_047_reduced.fits,2,0.979925,792.0,6.176581023011633,1172.7154161867902,937.1075644266608,7.0,V* RV UMa,False,0.9647868672973846,0.002507791344985,7445.224519491823,279.8056466395539,-9.679694497364926,-0.0408040241173357,2022-03-22 23:21:59.197,0.4373169948124298,2022_03_22,2,"(0.432, 0.455]",-9.679694497364926,-0.0408040241173357
1,6,6,1169.3549776988552,885.1751442654406,8299.82048033355,8299.82048033355,251.6612171664769,338.5048828125,5.966806456207373,5.847022816599011,610.2253786645638,251.6612171664769,2.4023876190185547,3.9374423027038574,7695.232688025666,8.95020968431106,11.933612912414748,14.917016140518433,8.770534224898515,11.69404563319802,14.617557041497523,False,1.5,16.0,518.7387800208469,38872.85542277862,15.414249551446709,198.51198566421857,-9.715554391347167,-0.0280084642858755,1.068417,69.6027,69.37014,2022-03-22T23:25:10.537,16.0,Luminance,data\RV_UMa\2022_03_22\Light\Luminance\reduced_images\RV_Uma_Light_Luminance_16_secs_048_reduced.fits,2,0.979925,792.0,7.44700640011541,1172.7938895435052,937.1193519782388,7.0,V* RV UMa,False,0.9657911409796932,0.0051275982693479,7431.987557872539,195.7394324011164,-9.677762434799869,-0.0285954984183981,2022-03-22 23:25:10.537,0.44204841344105184,2022_03_22,2,"(0.432, 0.455]",-9.677762434799869,-0.0285954984183981
1,6,6,1169.192288665724,884.1887259124735,8155.035506527949,8155.035506527949,234.322507681445,382.40423583984375,5.757590960361466,5.64200732183221,563.2748134851162,234.3225076814449,2.38292396068573,3.5228848457336426,7596.662788445868,8.6363864405422,11.515181920722933,14.393977400903664,8.463010982748315,11.28401464366442,14.105018304580526,False,1.5,16.0,509.6897191579968,91906.65657160326,14.352253595488504,304.0241742762518,-9.701557121865806,-0.0434519817880387,1.065238,69.76085,69.82992,2022-03-22T23:28:19.138,16.0,Luminance,data\RV_UMa\2022_03_22\Light\Luminance\reduced_images\RV_Uma_Light_Luminance_16_secs_049_reduced.fits,2,0.979925,792.0,6.671228249582847,1172.7491270360365,937.0538528601592,7.0,V* RV UMa,False,0.966572574049298,0.002632079467087,7342.725905612639,294.5408971775598,-9.66464329215862,-0.0435524517676976,2022-03-22 23:28:19.138,0.446712102605769,2022_03_22,2,"(0.432, 0.455]",-9.66464329215862,-0.0435524517676976
1,6,6,1170.3567511820052,896.7465131141071,8090.803623680957,8090.803623680957,231.61751546567285,310.1720886230469,5.72426200914632,5.609347449312708,568.2082655046556,231.6175154656728,2.4057931900024414,4.2079243659973145,7533.579782288356,8.58639301371948,11.44852401829264,14.3106550228658,8.414021173969061,11.218694898625415,14.023368623281767,False,1.5,16.0,505.6752264800598,9146.630809729246,14.18657282227246,98.3183228550588,-9.69250347976532,-0.0141695934469032,1.062267,69.90248,70.27136,2022-03-22T23:31:20.348,16.0,Luminance,data\RV_UMa\2022_03_22\Light\Luminance\reduced_images\RV_Uma_Light_Luminance_16_secs_050_reduced.fits,2,0.979925,792.0,17.912397580192444,1172.715246666161,937.14895514067,7.0,V* RV UMa,False,0.9700784988673102,0.0026450520271953,7308.163766299406,97.43587036960872,-9.659520676888464,-0.0144755448133549,2022-03-22 23:31:20.348,0.4511930285475092,2022_03_22,2,"(0.432, 0.455]",-9.659520676888464,-0.0144755448133549
3,8,8,1170.1994056631022,888.6102603421853,8008.546584571421,8008.546584571421,214.45105513419875,340.9964599609375,5.508050308483256,5.397476198540455,527.6166222362333,214.45105513419867,2.4604272842407227,3.831464767456055,7480.905357385027,8.262075462724884,11.016100616966511,13.77012577120814,8.096214297810683,10.794952397080907,13.493690496351135,False,1.5,16.0,500.5341615357138,59111.13674576313,13.135127126969673,244.18191176748903,-9.68488540105253,-0.0354391787474357,1.059268,70.04095,70.7296,2022-03-22T23:34:26.901,16.0,Luminance,data\RV_UMa\2022_03_22\Light\Luminance\reduced_images\RV_Uma_Light_Luminance_16_secs_051_reduced.fits,2,0.979925,792.0,10.60986398291287,1172.7241626359173,937.0403980824394,7.0,V* RV UMa,False,0.9735078135624612,0.0020424786409322,7282.7198179356,238.20355951008213,-9.655734005056916,-0.0355123134114564,2022-03-22 23:34:26.901,0.4558060751630908,2022_03_22,2,"(0.455, 0.477]",-9.655734005056916,-0.0355123134114564
1,6,6,1170.5819857273934,887.0292250909697,7983.970874699125,7983.970874699125,251.9546460243032,271.2334289550781,5.97028399471446,5.850430543520567,616.2159198584968,251.95464602430323,2.4009125232696533,4.022786140441895,7379.049809763404,8.955425992071689,11.94056798942892,14.92570998678615,8.77564581528085,11.700861087041131,14.626076358801418,False,1.5,16.0,498.99817966869534,386.2723494189368,15.432222068988564,30.01171023378409,-9.670001104779704,-0.0044158531528565,1.056474,70.16486,71.1685,2022-03-22T23:37:27.056,16.0,Luminance,data\RV_UMa\2022_03_22\Light\Luminance\reduced_images\RV_Uma_Light_Luminance_16_secs_052_reduced.fits,2,0.979925,792.0,9.629773699061095,1172.7571824423585,937.122843275346,7.0,V* RV UMa,False,0.972186666642632,0.00326338582148,7173.813837543832,37.83088539711064,-9.639375256060186,-0.0057255962956186,2022-03-22 23:37:27.056,0.46026091326824137,2022_03_22,2,"(0.455, 0.477]",-9.639375256060186,-0.0057255962956186
1,6,6,1171.9890275918954,896.035025369148,7923.541031596292,7923.541031596292,214.59478496133352,351.2021484375,5.509895807713291,5.399284649373447,533.2159155378748,214.5947849613337,2.4644222259521484,3.7309353351593018,7394.68887396416,8.264843711569936,11.019791615426582,13.774739519283228,8.09892697406017,10.798569298746894,13.49821162343362,False,1.5,16.0,495.2213144747682,395.3774470282193,13.143930578881676,30.062313485190543,-9.672299765249775,-0.0044139439408439,1.053704,70.28184,71.61582,2022-03-22T23:40:28.928,16.0,Luminance,data\RV_UMa\2022_03_22\Light\Luminance\reduced_images\RV_Uma_Light_Luminance_16_secs_053_reduced.fits,2,0.979925,792.0,17.91498256915941,1172.77835756972,937.0763119121376,7.0,V* RV UMa,False,0.9704996638355936,0.0030649745258805,7176.5430663510215,36.94440178029406,-9.63978823848043,-0.0055893031234035,2022-03-22 23:40:28.928,0.4647582090183455,2022_03_22,2,"(0.455, 0.477]",-9.63978823848043,-0.0055893031234035
3,8,7,1171.5460545412236,885.9254569303662,7875.541582762786,7875.541582762786,214.3025359192641,346.2500305175781,5.506142663420299,5.395606849452137,526.6184498353177,214.30253591926405,2.490008592605591,3.7196688652038574,7341.92642690665,8.259213995130448,11.012285326840598,13.765356658550749,8.093410274178204,10.791213698904274,13.489017123630342,False,1.5,16.0,492.2213489226741,44.07539887931124,13.126030325054924,23.439769156863303,-9.664525070363888,-0.0034663117722771,1.051024,70.38837,72.06133,2022-03-22T23:43:30.945,16.0,Luminance,data\RV_UMa\2022_03_22\Light\Luminance\reduced_images\RV_Uma_Light_Luminance_16_secs_054_reduced.fits,2,0.979925,792.0,9.59447648247397,1172.7709633461543,937.0609954585746,7.0,V* RV UMa,False,0.9809352831815038,0.0037227974695628,7201.954678675441,35.7174905361309,-9.643625960158598,-0.0053846176973326,2022-03-22 23:43:30.945,0.4692590903004925,2022_03_22,2,"(0.455, 0.477]",-9.643625960158598,-0.0053846176973326
2,8,8,1172.760102606944,894.7322457935445,7798.004236669529,7798.004236669529,218.27675394990143,323.82696533203125,5.556963547612448,5.445407504394128,527.1447411473977,218.27675394990143,2.372092843055725,3.91199803352356,7280.231510819533,8.335445321418671,11.113927095224897,13.89240886903112,8.168111256591192,10.890815008788255,13.61351876098532,False,1.5,16.0,487.3752647918456,193.55134221958056,13.369451179431463,26.349498253114,-9.655362975161976,-0.0039296283625184,1.048462,70.48285,72.49967,2022-03-22T23:46:29.695,16.0,Luminance,data\RV_UMa\2022_03_22\Light\Luminance\reduced_images\RV_Uma_Light_Luminance_16_secs_055_reduced.fits,2,0.979925,792.0,17.139966855440427,1172.7712256780028,937.0427124378764,7.0,V* RV UMa,False,0.9728013943428764,0.0034488488699866,7082.219364864188,35.88139587040552,-9.625423436200172,-0.0055007799909492,2022-03-22 23:46:29.695,0.47367918583653523,2022_03_22,2,"(0.455, 0.477]",-9.625423436200172,-0.0055007799909492
1,6,6,1173.5359767812818,898.2177284854956,7768.028325112346,7768.028325112346,246.8674616861056,275.09228515625,5.909704020856452,5.791066712637759,589.8214578254888,246.86746168610551,2.3524298667907715,3.859694004058838,7187.289935103125,8.864556031284678,11.819408041712904,14.77426005214113,8.686600068956638,11.58213342527552,14.477666781594396,False,1.5,16.0,485.5017703195216,104.86575678964608,15.120632028273963,24.606668997193456,-9.641412911597698,-0.0037171662267676,1.046005,70.56519,72.93217,2022-03-22T23:49:25.456,16.0,Luminance,data\RV_UMa\2022_03_22\Light\Luminance\reduced_images\RV_Uma_Light_Luminance_16_secs_056_reduced.fits,2,0.979925,792.0,20.56259916315016,1172.7998581038732,937.0310836547302,7.0,V* RV UMa,False,0.9724653395087473,0.0024702598529538,6989.390346887863,29.796387900190783,-9.61109823960403,-0.0046285892629618,2022-03-22 23:49:25.456,0.47802536995687195,2022_03_22,2,"(0.477, 0.5]",-9.61109823960403,-0.0046285892629618
2,7,7,1173.3908399770476,893.2790867803988,7792.045605814687,7792.045605814687,219.35272594672995,358.03857421875,5.570642940359869,5.458812283332145,545.7102323594112,219.3527259467297,2.4674646854400635,3.8944029808044434,7250.800500886119,8.355964410539805,11.14128588071974,13.926607350899673,8.188218424998219,10.91762456666429,13.647030708330362,False,1.5,16.0,487.002850363418,128.92479632825683,13.435354464237207,25.08710826611772,-9.65096489019512,-0.0037565482202802,1.043598,70.63668,73.3688,2022-03-22T23:52:23.337,16.0,Luminance,data\RV_UMa\2022_03_22\Light\Luminance\reduced_images\RV_Uma_Light_Luminance_16_secs_057_reduced.fits,2,0.979925,792.0,16.264132967849093,1172.759910618193,937.017489097178,7.0,V* RV UMa,False,0.9695602050920428,0.0038422819624018,7030.087620720631,36.9836345018078,-9.61740184489605,-0.0057118023456496,2022-03-22 23:52:23.337,0.4824239770284615,2022_03_22,2,"(0.477, 0.5]",-9.61740184489605,-0.0057118023456496
2,7,7,1173.8583335797546,905.4741219574612,7752.783078825851,7752.783078825851,218.612048299979,337.7713623046875,5.561229928422975,5.449588237609884,541.4000835197261,218.6120482999789,2.4792033433914185,3.447434425354004,7210.799357774897,8.341844892634462,11.12245985684595,13.903074821057436,8.174382356414826,10.899176475219768,13.62397059402471,False,1.5,16.0,484.54894242661567,90.15866084738742,13.389987958373712,24.25072351977105,-9.64495852845178,-0.0036514521082333,1.041308,70.69437,73.79649,2022-03-22T23:55:17.569,16.0,Luminance,data\RV_UMa\2022_03_22\Light\Luminance\reduced_images\RV_Uma_Light_Luminance_16_secs_058_reduced.fits,2,0.979925,792.0,27.31515386142514,1172.7896844628508,937.1243023249174,7.0,V* RV UMa,False,0.9667687201624808,0.0028479542999576,6971.175266464476,31.16711364854209,-9.608265004324242,-0.0048541691167657,2022-03-22 23:55:17.569,0.4867323523315976,2022_03_22,2,"(0.477, 0.5]",-9.608265004324242,-0.0048541691167657
2,7,7,1174.052574126072,902.5048529788228,7703.810950172976,7703.810950172976,240.39844174154524,342.2353210449219,5.831759811755393,5.714687233534403,575.9336219073236,240.3984417415453,2.3622864484786987,3.453831195831299,7135.920969011528,8.747639717633088,11.663519623510783,14.579399529388482,8.572030850301605,11.429374467068806,14.286718083836009,False,1.5,16.0,481.488184385811,81.27572797442959,14.724404556669644,24.0309865989083,-9.633625078857296,-0.0036563342419004,1.038905,70.74217,74.25967,2022-03-22T23:58:25.998,16.0,Luminance,data\RV_UMa\2022_03_22\Light\Luminance\reduced_images\RV_Uma_Light_Luminance_16_secs_059_reduced.fits,2,0.979925,792.0,24.647974646177207,1172.7614887570217,937.0262870438834,7.0,V* RV UMa,False,0.9625304204994998,0.0044389787605778,6868.541010953863,39.22249804660023,-9.592161239234084,-0.0062000483221013,2022-03-22 23:58:25.998,0.49139178831347685,2022_03_22,2,"(0.477, 0.5]",-9.592161239234084,-0.0062000483221013
2,7,7,1174.787722763753,902.7998720744368,7661.220860728819,7661.220860728819,212.24537247236472,331.8788452148437,5.479651260384071,5.3696472613318615,508.0047052661384,212.2453724723647,2.3445093631744385,4.079184055328369,7163.609597676914,8.219476890576107,10.959302520768142,13.699128150960178,8.054470891997793,10.739294522663725,13.424118153329651,False,1.5,16.0,478.8263037955512,61.20284318576458,13.000029063932338,23.516572370250906,-9.637829774114104,-0.0035642358347495,1.036626,70.77286,74.71369,2022-03-23T00:01:30.490,16.0,Luminance,data\RV_UMa\2022_03_22\Light\Luminance\reduced_images\RV_Uma_Light_Luminance_16_secs_060_reduced.fits,2,0.979925,792.0,25.22318633793676,1172.788032703788,937.076901808618,7.0,V* RV UMa,False,0.9622577487937276,0.0022735225297712,6893.238844697728,27.8805679117617,-9.596058316697231,-0.0043913960727331,2022-03-23 00:01:30.490,0.4959538709184299,2022_03_22,2,"(0.477, 0.5]",-9.596058316697231,-0.0043913960727331
1,6,6,1149.8410028328028,886.0937236013582,6799.380548386117,6799.380548386117,264.1520595018152,249.98660278320312,6.11309021673024,5.99036993062938,1373.5262241090318,264.1520595018151,5.241096496582031,6.950649261474609,5414.934114766225,9.16963532509536,12.22618043346048,15.2827255418256,8.985554895944071,11.98073986125876,14.97592482657345,False,1.5,16.0,424.9612842741323,35578.241658887644,16.17931364448618,189.787729468494,-9.333982941984353,-0.0380539088261245,1.34221,57.15414,48.12836,2022-03-24T20:45:55.243,16.0,Luminance,data\RV_UMa\2022_03_24\Light\Luminance\reduced_images\RV_Uma_Light_Luminance_16_secs_001_reduced.fits,2,0.979925,792.0,15.414625136877245,1172.8906687256865,937.17708071392,7.0,V* RV UMa,False,1.286315272798845,0.0096346744233404,6965.312453023289,249.63923539793424,-9.607351507420509,-0.0389131654649647,2022-03-24 20:45:55.243,0.47873202895482336,2022_03_24,3,"(0.477, 0.5]",-9.607351507420509,-0.0389131654649647
1,6,6,1149.3005631736069,885.8304117136171,6656.892838029222,6656.892838029222,244.9705021554772,297.21954345703125,5.886954793231707,5.768774175757581,1263.0267332513786,244.9705021554772,5.185106992721558,6.97888708114624,5386.694574292346,8.83043218984756,11.773909586463414,14.717386983079267,8.65316126363637,11.53754835151516,14.421935439393954,False,1.5,16.0,416.0558023768264,43110.15468678455,15.004443257022972,208.66531799131928,-9.32830587934202,-0.0420583508672952,1.334592,57.4399,48.49537,2022-03-24T20:48:42.980,16.0,Luminance,data\RV_UMa\2022_03_24\Light\Luminance\reduced_images\RV_Uma_Light_Luminance_16_secs_002_reduced.fits,2,0.979925,792.0,15.813511430526937,1172.8235069498187,937.0967218667424,7.0,V* RV UMa,False,1.2919184892215028,0.0059702738090597,6959.170316317434,271.4901109531075,-9.606393663493504,-0.0423565783415933,2022-03-24 20:48:42.980,0.48287979715023077,2022_03_24,3,"(0.477, 0.5]",-9.606393663493504,-0.0423565783415933
1,6,6,1151.321092650605,885.2379321981662,6943.856358137713,6943.856358137713,307.37099107146526,178.17953491210938,6.5942474992866,6.461867980738422,1583.35670586508,307.37099107146526,5.175743103027344,6.7736921310424805,5352.983071028897,9.8913712489299,13.1884949985732,16.4856187482165,9.692801971107633,12.923735961476844,16.154669951846053,False,1.5,16.0,433.9910223836071,16393.967861869045,18.826473203127243,129.79516692641442,-9.321489674790374,-0.0263261269585046,1.327436,57.70464,48.8465,2022-03-24T20:51:21.243,16.0,Luminance,data\RV_UMa\2022_03_24\Light\Luminance\reduced_images\RV_Uma_Light_Luminance_16_secs_003_reduced.fits,2,0.979925,792.0,13.718258828551493,1172.851246867879,937.1477893083792,7.0,V* RV UMa,False,1.2620831199808595,0.0096269236193649,6755.909575488873,171.72679281472298,-9.574209570302113,-0.0275980597730914,2022-03-24 20:51:21.243,0.48679329410027705,2022_03_24,3,"(0.477, 0.5]",-9.574209570302113,-0.0275980597730914
1,6,6,1151.1079414143012,883.4410797545099,6728.086384033108,6728.086384033108,259.05111339488724,262.7435302734375,6.053778633419729,5.932249027353829,1333.8463569392352,259.05111339488724,5.1292009353637695,6.787607669830322,5399.361170901026,9.080667950129596,12.10755726683946,15.134446583549323,8.898373541030743,11.864498054707658,14.830622568384571,False,1.5,16.0,420.5053990020692,48008.6683927737,15.86688069543684,220.10234136072063,-9.330855947536742,-0.0442595101908117,1.320286,57.96826,49.20365,2022-03-24T20:54:03.279,16.0,Luminance,data\RV_UMa\2022_03_24\Light\Luminance\reduced_images\RV_Uma_Light_Luminance_16_secs_004_reduced.fits,2,0.979925,792.0,13.343395536893464,1172.7795358997914,937.0973382079466,7.0,V* RV UMa,False,1.2601061325896794,0.0063087278266411,6803.768123518975,279.43621585140454,-9.581873760443562,-0.0445920570722741,2022-03-24 20:54:03.279,0.490800089066866,2022_03_24,3,"(0.477, 0.5]",-9.581873760443562,-0.0445920570722741
1,6,6,1150.3600525727622,883.8679989351804,6704.297824218813,6704.297824218813,256.1403184837329,258.1273498535156,6.019671294962391,5.898826393716021,1310.302296943296,256.14031848373304,5.154173374176025,7.153400421142578,5384.1062146369895,9.029506942443586,12.039342589924782,15.04917823740598,8.848239590574032,11.797652787432042,14.747065984290057,False,1.5,16.0,419.0186140136758,43238.89116994137,15.68859450712864,208.9822920212672,-9.327784047047851,-0.0421424896826861,1.312872,58.251,49.58081,2022-03-24T20:56:53.400,16.0,Luminance,data\RV_UMa\2022_03_24\Light\Luminance\reduced_images\RV_Uma_Light_Luminance_16_secs_005_reduced.fits,2,0.979925,792.0,14.177784791016062,1172.8356672246398,937.0887784732964,7.0,V* RV UMa,False,1.2706630819075164,0.0051611439028461,6841.384996008049,266.99607382454764,-9.587860077120125,-0.0423726049694228,2022-03-24 20:56:53.400,0.49500680835462596,2022_03_24,3,"(0.477, 0.5]",-9.587860077120125,-0.0423726049694228
1,6,6,1150.0273867588503,882.5762394694227,6648.683770739788,6648.683770739788,262.39049149935414,241.05584716796875,6.092672738986225,5.970362333751077,1332.259031558491,262.390491499354,5.024354457855225,6.824293613433838,5330.340935076185,9.13900910847934,12.18534547797245,15.231681847465564,8.955543500626616,11.940724667502154,14.925905834377692,False,1.5,16.0,415.5427356712368,38363.20190158292,16.07141760433544,196.96399684931887,-9.316887469792944,-0.0401195617724807,1.305561,58.53856,49.9599,2022-03-24T20:59:43.885,16.0,Luminance,data\RV_UMa\2022_03_24\Light\Luminance\reduced_images\RV_Uma_Light_Luminance_16_secs_006_reduced.fits,2,0.979925,792.0,14.20812903202119,1172.7960669893623,937.1420933599,7.0,V* RV UMa,False,1.2597583274531166,0.0106197668502571,6714.941381126456,254.5022113278687,-9.567605564490826,-0.0411503614620262,2022-03-24 20:59:43.885,0.49922252856420535,2022_03_24,3,"(0.477, 0.5]",-9.567605564490826,-0.0411503614620262
1,6,6,1150.1096936768383,882.6853088128511,6574.427851328812,6574.427851328812,252.3921993986835,241.10256958007807,5.975465849409067,5.855508372482181,1275.2080056322843,252.3921993986837,5.054876327514648,6.600754737854004,5298.61649733905,8.9631987741136,11.950931698818136,14.93866462352267,8.78326255872327,11.71101674496436,14.638770931205451,False,1.5,16.0,410.90174070805074,52921.60799402742,15.459022213169362,230.9717921239489,-9.31040621833825,-0.0473282859993317,1.298333,58.8158,50.3419,2022-03-24T21:02:35.008,16.0,Luminance,data\RV_UMa\2022_03_24\Light\Luminance\reduced_images\RV_Uma_Light_Luminance_16_secs_007_reduced.fits,2,0.979925,792.0,14.14749070229914,1172.80776767942,937.1676153444891,7.0,V* RV UMa,False,1.2599055588787578,0.0073851682069796,6675.756379364161,293.6218453909131,-9.561251198602372,-0.0477542693190928,2022-03-24 21:02:35.008,0.5034540251147721,2022_03_24,3,"(0.5, 0.523]",-9.561251198602372,-0.0477542693190928
1,6,6,1151.866251403759,883.5223680316107,6778.372899706492,6778.372899706492,297.9641397298111,181.17135620117188,6.492557496574991,6.362219404831248,1487.8394007293346,297.964139729811,5.007646083831787,6.518330097198486,5286.273942266196,9.738836244862489,12.98511499314998,16.231393741437476,9.543329107246873,12.724438809662496,15.905548512078118,False,1.5,16.0,423.6483062316557,17892.75764142356,18.250303558450927,135.40552518717124,-9.307874162848044,-0.0278106436831717,1.291789,59.07198,50.69412,2022-03-24T21:05:12.816,16.0,Luminance,data\RV_UMa\2022_03_24\Light\Luminance\reduced_images\RV_Uma_Light_Luminance_16_secs_008_reduced.fits,2,0.979925,792.0,12.63467180210449,1172.7837346765182,937.0736884675374,7.0,V* RV UMa,False,1.261886477937276,0.0083324552603371,6670.677606417889,176.45260488749162,-9.56042487931206,-0.0287198681833926,2022-03-24 21:05:12.816,0.5073562709125454,2022_03_24,3,"(0.5, 0.523]",-9.56042487931206,-0.0287198681833926
1,6,6,1149.895936003374,880.9847108365016,6679.076284141204,6679.076284141204,285.61659164223715,203.8675994873047,6.35660932600751,6.229000393787909,1423.215550768697,285.6165916422369,4.983962059020996,6.817802429199219,5255.574027969401,9.534913989011264,12.71321865201502,15.891523315018771,9.343500590681863,12.458000787575818,15.572500984469771,False,1.5,16.0,417.44226775882527,25776.88337302762,17.494016238087024,161.90064748797187,-9.301550394423792,-0.0334466594164579,1.285247,59.33267,51.05249,2022-03-24T21:07:51.773,16.0,Luminance,data\RV_UMa\2022_03_24\Light\Luminance\reduced_images\RV_Uma_Light_Luminance_16_secs_009_reduced.fits,2,0.979925,792.0,14.138397244824056,1172.747868904876,937.0989017842992,7.0,V* RV UMa,False,1.2595710640482278,0.0056334712570961,6619.768970593649,206.0634337549697,-9.55210708215395,-0.0337973321272094,2022-03-24 21:07:51.773,0.511286928960784,2022_03_24,3,"(0.5, 0.523]",-9.55210708215395,-0.0337973321272094
1,6,6,1152.1494586723188,881.0340862132553,6751.733739271647,6751.733739271647,295.7629970854624,180.5723876953125,6.468531893874129,6.338676116104606,1448.3548144948072,295.7629970854623,4.858474016189575,6.631441116333008,5314.776902981575,9.702797840811192,12.937063787748258,16.171329734685322,9.508014174156909,12.677352232209213,15.846690290261517,False,1.5,16.0,421.983358704478,24882.370402253026,18.11548357148457,159.13035299567767,-9.31371259743636,-0.0325081539032095,1.278411,59.60565,51.43397,2022-03-24T21:10:42.249,16.0,Luminance,data\RV_UMa\2022_03_24\Light\Luminance\reduced_images\RV_Uma_Light_Luminance_16_secs_010_reduced.fits,2,0.979925,792.0,11.89557329663116,1172.7560750921955,937.0767710600556,7.0,V* RV UMa,False,1.2536402806062812,0.011754370368363,6662.818408013604,209.04515972168835,-9.559144942343256,-0.0340648483029795,2022-03-24 21:10:42.249,0.5155024266200972,2022_03_24,3,"(0.5, 0.523]",-9.559144942343256,-0.0340648483029795
1,6,6,1153.4318292084122,880.1869865186939,6558.388285421612,6558.388285421612,245.8524811022453,250.50282287597656,5.897542813283747,5.779149641307075,1192.1088025382214,245.8524811022452,4.854680061340332,6.511474609375,5364.853147383491,8.84631421992562,11.795085626567491,14.743857033209366,8.668724461960615,11.55829928261415,14.447874103267688,False,1.5,16.0,409.89926783885073,54387.18207937991,15.05846446751252,234.1199261312165,-9.323894596205118,-0.0473810695414717,1.271928,59.86275,51.80254,2022-03-24T21:13:24.837,16.0,Luminance,data\RV_UMa\2022_03_24\Light\Luminance\reduced_images\RV_Uma_Light_Luminance_16_secs_011_reduced.fits,2,0.979925,792.0,10.569824872643023,1172.789335250915,937.1261337089942,7.0,V* RV UMa,False,1.2574189605511716,0.0056994381690256,6745.868068092631,295.9705045755173,-9.57259460812034,-0.0476359586512088,2022-03-24 21:13:24.837,0.5195228713362603,2022_03_24,3,"(0.5, 0.523]",-9.57259460812034,-0.0476359586512088
1,6,6,1152.453286518055,880.7119345641946,6562.067255308926,6562.067255308926,251.5999775729212,246.9291229248047,5.966080426510481,5.846311361948283,1213.130183545702,251.5999775729212,4.790607452392578,6.42081880569458,5356.750527726284,8.949120639765722,11.932160853020962,14.915201066276202,8.769467042922425,11.692622723896566,14.615778404870708,False,1.5,16.0,410.1292034568079,54955.35732510809,15.410498626341422,235.3314620427776,-9.322253552671596,-0.0476982990221423,1.265341,60.13842,52.18403,2022-03-24T21:16:13.896,16.0,Luminance,data\RV_UMa\2022_03_24\Light\Luminance\reduced_images\RV_Uma_Light_Luminance_16_secs_012_reduced.fits,2,0.979925,792.0,11.568640501710943,1172.8033097171449,937.1137896353812,7.0,V* RV UMa,False,1.2349247675586803,0.005779314518369,6615.183900322221,292.2609400309037,-9.55135480490102,-0.0479681727083566,2022-03-24 21:16:13.896,0.5237033296927791,2022_03_24,3,"(0.523, 0.545]",-9.55135480490102,-0.0479681727083566
1,6,6,1152.7199877736944,882.0029876566812,6597.5775406207285,6597.5775406207285,267.0085782249652,234.90576171875,6.146054566228627,6.022672520811588,1261.6774467532696,267.0085782249653,4.684596061706543,6.464269638061523,5346.750206626193,9.21908184934294,12.292109132457254,15.365136415571568,9.03400878121738,12.045345041623175,15.05668130202897,False,1.5,16.0,412.34859628879553,42845.44753743756,16.35427541627912,208.0243985909889,-9.320224737220212,-0.0422424112395163,1.258882,60.40431,52.56524,2022-03-24T21:19:02.139,16.0,Luminance,data\RV_UMa\2022_03_24\Light\Luminance\reduced_images\RV_Uma_Light_Luminance_16_secs_013_reduced.fits,2,0.979925,792.0,11.456466967543786,1172.808753860949,937.1707810774678,7.0,V* RV UMa,False,1.2300910700825305,0.0088964902382046,6576.989683132805,260.2725617548183,-9.545067901530455,-0.042966061529193,2022-03-24 21:19:02.139,0.5278636101586258,2022_03_24,3,"(0.523, 0.545]",-9.545067901530455,-0.042966061529193
1,6,6,1154.198410689255,888.7512826290214,6468.546194560736,6468.546194560736,238.8295226934681,301.1922912597656,5.812698672767596,5.696008746911787,1153.4011738733625,238.8295226934681,4.868170738220215,6.789484977722168,5305.883300761294,8.719048009151393,11.625397345535193,14.531746681918989,8.54401312036768,11.392017493823571,14.240021867279468,False,1.5,16.0,404.284137160046,82088.78586668862,14.62830826497492,287.2415330555692,-9.31189423436042,-0.0587778724616716,1.252686,60.6627,52.93777,2022-03-24T21:21:47.118,16.0,Luminance,data\RV_UMa\2022_03_24\Light\Luminance\reduced_images\RV_Uma_Light_Luminance_16_secs_014_reduced.fits,2,0.979925,792.0,13.139866843675415,1172.7820574189057,937.1152117777872,7.0,V* RV UMa,False,1.2140943712467902,0.0093164586187739,6441.843049946627,352.22428726821965,-9.522525348487797,-0.0593654110969689,2022-03-24 21:21:47.118,0.5319431790617912,2022_03_24,3,"(0.523, 0.545]",-9.522525348487797,-0.0593654110969689
1,6,6,1154.3475030817365,898.4606877794134,6451.179257849572,6451.179257849572,242.82304094015552,290.445556640625,5.861094873996112,5.74343339440064,1164.4219323347666,242.82304094015555,4.76435661315918,6.475882530212402,5294.28369691892,8.791642310994167,11.722189747992225,14.65273718499028,8.61515009160096,11.48686678880128,14.3585834860016,False,1.5,16.0,403.1987036155983,80529.08168634564,14.872911257584525,284.5121320808988,-9.309518023705955,-0.058346915310362,1.246645,60.91722,53.30778,2022-03-24T21:24:29.355,16.0,Luminance,data\RV_UMa\2022_03_24\Light\Luminance\reduced_images\RV_Uma_Light_Luminance_16_secs_015_reduced.fits,2,0.979925,792.0,20.83189117785688,1172.8202091915623,937.1094036757456,7.0,V* RV UMa,False,1.2150626965966684,0.006380903276167,6432.886625326082,347.3467846932545,-9.52101474340487,-0.0586248447567932,2022-03-24 21:24:29.355,0.535954944317627,2022_03_24,3,"(0.523, 0.545]",-9.52101474340487,-0.0586248447567932
1,6,6,1155.1487532027372,893.7472185229623,6415.703974002934,6415.703974002934,224.743731611328,312.5718688964844,5.638681943296174,5.525485403284503,1048.3752074684396,224.743731611328,4.612210273742676,6.3130388259887695,5379.138626105901,8.45802291494426,11.277363886592347,14.096704858240434,8.288228104926755,11.050970806569008,13.813713508211258,False,1.5,16.0,400.9814983751834,94951.4600503662,13.765553561193837,308.8141951114012,-9.326781841638368,-0.0623316808658666,1.241158,61.15059,53.64979,2022-03-24T21:26:59.502,16.0,Luminance,data\RV_UMa\2022_03_24\Light\Luminance\reduced_images\RV_Uma_Light_Luminance_16_secs_016_reduced.fits,2,0.979925,792.0,16.350247306512873,1172.8057465915126,937.0880743440022,7.0,V* RV UMa,False,1.2316072255207555,0.013718508286199,6624.985998989818,387.4304534617936,-9.552962411968194,-0.0634940617555221,2022-03-24 21:26:59.502,0.5396677503844813,2022_03_24,3,"(0.523, 0.545]",-9.552962411968194,-0.0634940617555221
1,6,6,1155.4709618938075,896.7254197739999,6549.839852773675,6549.839852773675,269.640643855096,232.06622314453125,6.176272973819141,6.052284293869722,1261.5864749890409,269.6406438550961,4.6684746742248535,6.489923000335693,5291.0293357944765,9.26440946072871,12.352545947638282,15.440682434547853,9.078426440804582,12.104568587739443,15.130710734674306,False,1.5,16.0,409.3649907983547,50413.12534868954,16.51548943612463,225.4750669784223,-9.308850423646028,-0.0462682075551142,1.235664,61.38627,53.99806,2022-03-24T21:29:32.300,16.0,Luminance,data\RV_UMa\2022_03_24\Light\Luminance\reduced_images\RV_Uma_Light_Luminance_16_secs_017_reduced.fits,2,0.979925,792.0,18.77456144982859,1172.7932898966749,937.104193366576,7.0,V* RV UMa,False,1.2183269686209617,0.0055496314177266,6446.203731563064,276.2672346722213,-9.523260068056915,-0.0465317807756145,2022-03-24 21:29:32.300,0.5434461098682082,2022_03_24,3,"(0.523, 0.545]",-9.523260068056915,-0.0465317807756145
1,6,6,1156.3853711732338,907.1620769521855,6323.583196700985,6323.583196700985,242.145283144216,287.787109375,5.852909533540739,5.735412374654909,1074.4103087731469,242.145283144216,4.491897106170654,6.266400337219238,5235.891500072608,8.779364300311109,11.705819067081478,14.632273833851848,8.603118561982363,11.470824749309818,14.338530936637271,False,1.5,16.0,395.2239497938116,61128.16614478776,14.831398592583229,248.06898535120047,-9.297476595934391,-0.051440614968755,1.230116,61.62656,54.35596,2022-03-24T21:32:08.396,16.0,Luminance,data\RV_UMa\2022_03_24\Light\Luminance\reduced_images\RV_Uma_Light_Luminance_16_secs_018_reduced.fits,2,0.979925,792.0,28.20923601457285,1172.7994708390124,937.1045004262708,7.0,V* RV UMa,False,1.2265810055632052,0.0034251123238835,6422.245061178898,304.8047317952812,-9.519217183583503,-0.0515298823914669,2022-03-24 21:32:08.396,0.5473060216600629,2022_03_24,3,"(0.545, 0.568]",-9.519217183583503,-0.0515298823914669
1,6,6,1156.356800762634,897.4876622558257,6309.937078727608,6309.937078727608,242.54011034055088,256.3868408203125,5.857679287055765,5.74008637536812,1072.8718435161825,242.5401103405509,4.434910774230957,6.253593444824219,5234.293330195133,8.786518930583647,11.71535857411153,14.644198217639412,8.61012956305218,11.48017275073624,14.350215938420304,False,1.5,16.0,394.3710674204754,67256.84847612437,14.85558175835874,260.1270365135143,-9.297145142203837,-0.0539574921699379,1.22451,61.8717,54.72419,2022-03-24T21:34:48.608,16.0,Luminance,data\RV_UMa\2022_03_24\Light\Luminance\reduced_images\RV_Uma_Light_Luminance_16_secs_019_reduced.fits,2,0.979925,792.0,19.084989540366625,1172.7591249574775,937.1305433558488,7.0,V* RV UMa,False,1.2200822114878431,0.0049316013397398,6386.268181880547,318.42439340844174,-9.513117880350933,-0.0541356677413892,2022-03-24 21:34:48.608,0.5512677131063306,2022_03_24,3,"(0.545, 0.568]",-9.513117880350933,-0.0541356677413892
1,6,6,1157.0243719411053,894.9544430799164,6350.315724576989,6350.315724576989,260.8383276138819,233.9057464599609,6.074625489147278,5.952677382452647,1140.4376680821488,260.83832761388203,4.377767562866211,6.059679985046387,5208.426154796667,9.111938233720917,12.149250978294557,15.186563722868195,8.92901607367897,11.905354764905294,14.881693456131618,False,1.5,16.0,396.8947327860618,56051.6394725586,15.976347566350263,237.6226221404667,-9.291766277756384,-0.0495342501284895,1.219224,62.10488,55.07756,2022-03-24T21:37:22.550,16.0,Luminance,data\RV_UMa\2022_03_24\Light\Luminance\reduced_images\RV_Uma_Light_Luminance_16_secs_020_reduced.fits,2,0.979925,792.0,16.501356145677764,1172.8003832922502,937.1391143637796,7.0,V* RV UMa,False,1.2193995124099382,0.0048362779912663,6351.152313582225,290.8497418892696,-9.50713132032788,-0.0497210709682421,2022-03-24 21:37:22.550,0.5550743612014877,2022_03_24,3,"(0.545, 0.568]",-9.50713132032788,-0.0497210709682421
1,6,6,1157.968352544744,903.1087061184288,6313.692647872305,6313.692647872305,237.7298675139085,304.4472045898437,5.799301378263491,5.682880403094852,1041.7048484942538,237.7298675139085,4.39780330657959,5.958038330078125,5268.20345044691,8.698952067395236,11.59860275652698,14.498253445658726,8.524320604642277,11.365760806189703,14.207201007737128,False,1.5,16.0,394.6057904920191,84054.55602444224,14.560954385226896,290.6264316426149,-9.304156346106057,-0.0598958718777807,1.213994,62.33773,55.43336,2022-03-24T21:39:57.003,16.0,Luminance,data\RV_UMa\2022_03_24\Light\Luminance\reduced_images\RV_Uma_Light_Luminance_16_secs_021_reduced.fits,2,0.979925,792.0,23.882903288595607,1172.7974998195168,937.0952739736598,7.0,V* RV UMa,False,1.199525733100818,0.0073299386298212,6319.3456060215885,350.7460690171545,-9.50168026912039,-0.0602622058596769,2022-03-24 21:39:57.003,0.5588936452061208,2022_03_24,3,"(0.545, 0.568]",-9.50168026912039,-0.0602622058596769
1,6,6,1157.2057128036834,889.3627082228923,6382.843226142633,6382.843226142633,260.04138253516425,227.1254272460937,6.06533842154999,5.943576752737374,1126.2345755097135,260.0413825351641,4.339346885681152,6.248247623443604,5254.433462690447,9.098007632324986,12.13067684309998,15.163346053874974,8.915365129106062,11.887153505474748,14.858941881843435,False,1.5,16.0,398.9277016339146,57825.313531582535,15.927534680278807,241.3299997263016,-9.301314742256425,-0.0498665973901117,1.20866,62.57741,55.80283,2022-03-24T21:42:36.997,16.0,Luminance,data\RV_UMa\2022_03_24\Light\Luminance\reduced_images\RV_Uma_Light_Luminance_16_secs_022_reduced.fits,2,0.979925,792.0,11.568173744072418,1172.7769872365504,937.1293542779616,7.0,V* RV UMa,False,1.1963295310564823,0.0100047376147032,6286.033920387953,293.4571628830976,-9.49594180051617,-0.0506865012698052,2022-03-24 21:42:36.997,0.5628499459904202,2022_03_24,3,"(0.545, 0.568]",-9.49594180051617,-0.0506865012698052
1,6,6,1157.4273191065208,883.0964740068085,6307.369385107867,6307.369385107867,240.2501700809879,303.19805908203125,5.829961093604337,5.71292462465023,1028.8577509089696,240.2501700809879,4.271801948547363,5.85289478302002,5281.068240417068,8.744941640406505,11.659922187208672,14.57490273401084,8.569386936975345,11.42584924930046,14.282311561625574,False,1.5,16.0,394.2105865692417,96072.18122152632,14.715322917460508,310.6140807030696,-9.306804448377124,-0.0638592303250284,1.20348,62.81221,56.16813,2022-03-24T21:45:15.116,16.0,Luminance,data\RV_UMa\2022_03_24\Light\Luminance\reduced_images\RV_Uma_Light_Luminance_16_secs_023_reduced.fits,2,0.979925,792.0,7.26555472089689,1172.8594337702025,937.0874519899312,7.0,V* RV UMa,False,1.1905528578462985,0.0048748217625176,6287.390886109863,370.6975081545387,-9.496176153024145,-0.0640137877392297,2022-03-24 21:45:15.116,0.5667598821362301,2022_03_24,3,"(0.545, 0.568]",-9.496176153024145,-0.0640137877392297
1,6,6,1158.3500753668495,891.9222496637851,6306.133693208224,6306.133693208224,242.46816686392128,296.09747314453125,5.8568104553643705,5.739234985472931,1032.6274592841114,242.46816686392128,4.236015558242798,6.629462242126465,5279.034765994043,8.785215683046555,11.71362091072874,14.642026138410928,8.608852478209396,11.478469970945865,14.348087463682328,False,1.5,16.0,394.133355825514,73.19854969067768,14.851175220415175,21.958667553761245,-9.306386305329,-0.0045162271945895,1.198582,63.03625,56.51976,2022-03-24T21:47:46.279,16.0,Luminance,data\RV_UMa\2022_03_24\Light\Luminance\reduced_images\RV_Uma_Light_Luminance_16_secs_024_reduced.fits,2,0.979925,792.0,13.193243930357122,1172.80912280337,937.1304481895633,7.0,V* RV UMa,False,1.1917480375754212,0.0052651143067743,6291.279322665823,38.175561766606194,-9.496847418970882,-0.0065882608959446,2022-03-24 21:47:46.279,0.5704978116551924,2022_03_24,3,"(0.568, 0.591]",-9.496847418970882,-0.0065882608959446
1,6,6,1158.5600711495972,880.2762502531936,6240.701353769196,6240.701353769196,233.6514244670455,280.9325561523437,5.749340380669221,5.6339223725272864,987.8338454267636,233.6514244670456,4.242988586425781,5.389611721038818,5249.321026553397,8.624010571003831,11.49868076133844,14.373350951673052,8.45088355879093,11.267844745054571,14.084805931318217,False,1.5,16.0,390.0438346105748,51751.73080081454,14.311149748606535,228.37706930682364,-9.300257833043148,-0.0472360618123176,1.190081,63.42973,57.14498,2022-03-24T21:52:14.826,16.0,Luminance,data\RV_UMa\2022_03_24\Light\Luminance\reduced_images\RV_Uma_Light_Luminance_16_secs_025_reduced.fits,2,0.979925,792.0,5.446938598867639,1172.7439202031555,937.0967659183564,7.0,V* RV UMa,False,1.1795762684823137,0.0052466339218888,6191.974508567603,270.792370854707,-9.479572899382822,-0.0474822822029444,2022-03-24 21:52:14.826,0.5771383900938929,2022_03_24,3,"(0.568, 0.591]",-9.479572899382822,-0.0474822822029444
2,7,7,1159.229426433969,884.7483689705398,6191.394801732758,6191.394801732758,208.622554494024,348.53179931640625,5.432683870237597,5.323622741542577,866.8093232687461,208.622554494024,4.135151147842407,6.151700019836426,5328.70900605098,8.149025805356395,10.865367740475191,13.581709675593991,7.9854341123138655,10.647245483085154,13.309056853856443,False,1.5,16.0,386.9621751082974,103763.8216247046,12.778131462758967,322.7438023127256,-9.316555011562636,-0.0657597610667641,1.185306,63.65327,57.5048,2022-03-24T21:54:49.202,16.0,Luminance,data\RV_UMa\2022_03_24\Light\Luminance\reduced_images\RV_Uma_Light_Luminance_16_secs_026_reduced.fits,2,0.979925,792.0,6.7309271299949325,1172.7088000347794,937.0329273226496,7.0,V* RV UMa,False,1.1771193080008855,0.0083554368640383,6272.526257740817,382.5080628341431,-9.493606220031616,-0.0662098228633811,2022-03-24 21:54:49.202,0.580955770057372,2022_03_24,3,"(0.568, 0.591]",-9.493606220031616,-0.0662098228633811
1,6,6,1159.753915989006,887.1664519734107,6285.831806503803,6285.831806503803,240.3823560760224,238.58935546875,5.831564699619178,5.714496038274323,1010.5205020795948,240.3823560760225,4.183287143707275,5.7840752601623535,5280.243386756914,8.747347049428766,11.663129399238356,14.578911749047943,8.571744057411484,11.428992076548646,14.286240095685809,False,1.5,16.0,392.8644879064877,61062.36209127608,14.72341930965637,247.9313412993449,-9.306634853251843,-0.0509802321268142,1.180586,63.87615,57.86689,2022-03-24T21:57:24.985,16.0,Luminance,data\RV_UMa\2022_03_24\Light\Luminance\reduced_images\RV_Uma_Light_Luminance_16_secs_027_reduced.fits,2,0.979925,792.0,8.329901759061888,1172.7625411063088,937.1195045398516,7.0,V* RV UMa,False,1.1740948719327824,0.0047031799696819,6199.50668294828,292.15231418645794,-9.48089283124673,-0.0511654170304498,2022-03-24 21:57:24.985,0.5848079420455736,2022_03_24,3,"(0.568, 0.591]",-9.48089283124673,-0.0511654170304498
1,6,6,1159.9111918345486,876.6014303778646,6143.680624670578,6143.680624670578,207.48053600295623,298.996826171875,5.417793966816008,5.309031752932177,875.1387407347684,207.4805360029561,4.215319633483887,6.365784645080566,5269.083847691556,8.126690950224013,10.835587933632016,13.54448491704002,7.963547629398266,10.618063505864354,13.27257938233044,False,1.5,16.0,383.9800390419112,92568.54889481713,12.708182830181068,304.9020123198422,-9.304337774046331,-0.0628274598105504,1.175859,64.1012,58.23615,2022-03-24T22:00:02.280,16.0,Luminance,data\RV_UMa\2022_03_24\Light\Luminance\reduced_images\RV_Uma_Light_Luminance_16_secs_028_reduced.fits,2,0.979925,792.0,5.316824963299361,1172.7369857927588,937.0625821434716,7.0,V* RV UMa,False,1.177296378307779,0.0084422472947551,6203.273330887286,361.7057309401912,-9.481552294070246,-0.0633080289393109,2022-03-24 22:00:02.280,0.5886975024782561,2022_03_24,3,"(0.568, 0.591]",-9.481552294070246,-0.0633080289393109
1,6,6,1160.4146531694214,883.7102282741325,6230.23410255552,6230.23410255552,227.1200515576051,270.0941772460937,5.668413760533324,5.554620354290617,936.5567378337904,227.12005155760508,4.130944013595581,6.056641101837158,5292.013885206111,8.502620640799986,11.336827521066647,14.171034401333308,8.331930531435926,11.109240708581234,13.886550885726544,False,1.5,16.0,389.38963140972,83718.54779949338,13.91110315790331,290.03766744004304,-9.30905243755117,-0.0595055876863006,1.171373,64.31653,58.59302,2022-03-24T22:02:33.964,16.0,Luminance,data\RV_UMa\2022_03_24\Light\Luminance\reduced_images\RV_Uma_Light_Luminance_16_secs_029_reduced.fits,2,0.979925,792.0,5.15950634670726,1172.7543450162375,937.0123149501046,7.0,V* RV UMa,False,1.1747890517853663,0.0074282341661342,6216.99997423628,342.9931929690604,-9.483952163921018,-0.0599002942151125,2022-03-24 22:02:33.964,0.5924483151847681,2022_03_24,3,"(0.591, 0.614]",-9.483952163921018,-0.0599002942151125
2,7,7,1161.2608601993966,887.9641964629475,5982.875603320698,5982.875603320698,215.36317313242927,292.59283447265625,5.519751489090532,5.40894247794704,735.6027691382914,215.36317313242927,3.399489164352417,4.8054304122924805,5250.750829856452,8.279627233635798,11.039502978181064,13.79937872272633,8.11341371692056,10.81788495589408,13.5223561948676,False,1.5,16.0,373.9297252075437,84111.20076740487,13.190994354361294,290.68594993044775,-9.300553524204624,-0.0601072628050461,1.166546,64.55013,58.9842,2022-03-24T22:05:20.155,16.0,Luminance,data\RV_UMa\2022_03_24\Light\Luminance\reduced_images\RV_Uma_Light_Luminance_16_secs_030_reduced.fits,2,0.979925,792.0,8.422072912749865,1172.7558789127972,937.0450002169396,7.0,V* RV UMa,False,1.1782348144603,0.0048074993404044,6186.617429793182,343.4252872380917,-9.478633151991646,-0.0602702966872029,2022-03-24 22:05:20.155,0.5965578541902516,2022_03_24,3,"(0.591, 0.614]",-9.478633151991646,-0.0602702966872029
2,7,7,1161.1626120227577,877.8469731594295,5944.111366923896,5944.111366923896,208.717967678589,310.42926025390625,5.4339260427749965,5.324839977466288,696.6959969993592,208.71796767858893,3.3131895065307617,4.582930564880371,5252.589186586768,8.150889064162495,10.867852085549991,13.58481510693749,7.987259966199433,10.649679954932576,13.31209994366572,False,1.5,16.0,371.5069604327435,122748.10214562983,12.783975520313572,350.90225573738184,-9.30093358816078,-0.0725332345347465,1.161908,64.77646,59.36744,2022-03-24T22:08:03.206,16.0,Luminance,data\RV_UMa\2022_03_24\Light\Luminance\reduced_images\RV_Uma_Light_Luminance_16_secs_031_reduced.fits,2,0.979925,792.0,3.561782574725241,1172.7486131175751,937.022066354194,7.0,V* RV UMa,False,1.1595681052480866,0.0042776809399736,6090.734890737007,407.51496224248586,-9.46167424132632,-0.0726437378123627,2022-03-24 22:08:03.206,0.6005897478811466,2022_03_24,3,"(0.591, 0.614]",-9.46167424132632,-0.0726437378123627
2,7,7,1161.6597481594708,886.8348101369181,6066.631276648606,6066.631276648606,216.2856753787873,281.1146850585937,5.531560708556596,5.420514627332323,708.4924840983631,216.2856753787874,3.278683662414551,4.47242546081543,5357.49896636988,8.297341062834894,11.063121417113193,13.828901771391491,8.130771940998484,10.841029254664646,13.551286568330807,False,1.5,16.0,379.1644547905379,111120.06497857234,13.24749761695072,333.9348393489062,-9.32240523981201,-0.0676743285228971,1.157663,64.98522,59.72475,2022-03-24T22:10:35.259,16.0,Luminance,data\RV_UMa\2022_03_24\Light\Luminance\reduced_images\RV_Uma_Light_Luminance_16_secs_032_reduced.fits,2,0.979925,792.0,7.224362136882318,1172.7436213364,937.061586264588,7.0,V* RV UMa,False,1.146657664186305,0.0036985342077326,6143.21725065823,383.4212937859156,-9.470989685292931,-0.0677648800868904,2022-03-24 22:10:35.259,0.6043496851485131,2022_03_24,3,"(0.591, 0.614]",-9.470989685292931,-0.0677648800868904
1,6,6,1162.6621190304638,892.2830826139174,6008.98098110122,6008.98098110122,202.50269194735023,343.46783447265625,5.352407924400724,5.24495833531838,646.8303121940996,202.5026919473501,3.1946494579315186,4.465433120727539,5362.055866041945,8.028611886601087,10.704815848801449,13.38101981100181,7.86743750297757,10.48991667063676,13.11239583829595,False,1.5,16.0,375.5613113188263,142920.00636096066,12.4032898817752,378.5603927541301,-9.323328336214946,-0.0766528239109922,1.153336,65.19963,60.09572,2022-03-24T22:13:11.782,16.0,Luminance,data\RV_UMa\2022_03_24\Light\Luminance\reduced_images\RV_Uma_Light_Luminance_16_secs_033_reduced.fits,2,0.979925,792.0,12.355729196974426,1172.791728927655,937.0779977133844,7.0,V* RV UMa,False,1.1480437705427335,0.0057672066317677,6155.874834311577,435.7027076608405,-9.47322445215119,-0.0768466248829155,2022-03-24 22:13:11.782,0.6082201557140383,2022_03_24,3,"(0.591, 0.614]",-9.47322445215119,-0.0768466248829155
1,6,6,1162.6104010804695,882.4718309893656,6067.423154629083,6067.423154629083,212.7309211687881,320.0710144042969,5.485915513790642,5.375785759851295,668.5075156292246,212.73092116878823,3.0888888835906982,4.552559852600098,5410.320977034804,8.228873270685963,10.971831027581285,13.714788784476609,8.063678639776942,10.75157151970259,13.43946439962824,False,1.5,16.0,379.2139471643177,119288.07610367764,13.02976892158827,345.94843520351924,-9.333057577932744,-0.0694244838105224,1.149081,65.41193,60.46737,2022-03-24T22:15:49.360,16.0,Luminance,data\RV_UMa\2022_03_24\Light\Luminance\reduced_images\RV_Uma_Light_Luminance_16_secs_034_reduced.fits,2,0.979925,792.0,2.83565399813664,1172.709147161879,937.0526128625316,7.0,V* RV UMa,False,1.1309440433632354,0.0036064155515782,6118.770281660672,391.7345561128117,-9.466660371723483,-0.0695107628899413,2022-03-24 22:15:49.360,0.6121167141161568,2022_03_24,3,"(0.591, 0.614]",-9.466660371723483,-0.0695107628899413
1,6,6,1163.4427977413986,890.3770180742649,6093.035826049913,6093.035826049913,237.7793864974883,266.20574951171875,5.799905342249305,5.683472242503651,737.7367004098662,237.7793864974882,3.0815300941467285,4.30211877822876,5360.311490790157,8.699858013373959,11.59981068449861,14.499763355623262,8.525208363755477,11.366944485007302,14.208680606259126,False,1.5,16.0,380.8147391281196,63732.808763268426,14.563987422971156,253.23543885052803,-9.3229750688218,-0.0512930796578208,1.144691,65.63261,60.85826,2022-03-24T22:18:34.229,16.0,Luminance,data\RV_UMa\2022_03_24\Light\Luminance\reduced_images\RV_Uma_Light_Luminance_16_secs_035_reduced.fits,2,0.979925,792.0,10.391967016432035,1172.694939404833,937.0266859553404,7.0,V* RV UMa,False,1.1313326233534478,0.0045033116705696,6064.295260867259,287.50866407745104,-9.456950845611631,-0.0514748296945372,2022-03-24 22:18:34.229,0.6161935629605289,2022_03_24,3,"(0.614, 0.636]",-9.456950845611631,-0.0514748296945372
1,6,6,1164.2179376293775,898.114500557922,6027.12788471975,6027.12788471975,231.32749494075583,268.0050354003906,5.720677061163435,5.60583446916058,715.1874034798527,231.3274949407559,3.04490327835083,4.465920448303223,5322.758037001958,8.581015591745153,11.44135412232687,14.301692652908589,8.408751703740869,11.21166893832116,14.01458617290145,False,1.5,16.0,376.6954927949844,80524.7450047805,14.168809065121296,284.45669144289894,-9.315341810940396,-0.0580234770091529,1.140543,65.84254,61.23487,2022-03-24T22:21:12.108,16.0,Luminance,data\RV_UMa\2022_03_24\Light\Luminance\reduced_images\RV_Uma_Light_Luminance_16_secs_036_reduced.fits,2,0.979925,792.0,18.115811526764592,1172.724499071501,937.041747025528,7.0,V* RV UMa,False,1.140378960687505,0.0038580928122006,6069.961278227357,325.0377912928172,-9.457964801532531,-0.0581396291912242,2022-03-24 22:21:12.108,0.6200975644326121,2022_03_24,3,"(0.614, 0.636]",-9.457964801532531,-0.0581396291912242
2,7,7,1163.9783497712583,886.2088772917848,6082.0021305976325,6082.0021305976325,217.9195175242168,308.3377685546875,5.552414362553766,5.440949644225499,663.1014990748602,217.9195175242168,3.0762295722961426,4.267712593078613,5411.631666409129,8.32862154383065,11.104828725107533,13.881035906384415,8.16142446633825,10.881899288451,13.60237411056375,False,1.5,16.0,380.125133162352,89370.43772282849,13.347570448358278,299.6062589907614,-9.333320573523418,-0.0601100338327826,1.136457,66.05072,61.61303,2022-03-24T22:23:51.123,16.0,Luminance,data\RV_UMa\2022_03_24\Light\Luminance\reduced_images\RV_Uma_Light_Luminance_16_secs_037_reduced.fits,2,0.979925,792.0,6.208915038623539,1172.6870619372285,936.9990627055936,7.0,V* RV UMa,False,1.1164380595987582,0.0023316361806425,6041.751556909003,334.72973791355827,-9.452907156662135,-0.0601527871245143,2022-03-24 22:23:51.123,0.6240296566936685,2022_03_24,3,"(0.614, 0.636]",-9.452907156662135,-0.0601527871245143
2,7,7,1165.146722128211,894.1118606047095,6132.057685552623,6132.057685552623,217.56393922268336,306.9576416015625,5.547882588346235,5.436508845385185,653.0323744325087,217.56393922268325,2.991899847984314,5.72884464263916,5481.128168865408,8.321823882519354,11.09576517669247,13.869706470865587,8.154763268077778,10.87301769077037,13.591272113462962,False,1.5,16.0,383.25360534703896,104338.51722038662,13.325791277389357,323.62802198977,-9.34717489396913,-0.0641062659954707,1.132445,66.25639,61.99158,2022-03-24T22:26:30.297,16.0,Luminance,data\RV_UMa\2022_03_24\Light\Luminance\reduced_images\RV_Uma_Light_Luminance_16_secs_038_reduced.fits,2,0.979925,792.0,14.158374954989714,1172.761754186382,936.977887318595,7.0,V* RV UMa,False,1.114508795709656,0.0035782475145991,6108.765554612458,361.2191214167536,-9.46488364467979,-0.0642009706325966,2022-03-24 22:26:30.297,0.6279656806760681,2022_03_24,3,"(0.614, 0.636]",-9.46488364467979,-0.0642009706325966
1,6,6,1165.8111414622983,903.6327228665244,6108.827668406154,6108.827668406154,200.2022175824688,350.86187744140625,5.321918830748429,5.215081310221155,613.9905345084483,200.20221758246885,3.081084728240967,4.468119621276856,5491.987673252834,7.9828782461226435,10.64383766149686,13.304797076871074,7.822621965331732,10.43016262044231,13.037703275552888,False,1.5,16.0,381.8017292753846,149373.85959757533,12.262385826926211,386.9986094454057,-9.349323884483406,-0.0765075281418215,1.128617,66.45378,62.35978,2022-03-24T22:29:04.657,16.0,Luminance,data\RV_UMa\2022_03_24\Light\Luminance\reduced_images\RV_Uma_Light_Luminance_16_secs_039_reduced.fits,2,0.979925,792.0,23.70202150624283,1172.805877301056,937.08368318796,7.0,V* RV UMa,False,1.1107834386284294,0.0040743817617291,6100.40895260073,430.453641953168,-9.463397374373086,-0.0766111103648719,2022-03-24 22:29:04.657,0.631782664994633,2022_03_24,3,"(0.614, 0.636]",-9.463397374373086,-0.0766111103648719
2,7,7,1165.8744953553598,893.9530728263868,6190.131644644956,6190.131644644956,213.38101951973863,315.367431640625,5.494291503697642,5.3839936017609125,623.5385092033684,213.38101951973863,2.880867481231689,4.508349418640137,5575.4092043984765,8.241437255546463,10.988583007395285,13.735728759244106,8.075990402641368,10.767987203521823,13.459984004402282,False,1.5,16.0,386.8832277903098,122636.32089338264,13.06958744558399,350.7652686749624,-9.365691869296196,-0.0683068341013738,1.124837,66.64977,62.73042,2022-03-24T22:31:39.572,16.0,Luminance,data\RV_UMa\2022_03_24\Light\Luminance\reduced_images\RV_Uma_Light_Luminance_16_secs_040_reduced.fits,2,0.979925,792.0,14.078422288584733,1172.7371061351355,937.028933796089,7.0,V* RV UMa,False,1.0919592974624908,0.003086194670158,6088.119917900865,383.4076994143529,-9.46120799539911,-0.0683757261766806,2022-03-24 22:31:39.572,0.6356133732461888,2022_03_24,3,"(0.614, 0.636]",-9.46120799539911,-0.0683757261766806
2,7,7,1166.9275750726604,899.7605768644125,6157.045363754267,6157.045363754267,209.85478280313063,318.5584411621094,5.448704312002936,5.339321572939477,620.8928419704657,209.8547828031305,2.942505121231079,4.161746501922607,5539.546590641219,8.173056468004404,10.897408624005871,13.62176078000734,8.008982359409217,10.678643145878954,13.348303932348692,False,1.5,16.0,384.8153352346417,126022.1823972752,12.85360544669175,355.5556937217523,-9.358685548445186,-0.0696879578797646,1.121121,66.84338,63.10183,2022-03-24T22:34:14.825,16.0,Luminance,data\RV_UMa\2022_03_24\Light\Luminance\reduced_images\RV_Uma_Light_Luminance_16_secs_041_reduced.fits,2,0.979925,792.0,19.97626325968945,1172.759082626534,937.0100932749024,7.0,V* RV UMa,False,1.0853294737531238,0.0047795540297417,6012.233186051546,386.8022963372589,-9.447589541169204,-0.0698517912098401,2022-03-24 22:34:14.825,0.6394524394965799,2022_03_24,3,"(0.636, 0.659]",-9.447589541169204,-0.0698517912098401
2,7,7,1167.7464884428605,912.481218586562,6156.074576386283,6156.074576386283,206.13622992648988,360.2059020996094,5.400213982849062,5.291804687143367,599.29517257004,206.1362299264898,2.8486640453338623,4.389169692993164,5568.861709754017,8.100320974273593,10.800427965698123,13.500534957122651,7.9377070307150515,10.583609374286734,13.229511717858417,False,1.5,16.0,384.7546610241427,167661.05640421645,12.625844082997505,409.9493101705668,-9.36441608322483,-0.0799259941018475,1.117522,67.03171,63.4684,2022-03-24T22:36:48.164,16.0,Luminance,data\RV_UMa\2022_03_24\Light\Luminance\reduced_images\RV_Uma_Light_Luminance_16_secs_042_reduced.fits,2,0.979925,792.0,32.696570714992426,1172.7346303203883,937.0454285604084,7.0,V* RV UMa,False,1.089614597400746,0.0033921984409451,6067.913009854054,447.086023994903,-9.457598365186549,-0.0799974360384417,2022-03-24 22:36:48.164,0.6432441767239983,2022_03_24,3,"(0.636, 0.659]",-9.457598365186549,-0.0799974360384417
1,6,6,1168.1076513505889,909.7030989671432,6243.263241214296,6243.263241214296,220.7009969053976,294.77752685546875,5.587736938276583,5.475563119240681,621.7271981183849,220.7009969053977,2.808445453643799,3.994105339050293,5623.436529840677,8.381605407414874,11.175473876553166,13.96934234569146,8.21334467886102,10.95112623848136,13.688907798101702,False,1.5,16.0,390.2039525758935,93530.94348330336,13.517936060455602,306.4876267844098,-9.375004494360583,-0.0591746187485926,1.113865,67.22388,63.84836,2022-03-24T22:39:25.832,16.0,Luminance,data\RV_UMa\2022_03_24\Light\Luminance\reduced_images\RV_Uma_Light_Luminance_16_secs_043_reduced.fits,2,0.979925,792.0,29.985778093454428,1172.806271571745,937.0924711662686,7.0,V* RV UMa,False,1.068691901030647,0.0033715555770511,6009.721075400618,328.0891283457514,-9.447135789730051,-0.0592736735304762,2022-03-24 22:39:25.832,0.6471429606287629,2022_03_24,3,"(0.636, 0.659]",-9.447135789730051,-0.0592736735304762
1,6,6,1169.0304143468736,913.6582451872488,6221.390688384153,6221.390688384153,232.4295593854456,266.7518310546875,5.734287773026386,5.619171945982882,658.2463371364801,232.42955938544563,2.862979888916016,4.202186584472656,5555.949534274011,8.601431659539578,11.468575546052772,14.335719432565966,8.428757918974322,11.238343891965764,14.047929864957204,False,1.5,16.0,388.8369180240096,57406.650762492034,14.236310512358536,240.43652798821648,-9.36189573076426,-0.0469857837571699,1.110332,67.41021,64.22276,2022-03-24T22:42:01.471,16.0,Luminance,data\RV_UMa\2022_03_24\Light\Luminance\reduced_images\RV_Uma_Light_Luminance_16_secs_044_reduced.fits,2,0.979925,792.0,34.032081005812444,1172.7631200344492,937.1298950205024,7.0,V* RV UMa,False,1.077065396603404,0.0041021498031098,5984.120988641336,259.9668516699168,-9.442500914082908,-0.0471673990934965,2022-03-24 22:42:01.471,0.6509915718127299,2022_03_24,3,"(0.636, 0.659]",-9.442500914082908,-0.0471673990934965
2,7,7,1169.852869135589,924.1749587297776,6201.233713226656,6201.233713226656,210.8730175862301,296.4969482421875,5.461907124280772,5.352259338760836,601.3614664882127,210.87301758623,2.8316869735717773,4.149026393890381,5604.107336249956,8.19286068642116,10.923814248561545,13.65476781070193,8.028389008141255,10.704518677521673,13.38064834690209,False,1.5,16.0,387.577107076666,104059.37047611206,12.915972327156592,323.202511678848,-9.371266111990554,-0.0626170498428219,1.107097,67.58123,64.5722,2022-03-24T22:44:27.607,16.0,Luminance,data\RV_UMa\2022_03_24\Light\Luminance\reduced_images\RV_Uma_Light_Luminance_16_secs_045_reduced.fits,2,0.979925,792.0,44.56100375772377,1172.7571363617717,937.021968648805,7.0,V* RV UMa,False,1.0687849383179886,0.0042136062893086,5989.585513701296,346.2401328551898,-9.443491924361997,-0.0627631823472938,2022-03-24 22:44:27.607,0.6546051946449261,2022_03_24,3,"(0.636, 0.659]",-9.443491924361997,-0.0627631823472938
2,7,7,1169.923542016559,920.6047256178662,6144.11665560823,6144.11665560823,197.8724485952928,357.757080078125,5.290862420407287,5.18464835731761,556.5690039804686,197.87244859529272,2.840439796447754,4.076664924621582,5582.071877997598,7.93629363061093,10.581724840814571,13.227156051018216,7.776972535976416,10.36929671463522,12.961620893294024,False,1.5,16.0,384.0072909755144,114741.8849891474,12.119687476461682,339.319925686069,-9.366988561041127,-0.0659991373033626,1.103979,67.74647,64.91531,2022-03-24T22:46:49.725,16.0,Luminance,data\RV_UMa\2022_03_24\Light\Luminance\reduced_images\RV_Uma_Light_Luminance_16_secs_046_reduced.fits,2,0.979925,792.0,41.03452317895428,1172.7496464947117,937.0515145233428,7.0,V* RV UMa,False,1.0744097301758209,0.0060024999862246,5997.432340261436,366.10512665301735,-9.44491339298906,-0.0662772947159941,2022-03-24 22:46:49.725,0.6581194611478143,2022_03_24,3,"(0.636, 0.659]",-9.44491339298906,-0.0662772947159941
2,6,6,1170.3980086950935,920.9771446586548,6016.663264881507,6016.663264881507,180.13908276654126,330.0648803710937,5.048214246759616,4.946871345755917,529.5330181510861,180.13908276654126,2.9187803268432617,4.141647338867188,5490.876854006936,7.572321370139424,10.096428493519232,12.62053561689904,7.420307018633875,9.893742691511834,12.367178364389792,False,1.5,16.0,376.04145405509416,145766.52140900042,11.03351881945065,382.3004007084938,-9.34910425932581,-0.0755940075108134,1.100964,67.90649,65.25321,2022-03-24T22:49:09.758,16.0,Luminance,data\RV_UMa\2022_03_24\Light\Luminance\reduced_images\RV_Uma_Light_Luminance_16_secs_047_reduced.fits,2,0.979925,792.0,41.47361691049882,1172.7821659493711,937.0076574546966,7.0,V* RV UMa,False,1.0772459045253455,0.0030015683497988,5915.024603231986,412.16119355725743,-9.429891388481582,-0.0756545171083351,2022-03-24 22:49:09.758,0.6615821701727,2022_03_24,3,"(0.659, 0.682]",-9.429891388481582,-0.0756545171083351
2,7,7,1171.4234032381846,932.4031865820506,6001.135531688006,6001.135531688006,174.37882708770226,339.6349792480469,4.966845840309496,4.867136410065283,506.1315447935633,174.37882708770226,2.9117441177368164,3.93806791305542,5493.389007657544,7.450268760464244,9.933691680618992,12.41711460077374,7.300704615097924,9.734272820130569,12.167841025163208,False,1.5,16.0,375.0709707305004,93492.32937828802,10.680703159121762,306.3953019420788,-9.34960088536387,-0.0605572392238368,1.097917,68.06826,65.60099,2022-03-24T22:51:33.178,16.0,Luminance,data\RV_UMa\2022_03_24\Light\Luminance\reduced_images\RV_Uma_Light_Luminance_16_secs_048_reduced.fits,2,0.979925,792.0,52.92637225041874,1172.7568890851371,937.0319894181824,7.0,V* RV UMa,False,1.074281864250343,0.0054207486013808,5901.448184198691,330.4991752541975,-9.427396495728614,-0.0608045532242366,2022-03-24 22:51:33.178,0.6651286322805561,2022_03_24,3,"(0.659, 0.682]",-9.427396495728614,-0.0608045532242366
1,6,6,1162.4065236352878,883.1144575772254,6151.394836056279,6151.394836056279,223.53353667372184,277.63775634765625,5.623479927623804,5.510588568076757,624.6075134081585,223.53353667372187,2.7826268672943115,3.986513614654541,5529.384411166662,8.435219891435706,11.246959855247608,14.05869981905951,8.265882852115134,11.021177136153511,13.776471420191893,False,1.5,16.0,384.46217725351744,86856.04625337728,13.69142912126546,295.3882188912619,-9.35669195949375,-0.0580016978131556,1.091739,68.41033,66.32713,2022-03-24T22:56:28.278,16.0,Luminance,data\RV_UMa\2022_03_24\Light\Luminance\reduced_images\RV_Uma_Light_Luminance_16_secs_049_reduced.fits,2,0.979925,792.0,3.498430065791349,1172.6987338023737,936.9725835216692,7.0,V* RV UMa,False,1.0694071948021335,0.0033480788612094,5913.163472128387,316.43229521209,-9.429549713590252,-0.0581012178820784,2022-03-24 22:56:28.278,0.6724258081836947,2022_03_24,3,"(0.659, 0.682]",-9.429549713590252,-0.0581012178820784
2,7,7,1163.2838027352875,892.8855993029765,6145.264840394332,6145.264840394332,211.95151086598003,301.6061096191406,5.47585655603994,5.365928735677438,585.7826170400056,211.95151086598003,2.729612708091736,4.08289909362793,5566.7193028353095,8.21378483405991,10.95171311207988,13.68964139009985,8.048893103516157,10.731857471354877,13.414821839193596,False,1.5,16.0,384.07905252464576,92672.10582736557,12.982030040541275,305.07239617823626,-9.363998307307607,-0.0595014994620478,1.088909,68.56042,66.66967,2022-03-24T22:58:49.612,16.0,Luminance,data\RV_UMa\2022_03_24\Light\Luminance\reduced_images\RV_Uma_Light_Luminance_16_secs_050_reduced.fits,2,0.979925,792.0,12.905487511862937,1172.7039120374238,936.9772734934888,7.0,V* RV UMa,False,1.0607480678575096,0.0042768113286079,5904.886744787657,324.4795502078558,-9.4280289307479,-0.059662312012213,2022-03-24 22:58:49.612,0.6759206880857427,2022_03_24,3,"(0.659, 0.682]",-9.4280289307479,-0.059662312012213
1,6,7,1163.5110392086838,896.5695616160775,6129.452024610011,6129.452024610011,200.9468996675982,360.38330078125,5.331807480152747,5.224771444988681,552.0892803816505,200.9468996675981,2.695018172264099,4.029709815979004,5587.896478345703,7.997711220229121,10.663614960305496,13.329518700381868,7.837157167483022,10.449542889977362,13.061928612471704,False,1.5,16.0,383.0907515381257,41.140431333903386,12.307997604640388,20.893520059498577,-9.36812087938754,-0.0040596405572913,1.085958,68.7165,67.03393,2022-03-24T23:01:19.687,16.0,Luminance,data\RV_UMa\2022_03_24\Light\Luminance\reduced_images\RV_Uma_Light_Luminance_16_secs_051_reduced.fits,2,0.979925,792.0,16.576774559739725,1172.708120080722,936.9699171226022,7.0,V* RV UMa,False,1.056817889718722,0.0047753546524021,5905.388964211985,34.63525339271032,-9.428121270304654,-0.0063678698892369,2022-03-24 23:01:19.687,0.6796317137504779,2022_03_24,3,"(0.659, 0.682]",-9.428121270304654,-0.0063678698892369
1,6,6,1163.3223806828028,886.3472855701995,6306.845544454474,6306.845544454474,230.53337416480764,265.82830810546875,5.710849405277842,5.5962041034668895,634.6628273862339,230.53337416480755,2.7433431148529053,4.159119606018066,5674.413399695641,8.566274107916763,11.421698810555684,14.277123513194605,8.394306155200335,11.19240820693378,13.990510258667223,False,1.5,16.0,394.17784652840464,41174.13655296683,14.120169167594469,203.91771519086524,-9.384802430987678,-0.0390173980249931,1.082931,68.87593,67.41545,2022-03-24T23:03:56.441,16.0,Luminance,data\RV_UMa\2022_03_24\Light\Luminance\reduced_images\RV_Uma_Light_Luminance_16_secs_052_reduced.fits,2,0.979925,792.0,6.383353511180557,1172.6617591464087,937.003855444782,7.0,V* RV UMa,False,1.0496291523725498,0.0068186291696144,5956.029726933974,217.5070240576956,-9.43739214169429,-0.0396497770554622,2022-03-24 23:03:56.441,0.6835078964394654,2022_03_24,3,"(0.682, 0.705]",-9.43739214169429,-0.0396497770554622
1,6,6,1164.2766218112267,888.2482826838688,6255.206772025535,6255.206772025535,226.96873235003736,275.1741943359375,5.666525149668971,5.552769657289367,619.310540108542,226.96873235003733,2.7332369089126587,4.068608283996582,5634.847455597293,8.499787724503456,11.33305029933794,14.166312874172426,8.32915448593405,11.105539314578731,13.881924143223417,False,1.5,16.0,390.9504232515959,82071.33721412023,13.901834856439786,287.1866805271934,-9.37720540872414,-0.0553358327851359,1.080041,69.02723,67.78745,2022-03-24T23:06:29.774,16.0,Luminance,data\RV_UMa\2022_03_24\Light\Luminance\reduced_images\RV_Uma_Light_Luminance_16_secs_053_reduced.fits,2,0.979925,792.0,8.252919899008802,1172.7398790417162,937.0045403299008,7.0,V* RV UMa,False,1.0537392147771596,0.0062592305539541,5937.659733250168,304.6682515402404,-9.43403826514484,-0.0557103919723145,2022-03-24 23:06:29.774,0.6872994853000414,2022_03_24,3,"(0.682, 0.705]",-9.43403826514484,-0.0557103919723145
2,7,8,1164.3043536094542,893.8450201059617,6207.280404174038,6207.280404174038,208.97587440990304,324.9028015136719,5.437282278596925,5.328128836854092,573.8685929041951,208.97587440990304,2.755244731903076,3.748464822769165,5631.500727111314,8.155923417895387,10.87456455719385,13.593205696492312,7.992193255281138,10.656257673708184,13.32032209213523,False,1.5,16.0,387.9550252608774,36.27690954134925,12.79977230760656,20.905303324989887,-9.37656036130812,-0.0040304788707778,1.077056,69.18237,68.18024,2022-03-24T23:09:11.041,16.0,Luminance,data\RV_UMa\2022_03_24\Light\Luminance\reduced_images\RV_Uma_Light_Luminance_16_secs_054_reduced.fits,2,0.979925,792.0,13.848364988476831,1172.6018382983818,936.9580771261134,7.0,V* RV UMa,False,1.047778021629847,0.0032779476775571,5900.562690659735,28.645301031193718,-9.427233572239333,-0.0052708939903297,2022-03-24 23:09:11.041,0.6912872645828987,2022_03_24,3,"(0.682, 0.705]",-9.427233572239333,-0.0052708939903297
2,7,7,1164.5028843747116,883.1407354697915,6192.089753679471,6192.089753679471,216.15199404166503,302.1122436523437,5.529850977369273,5.418839218998586,591.3562394017439,216.1519940416649,2.7888126373291016,3.8384523391723633,5589.282341112191,8.29477646605391,11.059701954738546,13.824627443423182,8.128258828497879,10.837678437997171,13.547098047496462,False,1.5,16.0,387.0056096049669,137746.6152711546,13.239309635051985,371.68112703013935,-9.368390121100932,-0.0722002632204883,1.074091,69.33495,68.5794,2022-03-24T23:11:54.972,16.0,Luminance,data\RV_UMa\2022_03_24\Light\Luminance\reduced_images\RV_Uma_Light_Luminance_16_secs_055_reduced.fits,2,0.979925,792.0,3.180740791943815,1172.6390049047468,936.9648982021596,7.0,V* RV UMa,False,1.046960973874671,0.0059933415772816,5851.76048311132,390.57482030769495,-9.418216354556,-0.0724672898521465,2022-03-24 23:11:54.972,0.6953409187441242,2022_03_24,3,"(0.682, 0.705]",-9.418216354556,-0.0724672898521465
2,7,7,1165.1329221254784,886.0000196397604,6146.788296864214,6146.788296864214,200.4776338297584,368.2260437011719,5.325578228668218,5.218667245727704,546.0386419317911,200.4776338297584,2.732611894607544,4.210468292236328,5598.960730058241,7.988367343002327,10.651156457336436,13.313945571670544,7.828000868591555,10.437334491455408,13.046668114319258,False,1.5,16.0,384.1742685540134,194352.6084792684,12.2792550720727,441.30382051699314,-9.370268553637075,-0.0855765129162459,1.071274,69.4781,68.96731,2022-03-24T23:14:34.149,16.0,Luminance,data\RV_UMa\2022_03_24\Light\Luminance\reduced_images\RV_Uma_Light_Luminance_16_secs_056_reduced.fits,2,0.979925,792.0,6.106041943837968,1172.6483018426486,936.9416107159788,7.0,V* RV UMa,False,1.047171459914063,0.0026783750322194,5863.071881696596,462.36401879794215,-9.420313046750078,-0.0856215589908696,2022-03-24 23:14:34.149,0.6992770169099458,2022_03_24,3,"(0.682, 0.705]",-9.420313046750078,-0.0856215589908696
1,6,6,1165.619802356426,890.319481413846,6209.754493649897,6209.754493649897,212.5733343556804,320.2919921875,5.483883209084012,5.373794253661651,570.5717648169739,212.5733343556805,2.6625285148620605,4.111664772033691,5643.771929428591,8.225824813626017,10.967766418168024,13.70970802271003,8.060691380492475,10.747588507323302,13.434485634154129,False,1.5,16.0,388.10965585311857,127718.04659521948,13.02011672928542,357.9373916871523,-9.37892363788651,-0.06885919382479,1.068517,69.61618,69.35584,2022-03-24T23:17:12.643,16.0,Luminance,data\RV_UMa\2022_03_24\Light\Luminance\reduced_images\RV_Uma_Light_Luminance_16_secs_057_reduced.fits,2,0.979925,792.0,10.445834400592233,1172.6091453120976,936.993730852889,7.0,V* RV UMa,False,1.0437377998951538,0.0037182620004192,5890.618096731824,374.1816947751485,-9.425402168171514,-0.0689677392938668,2022-03-24 23:17:12.643,0.7031962259834525,2022_03_24,3,"(0.682, 0.705]",-9.425402168171514,-0.0689677392938668
2,8,7,1165.9263395927517,880.9762835675656,6201.084606033015,6201.084606033015,217.1275759677887,293.4076843261719,5.542316162186234,5.4310541652303455,573.1727458611967,217.12757596778857,2.65918505191803,3.9833271503448486,5623.702201660275,8.313474243279352,11.084632324372468,13.855790405465584,8.14658124784552,10.862108330460693,13.577635413075862,False,1.5,16.0,387.5677878770634,49.06443941311135,13.299064028027056,21.21158389461291,-9.375055787319631,-0.0040951998823562,1.065809,69.74935,69.74633,2022-03-24T23:19:52.620,16.0,Luminance,data\RV_UMa\2022_03_24\Light\Luminance\reduced_images\RV_Uma_Light_Luminance_16_secs_058_reduced.fits,2,0.979925,792.0,2.159609647807047,1172.6555358238463,936.9603541732796,7.0,V* RV UMa,False,1.0368495560259448,0.0032904770883545,5830.933131013584,28.74237893656778,-9.41434515243002,-0.0053519120732712,2022-03-24 23:19:52.620,0.7071521063950303,2022_03_24,3,"(0.705, 0.727]",-9.41434515243002,-0.0053519120732712
2,7,7,1166.3129589727962,887.3838159924327,6203.619134791946,6203.619134791946,208.648475484448,296.9757385253906,5.433021360527208,5.323953456714625,560.6235594218256,208.6484754844479,2.6440374851226807,4.16265869140625,5651.944744397364,8.149532040790813,10.866042721054416,13.58255340131802,7.985930185071938,10.64790691342925,13.30988364178656,False,1.5,16.0,387.7261959244966,144178.01415726,12.77971912342244,380.2348222773763,-9.380494768415195,-0.0730429492017864,1.063309,69.86978,70.11524,2022-03-24T23:22:24.190,16.0,Luminance,data\RV_UMa\2022_03_24\Light\Luminance\reduced_images\RV_Uma_Light_Luminance_16_secs_059_reduced.fits,2,0.979925,792.0,7.737604139521687,1172.6551153104745,937.0213198720425,7.0,V* RV UMa,False,1.0265588692449858,0.0037969564420629,5802.054005843698,390.9229151942376,-9.40895441730706,-0.0731532594954287,2022-03-24 23:22:24.190,0.7109001001315232,2022_03_24,3,"(0.705, 0.727]",-9.40895441730706,-0.0731532594954287
3,8,7,1167.8370284065595,890.8719491120825,6248.837158759785,6248.837158759785,223.4787076994569,273.2109375,5.622790213341683,5.509912699808849,596.8887995594157,223.478707699457,2.635753631591797,4.381631374359131,5659.8023433575,8.434185320012524,11.245580426683366,14.056975533354208,8.264869049713273,11.019825399617698,13.774781749522123,False,1.5,16.0,390.55232242248655,47.96543241345931,13.688070846591735,21.26513168740174,-9.382003161589036,-0.0040793515340793,1.060778,69.98869,70.49726,2022-03-24T23:25:00.202,16.0,Luminance,data\RV_UMa\2022_03_24\Light\Luminance\reduced_images\RV_Uma_Light_Luminance_16_secs_060_reduced.fits,2,0.979925,792.0,11.529183166575894,1172.765916210726,936.9941714202762,7.0,V* RV UMa,False,1.0290841591776885,0.0025683428628531,5824.412935625964,26.27159660213821,-9.413130394345202,-0.0048973216533584,2022-03-24 23:25:00.202,0.7147579347875723,2022_03_24,3,"(0.705, 0.727]",-9.413130394345202,-0.0048973216533584
3,9,9,1167.4517159231036,882.2063511569062,6263.393631396611,6263.393631396611,217.6030096641236,284.2315979003906,5.548380714304049,5.436996971464395,565.7302300950489,217.60300966412365,2.560671091079712,4.012128829956055,5706.183895217751,8.322571071456073,11.096761428608096,13.870951785760122,8.155495457196592,10.87399394292879,13.592492428660988,False,1.5,16.0,391.4621019622882,119305.59773533692,13.32818434192757,345.9918901096399,-9.390864409273284,-0.0658331257006214,1.058204,70.10589,70.8953,2022-03-24T23:27:42.331,16.0,Luminance,data\RV_UMa\2022_03_24\Light\Luminance\reduced_images\RV_Uma_Light_Luminance_16_secs_061_reduced.fits,2,0.979925,792.0,4.096624005371779,1172.7145886512303,936.9649314130564,7.0,V* RV UMa,False,1.0161865497765474,0.0026509733072535,5798.547324871827,351.91756609762496,-9.408298015022885,-0.0658940284860052,2022-03-24 23:27:42.331,0.7187670294402331,2022_03_24,3,"(0.705, 0.727]",-9.408298015022885,-0.0658940284860052
2,7,7,1168.0168032996355,887.2285988725608,6234.316605842401,6234.316605842401,221.68553561692693,300.6166687011719,5.600186410025083,5.48776266784383,580.8886061907203,221.6855356169268,2.6089301109313965,4.489492893218994,5655.954536813446,8.400279615037626,11.200372820050166,14.000466025062709,8.231644001765746,10.97552533568766,13.719406669609574,False,1.5,16.0,389.6447878651501,93160.1248753169,13.578239056536772,305.8812643857721,-9.381264774739789,-0.0587180043508507,1.055702,70.21552,71.29183,2022-03-24T23:30:24.714,16.0,Luminance,data\RV_UMa\2022_03_24\Light\Luminance\reduced_images\RV_Uma_Light_Luminance_16_secs_062_reduced.fits,2,0.979925,792.0,8.269664467700753,1172.667647421033,936.991826691887,7.0,V* RV UMa,False,1.01303180160728,0.0038019040503404,5729.661814236993,310.6126713437471,-9.395322472656208,-0.058859219595922,2022-03-24 23:30:24.714,0.7227824049559199,2022_03_24,3,"(0.705, 0.727]",-9.395322472656208,-0.058859219595922
1,6,6,1169.0787094963628,890.8803435907112,6324.450723000688,6324.450723000688,234.0094964884697,245.72314453125,5.75374414111449,5.638237727481617,623.6909222948004,234.0094964884697,2.688157558441162,3.805701494216919,5695.396326268197,8.630616211671736,11.50748828222898,14.384360352786224,8.457356591222426,11.276475454963236,14.09559431870404,False,1.5,16.0,395.27817018754297,68000.55064850036,14.333081659918772,261.55336338947706,-9.388809876929994,-0.0498609648635788,1.053386,70.31268,71.66808,2022-03-24T23:32:58.293,16.0,Luminance,data\RV_UMa\2022_03_24\Light\Luminance\reduced_images\RV_Uma_Light_Luminance_16_secs_063_reduced.fits,2,0.979925,792.0,12.007296398456017,1172.7399973578415,937.0211878481914,7.0,V* RV UMa,False,1.0122520459088928,0.0050688544228241,5765.176583526975,266.327217845888,-9.402031534964426,-0.0501565040616475,2022-03-24 23:32:58.293,0.7265800768570649,2022_03_24,3,"(0.705, 0.727]",-9.402031534964426,-0.0501565040616475
3,8,8,1169.005481816715,881.7416204712151,6288.348246278691,6288.348246278691,221.68082634709447,272.7925109863281,5.600126927278716,5.487704379213596,569.6048402799311,221.68082634709447,2.5536720752716064,3.683428287506104,5722.248110412981,8.400190390918073,11.200253854557433,14.000317318196789,8.231556568820393,10.975408758427193,13.71926094803399,False,1.5,16.0,393.02176539241816,77650.51516391376,13.57795061375954,279.3870342015176,-9.393916711026831,-0.0530107419880283,1.051178,70.40062,72.03534,2022-03-24T23:35:28.127,16.0,Luminance,data\RV_UMa\2022_03_24\Light\Luminance\reduced_images\RV_Uma_Light_Luminance_16_secs_064_reduced.fits,2,0.979925,792.0,5.299819816108873,1172.7296621989767,936.9827240969162,7.0,V* RV UMa,False,1.0070953594124614,0.0026727580315033,5762.84951740364,281.7847463030358,-9.401593198001416,-0.0530889970466604,2022-03-24 23:35:28.127,0.7302851431202662,2022_03_24,3,"(0.727, 0.75]",-9.401593198001416,-0.0530889970466604
1,5,6,1169.587970621833,886.6185868090023,6356.60842254469,6356.60842254469,244.5785582362361,276.94293212890625,5.8822434508979615,5.764157413621185,627.8621783535777,244.578558236236,2.584123134613037,3.943315029144287,5724.587311976131,8.823365176346943,11.764486901795925,14.705608627244905,8.646236120431778,11.52831482724237,14.410393534052965,False,1.5,16.0,397.2880264090432,59.239455751804535,14.980436691969455,21.7142330938216,-9.39436045914917,-0.0041183630790637,1.048895,70.48593,72.42462,2022-03-24T23:38:06.034,16.0,Luminance,data\RV_UMa\2022_03_24\Light\Luminance\reduced_images\RV_Uma_Light_Luminance_16_secs_065_reduced.fits,2,0.979925,792.0,8.662049816225208,1172.5680337182234,937.0111795150266,7.0,V* RV UMa,False,1.003690100684411,0.0035791188289528,5745.7116155340245,29.913080614623663,-9.398359561046687,-0.0056525138733623,2022-03-24 23:38:06.034,0.7341898369709519,2022_03_24,3,"(0.727, 0.75]",-9.398359561046687,-0.0056525138733623
2,8,8,1170.7314243718367,897.0534417364395,6161.374850731868,6161.374850731868,190.09261756928936,287.9835205078125,5.185807960743944,5.081702865932009,497.6097764994424,190.09261756928927,2.6091021299362183,4.384193420410156,5665.403797346684,7.778711941115915,10.371615921487887,12.96451990185986,7.622554298898014,10.163405731864016,12.704257164830024,False,1.5,16.0,385.08592817074174,91989.7020686208,11.643172826118972,303.95136316459855,-9.38307717327866,-0.0582502168032484,1.046675,70.56255,72.81305,2022-03-24T23:40:44.511,16.0,Luminance,data\RV_UMa\2022_03_24\Light\Luminance\reduced_images\RV_Uma_Light_Luminance_16_secs_066_reduced.fits,2,0.979925,792.0,18.33390163418288,1172.6898593773349,937.001746402562,7.0,V* RV UMa,False,1.0215049462022423,0.0036059814365227,5787.238001222605,311.159195403036,-9.406178357927285,-0.0583761725059716,2022-03-24 23:40:44.511,0.7381086256717353,2022_03_24,3,"(0.727, 0.75]",-9.406178357927285,-0.0583761725059716
2,8,9,1170.5399274496972,887.5831778803445,6174.874905269882,6174.874905269882,202.78989442456933,268.23828125,5.3562021459449785,5.2486763878651335,529.3704447449716,202.78989442456927,2.56912612915039,3.857635974884033,5653.882088776072,8.034303218917469,10.712404291889955,13.390505364862443,7.873014581797701,10.497352775730269,13.121690969662833,False,1.5,16.0,385.9296815793677,45.46483480412843,12.420881033504871,21.06692662485444,-9.380866867684832,-0.0040455610146158,1.044519,70.62978,73.20012,2022-03-24T23:43:21.670,16.0,Luminance,data\RV_UMa\2022_03_24\Light\Luminance\reduced_images\RV_Uma_Light_Luminance_16_secs_067_reduced.fits,2,0.979925,792.0,10.013752434140178,1172.638265851769,936.9804231149692,7.0,V* RV UMa,False,1.0170285103759429,0.0037405320664928,5750.159278589152,30.1051378641921,-9.399199686878116,-0.0056844056911773,2022-03-24 23:43:21.670,0.7419948231226385,2022_03_24,3,"(0.727, 0.75]",-9.399199686878116,-0.0056844056911773
2,7,8,1171.509686560015,892.3803750726751,6232.783136644315,6232.783136644315,206.6959698221153,244.2513427734375,5.407540851182859,5.298984468595363,532.4700029919195,206.69596982211527,2.5484538078308105,3.8588826656341553,5706.028005287863,8.11131127677429,10.81508170236572,13.518852127957148,7.948476702893046,10.597968937190728,13.247461171488409,False,1.5,16.0,389.5489460402697,40.72386793182953,12.66012815160456,21.04597211163465,-9.3908347471285,-0.0040046024773723,1.042481,70.68594,73.57571,2022-03-24T23:45:54.859,16.0,Luminance,data\RV_UMa\2022_03_24\Light\Luminance\reduced_images\RV_Uma_Light_Luminance_16_secs_068_reduced.fits,2,0.979925,792.0,14.479954391150049,1172.6595166525815,936.9529710667553,7.0,V* RV UMa,False,1.0098071784490568,0.0026481118617057,5761.988040171037,26.076455779368207,-9.401430881262794,-0.0049136082779154,2022-03-24 23:45:54.859,0.7457828511789781,2022_03_24,3,"(0.727, 0.75]",-9.401430881262794,-0.0049136082779154
2,7,8,1173.5925720340358,905.1979648471096,6206.476735213666,6206.476735213666,195.4189676904504,288.7620544433594,5.2579585968405445,5.152405078008971,502.7320445723863,195.4189676904504,2.567346334457397,4.044049263000488,5704.768564830139,7.886937895260816,10.515917193681087,13.144896492101362,7.728607617013456,10.30481015601794,12.881012695022427,False,1.5,16.0,387.9047959508541,44.82329886980549,11.96941177104008,21.087852109489475,-9.39059507584879,-0.0040134572078892,1.040432,70.73363,73.96351,2022-03-24T23:48:32.242,16.0,Luminance,data\RV_UMa\2022_03_24\Light\Luminance\reduced_images\RV_Uma_Light_Luminance_16_secs_069_reduced.fits,2,0.979925,792.0,26.96210063523122,1172.680930878152,936.8730036055698,7.0,V* RV UMa,False,1.0127173844145327,0.0020612168379254,5777.318299665027,24.37926909236577,-9.404315738820648,-0.0045816161973725,2022-03-24 23:48:32.242,0.7496745876586903,2022_03_24,3,"(0.727, 0.75]",-9.404315738820648,-0.0045816161973725
2,8,8,1172.9978236841632,896.2878263310749,6288.854398338281,6288.854398338281,223.916708972864,257.3263244628906,5.628297636755868,5.515309561697994,564.9259171883249,223.9167089728639,2.524311780929565,3.705474376678467,5723.618811931103,8.442446455133803,11.256595273511737,14.07074409188967,8.272964342546992,11.030619123395988,13.788273904244988,False,1.5,16.0,393.05339989614254,48.36007902817841,13.714898424587918,21.333738006943577,-9.394176756033708,-0.0040468823131057,1.038461,70.77007,74.34697,2022-03-24T23:51:08.757,16.0,Luminance,data\RV_UMa\2022_03_24\Light\Luminance\reduced_images\RV_Uma_Light_Luminance_16_secs_070_reduced.fits,2,0.979925,792.0,18.607904708551867,1172.6711580127385,936.9741586369051,7.0,V* RV UMa,False,1.000477041755885,0.0040576425326988,5726.349217099163,31.54259701509081,-9.394694574038663,-0.0059805887264291,2022-03-24 23:51:08.757,0.753544860401762,2022_03_24,3,"(0.75, 0.773]",-9.394694574038663,-0.0059805887264291
3,9,10,1173.5231886143984,898.2774098174914,6297.33028651184,6297.33028651184,197.1440059507351,269.53399658203125,5.281114617031145,5.175096241094245,499.86822990340585,197.144005950735,2.536041736602783,3.976067066192627,5797.364859299709,7.921671925546717,10.56222923406229,13.20278654257786,7.762644361641367,10.35019248218849,12.937740602735612,False,1.5,16.0,393.58314290699,37.48023160912604,12.075070364482524,21.050853780324413,-9.4080765842865,-0.0039424246437938,1.03647,70.7955,74.74534,2022-03-24T23:53:50.276,16.0,Luminance,data\RV_UMa\2022_03_24\Light\Luminance\reduced_images\RV_Uma_Light_Luminance_16_secs_071_reduced.fits,2,0.979925,792.0,20.60958104916101,1172.7135382713354,936.8962185538778,7.0,V* RV UMa,False,1.003738151423009,0.0047723708276096,5819.036286998203,34.81278849943782,-9.412127663560064,-0.0064954922083713,2022-03-24 23:53:50.276,0.7575388710920326,2022_03_24,3,"(0.75, 0.773]",-9.412127663560064,-0.0064954922083713
2,7,8,1174.5491997873287,910.4644329472673,6240.304729130559,6240.304729130559,203.17139940221367,246.3285522460937,5.361238041908692,5.253611188217375,520.8637340750172,203.1713994022137,2.5245296955108643,3.841124057769776,5727.392498061173,8.041857062863038,10.722476083817384,13.40309510477173,7.880416782326063,10.50722237643475,13.134027970543436,False,1.5,16.0,390.01904557066,46.35645528531735,12.44424821338559,21.18536638978337,-9.39489236580724,-0.0040160892252871,1.034642,70.80732,75.12156,2022-03-24T23:56:23.637,16.0,Luminance,data\RV_UMa\2022_03_24\Light\Luminance\reduced_images\RV_Uma_Light_Luminance_16_secs_072_reduced.fits,2,0.979925,792.0,32.23921976338,1172.7174741096585,936.9452884455357,7.0,V* RV UMa,False,0.9902385387275774,0.0064097973585501,5671.484777999385,42.28272685299197,-9.38424192698412,-0.0080945094939294,2022-03-24 23:56:23.637,0.761331152331211,2022_03_24,3,"(0.75, 0.773]",-9.38424192698412,-0.0080945094939294
1,6,6,1145.5050246434948,883.4530327955999,6446.477872933412,6446.477872933412,232.56938599930044,281.9750366210937,5.736012350338145,5.620861902405107,565.2336695460629,232.56938599930032,2.390379548072815,3.576198101043701,5890.548769132833,8.604018525507218,11.47202470067629,14.34003087584536,8.431292853607662,11.241723804810212,14.052154756012769,False,1.5,16.0,402.9048670583383,81218.51259766762,14.24487489245715,285.7195519029428,-9.425389389898347,-0.0526633551586675,1.030382,70.78513,76.04238,2022-03-25T00:02:31.506,16.0,Luminance,data\RV_UMa\2022_03_24\Light\Luminance\reduced_images\RV_Uma_Light_Luminance_16_secs_073_reduced.fits,2,0.979925,792.0,18.814556835738173,1172.7063483283046,937.0925884778568,7.0,V* RV UMa,False,0.9758486318017524,0.0026530579926683,5748.283956919771,279.25666863851666,-9.398845533779586,-0.0527460156515043,2022-03-25 00:02:31.506,0.7704277460360949,2022_03_24,3,"(0.75, 0.773]",-9.398845533779586,-0.0527460156515043
2,7,7,1146.3284845709993,893.059888536774,6435.882505901823,6435.882505901823,214.83830362489016,339.7344970703125,5.513021191275048,5.402347290860202,519.8459862094488,214.8383036248901,2.41876482963562,3.836479187011719,5916.239173035359,8.269531786912573,11.026042382550097,13.78255297818762,8.103520936290304,10.804694581720405,13.505868227150504,False,1.5,16.0,402.2426566188639,127079.51006492124,13.15884609702452,357.06429612555377,-9.430114306749369,-0.0655277148863289,1.028734,70.74817,76.41697,2022-03-25T00:05:04.265,16.0,Luminance,data\RV_UMa\2022_03_24\Light\Luminance\reduced_images\RV_Uma_Light_Luminance_16_secs_074_reduced.fits,2,0.979925,792.0,21.973692137425843,1172.7183736829516,937.0154004774304,7.0,V* RV UMa,False,0.9770237350959728,0.0023221700252243,5780.306094560116,349.13070656929216,-9.404877092443437,-0.0655785078011364,2022-03-25 00:05:04.265,0.7742051411353419,2022_03_24,3,"(0.773, 0.795]",-9.404877092443437,-0.0655785078011364
2,7,7,1146.448474297155,882.394559198333,6490.838299548747,6490.838299548747,213.7720535246447,338.8110046386719,5.499323515031638,5.388924595467378,511.5091517508467,213.7720535246445,2.356520175933838,3.680622816085816,5987.080142367114,8.248985272547458,10.998647030063276,13.748308787579097,8.083386893201068,10.777849190934756,13.472311488668446,False,1.5,16.0,405.6773937217967,147965.72509873135,13.093538278384486,385.2070820100943,-9.443037679001614,-0.0698559674035424,1.027071,70.69188,76.80696,2022-03-25T00:07:42.294,16.0,Luminance,data\RV_UMa\2022_03_24\Light\Luminance\reduced_images\RV_Uma_Light_Luminance_16_secs_075_reduced.fits,2,0.979925,792.0,17.714117766684087,1172.7595782616954,936.975039748242,7.0,V* RV UMa,False,0.971374127435662,0.0038624615424205,5815.694749179234,374.8940869432471,-9.411504008629306,-0.0699892447418204,2022-03-25 00:07:42.294,0.7781128517785039,2022_03_24,3,"(0.773, 0.795]",-9.411504008629306,-0.0699892447418204
2,7,7,1148.1175277746552,891.6223119658856,6467.834201955199,6467.834201955199,236.8148438760419,272.30670166015625,5.788129845768266,5.671933139114468,564.6936277591096,236.8148438760421,2.3854236602783203,3.850053310394287,5902.930470268172,8.682194768652398,11.576259691536531,14.470324614420663,8.507899708671701,11.343866278228935,14.179832847786171,False,1.5,16.0,404.2396376222,94411.27547698452,14.504909187407565,307.9448327603406,-9.427669169404544,-0.0566408253798896,1.025484,70.61713,77.19125,2022-03-25T00:10:18.575,16.0,Luminance,data\RV_UMa\2022_03_24\Light\Luminance\reduced_images\RV_Uma_Light_Luminance_16_secs_076_reduced.fits,2,0.979925,792.0,19.680728122232107,1172.763496396325,937.0581998063102,7.0,V* RV UMa,False,0.9681343665867118,0.0036860781736177,5714.829851838477,298.9249308819635,-9.3925082615843,-0.0567914755780453,2022-03-25 00:10:18.575,0.7819773382146877,2022_03_24,3,"(0.773, 0.795]",-9.3925082615843,-0.0567914755780453
1,6,6,1148.2099831561625,901.6663850857576,6626.016588411938,6626.016588411938,267.3520474054569,250.05538940429688,6.150006315466835,6.026544938683839,629.4912544311655,267.352047405457,2.3572418689727783,4.0276288986206055,5995.8031485122,9.225009473200252,12.30001263093367,15.375015788667088,9.039817408025758,12.053089877367675,15.066362346709598,False,1.5,16.0,414.1260367757461,56959.93287447813,16.375312903584234,239.5630067939486,-9.444618414627438,-0.0433807153694579,1.023953,70.52159,77.57433,2022-03-25T00:12:54.461,16.0,Luminance,data\RV_UMa\2022_03_24\Light\Luminance\reduced_images\RV_Uma_Light_Luminance_16_secs_077_reduced.fits,2,0.979925,792.0,26.809641448796224,1172.776250998101,937.0858083644644,7.0,V* RV UMa,False,0.9619536534082322,0.0030683101467342,5767.684743827893,231.181670093096,-9.402503785590126,-0.0435187289605463,2022-03-25 00:12:54.461,0.7858320571670312,2022_03_24,3,"(0.773, 0.795]",-9.402503785590126,-0.0435187289605463
2,7,7,1148.5000915318042,891.4158806343238,6569.324644195291,6569.324644195291,263.0425825617073,240.6321258544922,6.100238775534662,5.977776482115805,617.8766226634102,263.0425825617075,2.3534985780715942,3.432250022888184,5950.254300164032,9.150358163301991,12.200477551069325,15.250596938836656,8.966664723173706,11.95555296423161,14.944441205289513,False,1.5,16.0,410.58279026220566,37485.89886030487,16.11135818190457,194.7115636236045,-9.436338817177656,-0.0355287998540475,1.022442,70.40049,77.96516,2022-03-25T00:15:34.569,16.0,Luminance,data\RV_UMa\2022_03_24\Light\Luminance\reduced_images\RV_Uma_Light_Luminance_16_secs_078_reduced.fits,2,0.979925,792.0,19.25018164017103,1172.745280504049,936.975224248525,7.0,V* RV UMa,False,0.9720288336272996,0.0040163641301754,5783.818747174269,190.76810359437744,-9.405536686539383,-0.0358109141796079,2022-03-25 00:15:34.569,0.7897911769213515,2022_03_24,3,"(0.773, 0.795]",-9.405536686539383,-0.0358109141796079
1,6,6,1149.895634854132,897.0619198820511,6593.090696977481,6593.090696977481,245.47584489910489,280.58135986328125,5.893023681559745,5.774721231152434,573.2848710197119,245.47584489910503,2.318233728408813,3.959594249725342,6024.020313822725,8.839535522339617,11.78604736311949,14.732559203899363,8.662081846728649,11.549442462304867,14.436803077881084,False,1.5,16.0,412.0681685610925,54536.66584714837,15.035395500070171,234.44353139127023,-9.44971606923918,-0.0422548093702098,1.021033,70.2589,78.34225,2022-03-25T00:18:07.750,16.0,Luminance,data\RV_UMa\2022_03_24\Light\Luminance\reduced_images\RV_Uma_Light_Luminance_16_secs_079_reduced.fits,2,0.979925,792.0,22.136897393932696,1172.7568824803689,937.1067459608214,7.0,V* RV UMa,False,0.9556070565778602,0.0022784534588344,5756.596320857372,224.45594069398248,-9.400414439465989,-0.0423340334463828,2022-03-25 00:18:07.750,0.793579007155234,2022_03_24,3,"(0.773, 0.795]",-9.400414439465989,-0.0423340334463828
1,6,6,1150.479053460935,907.8537410890272,6550.516095354482,6550.516095354482,230.46882015475848,293.4066162109375,5.71004977259388,5.595420523409058,541.4936785781726,230.4688201547585,2.326407790184021,3.892305850982666,6014.351636751931,8.56507465889082,11.42009954518776,14.2751244314847,8.393130785113588,11.190841046818116,13.988551308522643,False,1.5,16.0,409.4072559596551,142270.2738430202,14.116215234478954,377.7483253625545,-9.447972040221275,-0.0681927259834068,1.01965,70.08722,78.72585,2022-03-25T00:20:44.194,16.0,Luminance,data\RV_UMa\2022_03_24\Light\Luminance\reduced_images\RV_Uma_Light_Luminance_16_secs_080_reduced.fits,2,0.979925,792.0,30.962023318362387,1172.781925751331,936.9977626941462,7.0,V* RV UMa,False,0.9611859370499152,0.0029936022586939,5780.910213719096,363.5325057396033,-9.404990560442997,-0.0682765150289374,2022-03-25 00:20:44.194,0.7974475242239922,2022_03_24,3,"(0.795, 0.818]",-9.404990560442997,-0.0682765150289374
1,4,5,1165.875902089697,899.9402728049641,10763.133313033886,10763.133313033886,241.90791403973148,338.286865234375,5.850040098056124,5.732600543087647,1208.2857142756932,241.9079140397314,5.058163404464722,6.936221599578857,9539.523554987718,8.775060147084186,11.700080196112248,14.62510024514031,8.598900814631472,11.465201086175297,14.331501357719118,False,1.5,10.0,1076.3133313033886,143.86960731651567,37.93116092142989,35.46990413775225,-9.94881671175844,-0.0040369897804301,1.774329,44.54858,34.24871,2023-02-23T20:46:49.864,10.0,Luminance,data\RV_UMa\2023_02_23\Light\Luminance\reduced_images\RV_Uma_Light_Luminance_10_secs_001_reduced.fits,2,0.979925,792.0,20.02831715812697,1172.8089441298728,937.0743975934326,7.0,V* RV UMa,False,1.0112158886277447,0.0108335159711119,9646.517788742209,109.39382917531458,-9.96092642375894,-0.0123125093960202,2023-02-23 20:46:49.864,0.33821666980270493,2023_02_23,4,"(0.318, 0.341]",-9.96092642375894,-0.0123125093960202
1,4,5,1165.2889793770703,900.4954263128567,10828.179163682977,10828.179163682977,218.7721455121763,375.265625,5.563265896861685,5.451583333982187,1118.6537103733351,218.7721455121764,5.092496395111084,6.969112873077393,9714.0828013115,8.344898845292526,11.12653179372337,13.908164742154211,8.17737500097328,10.903166667964374,13.628958334955469,False,1.5,10.0,1082.8179163682976,123.15392926896114,34.30347241630924,35.21754276001618,-9.968504502526356,-0.0039362399929311,1.763629,44.80848,34.48671,2023-02-23T20:49:00.629,10.0,Luminance,data\RV_UMa\2023_02_23\Light\Luminance\reduced_images\RV_Uma_Light_Luminance_10_secs_002_reduced.fits,2,0.979925,792.0,20.535918961182404,1172.8729861769516,937.0256879263156,7.0,V* RV UMa,False,1.0241932201303838,0.0112506857954665,9949.097744888406,115.0883933611542,-9.99445924402931,-0.0125594941997478,2023-02-23 20:49:00.629,0.3414502015106109,2023_02_23,4,"(0.341, 0.364]",-9.99445924402931,-0.0125594941997478
2,6,7,1166.3058562686651,901.128061079746,10850.580359424788,10850.580359424788,308.92738941683245,310.9658203125,6.610921676012188,6.478207423366244,1381.0129621189442,308.9273894168326,4.470688343048096,6.046805381774902,9469.462280710675,9.91638251401828,13.221843352024376,16.52730419003047,9.717311135049364,12.956414846732487,16.19551855841561,False,1.5,30.0,361.6860119808263,62.92671345709178,5.382201628951036,20.736319033687465,-9.940813296201307,-0.002377555521199,1.745779,45.248,34.89178,2023-02-23T20:52:17.933,30.0,Luminance,data\RV_UMa\2023_02_23\Light\Luminance\reduced_images\RV_Uma_Light_Luminance_30_secs_001_reduced.fits,2,0.979925,792.0,21.25351590022729,1172.8376734741714,937.0696834444578,7.0,V* RV UMa,False,0.9977468505488866,0.0045172403359462,9448.126166970553,47.51664606414961,-9.938364210151786,-0.0054603994536905,2023-02-23 20:52:17.933,0.3463290967813464,2023_02_23,4,"(0.341, 0.364]",-9.938364210151786,-0.0054603994536905
2,5,6,1166.0272458057962,901.5474741293912,10652.692383089248,10652.692383089248,298.4607068438668,363.5918884277344,6.4979652755751145,6.367518622667944,1307.7391338145096,298.4607068438669,4.376998901367188,5.665537357330322,9346.330197132367,9.746947913362671,12.995930551150227,16.244913188937787,9.551277934001916,12.735037245335889,15.91879655666986,False,1.5,30.0,355.08974610297497,54.43267831157504,5.199848759235367,20.36473110978353,-9.926602800446222,-0.0023657120388107,1.726388,45.72113,35.34365,2023-02-23T20:56:18.403,30.0,Luminance,data\RV_UMa\2023_02_23\Light\Luminance\reduced_images\RV_Uma_Light_Luminance_30_secs_002_reduced.fits,2,0.979925,792.0,21.642628465921128,1172.7484011078768,937.0346514022874,7.0,V* RV UMa,False,0.9892591180207834,0.0064430164840833,9245.94236754618,63.499102856912536,-9.914877955089496,-0.0074565979540825,2023-02-23 20:56:18.403,0.35227539257743956,2023_02_23,4,"(0.341, 0.364]",-9.914877955089496,-0.0074565979540825
2,6,7,1166.9405795847915,902.8881374796896,10625.34595169541,10625.34595169541,307.950683625613,319.20489501953125,6.60046284757834,6.467958555913206,1329.567794359043,307.9506836256133,4.268907070159912,5.933041095733643,9310.733101105452,9.90069427136751,13.20092569515668,16.50115711894585,9.701937833869808,12.935917111826411,16.169896389783013,False,1.5,30.0,354.178198389847,55.17823641277868,5.36518524361068,20.364715074025376,-9.922459693653732,-0.0023747548356667,1.707335,46.2003,35.80019,2023-02-23T21:00:19.237,30.0,Luminance,data\RV_UMa\2023_02_23\Light\Luminance\reduced_images\RV_Uma_Light_Luminance_30_secs_003_reduced.fits,2,0.979925,792.0,23.076261516624943,1172.765992441411,937.1475018991396,7.0,V* RV UMa,False,0.994808531052825,0.006664004927791,9262.396719335627,65.27042663567349,-9.916808445998097,-0.007650985748691,2023-02-23 21:00:19.237,0.3582306892953966,2023_02_23,4,"(0.341, 0.364]",-9.916808445998097,-0.007650985748691
2,6,7,1167.138200289045,903.478320408846,10365.444788535988,10365.444788535988,305.6689332821917,312.3779602050781,6.575964428228174,6.443951942331493,1322.660064243622,305.6689332821918,4.361348628997803,5.82491397857666,9032.31600543848,9.86394664234226,13.151928856456347,16.439911070570435,9.66592791349724,12.887903884662986,16.109879855828733,False,1.5,30.0,345.51482628453294,54.1273965021658,5.325432082071961,20.12380816020593,-9.889497808623496,-0.0024189971967308,1.688811,46.6754,36.25652,2023-02-23T21:04:20.743,30.0,Luminance,data\RV_UMa\2023_02_23\Light\Luminance\reduced_images\RV_Uma_Light_Luminance_30_secs_004_reduced.fits,2,0.979925,792.0,23.68712372312439,1172.7591389555091,937.0571818347094,7.0,V* RV UMa,False,1.005433772547736,0.0049202056761052,9081.39555619131,48.8300111115022,-9.89538148137478,-0.0058379255274653,2023-02-23 21:04:20.743,0.36420260309967034,2023_02_23,4,"(0.364, 0.386]",-9.89538148137478,-0.0058379255274653
2,6,7,1167.8296113752124,904.377260567755,10368.809899390835,10368.809899390835,295.42081326720984,362.939697265625,6.464788918008365,6.335008280479348,1253.8227993371338,295.42081326720995,4.182515621185303,5.770717144012451,9133.207733077466,9.697183377012546,12.92957783601673,16.161972295020913,9.50251242071902,12.670016560958697,15.837520701198368,False,1.5,30.0,345.62699664636125,54.93957769833169,5.146887057810944,20.1423300887088,-9.901558339264646,-0.0023944771283693,1.670279,47.14601,36.72593,2023-02-23T21:08:22.261,30.0,Luminance,data\RV_UMa\2023_02_23\Light\Luminance\reduced_images\RV_Uma_Light_Luminance_30_secs_005_reduced.fits,2,0.979925,792.0,24.67623869379973,1172.8144422363744,937.1130106848378,7.0,V* RV UMa,False,0.9850437663043826,0.0041100425031672,8996.60934383094,42.45892316820336,-9.88519715673259,-0.0051240626703851,2023-02-23 21:08:22.261,0.37017481363773186,2023_02_23,4,"(0.364, 0.386]",-9.88519715673259,-0.0051240626703851
2,5,6,1167.4170839825283,905.405953795319,9578.17640373723,9578.17640373723,283.149685519938,358.244873046875,6.329098379559729,6.202041729590068,1228.8464241826623,283.14968551993786,4.3491411209106445,5.74955415725708,8346.71846306955,9.493647569339592,12.658196759119456,15.82274594889932,9.303062594385102,12.404083459180136,15.505104323975168,False,1.5,30.0,319.27254679124104,48.70553604528579,4.9330967432806965,19.31090830540624,-9.803789412213206,-0.0025119515396034,1.652708,47.61306,37.18345,2023-02-23T21:12:22.499,30.0,Luminance,data\RV_UMa\2023_02_23\Light\Luminance\reduced_images\RV_Uma_Light_Luminance_30_secs_006_reduced.fits,2,0.979925,792.0,25.634721593837043,1172.7568733866908,937.0544570393326,7.0,V* RV UMa,False,1.0478500067943624,0.0056438333705651,8746.108998238058,51.269562654601145,-9.85453721357582,-0.0063645697060749,2023-02-23 21:12:22.499,0.3761153725826034,2023_02_23,4,"(0.364, 0.386]",-9.85453721357582,-0.0063645697060749
2,6,7,1168.1971720735482,905.903973696628,10158.353784973136,10158.353784973136,283.34562328469065,357.3959350585937,6.331287848575696,6.204187245015539,1175.230298976068,283.34562328469053,4.159256935119629,5.356873512268066,8979.846536290492,9.496931772863544,12.662575697151391,15.82821962143924,9.30628086752331,12.408374490031076,15.510468112538849,False,1.5,30.0,338.6117928324378,42.787458462323,4.936510414559944,19.65542575751848,-9.883172286820905,-0.0023765002306697,1.635116,48.07944,37.65425,2023-02-23T21:16:23.098,30.0,Luminance,data\RV_UMa\2023_02_23\Light\Luminance\reduced_images\RV_Uma_Light_Luminance_30_secs_007_reduced.fits,2,0.979925,792.0,26.241800751674187,1172.8077577401857,937.084879269491,7.0,V* RV UMa,False,0.9712649430652672,0.0053245524387008,8721.810134805022,51.4839629765553,-9.85151657069562,-0.0064089909897267,2023-02-23 21:16:23.098,0.38206485826583503,2023_02_23,4,"(0.364, 0.386]",-9.85151657069562,-0.0064089909897267
2,6,7,1168.0071181016249,906.2718164787104,9960.10301594067,9960.10301594067,271.9934680078084,412.0445556640625,6.203160837447667,6.078632383635906,1110.658615029944,271.9934680078085,4.102131366729736,5.581719398498535,8844.350079280237,9.3047412561715,12.406321674895334,15.507902093619167,9.117948575453855,12.157264767271812,15.196580959089763,True,1.5,30.0,332.003433864689,51.88169578364209,4.738730642624928,19.713545096987403,-9.866664811499676,-0.0024200432416254,1.61804,48.53592,38.12396,2023-02-23T21:20:23.220,30.0,Luminance,data\RV_UMa\2023_02_23\Light\Luminance\reduced_images\RV_Uma_Light_Luminance_30_secs_008_reduced.fits,2,0.979925,792.0,26.575653078925622,1172.7965258596137,937.165977922666,7.0,V* RV UMa,False,0.9762929651421932,0.0060186033537183,8634.676763656094,56.60314960236484,-9.840615211334256,-0.0071173583573273,2023-02-23 21:20:23.220,0.3880025487850389,2023_02_23,4,"(0.386, 0.409]",-9.840615211334256,-0.0071173583573273
2,6,7,1168.1361918363427,907.3447309964356,9591.34839230426,9591.34839230426,268.7889939771968,408.113037109375,6.1665114964382735,6.042718778147275,1084.075758514976,268.7889939771969,4.012816429138184,5.293327331542969,8512.747501301039,9.24976724465741,12.333022992876549,15.416278741095685,9.064078167220911,12.08543755629455,15.10679694536819,True,1.5,30.0,319.71161307680865,41.48225121873397,4.682901583958272,19.127905423216124,-9.825174379669717,-0.002439618869936,1.601126,48.99997,38.60219,2023-02-23T21:24:27.007,30.0,Luminance,data\RV_UMa\2023_02_23\Light\Luminance\reduced_images\RV_Uma_Light_Luminance_30_secs_009_reduced.fits,2,0.979925,792.0,27.655784135953443,1172.820846398377,937.1370854977424,7.0,V* RV UMa,False,0.9933642946584486,0.0062416878965033,8456.259417235377,56.429158163300585,-9.817945743975038,-0.0072451869081788,2023-02-23 21:24:27.007,0.3940308667174577,2023_02_23,4,"(0.386, 0.409]",-9.817945743975038,-0.0072451869081788
1,4,5,1168.0435826275018,907.4743672086475,9704.378263273553,9704.378263273553,299.92653521163254,359.67974853515625,6.513902441418438,6.383135849906963,1182.0395538409805,299.9265352116324,3.923194408416748,5.577762126922607,8527.708157395467,9.770853662127656,13.027804882836875,16.284756103546094,9.574703774860444,12.766271699813926,15.957839624767407,False,1.5,30.0,323.4792754424517,48.187084505031926,5.22538674679822,19.41369997435527,-9.82708082283854,-0.0024717258777424,1.584544,49.46173,39.08413,2023-02-23T21:28:31.011,30.0,Luminance,data\RV_UMa\2023_02_23\Light\Luminance\reduced_images\RV_Uma_Light_Luminance_30_secs_010_reduced.fits,2,0.979925,792.0,27.77033334299468,1172.728522286009,937.1074522851352,7.0,V* RV UMa,False,0.9728219945551352,0.0047836360527033,8295.942058661554,44.95319282424961,-9.797164275372834,-0.005883275054676,2023-02-23 21:28:31.011,0.40006455058426127,2023_02_23,4,"(0.386, 0.409]",-9.797164275372834,-0.005883275054676
2,5,6,1167.9479432366684,908.0739788120258,9108.051468063764,9108.051468063764,249.0084452365339,391.9652404785156,5.935274958043225,5.816124313260508,997.0334331839985,249.00844523653376,3.9786882400512695,5.021562576293945,8117.324495327716,8.902912437064838,11.87054991608645,14.83818739510806,8.724186469890762,11.632248626521015,14.540310783151268,True,1.5,30.0,303.60171560212547,36.502895377264885,4.338280468120946,18.55917270374709,-9.773532268796467,-0.0024823900715581,1.568314,49.92047,39.569,2023-02-23T21:32:34.802,30.0,Luminance,data\RV_UMa\2023_02_23\Light\Luminance\reduced_images\RV_Uma_Light_Luminance_30_secs_011_reduced.fits,2,0.979925,792.0,28.350212382591188,1172.7203432613403,937.1079268695628,7.0,V* RV UMa,False,1.018407952908175,0.0063961102743715,8266.747822378087,55.25264307613875,-9.793336724128675,-0.0072567587986596,2023-02-23 21:32:34.802,0.4060929674279805,2023_02_23,4,"(0.386, 0.409]",-9.793336724128675,-0.0072567587986596
2,5,6,1168.3856085335822,908.635865023071,9281.224756035052,9281.224756035052,258.5452925919187,365.8431396484375,6.047865469487323,5.9264545701873645,969.8490585815214,258.5452925919187,3.733698844909668,5.47532844543457,8315.894495727773,9.071798204230983,12.095730938974643,15.119663673718309,8.889681855281047,11.852909140374727,14.816136425468413,False,1.5,30.0,309.3741585345017,42.6194063750434,4.504433542045873,18.881154584706703,-9.799772426932998,-0.0024651531029864,1.55246,50.37535,40.05581,2023-02-23T21:36:37.926,30.0,Luminance,data\RV_UMa\2023_02_23\Light\Luminance\reduced_images\RV_Uma_Light_Luminance_30_secs_012_reduced.fits,2,0.979925,792.0,28.969748494409995,1172.7594885306016,937.1539994202692,7.0,V* RV UMa,False,0.9833941888261982,0.0040273457327203,8177.80232199046,38.29363284418209,-9.781591520893574,-0.0050841022995679,2023-02-23 21:36:37.926,0.4121048908244802,2023_02_23,4,"(0.409, 0.432]",-9.781591520893574,-0.0050841022995679
2,6,7,1169.041222823207,909.6108042185142,9233.972679831668,9233.972679831668,301.4578543161375,260.722900390625,6.530510114381213,6.399410123835011,1123.8976996365357,301.4578543161377,3.677609324455261,5.257918357849121,8125.328463868365,9.79576517157182,13.061020228762429,16.326275285953034,9.599115185752517,12.798820247670022,15.998525309587528,False,1.5,30.0,307.79908932772224,50.32385149437273,5.252065728530039,19.06239771252885,-9.774602315561804,-0.002547187530698,1.537135,50.82164,40.53933,2023-02-23T21:40:37.845,30.0,Luminance,data\RV_UMa\2023_02_23\Light\Luminance\reduced_images\RV_Uma_Light_Luminance_30_secs_013_reduced.fits,2,0.979925,792.0,30.036871575122483,1172.7561661842346,937.0766297269436,7.0,V* RV UMa,False,0.9890795397777624,0.0067573103656162,8036.596137586076,58.05239995145535,-9.762680360777123,-0.0078428219262646,2023-02-23 21:40:37.845,0.4180375615989078,2023_02_23,4,"(0.409, 0.432]",-9.762680360777123,-0.0078428219262646
2,5,6,1168.7695182921682,910.2543874610448,8997.320083641309,8997.320083641309,299.9528791689915,283.7622985839844,6.514188508471575,6.383416174164008,1096.4118131691023,299.95287916899167,3.630059242248535,4.909040451049805,7908.473362374853,9.771282762707362,13.02837701694315,16.28547127117894,9.575124261246012,12.766832348328016,15.958540435410022,False,1.5,30.0,299.9106694547103,42.14724913813953,5.22584571707754,18.63555108683205,-9.745231640385938,-0.0025584321503635,1.522118,51.26549,41.02608,2023-02-23T21:44:37.828,30.0,Luminance,data\RV_UMa\2023_02_23\Light\Luminance\reduced_images\RV_Uma_Light_Luminance_30_secs_014_reduced.fits,2,0.979925,792.0,30.628030713422568,1172.7689782240543,937.0761698440368,7.0,V* RV UMa,False,1.0055403401083567,0.0080688300978903,7952.288994540289,66.5066179496349,-9.75123038598495,-0.0090802337557791,2023-02-23 21:44:37.828,0.4239718149528926,2023_02_23,4,"(0.409, 0.432]",-9.75123038598495,-0.0090802337557791
2,5,6,1169.3106244901244,910.6350602314006,9166.49847108227,9166.49847108227,365.7525813046551,248.9413146972656,7.19328892561246,7.048883650430789,1327.9440792002622,365.7525813046551,3.634198665618897,4.754870414733887,7837.280928158226,10.789933388418689,14.38657785122492,17.98322231403115,10.573325475646184,14.097767300861578,17.622209126076974,False,1.5,30.0,305.54994903607565,55.63578407419211,6.372222749841102,19.17180105937126,-9.73541353594566,-0.0026559617693162,1.50735,51.70856,41.51786,2023-02-23T21:48:38.812,30.0,Luminance,data\RV_UMa\2023_02_23\Light\Luminance\reduced_images\RV_Uma_Light_Luminance_30_secs_015_reduced.fits,2,0.979925,792.0,31.091954712701067,1172.759215846632,937.0587791686338,7.0,V* RV UMa,False,1.000095125812957,0.005982315797183,7838.026455877886,50.65411637206168,-9.735516812572737,-0.0070166907926083,2023-02-23 21:48:38.812,0.42993082084183243,2023_02_23,4,"(0.409, 0.432]",-9.735516812572737,-0.0070166907926083
2,5,6,1169.5499780776802,911.790251198641,8647.869393711819,8647.869393711819,308.81636593575433,253.73683166503903,6.60973364037889,6.477043237548284,1134.6556082659351,308.81636593575445,3.682432055473328,4.697934150695801,7510.674108535215,9.914600460568334,13.21946728075778,16.524334100947225,9.715564856322423,12.954086475096569,16.19260809387071,False,1.5,30.0,288.26231312372727,47.12906362727935,5.380267353191807,18.46000119458822,-9.689197295399396,-0.0026685609503501,1.492849,52.15016,42.01394,2023-02-23T21:52:40.406,30.0,Luminance,data\RV_UMa\2023_02_23\Light\Luminance\reduced_images\RV_Uma_Light_Luminance_30_secs_016_reduced.fits,2,0.979925,792.0,32.27107571704775,1172.7900524266324,937.0602028430264,7.0,V* RV UMa,False,1.02979293174334,0.0074784315744585,7734.439109597276,59.297812149438585,-9.721072061914873,-0.0083240401277067,2023-02-23 21:52:40.406,0.4359049106931252,2023_02_23,4,"(0.432, 0.455]",-9.721072061914873,-0.0083240401277067
2,5,6,1172.6845497023069,937.1882727712411,9754.093131445448,9754.093131445448,316.7875586853286,303.0966796875,6.694495641099246,6.560103641104179,2965.338632925509,316.78755868532835,9.30276584625244,12.2880859375,6807.092649989883,10.04174346164887,13.388991282198493,16.736239102748115,9.84015546165627,13.12020728220836,16.400259102760447,False,1.5,30.0,325.1364377148483,121.09365088580869,5.519143244651057,21.25439323634782,-9.582404154352512,-0.0033900911054741,1.211459,62.48586,55.60813,2023-04-03T21:02:47.361,30.0,Luminance,data\RV_UMa\2023_04_03\Light\Luminance\reduced_images\RV_Uma_Light_Luminance_30_secs_001_reduced.fits,2,0.979925,792.0,57.84392747808295,1172.7369902050136,937.1784910833658,7.0,V* RV UMa,False,0.8552746296891605,0.0040495124040805,5821.933645479903,33.01974833275923,-9.412668128329743,-0.0061578744142356,2023-04-03 21:02:47.361,0.6847125940688557,2023_04_03,5,"(0.682, 0.705]",-9.412668128329743,-0.0061578744142356
2,4,5,1155.889571260608,910.898656137786,9245.449328352555,9245.449328352555,268.4207312180332,356.8232421875,6.162285737663764,6.038577851480164,2452.4192700015374,268.42073121803344,9.10915756225586,10.562551498413086,6800.362594711561,9.243428606495645,12.324571475327527,15.40571434415941,9.057866777220244,12.077155702960328,15.09644462870041,False,1.5,30.0,308.1816442784185,82.41231395428927,4.676485628331956,19.88140950388176,-9.581330174664158,-0.0031742375203306,1.186191,63.64876,57.4376,2023-04-03T21:15:51.702,30.0,Luminance,data\RV_UMa\2023_04_03\Light\Luminance\reduced_images\RV_Uma_Light_Luminance_30_secs_002_reduced.fits,2,0.979925,792.0,31.945359685843297,1172.8304045603195,937.1957568578798,7.0,V* RV UMa,False,0.8574454571286081,0.0034445411049446,5830.940013662742,28.970634275316627,-9.41434643399796,-0.0053944074941288,2023-04-03 21:15:51.702,0.7041076270916165,2023_04_03,5,"(0.682, 0.705]",-9.41434643399796,-0.0053944074941288
2,5,6,1165.9457709241758,916.71717102713,9545.055243319755,9545.055243319755,306.5477701144566,369.1314086914063,6.585411007675392,6.453208881696308,2604.032387986133,306.54777011445645,8.464859008789062,10.431182861328123,6950.171589842199,9.878116511513088,13.170822015350783,16.463527519188478,9.679813322544463,12.906417763392616,16.13302220424077,False,1.5,30.0,318.16850811065854,80.03612388488808,5.340743372660755,20.088438848457272,-9.60498881708741,-0.003138159263106,1.162855,64.76308,59.28858,2023-04-03T21:28:57.698,30.0,Luminance,data\RV_UMa\2023_04_03\Light\Luminance\reduced_images\RV_Uma_Light_Luminance_30_secs_003_reduced.fits,2,0.979925,792.0,36.76869147419966,1172.711190043328,937.1532993078724,7.0,V* RV UMa,False,0.8382028094747588,0.003439944712555,5825.653352937382,29.242551503901016,-9.413361597491305,-0.0054499804509104,2023-04-03 21:28:57.698,0.7235435846355358,2023_04_03,5,"(0.705, 0.727]",-9.413361597491305,-0.0054499804509104
2,5,6,1171.493430892392,942.1598172646956,9410.099302457164,9410.099302457164,302.0008348370451,313.1711730957031,6.536388787715519,6.405170782802131,2518.13391290227,302.0008348370452,8.34930419921875,9.98769760131836,6888.602463984655,9.804583181573278,13.072777575431038,16.3409719692888,9.607756174203194,12.81034156560426,16.012926957005327,False,1.5,30.0,313.66997674857214,80.05984732238223,5.261525655827629,19.974767826605195,-9.595327806676636,-0.0031482915038819,1.141446,65.84034,61.15227,2023-04-03T21:42:09.282,30.0,Luminance,data\RV_UMa\2023_04_03\Light\Luminance\reduced_images\RV_Uma_Light_Luminance_30_secs_004_reduced.fits,2,0.979925,792.0,62.60985856012943,1172.7126576181925,937.1777765825268,7.0,V* RV UMa,False,0.8362498554292388,0.0057183385542108,5760.592814616665,42.78667422138296,-9.401167945914423,-0.0080642813644932,2023-04-03 21:42:09.282,0.7431177211658451,2023_04_03,5,"(0.727, 0.75]",-9.401167945914423,-0.0080642813644932
3,5,5,1162.2835464476498,924.1766184003292,9558.801093379943,9558.801093379943,322.3628243911031,372.2576293945313,6.753148202194863,6.617578752035802,2569.15175680039,322.36282439110323,7.93325662612915,10.033319473266602,7001.414080761519,10.129722303292294,13.506296404389726,16.88287050548716,9.9263681280537,13.235157504071603,16.543946880089504,False,1.5,30.0,318.6267031126648,117.05563084259632,5.616276762724995,21.007108575860368,-9.612964409124794,-0.0032576531076441,1.121278,66.87966,63.08596,2023-04-03T21:55:35.553,30.0,Luminance,data\RV_UMa\2023_04_03\Light\Luminance\reduced_images\RV_Uma_Light_Luminance_30_secs_005_reduced.fits,2,0.979925,792.0,44.20995166346224,1172.714591127039,937.1208530356269,7.0,V* RV UMa,False,0.8207937110627239,0.0033418153641457,5746.716646035056,29.064476151396786,-9.398549459644236,-0.0054911971432718,2023-04-03 21:55:35.553,0.7630550350004341,2023_04_03,5,"(0.75, 0.773]",-9.398549459644236,-0.0054911971432718
2,4,5,1156.7165846723608,914.5818326521692,9360.46665609386,9360.46665609386,314.5892970339487,299.510498046875,6.671227884097664,6.537302984324403,2467.4645380854445,314.5892970339487,7.839253902435303,10.155685424804688,6894.321281656097,10.006841826146497,13.342455768195329,16.67806971024416,9.805954476486605,13.074605968648806,16.34325746081101,False,1.5,30.0,312.0155552031286,94.85610055713282,5.480844641658128,20.306464497837126,-9.596228795155596,-0.003197916487385,1.100793,67.9659,65.27248,2023-04-03T22:10:43.599,30.0,Luminance,data\RV_UMa\2023_04_03\Light\Luminance\reduced_images\RV_Uma_Light_Luminance_30_secs_006_reduced.fits,2,0.979925,792.0,35.34050492589945,1172.6857609105446,937.1425340308438,7.0,V* RV UMa,False,0.8244802361620854,0.0033651013874386,5684.23163847711,28.61027919032288,-9.38667941894374,-0.0054648047301418,2023-04-03 22:10:43.599,0.7855090214122811,2023_04_03,5,"(0.773, 0.795]",-9.38667941894374,-0.0054648047301418
1,3,4,1159.1702216779895,913.6361305884918,9366.747692585495,9366.747692585495,316.850825959538,354.7978820800781,6.695164103819698,6.560758684435518,2405.3100812617904,316.85082595953804,7.578796148300171,9.93997287750244,6965.399873217623,10.042746155729546,13.390328207639396,16.737910259549245,9.841138026653276,13.121517368871036,16.401896711088796,False,1.5,30.0,312.22492308618325,116.55310338940671,5.520245501161726,20.83982418296161,-9.607365134185285,-0.0032484210566626,1.076186,69.27137,68.29638,2023-04-03T22:31:27.472,30.0,Luminance,data\RV_UMa\2023_04_03\Light\Luminance\reduced_images\RV_Uma_Light_Luminance_30_secs_007_reduced.fits,2,0.979925,792.0,33.98111298362427,1172.7610903399438,937.1179596531442,7.0,V* RV UMa,False,0.8190232177820826,0.0026272413545121,5704.824217301609,25.024169309717195,-9.390605667620871,-0.0047625738460366,2023-04-03 22:31:27.472,0.8162672731308476,2023_04_03,5,"(0.795, 0.818]",-9.390605667620871,-0.0047625738460366
2,6,7,1171.4301427610253,913.5559395099168,9043.1109563401,9043.1109563401,285.7899714520304,361.2769470214844,6.358538381503324,6.230890723494645,2130.203464939364,285.7899714520303,7.460916519165039,9.16621208190918,6910.855837321942,9.537807572254987,12.717076763006649,15.89634595375831,9.346336085241967,12.46178144698929,15.577226808736611,False,1.5,30.0,301.4370318780033,82.10886414676123,4.979096391519818,19.711037324714404,-9.598829583851812,-0.0030967201979826,1.063175,69.91129,70.13518,2023-04-03T22:43:59.248,30.0,Luminance,data\RV_UMa\2023_04_03\Light\Luminance\reduced_images\RV_Uma_Light_Luminance_30_secs_008_reduced.fits,2,0.979925,792.0,34.368708120067666,1172.73796659035,937.1220736348922,7.0,V* RV UMa,False,0.8177943570009857,0.0029982177590118,5651.658905809206,26.25203783264392,-9.38043985755428,-0.0050432604653979,2023-04-03 22:43:59.248,0.8348570451124715,2023_04_03,5,"(0.818, 0.841]",-9.38043985755428,-0.0050432604653979
2,4,5,1164.225289705179,936.1934729742384,9113.62658525669,9113.62658525669,307.8215874804716,291.3512878417969,6.59907921104899,6.466602695887183,2170.824592332483,307.82158748047163,7.012136936187744,9.483104705810549,6955.1394619289285,9.898618816573483,13.19815842209798,16.497698027622477,9.699904043830774,12.933205391774363,16.166506739717956,False,1.5,30.0,303.7875528418897,96.66212498375364,5.362936101881993,20.144791235640177,-9.605764606826249,-0.0031447146820781,1.051461,70.44434,71.98773,2023-04-03T22:56:38.559,30.0,Luminance,data\RV_UMa\2023_04_03\Light\Luminance\reduced_images\RV_Uma_Light_Luminance_30_secs_009_reduced.fits,2,0.979925,792.0,56.19392458582783,1172.6671733521823,937.151840036606,7.0,V* RV UMa,False,0.8042229287498124,0.003346095661162,5593.482627935877,28.35632908489872,-9.36920573400202,-0.0055041724752565,2023-04-03 22:56:38.559,0.8536331411212359,2023_04_03,5,"(0.841, 0.864]",-9.36920573400202,-0.0055041724752565
2,6,7,1169.677627946427,902.9167077066908,9079.124086263198,9079.124086263198,311.9379152776798,302.1918334960937,6.643055599093176,6.509696257941381,2128.018446880482,311.93791527768,6.823746919631958,8.761554718017578,6950.538697770717,9.964583398639764,13.286111198186353,16.60763899773294,9.764544386912071,13.019392515882762,16.274240644853453,False,1.5,30.0,302.6374695421066,86.00632279390405,5.434651679504465,19.85140911914101,-9.605046164138155,-0.0031009673542325,1.040964,70.76639,73.86185,2023-04-03T23:09:17.241,30.0,Luminance,data\RV_UMa\2023_04_03\Light\Luminance\reduced_images\RV_Uma_Light_Luminance_30_secs_010_reduced.fits,2,0.979925,792.0,23.609552117987,1172.6993255692507,937.1237338332564,7.0,V* RV UMa,False,0.8010565887526705,0.0028208760528106,5567.774819229639,25.24472091498072,-9.364204156330455,-0.0049228117814221,2023-04-03 23:09:17.241,0.8723936833392827,2023_04_03,5,"(0.864, 0.886]",-9.364204156330455,-0.0049228117814221
1,3,4,1165.6579605592958,912.791765352421,9326.27750086326,9326.27750086326,361.9402047516411,242.18463134765625,7.155701545848527,7.012050837315618,2369.410655166116,361.940204751641,6.493501901626587,8.614505767822266,6976.018093033363,10.73355231877279,14.311403091697054,17.889253864621317,10.518076255973428,14.024101674631236,17.530127093289046,False,1.5,30.0,310.875916695442,99.77785062244264,6.305802678339702,20.41958789976488,-9.60901899578546,-0.0031780717270725,1.030442,70.83592,76.02874,2023-04-03T23:23:56.017,30.0,Luminance,data\RV_UMa\2023_04_03\Light\Luminance\reduced_images\RV_Uma_Light_Luminance_30_secs_011_reduced.fits,2,0.979925,792.0,32.83365206833403,1172.8264369343942,937.175047026868,7.0,V* RV UMa,False,0.8002741587772929,0.0020417868369164,5582.7270110174495,21.67753545642404,-9.367115979662184,-0.004215876045617,2023-04-03 23:23:56.017,0.8941238868345636,2023_04_03,5,"(0.886, 0.909]",-9.367115979662184,-0.004215876045617
2,5,5,1154.953046769275,923.995524657647,9166.221013176806,9166.221013176806,343.6033972855994,281.831787109375,6.972082688434973,6.832118128464642,2214.17397584185,343.6033972855994,6.436059951782227,8.676191329956055,6954.768948610642,10.45812403265246,13.944165376869949,17.430206721087433,10.248177192696962,13.664236256929284,17.080295321161604,False,1.5,30.0,305.5407004392269,79.28297059536195,5.986334743820219,19.768915139137228,-9.60570676608248,-0.0030862027270712,1.022709,70.47663,77.89509,2023-04-03T23:36:34.320,30.0,Luminance,data\RV_UMa\2023_04_03\Light\Luminance\reduced_images\RV_Uma_Light_Luminance_30_secs_012_reduced.fits,2,0.979925,792.0,44.91607232005657,1172.7153764129412,937.0309013213944,7.0,V* RV UMa,False,0.7989723896314702,0.0020480668066991,5556.668366206192,21.26882670918029,-9.362036194849678,-0.0041557879054513,2023-04-03 23:36:34.320,0.9128750572136823,2023_04_03,5,"(0.909, 0.932]",-9.362036194849678,-0.0041557879054513
3,6,7,1150.6281462445268,918.2795091641952,8823.845501121195,8823.845501121195,273.7834541852926,303.2403869628906,6.223538833983464,6.098601291891247,1764.616360718614,273.7834541852927,6.445363521575928,7.963357448577881,7059.211612704256,9.335308250975196,12.447077667966928,15.55884708495866,9.147901937836869,12.197202583782492,15.246503229728116,False,1.5,30.0,294.1281833707065,62.65127250944302,4.769916179583764,19.0144516633989,-9.62189050214404,-0.0029245020148456,1.016008,69.50715,79.80881,2023-04-03T23:49:34.333,30.0,Luminance,data\RV_UMa\2023_04_03\Light\Luminance\reduced_images\RV_Uma_Light_Luminance_30_secs_013_reduced.fits,2,0.979925,792.0,40.54783958128314,1172.6162307895372,937.1234587250904,7.0,V* RV UMa,False,0.803009970441238,0.0015984899211192,5668.617308456089,18.9859555611511,-9.383692846289463,-0.0036364669218224,2023-04-03 23:49:34.333,0.9321630682869682,2023_04_03,5,"(0.932, 0.955]",-9.383692846289463,-0.0036364669218224
1,3,4,1165.9963978351464,919.176288657074,9255.664883574704,9255.664883574704,317.186542101255,364.498291015625,6.698710062070179,6.564233457574121,2014.5659352276907,317.1865421012551,6.2972493171691895,8.706354141235352,7258.262147912319,10.048065093105269,13.39742012414036,16.74677515517545,9.84635018636118,13.12846691514824,16.410583643935304,False,1.5,30.0,308.52216278582347,95.51644918243656,5.526094422386309,20.237705067290765,-9.65208162409224,-0.0030272823776549,1.010613,67.47578,81.68351,2023-04-04T00:02:26.609,30.0,Luminance,data\RV_UMa\2023_04_03\Light\Luminance\reduced_images\RV_Uma_Light_Luminance_30_secs_014_reduced.fits,2,0.979925,792.0,39.227123234549865,1172.6716221026693,937.0932921829036,7.0,V* RV UMa,False,0.8055210854054832,0.0044352539337144,5846.683203543865,36.08451088095824,-9.417273906698515,-0.0067009376992921,2023-04-04 00:02:26.609,0.9512597603161339,2023_04_03,5,"(0.932, 0.955]",-9.417273906698515,-0.0067009376992921
2,5,6,1163.4399462396257,922.6411787519502,7179.3852581109,7179.3852581109,274.7928517352142,346.53375244140625,6.235000894946217,6.109833251980172,626.3006091396328,274.7928517352142,2.268765687942505,3.79570198059082,6555.944664802175,9.352501342419323,12.470001789892434,15.587502237365545,9.164749877970255,12.219666503960344,15.27458312995043,False,1.5,30.0,239.31284193703,35.10130766709362,4.787502128009064,16.70932828488724,-9.541588198170311,-0.0027672476818622,1.072698,69.42152,68.77018,2023-04-19T21:31:48.726,30.0,Luminance,data\RV_UMa\2023_04_19\Light\Luminance\reduced_images\RV_Uma_Light_Luminance_30_secs_001_reduced.fits,2,0.979925,792.0,42.64485649606851,1172.6899516541032,937.2162814551016,7.0,V* RV UMa,False,0.843239109173788,0.0037268542881676,5528.228938940434,28.204625568858283,-9.35646505012471,-0.0055393478562459,2023-04-19 21:31:48.726,0.9114933979152511,2023_04_19,6,"(0.909, 0.932]",-9.35646505012471,-0.0055393478562459
2,8,9,1119.8043575622046,905.5874467424404,7127.1520927892525,7127.1520927892525,308.05842426048594,256.7018737792969,6.601617376381276,6.469089907550422,681.2705467885306,308.05842426048605,2.175909996032715,3.650686264038086,6456.844688078774,9.902426064571912,13.203234752762553,16.50404344095319,9.703634861325632,12.938179815100844,16.172724768876055,False,1.5,30.0,237.5717364263084,34.540578597916905,5.367062324893799,16.657712248358692,-9.525050850201689,-0.0028010401597358,1.061326,69.98168,70.41383,2023-04-19T21:42:56.431,30.0,Luminance,data\RV_UMa\2023_04_19\Light\Luminance\reduced_images\RV_Uma_Light_Luminance_30_secs_002_reduced.fits,2,0.979925,792.0,51.068309559713136,1172.672630217647,936.999234550782,7.0,V* RV UMa,False,0.8323750129305353,0.0030244496577907,5374.516180730027,23.950147178495275,-9.325848436819568,-0.0048383037703397,2023-04-19 21:42:56.431,0.9280042784181433,2023_04_19,6,"(0.909, 0.932]",-9.325848436819568,-0.0048383037703397
2,7,8,1099.734894410442,897.1072416028702,7101.548141563002,7101.548141563002,317.67113933715746,269.4690246582031,6.703825249853358,6.569245957962552,680.6055038910808,317.6711393371577,2.1131410598754883,4.165509223937988,6430.264213492227,10.055737874780036,13.407650499706715,16.759563124633395,9.853868936943828,13.138491915925105,16.42311489490638,False,1.5,30.0,236.7182713854334,44.609320214451536,5.534537183118476,16.93700471698002,-9.52057204510382,-0.0028597766142796,1.049532,70.46532,72.31505,2023-04-19T21:55:51.270,30.0,Luminance,data\RV_UMa\2023_04_19\Light\Luminance\reduced_images\RV_Uma_Light_Luminance_30_secs_003_reduced.fits,2,0.979925,792.0,66.50309400092615,1172.6395052759387,936.9908027326696,7.0,V* RV UMa,False,0.8305982435776523,0.002679430735329,5340.966161466878,22.243159960700066,-9.319049566091742,-0.004521692021154,2023-04-19 21:55:51.270,0.947164347817079,2023_04_19,6,"(0.932, 0.955]",-9.319049566091742,-0.004521692021154
3,7,6,1140.244147008244,893.1381475113922,6612.840130111097,6612.840130111097,268.8431415185625,322.12060546875,6.16713258701378,6.043327400329479,576.0185625732474,268.8431415185627,2.103149056434632,3.8647518157958975,6047.42293069741,9.25069888052067,12.33426517402756,15.417831467534452,9.064991100494218,12.086654800658955,15.108318500823698,False,1.5,30.0,220.42800433703653,26.702254363042872,4.683844954456733,15.868651601649592,-9.453925855881147,-0.0028490101919524,1.038269,70.78576,74.38479,2023-04-19T22:09:51.936,30.0,Luminance,data\RV_UMa\2023_04_19\Light\Luminance\reduced_images\RV_Uma_Light_Luminance_30_secs_004_reduced.fits,2,0.979925,792.0,27.14685011924998,1172.6781409584314,937.108466447086,7.0,V* RV UMa,False,0.884155830762302,0.0026997581158412,5346.864245261763,21.526918302857943,-9.320247894194113,-0.00437126388593,2023-04-19 22:09:51.936,0.9679521745802049,2023_04_19,6,"(0.955, 0.977]",-9.320247894194113,-0.00437126388593
2,8,9,1131.3454848914455,892.0418283160067,6962.715015543974,6962.715015543974,303.08575606202544,243.0331115722656,6.548119068897451,6.416665578589335,618.4427089304045,303.0857560620253,2.012513399124145,3.5061488151550293,6352.750870385476,9.822178603346178,13.096238137794902,16.370297672243627,9.624998367884004,12.83333115717867,16.041663946473335,False,1.5,30.0,232.09050051813247,35.84028442082615,5.280427394502843,16.52910198206368,-9.507404560918692,-0.0028249564354436,1.028952,70.76635,76.36689,2023-04-19T22:23:17.698,30.0,Luminance,data\RV_UMa\2023_04_19\Light\Luminance\reduced_images\RV_Uma_Light_Luminance_30_secs_005_reduced.fits,2,0.979925,792.0,34.804065655710104,1172.7512245783337,937.078664291241,7.0,V* RV UMa,False,0.8447586500831992,0.0032222427358847,5366.541249581704,24.77889075150433,-9.32423617971631,-0.005013161653188,2023-04-19 22:23:17.698,0.9878769019610445,2023_04_19,6,"(0.977, 1.0]",-9.32423617971631,-0.005013161653188
3,8,8,1099.3975259715453,883.7830800392003,7354.936068174922,7354.936068174922,288.2733886882232,298.5286865234375,6.386105387416025,6.2579043217636485,566.8567957681921,288.27338868822306,1.9418829679489136,3.897054672241211,6795.142884568345,9.57915808112404,12.77221077483205,15.965263468540062,9.386856482645474,12.515808643527295,15.64476080440912,False,1.5,30.0,245.1645356058308,27.636168600242225,5.0223630384792655,16.66802529529375,-9.580496483181642,-0.002663237378867,1.021145,70.28875,78.31191,2023-04-19T22:36:26.956,30.0,Luminance,data\RV_UMa\2023_04_19\Light\Luminance\reduced_images\RV_Uma_Light_Luminance_30_secs_006_reduced.fits,2,0.979925,792.0,64.71314661782534,1172.72140319825,937.0569076989811,7.0,V* RV UMa,False,0.8242590853315535,0.0032862222806279,5600.958258731518,26.218283032433444,-9.370655840228308,-0.0050823694446449,2023-04-19 22:36:26.956,0.007393521611902543,2023_04_19,6,"(-0.001, 0.0227]",-9.370655840228308,-0.0050823694446449
