Unnamed: 0.1,Unnamed: 0,id,xcenter,ycenter,aperture_sum,Circ_sum_flux,Circ_area (reduced pixs),Max_Flux,FWHM_from_aperature (reduced pix),FWHM_from_aperature (arcsec),Annu_sum_flux,Annu_area (reduced pix),Annu_pix_flux_median,Annu_pix_flux_max,Circ_sum_flux_minus_back,Apperature_radius (reduced pix),Anulus_in_radius (reduced pix),Anulus_out_radius (reduced pix),Apperature_radius (arcsec),Anulus_in_radius (arcsec),Anulus_out_radius (arcsec),Saturated,Number_FWHM,Exposure_sec,Er1_source,Er2_sky,Er3_read,Circ_sum_flux_minus_back_ERROR,Source_Mag,Source_Mag_Error,Air mass,Azimuth,Altitude,Date Observation,Exposure time /s ,Filter,File,BINNED,Arcsec_per_pix_binned_image,max_dist,Distance_to_centre_pix,xcenter_transformed,ycenter_transformed,matched_id,matched_MAIN_ID,matched_Normilsation_star,Norm_multiply_factor,Norm_multiply_factor_ERROR,Circ_sum_flux_minus_back_norm,Circ_sum_flux_minus_back_ERROR_norm,Source_Mag_norm,Source_Mag_Error_norm,time,phase,epoch_folder,epoch,phase_bin,Source_Mag_norm_calibrated,Source_Mag_Error_norm_calibrated
1,6,6,1147.708331864956,899.780897990277,2583.788170590845,2583.788170590845,243.28791675316484,72.62092590332031,5.866702616995587,5.748928561959401,270.57249322670685,243.2879167531649,1.1156659126281738,1.7016969919204712,2312.360134915018,8.80005392549338,11.733405233991174,14.666756542488969,8.6233928429391,11.497857123918802,14.372321404898504,False,1.5,32.0,80.7433803309639,4623.479942799216,3.725346225282836,68.61449314361698,-8.410138683828631,-0.0322169709866111,1.262608,60.24957,52.34447,2022-03-20T21:32:52.956,32.0,Blue,data\RV_UMa\2022_03_20\Light\Blue\reduced_images\RV_Uma_Light_Blue_32_secs_001_reduced.fits,2,0.979925,792.0,25.626204867755003,1172.6995856563476,937.0320572156168,7.0,V* RV UMa,False,0.9647429635340538,0.0044276421422939,2230.833169315919,66.982439054868,-8.371167733021753,-0.0326000438603735,2022-03-20 21:32:52.956,0.0,2022_03_20,1,"(-0.001, 0.0227]",-8.371167733021753,-0.0326000438603735
1,6,6,1148.0744861559326,899.1912145440119,2586.2489948600232,2586.2489948600232,245.8830330301085,79.63873291015625,5.897909243804172,5.779508715734804,280.4783509613318,245.8830330301085,1.1434414386749268,1.7568033933639526,2305.0961458263214,8.846863865706258,11.795818487608344,14.74477310951043,8.669263073602204,11.559017431469607,14.448771789337007,False,1.5,32.0,80.82028108937573,5343.719239218381,3.765083943273536,73.67702901346544,-8.406722611441067,-0.0347030287668364,1.25721,60.47507,52.66512,2022-03-20T21:35:15.007,32.0,Blue,data\RV_UMa\2022_03_20\Light\Blue\reduced_images\RV_Uma_Light_Blue_32_secs_002_reduced.fits,2,0.979925,792.0,24.938418291300607,1172.8033728148666,937.0284663197892,7.0,V* RV UMa,False,0.9695068124659436,0.0063570909341023,2234.806416767609,72.91797105299298,-8.373099774183583,-0.0354257445100097,2022-03-20 21:35:15.007,0.0035126097398058753,2022_03_20,1,"(-0.001, 0.0227]",-8.373099774183583,-0.0354257445100097
1,6,6,1148.590038623131,898.2275983473963,2649.625296597643,2649.625296597643,238.3561963584285,78.60494995117188,5.806935842748841,5.690361605705658,287.1522006297785,238.3561963584287,1.1898394227027893,1.9051321744918823,2366.0196975248973,8.71040376412326,11.61387168549768,14.517339606872104,8.535542408558486,11.380723211411317,14.225904014264144,False,1.5,32.0,82.80079051867634,4893.406428190933,3.649829256738437,70.56810219898469,-8.435045889709873,-0.032382800337064,1.251806,60.69755,52.99127,2022-03-20T21:37:38.055,32.0,Blue,data\RV_UMa\2022_03_20\Light\Blue\reduced_images\RV_Uma_Light_Blue_32_secs_003_reduced.fits,2,0.979925,792.0,23.868645775380703,1172.7675192904528,937.0063086258018,7.0,V* RV UMa,False,0.9716792931940592,0.005251749562905,2299.0123473742137,69.68632683942988,-8.403853259384688,-0.0329102051637923,2022-03-20 21:37:38.055,0.0070498731033848076,2022_03_20,1,"(-0.001, 0.0227]",-8.403853259384688,-0.0329102051637923
1,6,6,1148.0607225861163,897.7362000222316,2689.8413613007483,2689.8413613007483,252.5276462016737,67.3307876586914,5.977069007491709,5.857079347166313,308.989976381883,252.52764620167363,1.2125904560089111,1.846389889717102,2383.628747638204,8.965603511237564,11.954138014983418,14.942672518729273,8.78561902074947,11.714158694332626,14.642698367915782,False,1.5,32.0,84.05754254064838,2421.048658599683,3.866829582463129,50.08964993611749,-8.443096536429357,-0.0228156949664202,1.246609,60.92023,53.31001,2022-03-20T21:39:57.753,32.0,Blue,data\RV_UMa\2022_03_20\Light\Blue\reduced_images\RV_Uma_Light_Blue_32_secs_004_reduced.fits,2,0.979925,792.0,23.846034381115555,1172.7318441324078,937.0004570132388,7.0,V* RV UMa,False,0.962349016196554,0.0060916540817302,2293.88278026745,50.34318780196991,-8.401428053111339,-0.0238283412429486,2022-03-20 21:39:57.753,0.010504298312861695,2022_03_20,1,"(-0.001, 0.0227]",-8.401428053111339,-0.0238283412429486
1,6,6,1152.6130314896748,907.8878979955566,2705.501761521845,2705.501761521845,248.1084838693349,71.23662567138672,5.924539673132827,5.805604539194686,318.6477251904769,248.1084838693349,1.2800261974334717,1.9194650650024407,2387.9164023635963,8.88680950969924,11.849079346265654,14.811349182832068,8.708406808792029,11.611209078389372,14.514011347986717,False,1.5,32.0,84.54693004755765,4246.066338622198,3.799161159249192,65.83625467650027,-8.445047796692226,-0.0299343834722188,1.241489,61.14069,53.62898,2022-03-20T21:42:18.961,32.0,Blue,data\RV_UMa\2022_03_20\Light\Blue\reduced_images\RV_Uma_Light_Blue_32_secs_005_reduced.fits,2,0.979925,792.0,30.12304610204136,1172.725297561709,937.0010179491416,7.0,V* RV UMa,False,0.9573820633413068,0.0076951077409868,2286.14833238141,65.6543086089492,-8.397761013359888,-0.0311805051515821,2022-03-20 21:42:18.961,0.013996062511202488,2022_03_20,1,"(-0.001, 0.0227]",-8.397761013359888,-0.0311805051515821
1,6,6,1152.4125240118371,907.2298796052884,2782.8065868277085,2782.8065868277085,259.7900126689793,72.48422241210938,6.062406172995755,5.940703369072866,341.9110015418446,259.7900126689792,1.3165321350097656,1.8920221328735352,2440.784686794403,9.093609259493633,12.12481234599151,15.156015432489388,8.911055053609298,11.881406738145731,14.851758422682163,False,1.5,32.0,86.96270583836589,2521.1716803410955,3.9780345689937446,51.10882918585061,-8.46882367482175,-0.0227347813717872,1.236576,61.35133,53.93985,2022-03-20T21:44:34.776,32.0,Blue,data\RV_UMa\2022_03_20\Light\Blue\reduced_images\RV_Uma_Light_Blue_32_secs_006_reduced.fits,2,0.979925,792.0,29.592836009662147,1172.7792962779254,937.1128122007368,7.0,V* RV UMa,False,0.949453897968281,0.0065681094698871,2317.412534978236,51.1050469295105,-8.412508379378835,-0.0239433414895867,2022-03-20 21:44:34.776,0.01735446964534259,2022_03_20,1,"(-0.001, 0.0227]",-8.412508379378835,-0.0239433414895867
1,6,6,1153.510588606446,917.0572617397962,2841.6900943846367,2841.6900943846367,267.04610939904046,72.94219970703125,6.146486500925465,6.023095784419387,360.91188110331854,267.04610939904046,1.35060054063797,2.307836532592773,2481.017474655026,9.219729751388195,12.29297300185093,15.366216252313665,9.03464367662908,12.046191568838774,15.057739461048468,False,1.5,32.0,88.8028154495199,1885.6047397828545,4.089143550172807,44.48029562382142,-8.48657455791906,-0.0194653475239397,1.23172,61.56118,54.25183,2022-03-20T21:46:51.813,32.0,Blue,data\RV_UMa\2022_03_20\Light\Blue\reduced_images\RV_Uma_Light_Blue_32_secs_007_reduced.fits,2,0.979925,792.0,38.51322369050644,1172.7114496022225,937.0170228483448,7.0,V* RV UMa,False,0.9585201797854358,0.0048915059597235,2378.1053158571435,44.32883746850122,-8.440577709267268,-0.0202385585842076,2022-03-20 21:46:51.813,0.020743094159874537,2022_03_20,1,"(-0.001, 0.0227]",-8.440577709267268,-0.0202385585842076
1,6,6,1154.0395969427996,918.9924209850466,2851.0963102724218,2851.0963102724218,260.97851278151285,71.88966369628906,6.076257645766231,5.954276773527474,364.701746978952,260.97851278151273,1.3807671070098877,2.0631802082061768,2490.7457641873493,9.114386468649348,12.15251529153246,15.190644114415576,8.93141516029121,11.908553547054948,14.885691933818684,False,1.5,32.0,89.09675969601318,2736.048001043574,3.996233476966915,53.189669995371794,-8.490823501051821,-0.0231858069432286,1.227049,61.7647,54.55658,2022-03-20T21:49:05.184,32.0,Blue,data\RV_UMa\2022_03_20\Light\Blue\reduced_images\RV_Uma_Light_Blue_32_secs_008_reduced.fits,2,0.979925,792.0,40.24448438403688,1172.706752759213,937.1176637521388,7.0,V* RV UMa,False,0.9794797214897324,0.0047417054299968,2439.634967407955,53.420107746630606,-8.468312123736098,-0.0237741079372298,2022-03-20 21:49:05.184,0.02404106653323093,2022_03_20,1,"(0.0227, 0.0455]",-8.468312123736098,-0.0237741079372298
1,6,6,1159.173787187679,883.0268441001543,3077.0702590813858,3077.0702590813858,279.1028932647182,87.12445068359375,6.28370768782816,6.1575622559950105,429.7927528585691,279.10289326471826,1.5247917771339417,2.1668734550476074,2651.496462457051,9.42556153174224,12.56741537565632,15.709269219570402,9.236343383992514,12.31512451199002,15.393905639987526,False,1.5,32.0,96.1584455962933,4280.597422084229,4.273763053115997,66.18934680697217,-8.558727630082421,-0.0271032495102888,1.212885,62.38799,55.50968,2022-03-20T21:55:57.082,32.0,Blue,data\RV_UMa\2022_03_20\Light\Blue\reduced_images\RV_Uma_Light_Blue_32_secs_009_reduced.fits,2,0.979925,792.0,5.696851351093069,1172.7553052384746,937.1036204154736,7.0,V* RV UMa,False,0.9502745011195244,0.0032131084097079,2519.649478081558,63.47241262229728,-8.503350319887172,-0.0273507473904052,2022-03-20 21:55:57.082,0.03422640086108896,2022_03_20,1,"(0.0227, 0.0455]",-8.503350319887172,-0.0273507473904052
1,6,6,1158.9968225200655,882.3788117939465,3139.640419892367,3139.640419892367,269.5258559174183,107.81778717041016,6.1749581922349766,6.05099590652586,422.0332673305283,269.5258559174182,1.5724949836730957,2.759636878967285,2715.812363492029,9.262437288352466,12.349916384469951,15.43739548058744,9.07649385978879,12.10199181305172,15.127489766314648,False,1.5,32.0,98.11376312163648,6415.82796816674,4.127114668735468,80.73455794117605,-8.584749402685537,-0.0322763213358259,1.208199,62.60051,55.83506,2022-03-20T21:58:18.988,32.0,Blue,data\RV_UMa\2022_03_20\Light\Blue\reduced_images\RV_Uma_Light_Blue_32_secs_010_reduced.fits,2,0.979925,792.0,5.53990346908163,1172.784226517059,937.1565114349296,7.0,V* RV UMa,False,0.9539957055122046,0.0046054519395981,2590.873331748346,78.02937893808348,-8.53361545192861,-0.032699136893234,2022-03-20 21:58:18.988,0.037735425068851615,2022_03_20,1,"(0.0227, 0.0455]",-8.53361545192861,-0.032699136893234
1,6,6,1159.7474234386736,882.4245676892401,3200.955651471224,3200.955651471224,253.46929643335423,129.0531005859375,5.988202583182906,5.867989416325509,408.9307924597511,253.469296433354,1.5967479944229126,2.3373522758483887,2796.229060743479,8.98230387477436,11.976405166365812,14.970506457957264,8.801984124488264,11.735978832651018,14.669973540813771,False,1.5,32.0,100.02986410847576,8885.22490602486,3.881248601635736,94.8110543066312,-8.616431862374936,-0.0368137917301483,1.203665,62.80214,56.15501,2022-03-20T22:00:36.673,32.0,Blue,data\RV_UMa\2022_03_20\Light\Blue\reduced_images\RV_Uma_Light_Blue_32_secs_011_reduced.fits,2,0.979925,792.0,4.895195184019675,1172.8150316013075,937.1173278286208,7.0,V* RV UMa,False,0.942811888730002,0.0060576637136581,2636.3180020812792,90.97971244211712,-8.55249448807821,-0.0374689121793755,2022-03-20 22:00:36.673,0.04114007320244569,2022_03_20,1,"(0.0227, 0.0455]",-8.55249448807821,-0.0374689121793755
1,6,6,1159.3877074260872,882.3212353998724,3329.5637543518333,3329.5637543518333,261.0882299952161,120.65495300292967,6.07753476241092,5.9555282520555215,424.5058490551983,261.0882299952161,1.6372765898704529,2.299574136734009,2902.0901074899534,9.11630214361638,12.15506952482184,15.1938369060273,8.933292378083282,11.911056504111045,14.888820630138802,False,1.5,32.0,104.0488673234948,8942.941652872983,3.9979135218017454,95.13668290264424,-8.656777231985972,-0.0355927408185592,1.199021,63.01683,56.48801,2022-03-20T22:02:59.971,32.0,Blue,data\RV_UMa\2022_03_20\Light\Blue\reduced_images\RV_Uma_Light_Blue_32_secs_012_reduced.fits,2,0.979925,792.0,5.163465558032887,1172.8259690312284,937.1110234662012,7.0,V* RV UMa,False,0.9352345994071786,0.0035940969798237,2714.1350791219024,89.58439954866202,-8.5840786453924,-0.0358364720752837,2022-03-20 22:02:59.971,0.04468351851782328,2022_03_20,1,"(0.0227, 0.0455]",-8.5840786453924,-0.0358364720752837
1,5,5,1167.699164211609,885.7769566124647,4196.852746154884,4196.852746154884,212.8383649955814,158.36378479003906,5.487300722265209,5.377143160265735,420.759090693858,212.8383649955816,1.969709396362305,2.93003511428833,3777.6230187166975,8.230951083397812,10.974601444530418,13.718251805663025,8.065714740398601,10.75428632053147,13.442857900664338,False,1.5,32.0,131.15164831734012,3757.518957081696,3.25908746399484,62.38533235355112,-8.943046540224485,-0.0179303264636313,1.165188,64.61596,59.0957,2022-03-20T22:21:34.144,32.0,Blue,data\RV_UMa\2022_03_20\Light\Blue\reduced_images\RV_Uma_Light_Blue_32_secs_013_reduced.fits,2,0.979925,792.0,6.859813668515256,1172.7946823559237,937.074124179065,7.0,V* RV UMa,False,0.9249902301347412,0.0060648629899348,3494.264385445054,62.08756075476889,-8.8583894044478,-0.0192918180024854,2022-03-20 22:21:34.144,0.07223457364329745,2022_03_20,1,"(0.0682, 0.0909]",-8.8583894044478,-0.0192918180024854
1,5,5,1167.5481105190092,886.1984393122691,4337.563621298306,4337.563621298306,199.01014172857515,190.04673767089844,5.306050867245507,5.199531896085554,407.3875318315402,199.01014172857512,2.0247273445129395,2.8288216590881348,3934.622345505065,7.959076300868261,10.612101734491016,13.265127168113768,7.799297844128332,10.399063792171107,12.998829740213884,False,1.5,32.0,135.54886316557207,6172.225734982073,3.0473427952188064,79.44068190129578,-8.98725763517217,-0.0219211951991898,1.161298,64.80606,59.41841,2022-03-20T22:23:51.397,32.0,Blue,data\RV_UMa\2022_03_20\Light\Blue\reduced_images\RV_Uma_Light_Blue_32_secs_014_reduced.fits,2,0.979925,792.0,7.142110203783409,1172.7472066545024,937.044712911482,7.0,V* RV UMa,False,0.9322294023518428,0.0060139575673407,3667.970637630393,77.74542666011021,-8.911064626133088,-0.0230130044153737,2022-03-20 22:23:51.397,0.07562853936418344,2022_03_20,1,"(0.0682, 0.0909]",-8.911064626133088,-0.0230130044153737
1,5,5,1167.617909478571,886.0363821957252,4501.600409814664,4501.600409814664,202.5685361660945,196.52186584472656,5.353278027586737,5.245810971182934,416.3022911654588,202.56853616609447,2.061010956764221,2.948112726211548,4084.104437280654,8.029917041380106,10.706556055173474,13.383195068966842,7.868716456774401,10.491621942365867,13.114527427957333,False,1.5,32.0,140.67501280670825,4224.631966971282,3.1018307100433216,66.09393928710887,-9.027742097956114,-0.0175707021945992,1.157475,64.99852,59.74069,2022-03-20T22:26:07.125,32.0,Blue,data\RV_UMa\2022_03_20\Light\Blue\reduced_images\RV_Uma_Light_Blue_32_secs_015_reduced.fits,2,0.979925,792.0,7.037554902663394,1172.7524657500517,937.0643941524092,7.0,V* RV UMa,False,0.9090148636731752,0.0018118692402035,3712.511638281684,60.53436396436005,-8.924169559472157,-0.0177034732794889,2022-03-20 22:26:07.125,0.07898479517909761,2022_03_20,1,"(0.0682, 0.0909]",-8.924169559472157,-0.0177034732794889
1,5,5,1167.5539231155406,885.7262900622795,4704.211881523824,4704.211881523824,204.9443890078612,194.5614624023437,5.384579840788108,5.276484400484287,435.6138753628165,204.94438900786105,2.1115169525146484,3.057175636291504,4271.4683298109685,8.076869761182163,10.769159681576216,13.46144960197027,7.914726600726431,10.552968800968571,13.191211001210716,False,1.5,32.0,147.0066212976195,5172.331230307704,3.1382109566828738,72.95530181256196,-9.076442976741994,-0.018544024300529,1.153674,65.1912,60.06641,2022-03-20T22:28:25.378,32.0,Blue,data\RV_UMa\2022_03_20\Light\Blue\reduced_images\RV_Uma_Light_Blue_32_secs_016_reduced.fits,2,0.979925,792.0,6.739493110652671,1172.7447479726302,937.0308684715676,7.0,V* RV UMa,False,0.9276816327310606,0.0061230012290857,3962.562714358056,72.55707582096424,-8.99494037183998,-0.0198805292960426,2022-03-20 22:28:25.378,0.08240348870717824,2022_03_20,1,"(0.0682, 0.0909]",-8.99494037183998,-0.0198805292960426
1,4,5,1169.0659169554897,877.5915562141627,4964.988743695766,4964.988743695766,230.99574097336253,181.25112915039065,5.716573488771104,5.601813275984024,498.74120167816506,230.9957409733626,2.1716758012771606,3.023127794265747,4463.340882825827,8.574860233156656,11.433146977542208,14.29143372192776,8.402719913976036,11.203626551968048,14.00453318996006,False,1.5,32.0,155.1558982404927,21.40612065789507,3.537122283654613,13.42010213008986,-9.124150142194733,-0.0032645256404806,1.149786,65.3829,60.40528,2022-03-20T22:30:48.824,32.0,Blue,data\RV_UMa\2022_03_20\Light\Blue\reduced_images\RV_Uma_Light_Blue_32_secs_017_reduced.fits,2,0.979925,792.0,5.609288374602792,1172.7904314453936,937.0697369792672,7.0,V* RV UMa,False,0.908735978983688,0.0067777152251379,4055.998446692647,32.61693426573092,-9.020244450013802,-0.0087311143941381,2022-03-20 22:30:48.824,0.08595059373802065,2022_03_20,1,"(0.0682, 0.0909]",-9.020244450013802,-0.0087311143941381
1,4,5,1169.55936946665,877.2195129818716,5018.944951049985,5018.944951049985,198.4860829374984,220.188705444336,5.299059978226811,5.192681349163908,429.5039267132105,198.4860829374984,2.167091727256775,3.033265829086304,4588.80740274053,7.948589967340217,10.598119956453624,13.247649945567028,7.789022023745862,10.385362698327816,12.98170337290977,False,1.5,32.0,156.84202972031204,17.000003080394162,3.039318144980444,13.299674843607518,-9.15424957565836,-0.0031467737086964,1.146118,65.56701,60.73034,2022-03-20T22:33:05.658,32.0,Blue,data\RV_UMa\2022_03_20\Light\Blue\reduced_images\RV_Uma_Light_Blue_32_secs_018_reduced.fits,2,0.979925,792.0,6.2159228538247175,1172.7923104564634,937.0438947060449,7.0,V* RV UMa,False,0.9078330786171208,0.0041912640520329,4165.87115161097,22.708660694230705,-9.049264583250556,-0.0059184775956787,2022-03-20 22:33:05.658,0.08933419850769209,2022_03_20,1,"(0.0682, 0.0909]",-9.049264583250556,-0.0059184775956787
1,4,5,1169.8081049953812,886.0558310244504,5246.662969646342,5246.662969646342,201.7946809214962,231.2215576171875,5.343042908165338,5.235781321783919,446.8064269804554,201.7946809214962,2.22750461101532,3.210990190505981,4797.164387415344,8.014564362248008,10.686085816330676,13.357607270413345,7.85367198267588,10.471562643567838,13.089453304459797,False,1.5,32.0,163.9582178014482,19.664560477420345,3.08998105161041,13.664287735937023,-9.20246150239996,-0.0030926211213563,1.142486,65.75036,61.0575,2022-03-20T22:35:23.917,32.0,Blue,data\RV_UMa\2022_03_20\Light\Blue\reduced_images\RV_Uma_Light_Blue_32_secs_019_reduced.fits,2,0.979925,792.0,8.390898225700761,1172.7812969636109,937.0275194415608,7.0,V* RV UMa,False,0.9123292213253776,0.0059850813255771,4376.593250140474,31.3010373463406,-9.102840465557271,-0.0077650966290544,2022-03-20 22:35:23.917,0.09275304040261587,2022_03_20,1,"(0.0909, 0.114]",-9.102840465557271,-0.0077650966290544
1,4,5,1170.3101818151856,885.455789156177,5419.895080404209,5419.895080404209,203.588830464244,243.64163208007807,5.366742751152779,5.259005390423388,450.9681134412429,203.5888304642438,2.2056884765625,3.188950061798096,4970.84154309239,8.05011412672917,10.73348550230556,13.416856877881948,7.888508085635082,10.518010780846776,13.147513476058467,False,1.5,32.0,169.37172126263152,20.12071471000777,3.1174539664837355,13.878396519019155,-9.241074798082142,-0.0030313333132953,1.138915,65.93175,61.38461,2022-03-20T22:37:41.303,32.0,Blue,data\RV_UMa\2022_03_20\Light\Blue\reduced_images\RV_Uma_Light_Blue_32_secs_020_reduced.fits,2,0.979925,792.0,8.341704253769628,1172.7598689240476,937.0598371546932,7.0,V* RV UMa,False,0.8984402260792523,0.0060622640235178,4466.003999780066,32.612344981582446,-9.124797769230865,-0.0079284308008478,2022-03-20 22:37:41.303,0.09615029492185877,2022_03_20,1,"(0.0909, 0.114]",-9.124797769230865,-0.0079284308008478
1,4,4,1170.0350254659147,880.2193965534206,5621.060815802846,5621.060815802846,213.90872879056184,228.17837524414065,5.501081231703176,5.390647025976735,481.84793888960814,213.90872879056167,2.224893569946289,3.175578594207764,5145.13666056134,8.251621847554764,11.002162463406352,13.75270307925794,8.085970538965103,10.78129405195347,13.476617564941836,False,1.5,32.0,175.65815049383897,25.6984635150066,3.275477409605477,14.304967368660826,-9.278492286492224,-0.0030186605341488,1.135269,66.11796,61.72438,2022-03-20T22:40:03.455,32.0,Blue,data\RV_UMa\2022_03_20\Light\Blue\reduced_images\RV_Uma_Light_Blue_32_secs_021_reduced.fits,2,0.979925,792.0,6.039012106453499,1172.786331963805,937.1503309249518,7.0,V* RV UMa,False,0.9074499731212056,0.0046853039697865,4668.954124331318,27.379412139040674,-9.173049016778371,-0.0063669117821131,2022-03-20 22:40:03.455,0.09966540217019129,2022_03_20,1,"(0.0909, 0.114]",-9.173049016778371,-0.0063669117821131
1,4,4,1170.9410367757528,890.9251507835585,5837.52112137271,5837.52112137271,225.3777266678829,213.52145385742188,5.646629615148621,5.533273525624512,499.5616142371069,225.3777266678828,2.198084115982056,2.9049320220947266,5342.121920287891,8.469944422722932,11.293259230297242,14.116574037871551,8.29991028843677,11.066547051249024,13.83318381406128,False,1.5,32.0,182.4225350428972,26.61878604733285,3.451096439601957,14.577119658212045,-9.319284488651816,-0.0029626629287336,1.131855,66.29334,62.0479,2022-03-20T22:42:20.143,32.0,Blue,data\RV_UMa\2022_03_20\Light\Blue\reduced_images\RV_Uma_Light_Blue_32_secs_022_reduced.fits,2,0.979925,792.0,12.9436050297373,1172.7799336747885,937.0787940426708,7.0,V* RV UMa,False,0.8874907974747278,0.0049432605708809,4741.084043243524,29.406183032970105,-9.18969413486636,-0.0067341893270462,2022-03-20 22:42:20.143,0.10304539668001231,2022_03_20,1,"(0.0909, 0.114]",-9.18969413486636,-0.0067341893270462
1,3,4,1171.3672487664562,897.5522701374294,5966.295089409628,5966.295089409628,202.5463951012333,273.89361572265625,5.352985458668448,5.245524275585678,470.2261936840057,202.5463951012333,2.317927122116089,3.0959057807922363,5496.807306717638,8.02947818800267,10.705970917336897,13.38246364667112,7.868286413378517,10.491048551171357,13.113810688964197,False,1.5,32.0,186.4467215440509,19.227389137052032,3.101491674987634,14.449069255702616,-9.35027628206503,-0.0028539981011889,1.128396,66.47188,62.38131,2022-03-20T22:44:39.025,32.0,Blue,data\RV_UMa\2022_03_20\Light\Blue\reduced_images\RV_Uma_Light_Blue_32_secs_023_reduced.fits,2,0.979925,792.0,19.03571751639922,1172.7441992483955,937.0250593541616,7.0,V* RV UMa,False,0.908510102309913,0.0056657792584171,4993.904968603919,33.7972080641457,-9.246100684243563,-0.0073479276529454,2022-03-20 22:44:39.025,0.10647964399881839,2022_03_20,1,"(0.0909, 0.114]",-9.246100684243563,-0.0073479276529454
1,3,4,1171.2002839747167,889.5420587542809,6029.3924501867,6029.3924501867,202.40085727934743,272.3098449707031,5.35106194420388,5.243639375673987,476.323239446079,202.4008572793476,2.3694069385528564,2.89929747581482,5549.822454579968,8.02659291630582,10.70212388840776,13.3776548605097,7.865459063510981,10.487278751347974,13.109098439184969,False,1.5,32.0,188.4185140683344,16.60856733320707,3.0992631270900075,14.426584645321686,-9.360697724369947,-0.0028223362798763,1.125061,66.64479,62.70821,2022-03-20T22:46:55.510,32.0,Blue,data\RV_UMa\2022_03_20\Light\Blue\reduced_images\RV_Uma_Light_Blue_32_secs_024_reduced.fits,2,0.979925,792.0,11.953868603373198,1172.721817870567,937.0728103093496,7.0,V* RV UMa,False,0.9025093959857706,0.0037503812545858,5008.766911311233,24.55085043253908,-9.249327054425075,-0.0053218182527146,2022-03-20 22:46:55.510,0.10985461876377889,2022_03_20,1,"(0.0909, 0.114]",-9.249327054425075,-0.0053218182527146
1,3,4,1171.5833990629758,892.9478103743008,6148.151922886402,6148.151922886402,212.405327101781,270.1007995605469,5.4817156882210085,5.371670245779972,495.2315748486519,212.40532710178093,2.313382625579834,3.502758026123047,5656.77712958854,8.222573532331513,10.963431376442015,13.70428922055252,8.057505368669958,10.743340491559945,13.42917561444993,False,1.5,32.0,192.12974759020003,24.13361304029283,3.252456571246021,14.816066185116036,-9.381422670955414,-0.0028437286993562,1.121697,66.82005,63.04372,2022-03-20T22:49:16.658,32.0,Blue,data\RV_UMa\2022_03_20\Light\Blue\reduced_images\RV_Uma_Light_Blue_32_secs_025_reduced.fits,2,0.979925,792.0,15.005123619523918,1172.779943154981,937.09208477172,7.0,V* RV UMa,False,0.8999975401368571,0.0054292868604436,5091.085501732117,33.48208635954714,-9.26702597703581,-0.007140464122834,2022-03-20 22:49:16.658,0.11334489929368799,2022_03_20,1,"(0.0909, 0.114]",-9.26702597703581,-0.007140464122834
1,3,4,1172.4495125456488,902.0245451972398,6075.088032301364,6075.088032301364,178.97549916703815,331.83074951171875,5.031883710436305,4.930868644949296,445.2787419223616,178.97549916703812,2.4649229049682617,3.408390760421753,5633.927224976404,7.547825565654458,10.06376742087261,12.579709276090762,7.396302967423945,9.861737289898592,12.32717161237324,False,1.5,32.0,189.84650100941764,18.40627789520121,2.740562330995272,14.525609840403057,-9.377028081954837,-0.0027992872236617,1.118494,66.98764,63.36876,2022-03-20T22:51:32.309,32.0,Blue,data\RV_UMa\2022_03_20\Light\Blue\reduced_images\RV_Uma_Light_Blue_32_secs_026_reduced.fits,2,0.979925,792.0,23.589719231146773,1172.776873314538,937.058395310154,7.0,V* RV UMa,False,0.9022907330869688,0.005696225457809,5083.440325982592,34.66525425426831,-9.2653943244545,-0.007403907428328,2022-03-20 22:51:32.309,0.11669925106744818,2022_03_20,1,"(0.114, 0.136]",-9.2653943244545,-0.007403907428328
1,3,4,1172.7589471423505,900.4145370843967,6290.713557322847,6290.713557322847,193.536181691892,299.082763671875,5.232568095508131,5.127524290990805,480.824303818662,193.53618169189204,2.4711742401123047,3.4446372985839844,5812.4519305961485,7.848852143262196,10.465136191016262,13.081420238770328,7.691286436486208,10.25504858198161,12.818810727477016,False,1.5,32.0,196.58479866633897,20.043241463378383,2.963522782157096,14.818622166445651,-9.410898435664096,-0.0027680426062622,1.11533,67.15369,63.69524,2022-03-20T22:53:48.451,32.0,Blue,data\RV_UMa\2022_03_20\Light\Blue\reduced_images\RV_Uma_Light_Blue_32_secs_027_reduced.fits,2,0.979925,792.0,22.21424046445651,1172.760172036134,937.0241045661948,7.0,V* RV UMa,False,0.9051184638873044,0.0057259620586782,5260.957562839983,35.88288662048551,-9.302661996510215,-0.007405372248253,2022-03-20 22:53:48.451,0.12006574419454091,2022_03_20,1,"(0.114, 0.136]",-9.302661996510215,-0.007405372248253
1,3,4,1172.9654666150757,899.6180624466888,6371.474359984142,6371.474359984142,227.8989297468541,213.5196990966797,5.678124979608785,5.564136620643138,553.564552363853,227.8989297468541,2.422887325286865,3.415015697479248,5819.300931654047,8.517187469413177,11.35624995921757,14.195312449021962,8.346204930964708,11.128273241286276,13.910341551607846,False,1.5,32.0,199.10857374950444,20.389097589760663,3.489702361748704,14.932761757324524,-9.41217704076557,-0.0027860803672764,1.112167,67.32035,64.02744,2022-03-20T22:56:06.254,32.0,Blue,data\RV_UMa\2022_03_20\Light\Blue\reduced_images\RV_Uma_Light_Blue_32_secs_028_reduced.fits,2,0.979925,792.0,21.56960745558929,1172.732390619514,937.0660540737196,7.0,V* RV UMa,False,0.8982504038370613,0.0037579794998068,5227.189411907635,25.654691882923427,-9.295670593584669,-0.0053287198156148,2022-03-20 22:56:06.254,0.12347331020938396,2022_03_20,1,"(0.114, 0.136]",-9.295670593584669,-0.0053287198156148
1,3,4,1173.7542052273616,911.4045277920536,6458.901224065492,6458.901224065492,245.7939066593379,210.557861328125,5.89684022557479,5.778461158046376,582.9270223454142,245.793906659338,2.3950196504592896,3.063384532928467,5870.219987653221,8.845260338362184,11.79368045114958,14.742100563936976,8.667691737069564,11.556922316092752,14.446152895115942,False,1.5,32.0,201.84066325204665,21.398842421186018,3.763719195721111,15.066626193974342,-9.421635942060126,-0.002786672659076,1.108951,67.49023,64.37117,2022-03-20T22:58:29.639,32.0,Blue,data\RV_UMa\2022_03_20\Light\Blue\reduced_images\RV_Uma_Light_Blue_32_secs_029_reduced.fits,2,0.979925,792.0,32.884477880291115,1172.7859926058863,937.1863283352064,7.0,V* RV UMa,False,0.9022480572435037,0.0043337710417049,5296.394579452103,28.844333323019608,-9.309950831041013,-0.005912953901209,2022-03-20 22:58:29.639,0.12701890684398748,2022_03_20,1,"(0.114, 0.136]",-9.309950831041013,-0.005912953901209
1,3,4,1174.637720766415,917.5833648004352,6338.263562256609,6338.263562256609,196.82719602690244,308.3883361816406,5.276869541907419,5.170936385853628,484.6598668495154,196.82719602690253,2.4316554069519043,3.462972640991211,5859.6476468026085,7.915304312861128,10.553739083814838,13.192173854768548,7.756404578780441,10.341872771707257,12.92734096463407,False,1.5,32.0,198.07073632051905,19.274206652663985,3.013916439161944,14.844489193378967,-9.419678754358332,-0.0027505407031064,1.105932,67.65003,64.69964,2022-03-20T23:00:45.802,32.0,Blue,data\RV_UMa\2022_03_20\Light\Blue\reduced_images\RV_Uma_Light_Blue_32_secs_030_reduced.fits,2,0.979925,792.0,39.05983119301477,1172.779211678053,937.0636554593068,7.0,V* RV UMa,False,0.9017357568247042,0.0049401784262271,5283.853805515647,31.892780363933078,-9.307376982454551,-0.0065533884142243,2022-03-20 23:00:45.802,0.13038591925503132,2022_03_20,1,"(0.114, 0.136]",-9.307376982454551,-0.0065533884142243
1,3,4,1174.8269224329176,909.7150952443066,6325.61813460234,6325.61813460234,198.3118730262373,312.85772705078125,5.296733992937994,5.190402058029764,497.0085646652572,198.3118730262373,2.486051321029663,3.407109022140503,5832.604640689597,7.94510098940699,10.593467985875987,13.241834982344985,7.785603087044645,10.380804116059528,12.97600514507441,False,1.5,32.0,197.6755667063232,24.33225928612116,3.0366505557142576,15.001482478347215,-9.41465634764708,-0.0027925178638304,1.102979,67.80672,65.02673,2022-03-20T23:03:01.509,32.0,Blue,data\RV_UMa\2022_03_20\Light\Blue\reduced_images\RV_Uma_Light_Blue_32_secs_031_reduced.fits,2,0.979925,792.0,31.626083139500928,1172.795193663702,937.0639896917634,7.0,V* RV UMa,False,0.8950571194761854,0.005767529899442,5220.514308739062,36.22043808576596,-9.294283226109378,-0.007532943816682,2022-03-20 23:03:01.509,0.1337416557859944,2022_03_20,1,"(0.114, 0.136]",-9.294283226109378,-0.007532943816682
1,3,4,1180.3268512602815,882.1407235820863,6287.229334423699,6287.229334423699,210.7805579815061,273.7711181640625,5.460709576230268,5.351085831487445,537.9867001264467,210.78055798150623,2.539347648620605,3.3134145736694336,5751.984220138422,8.1910643643454,10.921419152460537,13.65177394057567,8.026628747231168,10.70217166297489,13.377714578718614,False,1.5,32.0,196.47591670074056,20.93632029654246,3.2275772940918124,14.8539494509499,-9.39954421485735,-0.0028038099697977,1.092237,68.37379,66.26749,2022-03-20T23:11:31.194,32.0,Blue,data\RV_UMa\2022_03_20\Light\Blue\reduced_images\RV_Uma_Light_Blue_32_secs_032_reduced.fits,2,0.979925,792.0,16.466595565879906,1172.729851255242,937.0463384268947,7.0,V* RV UMa,False,0.8989113133862003,0.0049721745685265,5170.523689901328,31.56324891128543,-9.283836330711754,-0.0066278319447036,2022-03-20 23:11:31.194,0.14634504819599475,2022_03_20,1,"(0.136, 0.159]",-9.283836330711754,-0.0066278319447036
1,3,4,1180.1011846530737,882.9728014567761,6362.255984653407,6362.255984653407,221.03646882371177,213.32098388671875,5.591982086831216,5.479723046438079,554.8128707348387,221.0364688237118,2.5376898050308228,3.298729419708252,5801.33399117946,8.387973130246824,11.183964173662432,13.97995521707804,8.219584569657119,10.959446092876158,13.6993076160952,False,1.5,32.0,198.82049952041896,18.98783486944017,3.384620928863086,14.87255712104419,-9.40881967287033,-0.002783441489182,1.08938,68.53209,66.61215,2022-03-20T23:13:52.858,32.0,Blue,data\RV_UMa\2022_03_20\Light\Blue\reduced_images\RV_Uma_Light_Blue_32_secs_033_reduced.fits,2,0.979925,792.0,16.373322684592328,1172.7672479930225,937.0701394096704,7.0,V* RV UMa,False,0.8922498449563073,0.0057294611863692,5176.239354169629,35.789564827974615,-9.285035875774328,-0.0075069995082373,2022-03-20 23:13:52.858,0.14984808827441629,2022_03_20,1,"(0.136, 0.159]",-9.285035875774328,-0.0075069995082373
1,3,4,1180.8632043783184,882.2399495400958,6291.3334570521165,6291.3334570521165,215.95126982063223,230.0615234375,5.527282801113864,5.416322598881504,547.4337033891147,215.95126982063223,2.536076068878174,3.3870596885681152,5743.664609616158,8.290924201670796,11.054565602227727,13.81820700278466,8.124483898322255,10.832645197763007,13.540806497203755,False,1.5,32.0,196.60417053287864,24.22902864570236,3.306753819128431,14.971304318519126,-9.397972680433442,-0.0028300550669086,1.086625,68.67955,66.95096,2022-03-20T23:16:12.196,32.0,Blue,data\RV_UMa\2022_03_20\Light\Blue\reduced_images\RV_Uma_Light_Blue_32_secs_034_reduced.fits,2,0.979925,792.0,17.01132081430225,1172.7662219984209,937.0392342267515,7.0,V* RV UMa,False,0.8958459624465436,0.0047370873482155,5145.438750171737,30.334298263348305,-9.278556032126282,-0.0064008236167128,2022-03-20 23:16:12.196,0.1532936114733031,2022_03_20,1,"(0.136, 0.159]",-9.278556032126282,-0.0064008236167128
1,3,4,1180.2999075607186,882.5237539500268,6259.493492688508,6259.493492688508,226.75549775179405,205.73101806640625,5.6638627055285,5.550160661715015,585.8655505673581,226.75549775179417,2.606969356536865,3.537933826446533,5668.348858623317,8.495794058292748,11.327725411057,14.15965676382125,8.325240992572523,11.10032132343003,13.875401654287538,False,1.5,32.0,195.60917164651588,24.324295450055587,3.472193559324346,14.946760875049009,-9.383641427647412,-0.0028629570675091,1.083818,68.81917,67.30274,2022-03-20T23:18:37.702,32.0,Blue,data\RV_UMa\2022_03_20\Light\Blue\reduced_images\RV_Uma_Light_Blue_32_secs_035_reduced.fits,2,0.979925,792.0,16.494129879694967,1172.6757840267014,936.9652377243608,7.0,V* RV UMa,False,0.8880207720543271,0.0058464412639217,5033.611529707941,35.69889458118128,-9.254699239287218,-0.007700153674529,2022-03-20 23:18:37.702,0.15689165578696646,2022_03_20,1,"(0.136, 0.159]",-9.254699239287218,-0.007700153674529
1,3,4,1180.6515596220822,882.348855662311,6261.107656975866,6261.107656975866,217.52152286650264,219.83409118652344,5.547341753234859,5.435978867538669,557.5897859150605,217.52152286650272,2.5799710750579834,3.6941170692443848,5699.908419777726,8.321012629852287,11.094683506469718,13.868354383087148,8.153968301308003,10.871957735077338,13.589947168846674,False,1.5,32.0,195.65961428049584,21.96567688625956,3.3307983188933217,14.864591803532605,-9.389669694837062,-0.0028314534728394,1.081081,68.96306,67.6527,2022-03-20T23:21:01.915,32.0,Blue,data\RV_UMa\2022_03_20\Light\Blue\reduced_images\RV_Uma_Light_Blue_32_secs_036_reduced.fits,2,0.979925,792.0,16.816407487038664,1172.7394990867474,937.0406546087364,7.0,V* RV UMa,False,0.8972072006394419,0.0047381972528671,5113.998877209959,30.120742631270566,-9.271901570849971,-0.0063948353478743,2022-03-20 23:21:01.915,0.16045772704592715,2022_03_20,1,"(0.159, 0.182]",-9.271901570849971,-0.0063948353478743
1,3,4,1181.445925743633,881.9869934432766,6186.154757760154,6186.154757760154,218.28412239974844,211.70797729492188,5.557057341067105,5.445499414945183,558.0957049623503,218.2841223997484,2.527309894561768,3.5881266593933105,5634.483135393538,8.335586011600657,11.11411468213421,13.89264335266776,8.168249122417775,10.890998829890366,13.613748537362955,False,1.5,32.0,193.3173361800048,23.42019547913109,3.3424756242461475,14.835093774000285,-9.377135208345813,-0.0028586470177249,1.078426,69.10448,67.9989,2022-03-20T23:23:23.410,32.0,Blue,data\RV_UMa\2022_03_20\Light\Blue\reduced_images\RV_Uma_Light_Blue_32_secs_037_reduced.fits,2,0.979925,792.0,17.55871487313306,1172.769098926145,937.035596299302,7.0,V* RV UMa,False,0.8963854403450684,0.0064956333029218,5050.668646436599,38.94049116779952,-9.2583721929377,-0.0083709908631153,2022-03-20 23:23:23.410,0.1639565881249328,2022_03_20,1,"(0.159, 0.182]",-9.2583721929377,-0.0083709908631153
1,4,4,1181.448479889925,881.9423119411608,6200.017187513091,6200.017187513091,235.9664051464584,198.9105529785156,5.777751949037596,5.661763578660667,607.8301564470397,235.9664051464585,2.5634154081344604,3.5120158195495605,5595.137268758561,8.666627923556394,11.555503898075193,14.444379872593991,8.492645367991,11.323527157321331,14.154408946651667,False,1.5,32.0,193.7505371097841,31.70876116255025,3.6132355788051433,15.135142346576709,-9.369526864485806,-0.0029369738793722,1.075832,69.23779,68.34387,2022-03-20T23:25:46.305,32.0,Blue,data\RV_UMa\2022_03_20\Light\Blue\reduced_images\RV_Uma_Light_Blue_32_secs_038_reduced.fits,2,0.979925,792.0,17.556253192121986,1172.786199306955,937.0514127452468,7.0,V* RV UMa,False,0.8807377594267288,0.005500131322699,4927.848661771402,33.53699122711178,-9.231643404563604,-0.0073890916854662,2022-03-20 23:25:46.305,0.16749006813401096,2022_03_20,1,"(0.159, 0.182]",-9.231643404563604,-0.0073890916854662
1,4,4,1181.98060277253,882.3445232787334,6139.147325033009,6139.147325033009,213.49982205346487,237.31369018554688,5.495820798392499,5.38549219586477,546.960029149757,213.49982205346515,2.576942205429077,3.3855748176574707,5588.9706227318375,8.243731197588748,10.991641596784998,13.739551995981248,8.078238293797154,10.77098439172954,13.463730489661923,False,1.5,32.0,191.8483539072816,26.924957711501573,3.269216025193682,14.901091491698748,-9.368329567106954,-0.0028947467458761,1.073247,69.36372,68.69473,2022-03-20T23:28:10.187,32.0,Blue,data\RV_UMa\2022_03_20\Light\Blue\reduced_images\RV_Uma_Light_Blue_32_secs_039_reduced.fits,2,0.979925,792.0,18.132811846705977,1172.756050640211,937.0574371109024,7.0,V* RV UMa,False,0.8882335863710945,0.005839487563305,4964.31142035179,35.21843567818038,-9.23964754442474,-0.0077025648580354,2022-03-20 23:28:10.187,0.1710479544887902,2022_03_20,1,"(0.159, 0.182]",-9.23964754442474,-0.0077025648580354
1,4,4,1181.507950122919,882.4011652571344,6149.13284152913,6149.13284152913,235.51268366669711,207.87503051757807,5.772194480930318,5.656317676725641,608.6664763692444,235.51268366669697,2.597107172012329,3.5633249282836914,5537.48116167848,8.658291721395477,11.544388961860635,14.430486202325794,8.484476515088463,11.312635353451284,14.140794191814104,False,1.5,32.0,192.1604012977853,30.830897530238587,3.606287968646299,15.053158698315452,-9.358280654446665,-0.0029514790059848,1.070739,69.49814,69.04203,2022-03-20T23:30:32.270,32.0,Blue,data\RV_UMa\2022_03_20\Light\Blue\reduced_images\RV_Uma_Light_Blue_32_secs_040_reduced.fits,2,0.979925,792.0,17.671839522208504,1172.7922154239352,937.0265803664884,7.0,V* RV UMa,False,0.8921387468433077,0.005963131565103,4940.201504248264,35.64716201028193,-9.234361658947943,-0.0078343797025605,2022-03-20 23:30:32.270,0.17456135551842633,2022_03_20,1,"(0.159, 0.182]",-9.234361658947943,-0.0078343797025605
1,4,4,1181.4250419767652,882.459306176923,6044.844414430144,6044.844414430144,219.4557015711645,225.971420288086,5.571950362285934,5.460093458763044,577.0875202050197,219.45570157116435,2.621616840362549,3.5797367095947266,5469.515651477601,8.357925543428902,11.143900724571868,13.929875905714834,8.190140188144566,10.920186917526088,13.650233646907608,False,1.5,32.0,188.901387950942,32.26858241795156,3.360415430308456,14.984338016716054,-9.3448721736014,-0.0029744934150955,1.068282,69.61476,69.38933,2022-03-20T23:32:53.881,32.0,Blue,data\RV_UMa\2022_03_20\Light\Blue\reduced_images\RV_Uma_Light_Blue_32_secs_041_reduced.fits,2,0.979925,792.0,17.597734932765672,1172.693471068084,937.0610502679972,7.0,V* RV UMa,False,0.8887408116696554,0.00422579328745,4860.981779534087,26.67508869776836,-9.216809983018264,-0.0059580781985727,2022-03-20 23:32:53.881,0.17806308502306656,2022_03_20,1,"(0.159, 0.182]",-9.216809983018264,-0.0059580781985727
1,4,4,1181.9544908063938,882.4051728621367,6142.128211050844,6142.128211050844,259.6545601705066,154.53961181640625,6.060825521145382,5.939154448808389,670.1652295826337,259.65456017050667,2.585806608200073,4.190033912658691,5470.711733512664,9.091238281718072,12.121651042290765,15.152063802863456,8.908731673212584,11.878308897616778,14.847886122020972,False,1.5,32.0,191.9415065953389,28.88801879777604,3.975960452610882,14.993514792927169,-9.345109578095622,-0.0029756643450129,1.065896,69.72782,69.73366,2022-03-20T23:35:15.706,32.0,Blue,data\RV_UMa\2022_03_20\Light\Blue\reduced_images\RV_Uma_Light_Blue_32_secs_042_reduced.fits,2,0.979925,792.0,18.114872249442936,1172.70262187896,937.0660429118772,7.0,V* RV UMa,False,0.887438655239727,0.0064967212630452,4854.921063992674,37.95071333554031,-9.215455432803113,-0.0084871541517725,2022-03-20 23:35:15.706,0.18157010627844644,2022_03_20,1,"(0.159, 0.182]",-9.215455432803113,-0.0084871541517725
1,4,5,1181.5157251326152,882.4262784648744,6054.651994700236,6054.651994700236,249.41123873506567,168.23541259765625,5.94007343818116,5.820826463909674,643.083160219191,249.4112387350657,2.5756468772888184,3.5431602001190186,5412.256716491528,8.91011015727174,11.88014687636232,14.8501835954529,8.73123969586451,11.641652927819347,14.552066159774183,False,1.5,32.0,189.2078748343824,31.17661710374016,3.819109593130694,14.973429851949527,-9.333445970142636,-0.003003773795528,1.063496,69.85282,70.08738,2022-03-20T23:37:40.213,32.0,Blue,data\RV_UMa\2022_03_20\Light\Blue\reduced_images\RV_Uma_Light_Blue_32_secs_043_reduced.fits,2,0.979925,792.0,17.68297073770246,1172.6920562770722,937.062296766732,7.0,V* RV UMa,False,0.886318186416605,0.0107857057189702,4796.9815573818605,59.86457174004119,-9.202420121919024,-0.0135495899125319,2022-03-20 23:37:40.213,0.18514344751272235,2022_03_20,1,"(0.182, 0.205]",-9.202420121919024,-0.0135495899125319
1,4,5,1174.0887434399694,880.034894526962,5902.628502443385,5902.628502443385,231.2508102014353,176.214599609375,5.719728784367636,5.604905229021456,610.1948596639623,231.25081020143537,2.621081590652466,3.7699153423309326,5296.501261000935,8.579593176551453,11.439457568735271,14.29932196091909,8.407357843532184,11.209810458042911,14.01226307255364,False,1.5,32.0,184.45714070135577,25.552346745617587,3.541028031209478,14.613367698042188,-9.309972700041085,-0.0029956119334915,1.057747,70.13076,70.96696,2022-03-20T23:43:37.114,32.0,Blue,data\RV_UMa\2022_03_20\Light\Blue\reduced_images\RV_Uma_Light_Blue_32_secs_044_reduced.fits,2,0.979925,792.0,10.08880378565955,1172.6585970290862,936.9622795547976,7.0,V* RV UMa,False,0.879048515512783,0.0045448096193172,4655.881570894455,27.284749173324776,-9.170004812179556,-0.0063627133903949,2022-03-20 23:43:37.114,0.19396882662829673,2022_03_20,1,"(0.182, 0.205]",-9.170004812179556,-0.0063627133903949
1,4,5,1174.1220844957502,879.4599629655239,5854.686508232468,5854.686508232468,239.15875189437887,170.5599365234375,5.816703728453359,5.699933401104658,630.8851254636413,239.15875189437887,2.6246381998062134,3.846365213394165,5226.981312192504,8.725055592680038,11.633407456906715,14.541759321133396,8.549900101656986,11.399866802209315,14.249833502761645,False,1.5,32.0,182.95895338226464,24.851742673190863,3.662118388382677,14.542104883538634,-9.295627368464109,-0.0030206516577012,1.055642,70.22857,71.30143,2022-03-20T23:45:53.764,32.0,Blue,data\RV_UMa\2022_03_20\Light\Blue\reduced_images\RV_Uma_Light_Blue_32_secs_045_reduced.fits,2,0.979925,792.0,10.136480382150012,1172.657934074819,936.991351666074,7.0,V* RV UMa,False,0.8762887364585026,0.0081439219605333,4580.344849553376,44.43457740986492,-9.152245442073047,-0.010532881479813,2022-03-20 23:45:53.764,0.19734788148144436,2022_03_20,1,"(0.182, 0.205]",-9.152245442073047,-0.010532881479813
1,4,5,1174.146654386647,879.3671397368801,5783.443230092603,5783.443230092603,229.2407745102204,175.23977661132812,5.694816545402681,5.580493103253722,612.8051931411221,229.2407745102205,2.6670401096343994,3.5458438396453857,5172.0488897101895,8.542224818104021,11.38963309080536,14.237041363506702,8.370739654880584,11.160986206507443,13.951232758134305,False,1.5,32.0,180.73260094039384,23.998131404733662,3.510249359687749,14.430557220870414,-9.284156553683596,-0.0030293175419714,1.053562,70.31845,71.63918,2022-03-20T23:48:10.135,32.0,Blue,data\RV_UMa\2022_03_20\Light\Blue\reduced_images\RV_Uma_Light_Blue_32_secs_046_reduced.fits,2,0.979925,792.0,10.166371395670106,1172.6865740338928,936.9488637572696,7.0,V* RV UMa,False,0.8973792098725075,0.0083805608586132,4641.289146070109,45.23775772756336,-9.16659656305957,-0.0105824631564875,2022-03-20 23:48:10.135,0.20072003727638468,2022_03_20,1,"(0.182, 0.205]",-9.16659656305957,-0.0105824631564875
1,4,5,1174.4990164369922,879.6046175367244,5713.149037301811,5713.149037301811,217.92079818663592,184.67117309570312,5.552430677654963,5.440965631801039,583.6923393660754,217.9207981866357,2.674318671226501,3.5446112155914307,5130.359377862708,8.328646016482445,11.104861355309923,13.881076694137406,8.16144844770156,10.88193126360208,13.602414079502598,False,1.5,32.0,178.5359074156816,22.70444169133105,3.336912222232862,14.303050770001676,-9.275369470457935,-0.0030269497545323,1.051571,70.39128,71.96932,2022-03-20T23:50:26.255,32.0,Blue,data\RV_UMa\2022_03_20\Light\Blue\reduced_images\RV_Uma_Light_Blue_32_secs_047_reduced.fits,2,0.979925,792.0,10.506458653442548,1172.650066026264,937.0264171078024,7.0,V* RV UMa,False,0.8897087149527995,0.0046261350717824,4564.525449324274,26.930090859115676,-9.148489082029135,-0.0064056986794752,2022-03-20 23:50:26.255,0.20408598639171915,2022_03_20,1,"(0.182, 0.205]",-9.148489082029135,-0.0064056986794752
1,4,5,1174.675276748604,879.4193814719372,5747.980807890868,5747.980807890868,224.6929964713098,172.13247680664062,5.638045450649543,5.5248616882277535,604.107192000672,224.6929964713098,2.701862335205078,3.4270801544189453,5140.891263740668,8.457068175974314,11.276090901299083,14.095113626623856,8.28729253234163,11.049723376455509,13.812154220569385,False,1.5,32.0,179.62440024658963,19.45107322784134,3.440611508466931,14.230814628224833,-9.277596045236136,-0.0030054926028182,1.049597,70.47226,72.30394,2022-03-20T23:52:42.682,32.0,Blue,data\RV_UMa\2022_03_20\Light\Blue\reduced_images\RV_Uma_Light_Blue_32_secs_048_reduced.fits,2,0.979925,792.0,10.691054743776103,1172.7097838801888,936.9546266113896,7.0,V* RV UMa,False,0.889712988476276,0.0048981140283194,4573.917729694289,28.184672592722222,-9.150720871893965,-0.0066903519611879,2022-03-20 23:52:42.682,0.20745952694386235,2022_03_20,1,"(0.205, 0.227]",-9.150720871893965,-0.0066903519611879
1,4,5,1174.0538459955274,879.8466549233605,5686.185909125643,5686.185909125643,236.9505200036519,166.99276733398438,5.789787678070278,5.673557690433017,628.3588239070739,236.9505200036517,2.6656060218811035,3.6307084560394287,5054.56917611605,8.684681517105417,11.579575356140555,14.474469195175692,8.510336535649527,11.347115380866034,14.183894226082542,False,1.5,32.0,177.69330966017634,20.760634351291536,3.6283048375559193,14.215563613484475,-9.259210361534103,-0.003053544535335,1.047661,70.54487,72.63932,2022-03-20T23:54:57.980,32.0,Blue,data\RV_UMa\2022_03_20\Light\Blue\reduced_images\RV_Uma_Light_Blue_32_secs_049_reduced.fits,2,0.979925,792.0,10.0550153661897,1172.7099365542906,936.9432807447756,7.0,V* RV UMa,False,0.8886525185421089,0.0060990195856549,4491.75562850084,33.31584380181322,-9.131040301698109,-0.0080530244295075,2022-03-20 23:54:57.980,0.2108051498016828,2022_03_20,1,"(0.205, 0.227]",-9.131040301698109,-0.0080530244295075
1,4,5,1175.0927048215358,879.7540687347101,5622.05756252283,5622.05756252283,218.93012879019915,188.70132446289065,5.56527425209859,5.453551371487711,583.204705501474,218.93012879019912,2.6518685817718506,3.5398263931274414,5041.483632380836,8.347911378147884,11.13054850419718,13.913185630246474,8.180327057231565,10.907102742975422,13.633878428719276,False,1.5,32.0,175.68929882883845,23.46464065959948,3.352367597099924,14.230471077428808,-9.256395903880724,-0.0030646807142823,1.045757,70.59514,72.97668,2022-03-20T23:57:14.926,32.0,Blue,data\RV_UMa\2022_03_20\Light\Blue\reduced_images\RV_Uma_Light_Blue_32_secs_050_reduced.fits,2,0.979925,792.0,11.095430701192742,1172.6511918759425,936.9286190983026,7.0,V* RV UMa,False,0.894183120752216,0.0051822358876618,4508.009567623513,29.06015731341396,-9.13496207276175,-0.0069990235020227,2022-03-20 23:57:14.926,0.21419152408576006,2022_03_20,1,"(0.205, 0.227]",-9.13496207276175,-0.0069990235020227
1,4,5,1174.8763229120584,880.202807160857,5462.838841838976,5462.838841838976,206.07709085184632,203.27493286132807,5.399439285050826,5.291045541403431,554.4163084274937,206.0770908518463,2.693188667297364,3.469658851623535,4907.834356167175,8.099158927576239,10.798878570101651,13.498598212627064,7.936568312105146,10.582091082806862,13.227613853508576,False,1.5,32.0,170.713713807468,20.95697874089845,3.1555554536688963,13.95801733778961,-9.22722474118034,-0.0030878639478197,1.04393,70.64945,73.30767,2022-03-20T23:59:30.367,32.0,Blue,data\RV_UMa\2022_03_20\Light\Blue\reduced_images\RV_Uma_Light_Blue_32_secs_051_reduced.fits,2,0.979925,792.0,10.87821358642409,1172.674248359629,937.0064583613852,7.0,V* RV UMa,False,0.9014100466776775,0.0045695621574977,4423.971196078963,25.714955764229547,-9.1145307266725,-0.0063109946334468,2022-03-20 23:59:30.367,0.21754068302000937,2022_03_20,1,"(0.205, 0.227]",-9.1145307266725,-0.0063109946334468
1,4,5,1174.30585435619,879.7906029904617,5369.294672042524,5369.294672042524,196.7999882360309,211.7159576416016,5.276504813537182,5.170578979405423,539.2557031549484,196.79998823603088,2.7419638633728027,3.758589267730713,4829.676215987135,7.914757220305773,10.553009627074363,13.191262033842952,7.755868469108134,10.341157958810848,12.926447448513557,False,1.5,32.0,167.79045850132889,23.698800593067155,3.013499819864224,13.946424592498976,-9.209795040997026,-0.0031352284148742,1.042102,70.70299,73.64669,2022-03-21T00:01:47.686,32.0,Blue,data\RV_UMa\2022_03_20\Light\Blue\reduced_images\RV_Uma_Light_Blue_32_secs_052_reduced.fits,2,0.979925,792.0,10.30798142793254,1172.681217901399,936.9818861035872,7.0,V* RV UMa,False,0.9141085447664112,0.0066556900143107,4414.848297488948,34.58056353216155,-9.112289462481948,-0.0085043397366929,2022-03-21 00:01:47.686,0.2209362807761702,2022_03_20,1,"(0.205, 0.227]",-9.112289462481948,-0.0085043397366929
1,4,5,1174.8668863780488,879.2227052080102,5337.168237398792,5337.168237398792,197.7042269821551,186.3782653808593,5.288612924166794,5.182444019714146,548.0285720750438,197.70422698215512,2.752932548522949,4.0720930099487305,4792.901835959048,7.932919386250191,10.577225848333589,13.221532310416986,7.773666029571219,10.364888039428292,12.956110049285366,False,1.5,32.0,166.78650741871226,19.833348557325863,3.0273459756642493,13.77124547568964,-9.20149633560388,-0.0031196006739361,1.040308,70.74731,73.98748,2022-03-21T00:04:05.242,32.0,Blue,data\RV_UMa\2022_03_20\Light\Blue\reduced_images\RV_Uma_Light_Blue_32_secs_053_reduced.fits,2,0.979925,792.0,10.894650372870002,1172.6739825811435,936.9985775692058,7.0,V* RV UMa,False,0.9117467966418372,0.0037688629114841,4369.912895554443,21.99888304632172,-9.101181950917432,-0.005465780293225,2022-03-21 00:04:05.242,0.22433773902263618,2022_03_20,1,"(0.205, 0.227]",-9.101181950917432,-0.005465780293225
1,4,5,1174.9847629410758,879.7845949926852,5304.079871163407,5304.079871163407,214.133393339832,176.90838623046875,5.503969317669275,5.393477133617065,592.8435108856762,214.1333933398318,2.789480447769165,3.445118427276612,4706.758957227482,8.255953976503914,11.00793863533855,13.759923294173188,8.090215700425599,10.78695426723413,13.483692834042662,False,1.5,32.0,165.75249597385647,21.151337725930183,3.2789175855161767,13.790676244669903,-9.181804894413997,-0.0031811776687531,1.038622,70.76907,74.31516,2022-03-21T00:06:19.728,32.0,Blue,data\RV_UMa\2022_03_20\Light\Blue\reduced_images\RV_Uma_Light_Blue_32_secs_054_reduced.fits,2,0.979925,792.0,10.986874723451107,1172.707217000597,936.9836819144008,7.0,V* RV UMa,False,0.9142845520854546,0.0040590378676503,4303.31700498293,22.89049028429717,-9.084508349196524,-0.0057753202977023,2022-03-21 00:06:19.728,0.22766328290101462,2022_03_20,1,"(0.227, 0.25]",-9.084508349196524,-0.0057753202977023
1,4,5,1175.3129530952006,879.4747375594274,5304.669173287402,5304.669173287402,237.12638155711403,153.24281311035156,5.791935831620416,5.675662719800636,665.8463231276758,237.12638155711392,2.7886065244674683,3.750894784927368,4643.416998553872,8.687903747430624,11.583871663240831,14.479839579051038,8.513494079700955,11.351325439601272,14.189156799501587,False,1.5,32.0,165.77091166523132,21.42740719701574,3.630997717593308,13.814098471483414,-9.167094217263047,-0.0032300495198373,1.036943,70.79289,74.64966,2022-03-21T00:08:35.294,32.0,Blue,data\RV_UMa\2022_03_20\Light\Blue\reduced_images\RV_Uma_Light_Blue_32_secs_055_reduced.fits,2,0.979925,792.0,11.325140545074229,1172.6828368714175,936.9401046220318,7.0,V* RV UMa,False,0.921929631380768,0.0079093472803056,4280.903721823964,38.87189819215728,-9.07883865148792,-0.0098588125212297,2022-03-21 00:08:35.294,0.23101553281116322,2022_03_20,1,"(0.227, 0.25]",-9.07883865148792,-0.0098588125212297
1,5,5,1153.0094608265194,891.6498050273758,3898.35912947425,3898.35912947425,247.07563030811448,115.0605926513672,5.912195146462165,5.793507828896937,348.52591160601,247.0756303081144,1.4204216003417969,2.01275372505188,3547.40756726654,8.868292719693248,11.82439029292433,14.780487866155411,8.690261743345406,11.587015657793874,14.483769572242345,False,1.5,32.0,121.82372279607031,383.9385907954708,3.7833455890930026,22.573118065093137,-8.87477772029624,-0.0069088344298809,1.311917,58.29922,49.62997,2022-03-22T21:04:52.944,32.0,Blue,data\RV_UMa\2022_03_22\Light\Blue\reduced_images\RV_Uma_Light_Blue_32_secs_001_reduced.fits,2,0.979925,792.0,16.015926713733467,1172.7721562729953,937.1151939119468,7.0,V* RV UMa,False,1.1892455853079569,0.0062719425852559,4218.738788659772,34.86656111688392,-9.062956590086838,-0.0089732713107936,2022-03-22 21:04:52.944,0.23142207041319462,2022_03_22,2,"(0.227, 0.25]",-9.062956590086838,-0.0089732713107936
1,5,5,1153.7426838925544,889.6994436356191,3841.504344755359,3841.504344755359,248.0330205827809,107.42063903808594,5.923638617213683,5.804721571973118,345.1778407993238,248.0330205827809,1.3854809999465942,2.2198266983032227,3497.8593073785537,8.885457925820525,11.847277234427366,14.809096543034208,8.707082357959678,11.609443143946237,14.511803929932798,False,1.5,32.0,120.04701077360497,454.059930977178,3.798005627673832,24.03965364514341,-8.859505842718022,-0.0074619131356483,1.303761,58.61465,50.05436,2022-03-22T21:08:02.653,32.0,Blue,data\RV_UMa\2022_03_22\Light\Blue\reduced_images\RV_Uma_Light_Blue_32_secs_002_reduced.fits,2,0.979925,792.0,14.117072662865166,1172.7795042560604,937.0414390604196,7.0,V* RV UMa,False,1.1973275272512534,0.0088685663767649,4188.083235176346,42.31764276959864,-9.055038260966494,-0.0109706026062396,2022-03-22 21:08:02.653,0.23611315798828159,2022_03_22,2,"(0.227, 0.25]",-9.055038260966494,-0.0109706026062396
1,5,5,1155.5193326025303,889.1095466418693,3811.474744562663,3811.474744562663,221.76819820516968,146.36029052734375,5.601230417600598,5.488785716967266,312.34949667022386,221.7681982051696,1.4065093994140625,2.2297606468200684,3499.555689295971,8.401845626400897,11.202460835201196,14.003076044001494,8.2331785754509,10.977571433934532,13.721964292418164,False,1.5,32.0,119.10858576758322,1059.5051745342726,3.39582553501666,34.38036628421624,-8.860032272350049,-0.0106664993278414,1.296479,58.89405,50.44105,2022-03-22T21:10:55.851,32.0,Blue,data\RV_UMa\2022_03_22\Light\Blue\reduced_images\RV_Uma_Light_Blue_32_secs_003_reduced.fits,2,0.979925,792.0,12.446106199406213,1172.7455464537634,937.0628632929972,7.0,V* RV UMa,False,1.179255885906534,0.0076964055851241,4126.871644659971,48.67438152939402,-9.039052403788665,-0.0128057140665027,2022-03-22 21:10:55.851,0.240395964738779,2022_03_22,2,"(0.227, 0.25]",-9.039052403788665,-0.0128057140665027
1,5,5,1155.8831115928904,888.9119544414077,3786.929631443364,3786.929631443364,224.21706573419365,129.70291137695312,5.632071206711896,5.519007377237156,304.6534878540332,224.2170657341936,1.366505146026611,1.9961912631988523,3480.535857290601,8.448106810067845,11.264142413423793,14.08017801677974,8.278511065855733,11.038014754474313,13.797518443092889,False,1.5,32.0,118.34155098260511,1218.998371773746,3.43332381905484,36.61657065558442,-8.854115280806756,-0.0114223608331964,1.289209,59.17988,50.83468,2022-03-22T21:13:52.487,32.0,Blue,data\RV_UMa\2022_03_22\Light\Blue\reduced_images\RV_Uma_Light_Blue_32_secs_004_reduced.fits,2,0.979925,792.0,12.054327412974867,1172.7720149483378,937.0749561735636,7.0,V* RV UMa,False,1.197055585252663,0.0074297656472525,4166.39488764188,50.89172366463918,-9.049401074132764,-0.0132620619013188,2022-03-22 21:13:52.487,0.24476378569041124,2022_03_22,2,"(0.227, 0.25]",-9.049401074132764,-0.0132620619013188
1,5,5,1156.0969553243715,888.6384176292088,3730.303862956383,3730.303862956383,238.74619417840185,119.86911010742188,5.811684548131951,5.695014980828202,305.7667610865076,238.74619417840185,1.2846011519432068,2.0620226860046387,3423.610226892752,8.717526822197927,11.623369096263902,14.529211370329875,8.542522471242304,11.390029961656404,14.237537452070503,False,1.5,32.0,116.57199571738695,832.4409034780881,3.6558010983567777,30.865331689353862,-8.83621078754109,-0.0097883829834843,1.282039,59.46932,51.23064,2022-03-22T21:16:47.657,32.0,Blue,data\RV_UMa\2022_03_22\Light\Blue\reduced_images\RV_Uma_Light_Blue_32_secs_005_reduced.fits,2,0.979925,792.0,11.708132826441853,1172.7640975787087,937.0684594522236,7.0,V* RV UMa,False,1.1635730129305857,0.0058280307277768,3983.6204668055657,41.08453053954474,-9.000694887491782,-0.0111975934037824,2022-03-22 21:16:47.657,0.2490953556766975,2022_03_22,2,"(0.227, 0.25]",-9.000694887491782,-0.0111975934037824
1,5,5,1156.318254161202,887.2994828628989,3747.985208025483,3747.985208025483,226.9849694713353,131.15118408203125,5.666727834879743,5.552968273594533,274.94331348559786,226.9849694713353,1.2119572162628174,1.903398513793945,3472.889136291504,8.500091752319614,11.333455669759486,14.166819587199358,8.329452410391799,11.105936547189064,13.882420683986332,False,1.5,32.0,117.12453775079636,706.7555435512102,3.4757073450298206,28.763793015647924,-8.85172729928948,-0.0089924815442299,1.27535,59.7401,51.60715,2022-03-22T21:19:36.238,32.0,Blue,data\RV_UMa\2022_03_22\Light\Blue\reduced_images\RV_Uma_Light_Blue_32_secs_006_reduced.fits,2,0.979925,792.0,10.59677635876329,1172.7961484486768,937.0587204935808,7.0,V* RV UMa,False,1.1507068768101023,0.0071843885725237,3996.277411529731,41.44943022265461,-9.004139070578326,-0.0112612670305351,2022-03-22 21:19:36.238,0.2532639941413768,2022_03_22,2,"(0.25, 0.273]",-9.004139070578326,-0.0112612670305351
1,5,5,1158.0354053043309,887.2801268186485,3736.651086288375,3736.651086288375,246.5328235984032,113.59178161621094,5.905697250026217,5.787140377731941,301.4692199119372,246.53282359840304,1.2323665618896484,1.7851070165634155,3432.832278077464,8.858545875039326,11.811394500052431,14.76424312506554,8.680710566597911,11.574280755463882,14.46785094432985,False,1.5,32.0,116.77034644651172,968.196894202957,3.775033861350548,32.99609483728066,-8.839131462769988,-0.010436004989015,1.268402,60.01779,52.00585,2022-03-22T21:22:31.356,32.0,Blue,data\RV_UMa\2022_03_22\Light\Blue\reduced_images\RV_Uma_Light_Blue_32_secs_007_reduced.fits,2,0.979925,792.0,9.411516157304913,1172.7464385534763,937.1090304755317,7.0,V* RV UMa,False,1.1468516270623814,0.0092378156189798,3936.9492835454007,49.37237475685575,-8.987899550426016,-0.0136159678288084,2022-03-22 21:22:31.356,0.25759427828168757,2022_03_22,2,"(0.25, 0.273]",-8.987899550426016,-0.0136159678288084
1,5,5,1156.8707381124534,886.2246922037831,3697.736589881713,3697.736589881713,247.94732676494493,124.10731506347656,5.922615239238106,5.803718738310401,293.67758309114146,247.9473267649448,1.1673575639724731,1.9050843715667725,3408.2934025159,8.88392285885716,11.845230478476212,14.806538098095263,8.705578107465602,11.607437476620802,14.509296845776005,False,1.5,32.0,115.55426843380351,877.520582835123,3.7966934410882174,31.57327263224411,-8.831342434726734,-0.0100578914873413,1.26173,60.29567,52.39627,2022-03-22T21:25:23.910,32.0,Blue,data\RV_UMa\2022_03_22\Light\Blue\reduced_images\RV_Uma_Light_Blue_32_secs_008_reduced.fits,2,0.979925,792.0,9.464310228065347,1172.7660633781752,937.0390099753014,7.0,V* RV UMa,False,1.1721180436547718,0.007730409682314,3994.9221951584022,45.42855523015328,-9.003770813604113,-0.0123465301033919,2022-03-22 21:25:23.910,0.2618611603243517,2022_03_22,2,"(0.25, 0.273]",-9.003770813604113,-0.0123465301033919
1,5,5,1157.3885360376291,885.9200033808015,3711.764989868128,3711.764989868128,240.4449190583892,127.99237060546876,5.832323524746343,5.71523962998706,286.63848978913865,240.4449190583892,1.1818962097167969,1.7785414457321167,3427.5840513873563,8.748485287119514,11.664647049492686,14.580808811865856,8.57285944498059,11.43047925997412,14.28809907496765,False,1.5,32.0,115.992655933379,701.9062163561762,3.681812823081584,28.66322879775823,-8.837470283457783,-0.0090794871210803,1.255143,60.57008,52.78927,2022-03-22T21:28:17.108,32.0,Blue,data\RV_UMa\2022_03_22\Light\Blue\reduced_images\RV_Uma_Light_Blue_32_secs_009_reduced.fits,2,0.979925,792.0,8.874564538862176,1172.7837482872071,937.1016606179596,7.0,V* RV UMa,False,1.1390196843317426,0.0067905244274035,3904.085704231742,40.09514536077415,-8.978798357313975,-0.011150562321428,2022-03-22 21:28:17.108,0.2661439670748491,2022_03_22,2,"(0.25, 0.273]",-8.978798357313975,-0.011150562321428
1,5,5,1157.4376314150352,886.3783950349989,3713.2271243341775,3713.2271243341775,245.18381763284404,112.48918914794922,5.889517357505918,5.7712852965539865,294.7042372663992,245.1838176328439,1.2002920508384705,2.0933427810668945,3418.9349370352456,8.834276036258878,11.779034715011836,14.723793393764794,8.656927944830981,11.542570593107971,14.428213241384968,False,1.5,32.0,116.03834763544305,550.687348983096,3.754377207502924,25.893629985501104,-8.834727090427117,-0.0082229267493017,1.248675,60.84159,53.18272,2022-03-22T21:31:09.090,32.0,Blue,data\RV_UMa\2022_03_22\Light\Blue\reduced_images\RV_Uma_Light_Blue_32_secs_010_reduced.fits,2,0.979925,792.0,9.151426373382009,1172.7653717361834,937.0300321100012,7.0,V* RV UMa,False,1.1256537791545398,0.0055589902366837,3848.537032557213,34.796326354204865,-8.963239174788356,-0.0098166214838879,2022-03-22 21:31:09.090,0.27039670481179723,2022_03_22,2,"(0.25, 0.273]",-8.963239174788356,-0.0098166214838879
1,5,5,1158.2814638250716,885.0935389426865,3652.628287808419,3652.628287808419,228.6973412660085,130.7784881591797,5.688062535557105,5.573874680155797,272.6069286997636,228.6973412660086,1.1840535402297974,2.010195255279541,3381.838391241259,8.532093803335657,11.37612507111421,14.220156338892762,8.360812020233695,11.147749360311591,13.934686700389491,False,1.5,32.0,114.14463399401308,850.2102223974051,3.501928038135756,31.110396725685675,-8.822882125045854,-0.0099879651721228,1.242481,61.10345,53.56675,2022-03-22T21:33:57.839,32.0,Blue,data\RV_UMa\2022_03_22\Light\Blue\reduced_images\RV_Uma_Light_Blue_32_secs_011_reduced.fits,2,0.979925,792.0,7.658054253178707,1172.7803004973332,937.0591827292272,7.0,V* RV UMa,False,1.1326881356886251,0.0070833723787206,3830.568222575281,42.60958418981731,-8.95815800386724,-0.0120772599615709,2022-03-22 21:33:57.839,0.2745694975480859,2022_03_22,2,"(0.273, 0.295]",-8.95815800386724,-0.0120772599615709
1,5,5,1159.4424534796055,885.8126704845171,3690.9599426703935,3690.9599426703935,258.7145816460824,109.781005859375,6.04984514174083,5.928394500520383,286.150997416048,258.7145816460825,1.097648024559021,1.816183090209961,3406.9823932019585,9.074767712611244,12.09969028348166,15.124612854352076,8.892591750780573,11.856789001040768,14.820986251300958,False,1.5,32.0,115.34249820844984,657.7401664985224,3.961567031455637,27.875513120630224,-8.83092472300467,-0.0088833607950742,1.236329,61.36256,53.9556,2022-03-22T21:36:47.425,32.0,Blue,data\RV_UMa\2022_03_22\Light\Blue\reduced_images\RV_Uma_Light_Blue_32_secs_012_reduced.fits,2,0.979925,792.0,7.386363682295606,1172.77721494889,937.0789345977348,7.0,V* RV UMa,False,1.1342060162627217,0.0048269838289471,3864.219927670827,35.63790938156972,-8.96765458955519,-0.0100132417930938,2022-03-22 21:36:47.425,0.27876298745899586,2022_03_22,2,"(0.273, 0.295]",-8.96765458955519,-0.0100132417930938
1,5,5,1160.4482794499795,896.5196740808052,3617.522671904521,3617.522671904521,187.052192026124,197.35748291015625,5.1441687355366685,5.040899548170771,220.2040208850345,187.05219202612392,1.1622146368026731,1.7655178308486938,3400.127876485736,7.716253103305003,10.288337471073335,12.86042183884167,7.561349322256155,10.08179909634154,12.602248870426925,False,1.5,32.0,113.04758349701628,5309.621970292425,2.864236690400023,73.6582228300401,-8.828738127170174,-0.0235207033999481,1.230054,61.63516,54.35999,2022-03-22T21:39:43.922,32.0,Blue,data\RV_UMa\2022_03_22\Light\Blue\reduced_images\RV_Uma_Light_Blue_32_secs_013_reduced.fits,2,0.979925,792.0,16.897169899171384,1172.7375109880518,936.9570196964728,7.0,V* RV UMa,False,1.122355421876457,0.0064534705824259,3816.15195724705,85.53317714532707,-8.954064149409241,-0.0243351072428639,2022-03-22 21:39:43.922,0.2831273712454285,2022_03_22,2,"(0.273, 0.295]",-8.954064149409241,-0.0243351072428639
1,5,5,1161.1425871491017,887.2921370744817,3668.315466968479,3668.315466968479,197.0920038905498,175.46511840820312,5.280418052731815,5.174413660323224,232.8767743149466,197.0920038905497,1.1611907482147217,1.8709893226623533,3439.4540555036724,7.920627079097724,10.56083610546363,13.201045131829538,7.761620490484837,10.348827320646448,12.93603415080806,False,1.5,32.0,114.63485834276496,2447.3339428752643,3.0179713095740435,50.645698460260206,-8.841223781211763,-0.0159873827491831,1.223992,61.90037,54.75853,2022-03-22T21:42:37.668,32.0,Blue,data\RV_UMa\2022_03_22\Light\Blue\reduced_images\RV_Uma_Light_Blue_32_secs_014_reduced.fits,2,0.979925,792.0,7.831990252388578,1172.758588332459,937.086007427852,7.0,V* RV UMa,False,1.0838025651942986,0.0035938336255221,3727.689128222814,56.26451185180154,-8.92859921767666,-0.0163877446480275,2022-03-22 21:42:37.668,0.2874237288342689,2022_03_22,2,"(0.273, 0.295]",-8.92859921767666,-0.0163877446480275
1,5,5,1161.7894278256813,890.3881268079442,3677.794905490756,3677.794905490756,211.12699489683644,133.96124267578125,5.465195318902163,5.355481522875202,246.02642087988187,211.12699489683632,1.166842699050903,1.7204580307006836,3431.4429129228247,8.197792978353245,10.930390637804326,13.662988297255406,8.033222284312805,10.710963045750404,13.388703807188003,False,1.5,32.0,114.93109079658612,1191.6912868667846,3.232882109357808,36.19192257635298,-8.838691945405474,-0.0114514161121448,1.218106,62.1605,55.15314,2022-03-22T21:45:29.550,32.0,Blue,data\RV_UMa\2022_03_22\Light\Blue\reduced_images\RV_Uma_Light_Blue_32_secs_015_reduced.fits,2,0.979925,792.0,10.620725394990751,1172.767848964234,937.0790745359484,7.0,V* RV UMa,False,1.085426287419525,0.0048708573011382,3724.578341465862,42.69152567290251,-8.927692783757799,-0.0124448275240705,2022-03-22 21:45:29.550,0.2916739937904982,2022_03_22,2,"(0.273, 0.295]",-8.927692783757799,-0.0124448275240705
1,5,5,1162.2063871693383,890.7130439309137,3712.893738269524,3712.893738269524,224.6276341433027,134.80836486816406,5.637225348141441,5.524058049277502,249.07871586313377,224.62763414330288,1.0971838235855105,1.7959128618240356,3466.435931757208,8.455838022212161,11.274450696282882,14.093063370353605,8.286087073916253,11.048116098555004,13.810145123193754,False,1.5,32.0,116.02792932092262,879.9439658690724,3.4396106478193222,31.61347032259847,-8.849707944452915,-0.0099017809539876,1.21216,62.42587,55.55964,2022-03-22T21:48:25.456,32.0,Blue,data\RV_UMa\2022_03_22\Light\Blue\reduced_images\RV_Uma_Light_Blue_32_secs_016_reduced.fits,2,0.979925,792.0,10.862152514672296,1172.7694149029012,937.067953852424,7.0,V* RV UMa,False,1.0533642789915516,0.0068210297675938,3651.419785925839,40.84107489076354,-8.906154411346575,-0.0121439429728282,2022-03-22 21:48:25.456,0.2960237634428786,2022_03_22,2,"(0.295, 0.318]",-8.906154411346575,-0.0121439429728282
1,5,5,1162.3214761364547,877.009643658899,3679.079017494476,3679.079017494476,206.1886344708381,171.80752563476562,5.400900368181574,5.29247729329033,238.35428982808588,206.1886344708381,1.146672010421753,1.7326350212097168,3442.648281479684,8.101350552272361,10.801800736363148,13.502250920453935,7.938715939935494,10.58495458658066,13.231193233225824,False,1.5,32.0,114.97121929670236,2846.646250723155,3.157263465334708,54.44974502681525,-8.84223163807513,-0.0171722623636861,1.206482,62.68195,55.95564,2022-03-22T21:51:17.140,32.0,Blue,data\RV_UMa\2022_03_22\Light\Blue\reduced_images\RV_Uma_Light_Blue_32_secs_017_reduced.fits,2,0.979925,792.0,3.42923802137645,1172.7567665224865,937.1413106280174,7.0,V* RV UMa,False,1.0557046578176954,0.0100298638945885,3634.419825986187,67.0563203835504,-8.901087732291101,-0.0200322137463923,2022-03-22 21:51:17.140,0.3002691322932831,2022_03_22,2,"(0.295, 0.318]",-8.901087732291101,-0.0200322137463923
1,5,5,1162.7890167971311,879.5820604277264,3669.5838953239454,3669.5838953239454,211.5111711690042,155.19882202148438,5.470165417828119,5.360351847065219,236.0220721465776,211.5111711690044,1.0886363983154297,1.8324567079544067,3439.325135739043,8.205248126742177,10.940330835656235,13.675413544570295,8.040527770597828,10.72070369413044,13.40087961766305,False,1.5,32.0,114.67449672887332,1882.7067271701524,3.238764808525376,44.72829069736011,-8.841183084206643,-0.0141199574539889,1.200893,62.93638,56.3531,2022-03-22T21:54:08.356,32.0,Blue,data\RV_UMa\2022_03_22\Light\Blue\reduced_images\RV_Uma_Light_Blue_32_secs_018_reduced.fits,2,0.979925,792.0,1.2810752529429168,1172.7671269494144,937.0877658199736,7.0,V* RV UMa,False,1.0464360616674544,0.0026057757680919,3599.0338498366477,47.65558923121242,-8.890464828307838,-0.014376469004246,2022-03-22 21:54:08.356,0.3045029285299208,2022_03_22,2,"(0.295, 0.318]",-8.890464828307838,-0.014376469004246
1,5,5,1163.1812484579757,882.0938219655199,3654.531309709595,3654.531309709595,197.93942626608504,186.6956787109375,5.291757794324736,5.185525756603667,222.12480081838515,197.93942626608515,1.1300990581512451,1.6394106149673462,3430.8401505152947,7.937636691487104,10.583515588649473,13.229394485811842,7.778288634905501,10.371051513207334,12.96381439150917,False,1.5,32.0,114.20410342842484,3100.726326219486,3.0309474646994268,56.72707798849338,-8.838501209767099,-0.0179520582889863,1.195284,63.19437,56.76007,2022-03-22T21:57:04.238,32.0,Blue,data\RV_UMa\2022_03_22\Light\Blue\reduced_images\RV_Uma_Light_Blue_32_secs_019_reduced.fits,2,0.979925,792.0,2.2482091786265315,1172.74419077497,937.0924156804598,7.0,V* RV UMa,False,1.0444566083421392,0.005069996866031,3583.363667371239,61.7495262463001,-8.885727214887707,-0.0187097103435928,2022-03-22 21:57:04.238,0.3088521047149291,2022_03_22,2,"(0.295, 0.318]",-8.885727214887707,-0.0187097103435928
1,5,5,1163.1878539804309,871.6691907263278,3594.380266029147,3594.380266029147,199.02600107046536,167.86399841308594,5.306262285612469,5.199739070228799,220.6849215663728,199.02600107046533,1.093358278274536,1.7620567083358765,3376.773540166877,7.959393428418704,10.612524571224938,13.265655714031173,7.799608605343199,10.399478140457598,12.999347675571997,False,1.5,32.0,112.32438331341083,3536.782561800555,3.047585641391501,60.433058260817454,-8.821254840251763,-0.0194310807454337,1.189947,63.44217,57.15498,2022-03-22T21:59:53.785,32.0,Blue,data\RV_UMa\2022_03_22\Light\Blue\reduced_images\RV_Uma_Light_Blue_32_secs_020_reduced.fits,2,0.979925,792.0,8.370302522095914,1172.757663968392,937.0570753756556,7.0,V* RV UMa,False,1.049692376875375,0.004197757547037,3544.573443547644,65.0005270721935,-8.873909948403034,-0.0199102731808561,2022-03-22 21:59:53.785,0.3130446302413583,2022_03_22,2,"(0.295, 0.318]",-8.873909948403034,-0.0199102731808561
1,5,5,1163.5544888554732,877.2771241899873,3634.4346029142425,3634.4346029142425,218.5150821665648,137.8765869140625,5.559996440201934,5.448379511664881,238.92505168214927,218.51508216656487,1.0691603422164917,1.765530347824097,3400.8069428855733,8.339994660302901,11.119992880403869,13.899991100504836,8.172569267497321,10.896759023329762,13.620948779162202,False,1.5,32.0,113.57608134107008,2412.989287643434,3.346012195675524,50.29822443367341,-8.828954946474513,-0.0160581309729838,1.184452,63.69971,57.56982,2022-03-22T22:02:51.780,32.0,Blue,data\RV_UMa\2022_03_22\Light\Blue\reduced_images\RV_Uma_Light_Blue_32_secs_021_reduced.fits,2,0.979925,792.0,2.759081886543075,1172.7622349320732,937.1018044916888,7.0,V* RV UMa,False,1.0397086456034466,0.0034716972507934,3535.848380546357,53.6116996564693,-8.8712340847837,-0.016462290531432,2022-03-22 22:02:51.780,0.31744605628296796,2022_03_22,2,"(0.295, 0.318]",-8.8712340847837,-0.016462290531432
1,5,5,1164.5491927396536,877.6430699220786,3579.4834986150586,3579.4834986150586,246.35524535317853,117.68118286132812,5.903569922198679,5.785055756010541,208.09677006033485,246.3552453531785,0.8186296224594116,1.4283843040466309,3377.8097971206903,8.85535488329802,11.80713984439736,14.758924805496695,8.677583634015813,11.570111512021082,14.462639390026352,False,1.5,32.0,111.85885933172058,870.5711607232827,3.7723146944705457,31.40385859650807,-8.82158797751422,-0.0100942055045248,1.179142,63.95099,57.979,2022-03-22T22:05:46.679,32.0,Blue,data\RV_UMa\2022_03_22\Light\Blue\reduced_images\RV_Uma_Light_Blue_32_secs_022_reduced.fits,2,0.979925,792.0,2.420068605948804,1172.812319891566,937.0639418604632,7.0,V* RV UMa,False,1.0331467734475497,0.004045749545067,3489.773293214764,35.20536991864641,-8.856993036807816,-0.0109530738850275,2022-03-22 22:05:46.679,0.3217709250335039,2022_03_22,2,"(0.318, 0.341]",-8.856993036807816,-0.0109530738850275
1,5,5,1164.9053622357812,868.1280855473124,3516.268376335306,3516.268376335306,207.7558946822291,175.66485595703125,5.421387898983964,5.312553536911861,179.9464493469542,207.7558946822292,0.8779744207859039,1.3733336925506592,3333.8640150368187,8.132081848475945,10.842775797967928,13.55346974745991,7.968830305367791,10.625107073823722,13.281383842279654,False,1.5,32.0,109.88338676047832,2697.266315982433,3.1812621373216325,53.01255478544901,-8.807369703544332,-0.0172645464175149,1.174029,64.19519,58.38096,2022-03-22T22:08:37.927,32.0,Blue,data\RV_UMa\2022_03_22\Light\Blue\reduced_images\RV_Uma_Light_Blue_32_secs_023_reduced.fits,2,0.979925,792.0,11.906386250660288,1172.73950451206,937.0953348701036,7.0,V* RV UMa,False,1.0202159064317204,0.0040826800286542,3401.261098020883,55.77067615478669,-8.829099929638677,-0.0178028797319696,2022-03-22 22:08:37.927,0.3260055125599717,2022_03_22,2,"(0.318, 0.341]",-8.829099929638677,-0.0178028797319696
1,5,5,1165.227272116898,878.0638121731664,3522.4403276582143,3522.4403276582143,212.91732484004507,143.2227325439453,5.488318481056609,5.378140487549398,183.888729851526,212.91732484004504,0.8647162914276123,1.4232549667358398,3338.327248141842,8.232477721584914,10.976636962113218,13.720796202641525,8.067210731324097,10.756280975098797,13.445351218873496,False,1.5,32.0,110.0762602393192,2187.3457765285607,3.2602965366131897,47.96542852205632,-8.808822268167871,-0.0155999692217477,1.169203,64.4277,58.7679,2022-03-22T22:11:23.526,32.0,Blue,data\RV_UMa\2022_03_22\Light\Blue\reduced_images\RV_Uma_Light_Blue_32_secs_024_reduced.fits,2,0.979925,792.0,2.2923830721966194,1172.758143058726,937.0540232057198,7.0,V* RV UMa,False,1.0163918790335182,0.006058455742378,3393.048704567681,52.78049369010778,-8.826475234121029,-0.0168891453951762,2022-03-22 22:11:23.526,0.33010041270359647,2022_03_22,2,"(0.318, 0.341]",-8.826475234121029,-0.0168891453951762
1,5,5,1165.7580729553829,873.2660975484179,3490.3443244213777,3490.3443244213777,219.60008771426203,143.63748168945312,5.573783033144332,5.46188933875396,181.49948701520964,219.60008771426192,0.8047839403152466,1.650805115699768,3313.61370053712,8.3606745497165,11.147566066288665,13.93445758286083,8.19283400813094,10.92377867750792,13.6547233468849,False,1.5,32.0,109.07326013816804,1338.6292027302325,3.362626343124637,38.09284826855988,-8.800754692990544,-0.012481474379717,1.164034,64.67893,59.19081,2022-03-22T22:14:22.422,32.0,Blue,data\RV_UMa\2022_03_22\Light\Blue\reduced_images\RV_Uma_Light_Blue_32_secs_025_reduced.fits,2,0.979925,792.0,6.959616565865727,1172.765923081595,937.076084429733,7.0,V* RV UMa,False,1.033027999846328,0.0042697062600601,3423.055733329251,41.81710042450348,-8.836034925671383,-0.0132636870229196,2022-03-22 22:14:22.422,0.3345241184994894,2022_03_22,2,"(0.318, 0.341]",-8.836034925671383,-0.0132636870229196
1,5,5,1166.164546538122,871.3707247871307,3472.9999771881003,3472.9999771881003,187.05277953108344,203.19192504882807,5.144176814090142,5.040907464547282,157.44778437510735,187.0527795310834,0.8365010619163513,1.4509649276733398,3316.530128475944,7.716265221135213,10.288353628180284,12.860442035225354,7.561361196820924,10.081814929094564,12.602268661368203,False,1.5,32.0,108.53124928712812,5116.532883143924,2.864245686569715,72.30441465164918,-8.801709867323902,-0.0236703776869395,1.159217,64.91517,59.59317,2022-03-22T22:17:13.587,32.0,Blue,data\RV_UMa\2022_03_22\Light\Blue\reduced_images\RV_Uma_Light_Blue_32_secs_026_reduced.fits,2,0.979925,792.0,8.896609040254411,1172.7419504748725,937.0301821490228,7.0,V* RV UMa,False,1.0199749120386488,0.003204932058967,3382.7775260657795,74.5107385573232,-8.823183591588567,-0.0239149651053287,2022-03-22 22:17:13.587,0.3387566536179598,2022_03_22,2,"(0.318, 0.341]",-8.823183591588567,-0.0239149651053287
1,5,5,1167.263712216305,882.4212466528807,3443.760291847225,3443.760291847225,224.9463801287824,121.26234436035156,5.641223533802985,5.52797597136189,177.0136144209116,224.94638012878244,0.7798817753791809,1.4612009525299072,3268.32870954727,8.461835300704477,11.28244706760597,14.103058834507465,8.291963957042835,11.05595194272378,13.819939928404729,False,1.5,32.0,107.61750912022578,1671.6341088391698,3.44449144572198,42.22198609024826,-8.785814322193374,-0.0140261102872136,1.154381,65.15434,60.00545,2022-03-22T22:20:07.405,32.0,Blue,data\RV_UMa\2022_03_22\Light\Blue\reduced_images\RV_Uma_Light_Blue_32_secs_027_reduced.fits,2,0.979925,792.0,4.063773220166783,1172.7629996851144,937.0659552960948,7.0,V* RV UMa,False,1.0187076562430664,0.0054049340237081,3329.471479534825,46.49812832612093,-8.805938247625622,-0.0151629775739098,2022-03-22 22:20:07.405,0.3430547916089175,2022_03_22,2,"(0.341, 0.364]",-8.805938247625622,-0.0151629775739098
1,5,5,1167.0766627885475,876.8171096157962,3441.41421212506,3441.41421212506,215.58698698474748,142.7381591796875,5.522618915366607,5.411752340640622,175.71162989552658,215.5869869847475,0.8059256970882416,1.3345463275909424,3267.667119356224,8.28392837304991,11.045237830733214,13.806547288416516,8.117628510960934,10.823504681281245,13.529380851601555,False,1.5,32.0,107.54419412890812,1402.8971322371435,3.3011757382039453,38.90684389801177,-8.785594520209289,-0.0129274395126473,1.14993,65.37617,60.39264,2022-03-22T22:22:51.958,32.0,Blue,data\RV_UMa\2022_03_22\Light\Blue\reduced_images\RV_Uma_Light_Blue_32_secs_028_reduced.fits,2,0.979925,792.0,4.426809812075749,1172.803506117301,937.0982773009622,7.0,V* RV UMa,False,1.0140497112286,0.0029615631524744,3313.57689877437,40.623007228201296,-8.800742634485324,-0.0133106522169813,2022-03-22 22:22:51.958,0.347123826466218,2022_03_22,2,"(0.341, 0.364]",-8.800742634485324,-0.0133106522169813
1,6,5,1167.653413039035,877.2950740496395,3430.5424808296634,3430.5424808296634,264.6520232281555,106.12684631347656,6.118872640975046,5.996036272707472,199.65145098221024,264.6520232281555,0.7450365424156189,1.3489930629730225,3233.3670525004604,9.17830896146257,12.237745281950092,15.297181602437616,8.994054409061208,11.992072545414944,14.99009068176868,False,1.5,32.0,107.20445252592698,5288.287351218591,4.05248410568113,73.48159148963909,-8.77413752152511,-0.0246744718332706,1.145245,65.61137,60.80843,2022-03-22T22:25:47.252,32.0,Blue,data\RV_UMa\2022_03_22\Light\Blue\reduced_images\RV_Uma_Light_Blue_32_secs_029_reduced.fits,2,0.979925,792.0,4.545772896958759,1172.770117417555,937.1021283539276,7.0,V* RV UMa,False,1.0076765718848946,0.0071521065374999,3258.18822710923,77.57284268451198,-8.782440425248588,-0.0258498398305574,2022-03-22 22:25:47.252,0.35145846270059433,2022_03_22,2,"(0.341, 0.364]",-8.782440425248588,-0.0258498398305574
1,5,5,1168.8081411236851,890.0385141218168,3380.676839542646,3380.676839542646,210.9494760870433,156.11329650878906,5.462897225782795,5.353229563975206,167.19950725758562,210.9494760870436,0.7900525331497192,1.3394131660461426,3214.015671593472,8.194345838674192,10.92579445156559,13.657243064456988,8.029844345962807,10.706459127950412,13.383073909938014,False,1.5,32.0,105.64615123570768,2190.8499348297296,3.2301638525828507,47.95546110630176,-8.767619975148879,-0.0161999771187076,1.140771,65.8378,61.21394,2022-03-22T22:28:37.758,32.0,Blue,data\RV_UMa\2022_03_22\Light\Blue\reduced_images\RV_Uma_Light_Blue_32_secs_030_reduced.fits,2,0.979925,792.0,11.130587892792851,1172.7975756009632,937.0670495748616,7.0,V* RV UMa,False,1.0157694331625529,0.004167605262612,3264.6988769100626,50.51978012577652,-8.784607824573454,-0.0168012905346084,2022-03-22 22:28:37.758,0.3556747021941238,2022_03_22,2,"(0.341, 0.364]",-8.784607824573454,-0.0168012905346084
1,5,5,1168.8538724604798,877.7223881446183,3296.990535611857,3296.990535611857,205.1709550501656,144.74063110351562,5.387555345433188,5.2794001718736165,161.42058084389475,205.17095505016567,0.7801623344421387,1.3250763416290283,3136.923884360197,8.081333018149781,10.775110690866375,13.46888836358297,7.919100257810425,10.558800343747231,13.198500429684042,False,1.5,32.0,103.03095423787052,4848.784740585948,3.1416802492056606,70.39145811157078,-8.741259952304294,-0.0243635349134509,1.136232,66.06912,61.63402,2022-03-22T22:31:33.988,32.0,Blue,data\RV_UMa\2022_03_22\Light\Blue\reduced_images\RV_Uma_Light_Blue_32_secs_031_reduced.fits,2,0.979925,792.0,5.361678247188977,1172.739489985447,937.0501662656658,7.0,V* RV UMa,False,1.0220146702443391,0.004233735563298,3205.982229255978,73.15671362891473,-8.764902776831452,-0.0247752130012487,2022-03-22 22:31:33.988,0.36003248365603646,2022_03_22,2,"(0.341, 0.364]",-8.764902776831452,-0.0247752130012487
1,6,5,1169.7219942725585,889.7694061135018,3341.279075739448,3341.279075739448,256.1660728563727,110.98997497558594,6.019973920026956,5.899122943582415,194.1478664521349,256.16607285637264,0.7490378022193909,1.2853012084960938,3149.4010035239385,9.029960880040434,12.039947840053912,15.04993480006739,8.848684415373622,11.79824588716483,14.747807358956038,False,1.5,32.0,104.41497111685776,1375.5636558714104,3.922542990613207,38.52143779739902,-8.745569903838087,-0.0132800236074022,1.131866,66.29323,62.04689,2022-03-22T22:34:28.106,32.0,Blue,data\RV_UMa\2022_03_22\Light\Blue\reduced_images\RV_Uma_Light_Blue_32_secs_032_reduced.fits,2,0.979925,792.0,11.321771692880723,1172.7849681424595,937.1641998478432,7.0,V* RV UMa,False,1.0263285573163208,0.0015305001405717,3232.3201883572965,39.82840297422597,-8.773785936838351,-0.013378358753744,2022-03-22 22:34:28.106,0.3643380399891525,2022_03_22,2,"(0.364, 0.386]",-8.773785936838351,-0.013378358753744
1,6,6,1170.5485548618844,891.9894140158026,3246.215964903079,3246.215964903079,223.2430798875192,106.70477294921876,5.619825198954743,5.507007208085727,166.00268224013854,223.24307988751912,0.7230805158615112,1.2727138996124268,3084.793243535499,8.429737798432114,11.239650397909486,14.049562997386856,8.26051081212859,11.014014416171454,13.767518020214316,False,1.5,32.0,101.44424890322122,1183.3966791122114,3.418409660777637,35.89232978891465,-8.723065152527097,-0.0126328083759286,1.12756,66.51555,62.46269,2022-03-22T22:37:21.470,32.0,Blue,data\RV_UMa\2022_03_22\Light\Blue\reduced_images\RV_Uma_Light_Blue_32_secs_033_reduced.fits,2,0.979925,792.0,13.66124515633308,1172.741912803423,937.0438787583691,7.0,V* RV UMa,False,1.0278769380870885,0.0058216414614289,3170.787833797007,41.03164403518404,-8.75291795787922,-0.0140499912970838,2022-03-22 22:37:21.470,0.3686249515556437,2022_03_22,2,"(0.364, 0.386]",-8.75291795787922,-0.0140499912970838
1,5,5,1170.431514621812,889.0138549899973,3245.936625425465,3245.936625425465,232.7981836269808,116.93915557861328,5.738833150237558,5.623626074746539,178.47717713503692,232.79818362698072,0.7762666940689087,1.2208330631256104,3065.2231490361023,8.608249725356337,11.477666300475116,14.347082875593896,8.43543911211981,11.24725214949308,14.059065186866349,False,1.5,32.0,101.4355195445458,1608.9413817794205,3.564722186788143,41.3997780611292,-8.716155241889194,-0.014664262836477,1.122994,66.75286,62.91367,2022-03-22T22:40:30.766,32.0,Blue,data\RV_UMa\2022_03_22\Light\Blue\reduced_images\RV_Uma_Light_Blue_32_secs_034_reduced.fits,2,0.979925,792.0,11.073118897188763,1172.7714798382212,937.0971469906945,7.0,V* RV UMa,False,1.0184859141548348,0.0033570910451711,3121.886601034596,43.40257805184303,-8.736042809404589,-0.0150946387210572,2022-03-22 22:40:30.766,0.37330582654636046,2022_03_22,2,"(0.364, 0.386]",-8.736042809404589,-0.0150946387210572
1,5,6,1171.566759418845,901.3713848947858,3198.4298239858613,3198.4298239858613,188.31586978295127,161.8846435546875,5.161515844409912,5.057898413833383,146.18805494431544,188.31586978295127,0.7755149602890015,1.368011236190796,3052.388049709347,7.742273766614868,10.323031688819825,12.90378961102478,7.586847620750075,10.115796827666768,12.64474603458346,False,1.5,32.0,99.95093199955816,8.538740780936072,2.8835867560514417,10.55335299971273,-8.711599361489018,-0.0037538338005457,1.11884,66.96995,63.33333,2022-03-22T22:43:25.947,32.0,Blue,data\RV_UMa\2022_03_22\Light\Blue\reduced_images\RV_Uma_Light_Blue_32_secs_035_reduced.fits,2,0.979925,792.0,22.671390350478376,1172.7694940972096,937.0765747550372,7.0,V* RV UMa,False,1.0304747192393653,0.0023491351179105,3145.408718533833,13.026146729000573,-8.744192715606504,-0.0044963819896703,2022-03-22 22:43:25.947,0.377637668538525,2022_03_22,2,"(0.364, 0.386]",-8.744192715606504,-0.0044963819896703
1,5,6,1171.5461971080183,899.2900782914655,3162.007521178345,3162.007521178345,182.49840805473545,170.4070587158203,5.081165548556128,4.979161150168864,144.0741108754455,182.49840805473548,0.7845893502235413,1.4832632541656494,3018.821213785849,7.621748322834192,10.162331097112256,12.70291387139032,7.468741725253295,9.958322300337729,12.44790287542216,False,1.5,32.0,98.81273503682328,7.728319289831308,2.794506873338136,10.456364626388693,-8.699593482983843,-0.0037606909588345,1.114832,67.18039,63.74713,2022-03-22T22:46:17.927,32.0,Blue,data\RV_UMa\2022_03_22\Light\Blue\reduced_images\RV_Uma_Light_Blue_32_secs_036_reduced.fits,2,0.979925,792.0,20.71357553113257,1172.7656198400596,937.0849258987656,7.0,V* RV UMa,False,1.0366885091578604,0.0066162895315572,3129.5772635337744,22.725359514005003,-8.73871419489357,-0.0078840506281795,2022-03-22 22:46:17.927,0.3818903568198584,2022_03_22,2,"(0.364, 0.386]",-8.73871419489357,-0.0078840506281795
1,6,5,1168.832347438465,886.4072009316496,3220.604530593175,3220.604530593175,272.0173277247142,102.12710571289062,6.203432907245711,6.078898991632753,196.8727556820384,272.01732772471433,0.7186596691608429,1.2820162773132324,3025.1166478445152,9.305149360868564,12.406865814491422,15.508582268114278,9.11834848744913,12.157797983265509,15.197247479081884,False,1.5,32.0,100.64389158103673,811.507867587808,4.165265330784686,30.27072883991447,-8.701855314031944,-0.0108643831203432,1.105282,67.67999,64.77117,2022-03-22T22:53:19.548,32.0,Blue,data\RV_UMa\2022_03_22\Light\Blue\reduced_images\RV_Uma_Light_Blue_32_secs_037_reduced.fits,2,0.979925,792.0,8.025198162324125,1172.7610437581022,937.0396499174918,7.0,V* RV UMa,False,1.0150477633797852,0.0035748360443395,3070.6378873575286,32.57377093753028,-8.718071510502872,-0.0115176467332687,2022-03-22 22:53:19.548,0.392316119617071,2022_03_22,2,"(0.386, 0.409]",-8.718071510502872,-0.0115176467332687
1,6,6,1169.2616156948675,885.8048583306958,3200.0180774075643,3200.0180774075643,237.6698203070195,111.09732055664062,5.798568921198455,5.682162650105396,174.94851700064476,237.6698203070196,0.7451128363609314,1.20644211769104,3022.9272434812083,8.697853381797682,11.59713784239691,14.496422302996136,8.523243975158094,11.364325300210792,14.20540662526349,False,1.5,32.0,100.00056491898638,1494.9582135565693,3.639319123451236,39.9824723797692,-8.7010692365065,-0.0143603912108932,1.101295,67.88972,65.21581,2022-03-22T22:56:24.666,32.0,Blue,data\RV_UMa\2022_03_22\Light\Blue\reduced_images\RV_Uma_Light_Blue_32_secs_038_reduced.fits,2,0.979925,792.0,7.834601455078866,1172.7367041840912,937.0527061784276,7.0,V* RV UMa,False,1.0009683046454092,0.0063908200471836,3025.854357973805,44.440056258971794,-8.702120051244925,-0.015945968415401,2022-03-22 22:56:24.666,0.3968936818293276,2022_03_22,2,"(0.386, 0.409]",-8.702120051244925,-0.015945968415401
1,6,6,1168.8294247562592,885.4925705690084,3169.0976206495225,3169.0976206495225,216.5737516864812,153.15512084960938,5.535243294852454,5.424123285708292,157.61622764625218,216.5737516864811,0.7056352198123932,1.5051034688949585,3016.275553772637,8.302864942278681,11.070486589704908,13.838108237131134,8.136184928562438,10.848246571416585,13.560308214270728,False,1.5,32.0,99.03430064529758,13633.726162038212,3.316285572699244,117.2010100138058,-8.698677535647214,-0.0421875845020361,1.097184,68.11066,65.68562,2022-03-22T22:59:38.496,32.0,Blue,data\RV_UMa\2022_03_22\Light\Blue\reduced_images\RV_Uma_Light_Blue_32_secs_039_reduced.fits,2,0.979925,792.0,7.313800307084313,1172.741740347563,936.9849084667776,7.0,V* RV UMa,False,0.9914033137591648,0.0042174912130828,2990.345579220952,116.8877631961458,-8.68930345114235,-0.0424396689389702,2022-03-22 22:59:38.496,0.4016866726978652,2022_03_22,2,"(0.386, 0.409]",-8.68930345114235,-0.0424396689389702
1,6,6,1169.1244187607929,885.5971384937974,3168.733374329369,3168.733374329369,227.2658512045089,139.4420166015625,5.670232886864114,5.556402961660317,163.96578187340424,227.2658512045088,0.7099983990192413,1.3389523029327393,3007.3749838224226,8.505349330296172,11.340465773728228,14.175582217160285,8.334604442490477,11.112805923320634,13.891007404150791,False,1.5,32.0,99.02291794779278,9080.368565656194,3.4800083465690417,95.82730034781608,-8.695468957058344,-0.034596008130524,1.093388,68.30999,66.13047,2022-03-22T23:02:42.712,32.0,Blue,data\RV_UMa\2022_03_22\Light\Blue\reduced_images\RV_Uma_Light_Blue_32_secs_040_reduced.fits,2,0.979925,792.0,7.588651194692935,1172.7377183657377,937.0520654821906,7.0,V* RV UMa,False,0.9799280644538768,0.0037900378939701,2947.0111469841154,94.59308109368658,-8.673454446398257,-0.0348499302312244,2022-03-22 23:02:42.712,0.4062419304280329,2022_03_22,2,"(0.386, 0.409]",-8.673454446398257,-0.0348499302312244
1,6,6,1169.3937072751676,884.8331558343092,3154.6109381519445,3154.6109381519445,237.56842371185024,125.22308349609376,5.797331873373842,5.680950436015863,167.71249333516715,237.56842371185013,0.6880127787590027,1.3063360452651978,2991.1608268085583,8.695997810060764,11.594663746747685,14.493329683434606,8.521425654023794,11.361900872031724,14.202376090039657,False,1.5,32.0,98.58159181724828,7048.795226589805,3.6377664880877054,84.56367177987921,-8.689599411312617,-0.0306950529827109,1.089653,68.50745,66.57893,2022-03-22T23:05:47.666,32.0,Blue,data\RV_UMa\2022_03_22\Light\Blue\reduced_images\RV_Uma_Light_Blue_32_secs_041_reduced.fits,2,0.979925,792.0,7.242338951534415,1172.787496387462,937.0482998961684,7.0,V* RV UMa,False,0.9668347315463144,0.003043305057215,2891.958174999304,82.2642965036764,-8.65298001918905,-0.0308847222774999,2022-03-22 23:05:47.666,0.41081543727991043,2022_03_22,2,"(0.409, 0.432]",-8.65298001918905,-0.0308847222774999
1,6,6,1168.910449056898,885.174711361747,3153.245708686976,3153.245708686976,238.2520130984317,130.19680786132812,5.805666625420405,5.68911786791509,166.56643416556247,238.2520130984316,0.7027263939380646,1.4321733713150024,2985.8197306738302,8.708499938130608,11.61133325084081,14.514166563551012,8.533676801872636,11.37823573583018,14.222794669787726,False,1.5,32.0,98.538928396468,10213.810871050537,3.648233950569735,101.56770172351828,-8.68765895896067,-0.0369331510078847,1.08609,68.69719,67.01739,2022-03-22T23:08:47.349,32.0,Blue,data\RV_UMa\2022_03_22\Light\Blue\reduced_images\RV_Uma_Light_Blue_32_secs_042_reduced.fits,2,0.979925,792.0,7.133733077273306,1172.764477961954,937.0271283909676,7.0,V* RV UMa,False,0.9723769676277564,0.0061532617749986,2903.342335595743,100.45646344451612,-8.657245617218418,-0.0375667788212417,2022-03-22 23:08:47.349,0.41525860386006563,2022_03_22,2,"(0.409, 0.432]",-8.657245617218418,-0.0375667788212417
1,6,6,1169.4156224788253,885.0949578010261,3123.3621272977,3123.3621272977,221.33604575936937,114.25157165527344,5.595770288909101,5.483435200359251,154.53023522374946,221.33604575936937,0.6924574375152588,1.3105454444885254,2970.0963362214065,8.393655433363651,11.191540577818202,13.989425722272752,8.225152800538877,10.966870400718502,13.708588000898128,False,1.5,32.0,97.6050664780531,10652.126544053432,3.389208200690343,103.69725559884492,-8.681926340137169,-0.0379071423928825,1.082519,68.8847,67.46797,2022-03-22T23:11:54.037,32.0,Blue,data\RV_UMa\2022_03_22\Light\Blue\reduced_images\RV_Uma_Light_Blue_32_secs_043_reduced.fits,2,0.979925,792.0,7.435560626300798,1172.754082654384,937.052222217784,7.0,V* RV UMa,False,0.9642229282217224,0.0058642692266608,2863.834986412014,101.49296441083764,-8.642369975993082,-0.0384779802299758,2022-03-22 23:11:54.037,0.41987498872961826,2022_03_22,2,"(0.409, 0.432]",-8.642369975993082,-0.0384779802299758
1,5,5,1170.0215165104316,886.2904749154377,3127.607249730543,3127.607249730543,254.86225202684307,88.905029296875,6.0046343004645255,5.884091266882701,176.69064210436096,254.8622520268429,0.6755574345588684,1.5200941562652588,2955.433160585393,9.00695145069679,12.009268600929053,15.011585751161313,8.826136900324052,11.7681825337654,14.71022816720675,False,1.5,32.0,97.73772655407949,134.32347150380923,3.9025782341610338,15.361112469220767,-8.676552854723026,-0.005643205258579,1.07904,69.06871,67.91826,2022-03-22T23:14:57.939,32.0,Blue,data\RV_UMa\2022_03_22\Light\Blue\reduced_images\RV_Uma_Light_Blue_32_secs_044_reduced.fits,2,0.979925,792.0,8.707969668479084,1172.734420811727,937.0490546277384,7.0,V* RV UMa,False,0.9661300087567528,0.0046696883266641,2855.3326653163635,20.266143069955746,-8.639141784339742,-0.0077061722191382,2022-03-22 23:14:57.939,0.4244224819283273,2022_03_22,2,"(0.409, 0.432]",-8.639141784339742,-0.0077061722191382
1,5,5,1170.2413495840212,884.6126664242821,3062.958640241858,3062.958640241858,251.9329393138642,92.30116271972656,5.970026809504068,5.850178521303274,175.84771509161936,251.9329393138643,0.6921253800392151,1.3799717426300049,2888.5894588748533,8.955040214256101,11.940053619008136,14.925067023760173,8.775267781954911,11.700357042606548,14.625446303258189,False,1.5,32.0,95.71745750755808,180.1396259652852,3.857723133243545,16.724676577024944,-8.651714555186127,-0.0062863162561076,1.075674,69.23711,68.36519,2022-03-22T23:18:03.326,32.0,Blue,data\RV_UMa\2022_03_22\Light\Blue\reduced_images\RV_Uma_Light_Blue_32_secs_045_reduced.fits,2,0.979925,792.0,7.7608721270010355,1172.8013367009594,937.0873397661354,7.0,V* RV UMa,False,0.9716646246570748,0.0062361294462301,2806.740192346017,24.26062994550696,-8.620505534389313,-0.0093847818027144,2022-03-22 23:18:03.326,0.4290066959207195,2022_03_22,2,"(0.409, 0.432]",-8.620505534389313,-0.0093847818027144
1,5,5,1170.0086847700377,885.6962214777328,3012.6057371287443,3012.6057371287443,196.5930185937397,140.36708068847656,5.273729499366591,5.167859379666807,136.59927436229844,196.5930185937397,0.6827553510665894,1.2729721069335938,2878.380801701535,7.910594249049886,10.547458998733182,13.184323748416478,7.75178906950021,10.335718759333616,12.91964844916702,False,1.5,32.0,94.14392928527326,18554.85184233928,3.010330597216639,136.5723475020539,-8.647870623356516,-0.0515156098053922,1.072419,69.40328,68.80866,2022-03-22T23:21:04.791,32.0,Blue,data\RV_UMa\2022_03_22\Light\Blue\reduced_images\RV_Uma_Light_Blue_32_secs_046_reduced.fits,2,0.979925,792.0,8.279567125705595,1172.7319527782197,937.0750686347516,7.0,V* RV UMa,False,0.9690217780100028,0.0030022517339219,2789.213682254679,132.62341872463062,-8.613704467333504,-0.0516253194311488,2022-03-22 23:21:04.791,0.43349392745329496,2022_03_22,2,"(0.432, 0.455]",-8.613704467333504,-0.0516253194311488
1,5,5,1169.8199452404724,885.2098101108467,3039.1012713689206,3039.1012713689206,249.83818592961376,99.54689025878906,5.945155433072101,5.825806437753179,172.0874388693514,249.8381859296138,0.6738623976707458,1.305844783782959,2870.7447123686816,8.91773314960815,11.8903108661442,14.862888582680252,8.738709656629768,11.651612875506355,14.564516094382949,False,1.5,32.0,94.97191473027875,460.77292443057127,3.82564722204721,23.65524226007625,-8.644986433924023,-0.0089465819943626,1.069097,69.57369,69.2734,2022-03-22T23:24:14.517,32.0,Blue,data\RV_UMa\2022_03_22\Light\Blue\reduced_images\RV_Uma_Light_Blue_32_secs_047_reduced.fits,2,0.979925,792.0,7.811138456920189,1172.7577345545185,937.057398519394,7.0,V* RV UMa,False,0.9707437381587256,0.0045372808950164,2786.7574533841694,26.400150663512488,-8.612747928384682,-0.0102856455453762,2022-03-22 23:24:14.517,0.4381854354011052,2022_03_22,2,"(0.432, 0.455]",-8.612747928384682,-0.0102856455453762
1,6,6,1169.2544369841876,885.306317174073,3016.635285889014,3016.635285889014,223.24122083335595,137.10842895507812,5.619801799391387,5.506984278268605,149.74158718807945,223.2412208333559,0.6595696210861206,1.3503048419952393,2869.3921584531545,8.42970269908708,11.239603598782772,14.049504498478466,8.260476417402908,11.01396855653721,13.767460695671511,False,1.5,32.0,94.26985268403168,13065.306299074247,3.4183811940107627,114.73009427762312,-8.644474767803441,-0.0434121968186045,1.065933,69.72714,69.72821,2022-03-22T23:27:21.762,32.0,Blue,data\RV_UMa\2022_03_22\Light\Blue\reduced_images\RV_Uma_Light_Blue_32_secs_048_reduced.fits,2,0.979925,792.0,7.467670987172663,1172.7355918674984,937.004802121882,7.0,V* RV UMa,False,0.9521995730857268,0.0042580773288443,2732.2339882946253,109.9270608354204,-8.591294723864975,-0.043682858182348,2022-03-22 23:27:21.762,0.44281559365926704,2022_03_22,2,"(0.432, 0.455]",-8.591294723864975,-0.043682858182348
1,6,6,1170.2972437396988,893.2284216164719,2975.30892564034,2975.30892564034,214.96054522007253,115.87408447265624,5.514589404802374,5.403884022500966,150.44517675618033,214.96054522007245,0.6894940137863159,1.1894233226776123,2827.0949165108573,8.271884107203562,11.029178809604748,13.786473512005934,8.10582603375145,10.807768045001932,13.509710056252414,False,1.5,32.0,92.97840392626064,1530.038973740987,3.29158334868236,40.32752113651334,-8.628350974199492,-0.0154876475813906,1.062843,69.8754,70.18496,2022-03-22T23:30:29.299,32.0,Blue,data\RV_UMa\2022_03_22\Light\Blue\reduced_images\RV_Uma_Light_Blue_32_secs_049_reduced.fits,2,0.979925,792.0,14.650816263277532,1172.7506538849243,936.9943241979732,7.0,V* RV UMa,False,0.9600449176505288,0.0024595531176955,2714.1381063118947,39.33568649222594,-8.584079856359374,-0.0157354479730801,2022-03-22 23:30:29.299,0.44745297243712656,2022_03_22,2,"(0.432, 0.455]",-8.584079856359374,-0.0157354479730801
1,6,6,1170.9350992354211,894.4923187033364,2990.139425648623,2990.139425648623,240.5554294965129,105.21285247802734,5.833663662415772,5.716552864392775,162.52531718628268,240.5554294965131,0.6609630584716797,1.277271389961243,2831.141173236639,8.750495493623657,11.667327324831543,14.58415915603943,8.574829296589161,11.43310572878555,14.29138216098194,False,1.5,32.0,93.44185705151946,205.18846632818185,3.683505014165354,17.387174249827563,-8.629903814377988,-0.0066679418037972,1.059822,70.01571,70.64392,2022-03-22T23:33:36.195,32.0,Blue,data\RV_UMa\2022_03_22\Light\Blue\reduced_images\RV_Uma_Light_Blue_32_secs_050_reduced.fits,2,0.979925,792.0,16.06620374588265,1172.745199860697,937.0507898672524,7.0,V* RV UMa,False,0.9611346537634176,0.003066143867129,2721.107891294153,18.83150888102104,-8.586864404490516,-0.0075138700114623,2022-03-22 23:33:36.195,0.45207450069057664,2022_03_22,2,"(0.432, 0.455]",-8.586864404490516,-0.0075138700114623
1,5,5,1170.9122812052772,886.2290589113244,2963.0459535768337,2963.0459535768337,225.05109955857284,114.05965423583984,5.642536462188152,5.529262542709724,150.54488298751096,225.0510995585728,0.6722061038017273,1.184931993484497,2811.765230786271,8.463804693282228,11.285072924376305,14.106341155470378,8.293893814064587,11.058525085419449,13.82315635677431,False,1.5,32.0,92.59518604927604,156.4644458428629,3.4460949619906462,15.89042878131769,-8.62244764077125,-0.0061359368300399,1.057015,70.14132,71.08255,2022-03-22T23:36:35.239,32.0,Blue,data\RV_UMa\2022_03_22\Light\Blue\reduced_images\RV_Uma_Light_Blue_32_secs_051_reduced.fits,2,0.979925,792.0,9.30488078277082,1172.7338176216638,937.0909276466236,7.0,V* RV UMa,False,0.962054629443248,0.0049552995689034,2705.071757185495,20.684264893002037,-8.580446975211235,-0.0083020552794895,2022-03-22 23:36:35.239,0.45650186620193445,2022_03_22,2,"(0.455, 0.477]",-8.580446975211235,-0.0083020552794895
1,7,6,1171.969077432988,895.8905516906832,2928.2491578545823,2928.2491578545823,215.2564770136865,117.93612670898438,5.518384010581775,5.407602451569346,150.61998396563388,215.25647701368663,0.6861971914768219,1.192558765411377,2780.5407678805955,8.277576015872661,11.03676802116355,13.795960026454438,8.111403677354017,10.815204903138692,13.519006128923364,False,1.5,32.0,91.5077861829557,6.93490094717699,3.296114804272076,10.086565418139356,-8.610323167553863,-0.0039385681312929,1.054253,70.25921,71.52618,2022-03-22T23:39:36.877,32.0,Blue,data\RV_UMa\2022_03_22\Light\Blue\reduced_images\RV_Uma_Light_Blue_32_secs_052_reduced.fits,2,0.979925,792.0,17.776834031042622,1172.782247984962,937.0264766462772,7.0,V* RV UMa,False,0.9629515519835696,0.0043075586703994,2677.526047784206,15.420656636778595,-8.569334261181695,-0.0062530727667616,2022-03-22 23:39:36.877,0.4609933756451543,2022_03_22,2,"(0.455, 0.477]",-8.569334261181695,-0.0062530727667616
1,6,6,1171.8958410963903,888.5595269416809,2893.8102539717283,2893.8102539717283,204.96899805984168,110.8837890625,5.384903112452807,5.276801182470317,141.032081031697,204.9689980598418,0.6872897744178772,1.269348382949829,2752.9371575325213,8.07735466867921,10.769806224905611,13.462257781132015,7.915201773705474,10.553602364940634,13.192002956175791,False,1.5,32.0,90.43157043661652,67.6769723442645,3.1385877827913253,12.698312114752587,-8.599490744204033,-0.0050081118504946,1.05154,70.36847,71.97459,2022-03-22T23:42:39.136,32.0,Blue,data\RV_UMa\2022_03_22\Light\Blue\reduced_images\RV_Uma_Light_Blue_32_secs_053_reduced.fits,2,0.979925,792.0,11.645162432736088,1172.7384203342554,937.027913391427,7.0,V* RV UMa,False,0.9595573046551727,0.0035663990623637,2641.600958766979,15.648095048675076,-8.554668033863965,-0.0064315934143865,2022-03-22 23:42:39.136,0.4655002410566418,2022_03_22,2,"(0.455, 0.477]",-8.554668033863965,-0.0064315934143865
1,6,6,1172.202364902393,890.3441160784712,2885.367418816451,2885.367418816451,240.76551776185897,89.17108154296875,5.836210511615631,5.719048585594948,160.1816977065993,240.7655177618592,0.6810658574104309,1.1077501773834229,2721.3902450271044,8.754315767423446,11.672421023231262,14.59052627903908,8.578572878392421,11.438097171189897,14.29762146398737,False,1.5,32.0,90.16773183801408,21.856744641650565,3.686721990728465,10.75691398452145,-8.586977059254195,-0.0042916193242794,1.048974,70.46466,72.41103,2022-03-22T23:45:37.094,32.0,Blue,data\RV_UMa\2022_03_22\Light\Blue\reduced_images\RV_Uma_Light_Blue_32_secs_054_reduced.fits,2,0.979925,792.0,13.201497166491736,1172.751699416417,937.1006997053728,7.0,V* RV UMa,False,0.961669734124856,0.0041989801027879,2617.078633385192,15.413906073918008,-8.544541929385561,-0.0063947012014487,2022-03-22 23:45:37.094,0.4699007521693863,2022_03_22,2,"(0.455, 0.477]",-8.544541929385561,-0.0063947012014487
1,6,6,1173.1331711851776,901.6641274439974,2866.3735510540337,2866.3735510540337,244.86879162414087,96.34368896484376,5.885732549209058,5.767576468283687,166.3128461136242,244.86879162414093,0.6692304611206055,1.366500735282898,2702.4998967213646,8.828598823813586,11.771465098418116,14.714331373022643,8.651364702425528,11.535152936567371,14.418941170709216,False,1.5,32.0,89.57417347043855,15.96379657492028,3.749553371744657,10.454067314548126,-8.579414215070916,-0.0041999481236441,1.046411,70.55216,72.85982,2022-03-22T23:48:39.967,32.0,Blue,data\RV_UMa\2022_03_22\Light\Blue\reduced_images\RV_Uma_Light_Blue_32_secs_055_reduced.fits,2,0.979925,792.0,23.510619596418938,1172.7078414040982,937.0248436773604,7.0,V* RV UMa,False,0.9648417662352676,0.0039366515783775,2607.48477360327,14.66021749580957,-8.540554452612781,-0.0061043995600531,2022-03-22 23:48:39.967,0.4744228004544908,2022_03_22,2,"(0.455, 0.477]",-8.540554452612781,-0.0061043995600531
1,6,6,1173.4504018254038,891.8444319098415,2856.76784770253,2856.76784770253,214.6805442142772,114.3813247680664,5.510996667057635,5.400363408966453,144.71824995885638,214.6805442142772,0.6613298654556274,1.1545778512954712,2714.7931922813614,8.266495000586453,11.02199333411527,13.777491667644089,8.10054511344968,10.800726817932906,13.500908522416134,False,1.5,32.0,89.27399524070407,17.05982432621567,3.287295833281118,10.47001028653749,-8.584341878668594,-0.0041873057824824,1.044083,70.62314,73.27978,2022-03-22T23:51:31.638,32.0,Blue,data\RV_UMa\2022_03_22\Light\Blue\reduced_images\RV_Uma_Light_Blue_32_secs_056_reduced.fits,2,0.979925,792.0,15.15257938202166,1172.764726996279,937.0326051374144,7.0,V* RV UMa,False,0.960096241643442,0.0044603762828573,2606.4627407485373,15.737691636170576,-8.540128802725054,-0.0065556208886387,2022-03-22 23:51:31.638,0.4786678478434032,2022_03_22,2,"(0.477, 0.5]",-8.540128802725054,-0.0065556208886387
1,6,6,1174.119399516586,905.0877533541178,2844.8038097852154,2844.8038097852154,193.6525772306758,135.5033721923828,5.234141331148964,5.129065943926149,133.809251053539,193.6525772306757,0.6911942362785339,1.2203128337860107,2710.952264562889,7.851211996723445,10.468282662297929,13.085353327872408,7.693598915889223,10.258131887852295,12.82266485981537,False,1.5,32.0,88.90011905578798,16.041610117170542,2.965305088844723,10.387831066291136,-8.582804676080087,-0.004160325663057,1.04177,70.68365,73.70918,2022-03-22T23:54:26.310,32.0,Blue,data\RV_UMa\2022_03_22\Light\Blue\reduced_images\RV_Uma_Light_Blue_32_secs_057_reduced.fits,2,0.979925,792.0,27.05175807472284,1172.7828205772948,937.0165141606263,7.0,V* RV UMa,False,0.960202235294532,0.0041250276260711,2603.06242421006,14.984758620321294,-8.538711457696152,-0.0062501363018912,2022-03-22 23:54:26.310,0.4829871033817046,2022_03_22,2,"(0.477, 0.5]",-8.538711457696152,-0.0062501363018912
1,5,6,1174.9692686430162,904.8334629582736,2806.5376157271853,2806.5376157271853,201.35960044860485,128.55850219726562,5.33727985237628,5.230133959339827,140.94238703054145,201.3596004486048,0.7054692804813385,1.2643382549285889,2664.484603280698,8.00591977856442,10.67455970475256,13.3431996309407,7.84520093900974,10.460267918679651,13.075334898349569,False,1.5,32.0,87.70430049147454,7.171589133010057,3.0833188818692614,9.897434440619138,-8.564033037535824,-0.0040330512299335,1.039347,70.73455,74.1734,2022-03-22T23:57:34.176,32.0,Blue,data\RV_UMa\2022_03_22\Light\Blue\reduced_images\RV_Uma_Light_Blue_32_secs_058_reduced.fits,2,0.979925,792.0,27.148217935301208,1172.755447374362,937.0788784378858,7.0,V* RV UMa,False,0.9572335188918116,0.0057805812125285,2550.533972831435,18.082852150392,-8.516577781650923,-0.007697685062855,2022-03-22 23:57:34.176,0.48763261760813315,2022_03_22,2,"(0.477, 0.5]",-8.516577781650923,-0.007697685062855
1,5,6,1175.173664896189,903.6099212364542,2817.4266981967626,2817.4266981967626,195.5282188982926,126.84622955322266,5.259428152406551,5.15384513224699,135.55470163148806,195.5282188982925,0.6888218522071838,1.2436532974243164,2682.742588296469,7.889142228609827,10.518856304813102,13.148570381016375,7.730767698370485,10.30769026449398,12.884612830617474,False,1.5,32.0,88.04458431864883,7.117515847838976,2.9940258518801053,9.907377353183229,-8.571447509255744,-0.0040096274362954,1.037082,70.76796,74.62154,2022-03-23T00:00:36.805,32.0,Blue,data\RV_UMa\2022_03_22\Light\Blue\reduced_images\RV_Uma_Light_Blue_32_secs_059_reduced.fits,2,0.979925,792.0,26.120474115220315,1172.7553574123638,937.0405510223832,7.0,V* RV UMa,False,0.9485575912504186,0.005802543853739,2544.735847499412,18.183515437996878,-8.51410676930734,-0.0077581730379644,2022-03-23 00:00:36.805,0.4921486323082833,2022_03_22,2,"(0.477, 0.5]",-8.51410676930734,-0.0077581730379644
1,5,6,1176.121433308039,913.507635042028,2780.9086321341183,2780.9086321341183,193.4854628922663,129.569580078125,5.231882417615855,5.1268523780822175,133.77872824914306,193.4854628922664,0.6844154000282288,1.2446889877319336,2648.4842016490607,7.847823626423783,10.46376483523171,13.07970604403964,7.690278567123326,10.253704756164437,12.817130945205545,False,1.5,32.0,86.9033947541912,7.747705807620946,2.962746150537827,9.879971999573176,-8.557493466723406,-0.0040502576134885,1.034841,70.78495,75.08011,2022-03-23T00:03:43.626,32.0,Blue,data\RV_UMa\2022_03_22\Light\Blue\reduced_images\RV_Uma_Light_Blue_32_secs_060_reduced.fits,2,0.979925,792.0,35.63272023787933,1172.761922113537,937.0379553776846,7.0,V* RV UMa,False,0.9545395059169012,0.0042964799534666,2528.0828012708125,14.77923203386468,-8.506978235285864,-0.0063472396116226,2022-03-23 00:03:43.626,0.49676830597619315,2022_03_22,2,"(0.477, 0.5]",-8.506978235285864,-0.0063472396116226
1,6,6,1150.6074669445643,885.8669818695074,2276.438183863192,2276.438183863192,265.5400457048588,74.25524139404297,6.129129781463531,6.006087501100651,371.0591734223544,265.5400457048589,1.3971364498138428,1.9907138347625728,1905.4425071237,9.193694672195296,12.258259562927062,15.322824453658829,9.009131251650976,12.0121750022013,15.015218752751627,False,1.5,32.0,71.13869324572474,3302.501499472259,4.066081949855649,58.1180374295953,-8.19998962336924,-0.0331161172015898,1.336162,57.37691,48.41918,2022-03-24T20:47:52.004,32.0,Blue,data\RV_UMa\2022_03_24\Light\Blue\reduced_images\RV_Uma_Light_Blue_32_secs_001_reduced.fits,2,0.979925,792.0,14.621265947176417,1172.8364369090737,937.1380472527652,7.0,V* RV UMa,False,1.3358148803911158,0.0183531587302337,2545.318454745593,85.14779415640024,-8.51435531588289,-0.0363208158486151,2022-03-24 20:47:52.004,0.47914154616977456,2022_03_24,3,"(0.477, 0.5]",-8.51435531588289,-0.0363208158486151
1,6,6,1150.0122495045705,886.4017321169931,2236.5210021099288,2236.5210021099288,237.97813976211285,84.83602905273438,5.80232882678856,5.68584707559078,325.1107743408813,237.97813976211293,1.3302024006843567,2.008854866027832,1919.9619092879689,8.703493240182839,11.60465765357712,14.5058220669714,8.528770613386168,11.37169415118156,14.214617688976949,False,1.5,32.0,69.89128131593527,5305.8696818785165,3.644040265107353,73.34442721474862,-8.208231531719626,-0.0414761874488605,1.328876,57.65152,48.77532,2022-03-24T20:50:33.908,32.0,Blue,data\RV_UMa\2022_03_24\Light\Blue\reduced_images\RV_Uma_Light_Blue_32_secs_002_reduced.fits,2,0.979925,792.0,15.383086101954184,1172.800245419657,937.0843396708656,7.0,V* RV UMa,False,1.347183405826636,0.0101543091884589,2586.540824011977,100.71339819967064,-8.531798343440382,-0.0422758387242444,2022-03-24 20:50:33.908,0.48314507706581544,2022_03_24,3,"(0.477, 0.5]",-8.531798343440382,-0.0422758387242444
1,6,6,1150.271777037676,884.9851920102043,2236.550427763652,2236.550427763652,247.1388244917252,80.28199768066406,5.912951175007728,5.794248680169448,340.38204744611994,247.1388244917252,1.3849663734436035,1.9993798732757568,1894.271466270232,8.869426762511592,11.825902350015456,14.78237793751932,8.691373020254172,11.588497360338897,14.48562170042362,False,1.5,32.0,69.89220086761412,4604.960956671878,3.784313250029542,68.40056630459665,-8.193605543657283,-0.039205030844436,1.321687,57.91829,49.13315,2022-03-24T20:53:14.782,32.0,Blue,data\RV_UMa\2022_03_24\Light\Blue\reduced_images\RV_Uma_Light_Blue_32_secs_003_reduced.fits,2,0.979925,792.0,14.605349878790486,1172.80126572388,937.0766366407936,7.0,V* RV UMa,False,1.3284749920448764,0.0122209204293587,2516.492271084183,93.77091346986396,-8.501989002210756,-0.0404572971979007,2022-03-24 20:53:14.782,0.4871231383204453,2022_03_24,3,"(0.477, 0.5]",-8.501989002210756,-0.0404572971979007
1,6,6,1150.8730481435823,884.3435371309221,2261.9951480569475,2261.9951480569475,254.11934650735463,78.49461364746094,5.995876370523526,5.875509152385266,352.616596677015,254.11934650735463,1.382457256317139,2.202630519866944,1910.6860135072857,8.993814555785288,11.991752741047051,14.989690926308814,8.8132637285779,11.751018304770533,14.688772880963166,False,1.5,32.0,70.68734837677961,5721.301436793317,3.8912024933938674,76.13067704718966,-8.202973311299331,-0.0432608140628791,1.31427,58.2022,49.50917,2022-03-24T20:56:06.568,32.0,Blue,data\RV_UMa\2022_03_24\Light\Blue\reduced_images\RV_Uma_Light_Blue_32_secs_004_reduced.fits,2,0.979925,792.0,13.826900587203216,1172.820523888091,937.0963934613528,7.0,V* RV UMa,False,1.342746110648725,0.0111956043796329,2565.5662133078254,104.43834591197898,-8.522958069017331,-0.044197843241586,2022-03-24 20:56:06.568,0.49137102940718513,2022_03_24,3,"(0.477, 0.5]",-8.522958069017331,-0.044197843241586
1,6,6,1150.8535638676576,884.7705682329271,2213.6732812722803,2213.6732812722803,250.5967358142449,71.65658569335938,5.95417382850278,5.834643788895587,338.47073883872537,250.59673581424505,1.3462539315223694,1.9529147148132324,1876.3064404556808,8.93126074275417,11.90834765700556,14.885434571256951,8.75196568334338,11.669287577791174,14.586609472238967,False,1.5,32.0,69.17729003975876,5497.648164269712,3.837262517155625,74.63687236766172,-8.183259423234633,-0.0431890829729292,1.306858,58.48632,49.89214,2022-03-24T20:58:56.351,32.0,Blue,data\RV_UMa\2022_03_24\Light\Blue\reduced_images\RV_Uma_Light_Blue_32_secs_005_reduced.fits,2,0.979925,792.0,13.98524594874078,1172.8081200143124,937.168076817515,7.0,V* RV UMa,False,1.3284691832578182,0.0097369573896623,2492.6152844935423,100.82187242006547,-8.491638134371527,-0.0439161060268519,2022-03-24 20:58:56.351,0.4955693906961116,2022_03_24,3,"(0.477, 0.5]",-8.491638134371527,-0.0439161060268519
1,6,6,1151.357367140037,882.9727917953182,2226.48989616617,2226.48989616617,245.1437495226845,84.54856872558594,5.889036103330149,5.770813703555796,331.20303877932497,245.1437495226844,1.3408654928207395,2.284478187561035,1897.7851016505124,8.833554154995223,11.778072206660298,14.722590258325372,8.656220555333695,11.541627407111593,14.42703425888949,False,1.5,32.0,69.57780925519283,5157.01229155834,3.7537636645661054,72.32111631106159,-8.195617582331343,-0.041375419313363,1.299721,58.7603,50.26797,2022-03-24T21:01:45.206,32.0,Blue,data\RV_UMa\2022_03_24\Light\Blue\reduced_images\RV_Uma_Light_Blue_32_secs_006_reduced.fits,2,0.979925,792.0,12.987442268981502,1172.770387963579,937.104644173793,7.0,V* RV UMa,False,1.3329607476632432,0.0145311217588397,2529.673048000231,100.26804635856304,-8.507660984140092,-0.0430350666059072,2022-03-24 21:01:45.206,0.4997448045799633,2022_03_24,3,"(0.477, 0.5]",-8.507660984140092,-0.0430350666059072
1,6,6,1151.8541733644,882.9574473225516,2246.676882845005,2246.676882845005,269.3764821689388,71.44996643066406,6.173246845318733,6.04931891489896,358.0346648188572,269.3764821689387,1.3137484192848206,2.2648487091064453,1892.783955203056,9.2598702679781,12.346493690637466,15.433117113296833,9.07397837234844,12.09863782979792,15.1232972872474,False,1.5,32.0,70.2086525889064,2929.23146655626,4.1248273832118745,54.80478944880984,-8.19275261465365,-0.0314370501372596,1.292922,59.02847,50.63267,2022-03-24T21:04:29.473,32.0,Blue,data\RV_UMa\2022_03_24\Light\Blue\reduced_images\RV_Uma_Light_Blue_32_secs_007_reduced.fits,2,0.979925,792.0,12.50070395328658,1172.8037722372442,937.1029975174192,7.0,V* RV UMa,False,1.3120156631051034,0.0127807793091235,2483.362196100438,75.86506915027299,-8.487600164065848,-0.0331685214433372,2022-03-24 21:04:29.473,0.503806767284404,2022_03_24,3,"(0.5, 0.523]",-8.487600164065848,-0.0331685214433372
1,6,6,1151.7113410336046,882.2736065509175,2213.464452802414,2213.464452802414,264.94152699998176,68.34864807128906,6.122218454294122,5.999314918824167,349.1514561093539,264.94152699998165,1.3052794933319092,2.00144910812378,1867.641710677296,9.183327681441185,12.244436908588243,15.305546135735304,8.998972378236251,11.998629837648334,14.998287297060418,False,1.5,32.0,69.17076415007544,3875.276645187331,4.056917132187221,62.83712538356281,-8.17823391153349,-0.0365297806542983,1.286455,59.27857,50.98584,2022-03-24T21:07:04.789,32.0,Blue,data\RV_UMa\2022_03_24\Light\Blue\reduced_images\RV_Uma_Light_Blue_32_secs_008_reduced.fits,2,0.979925,792.0,12.497216727765592,1172.7906099480306,937.0704803196384,7.0,V* RV UMa,False,1.340823179050554,0.0153448863290827,2504.177295837748,88.99422371959848,-8.496662684227552,-0.0385852275185603,2022-03-24 21:07:04.789,0.5076473913866479,2022_03_24,3,"(0.5, 0.523]",-8.496662684227552,-0.0385852275185603
1,6,6,1152.379886607885,881.1935443844551,2190.46845232592,2190.46845232592,247.08863218156768,83.55780029296875,5.9123507032885865,5.793660262920068,323.9090450930548,247.08863218156785,1.294361591339111,1.906507968902588,1870.6464171735813,8.868526054932879,11.824701406577171,14.780876758221469,8.690490394380102,11.587320525840136,14.484150657300171,False,1.5,32.0,68.45213913518499,4627.740279212682,3.7835446802802544,68.55637069615155,-8.17997926620849,-0.0397905948704597,1.279672,59.55431,51.36309,2022-03-24T21:09:54.832,32.0,Blue,data\RV_UMa\2022_03_24\Light\Blue\reduced_images\RV_Uma_Light_Blue_32_secs_009_reduced.fits,2,0.979925,792.0,11.68124922443115,1172.797140045556,937.0594449952042,7.0,V* RV UMa,False,1.317451099315121,0.0073372986287648,2464.4851787352272,91.35661535554,-8.47931552669464,-0.0402474259904358,2022-03-24 21:09:54.832,0.5118521819054465,2022_03_24,3,"(0.5, 0.523]",-8.47931552669464,-0.0402474259904358
1,6,6,1152.0124588636832,881.2334249463421,2190.804276776623,2190.804276776623,241.92566156507144,88.28768920898438,5.850254687626519,5.732810824772417,320.3587231821497,241.92566156507127,1.3450459241867063,1.8974130153656008,1865.403151732351,8.77538203143978,11.700509375253038,14.625636719066296,8.599216237158625,11.465621649544834,14.332027061931042,False,1.5,32.0,68.46263364926946,6568.741675569381,3.704486692715156,81.49177133865336,-8.176931765497791,-0.0474313375369174,1.273051,59.82577,51.73818,2022-03-24T21:12:41.273,32.0,Blue,data\RV_UMa\2022_03_24\Light\Blue\reduced_images\RV_Uma_Light_Blue_32_secs_010_reduced.fits,2,0.979925,792.0,12.050829000245074,1172.804820446058,937.0545514029288,7.0,V* RV UMa,False,1.326605348158043,0.0075512596912337,2474.6537975590063,109.02125313007512,-8.483786125015934,-0.0478322752573234,2022-03-24 21:12:41.273,0.5159679028627284,2022_03_24,3,"(0.5, 0.523]",-8.483786125015934,-0.0478322752573234
1,6,6,1152.890770350368,881.3483231177422,2209.0900481505387,2209.0900481505387,249.3220957640907,84.04084014892578,5.939011811769956,5.8197861496486745,330.4359592571991,249.3220957640907,1.2956612706184387,1.936821460723877,1886.053064759585,8.908517717654934,11.878023623539912,14.84752952942489,8.729679224473012,11.639572299297347,14.549465374121686,False,1.5,32.0,69.03406400470433,5856.750880090411,3.817744591387638,77.00391346345005,-8.188884768999124,-0.0443285177482463,1.266554,60.08862,52.11321,2022-03-24T21:15:25.708,32.0,Blue,data\RV_UMa\2022_03_24\Light\Blue\reduced_images\RV_Uma_Light_Blue_32_secs_011_reduced.fits,2,0.979925,792.0,11.190753264999644,1172.7580139450793,937.0577248727162,7.0,V* RV UMa,False,1.2947003330618905,0.0079235080351628,2441.8735311166333,100.81080354865271,-8.46930791830914,-0.0448237543217399,2022-03-24 21:15:25.708,0.5200340198387803,2022_03_24,3,"(0.5, 0.523]",-8.46930791830914,-0.0448237543217399
1,6,6,1153.1769977379402,880.1515601064552,2189.428335664976,2189.428335664976,247.9476832688692,76.33739471435547,5.922619497067467,5.803722910663838,321.427747729842,247.9476832688692,1.2987544536590576,2.0075364112854004,1867.4051777450863,8.883929245601202,11.845238994134936,14.806548742668667,8.705584365995758,11.607445821327676,14.509307276659596,False,1.5,32.0,68.41963548953049,5404.87209694484,3.796698900054559,74.00735390036874,-8.17809639659666,-0.0430289390356112,1.260172,60.35081,52.48853,2022-03-24T21:18:12.779,32.0,Blue,data\RV_UMa\2022_03_24\Light\Blue\reduced_images\RV_Uma_Light_Blue_32_secs_012_reduced.fits,2,0.979925,792.0,10.824063397376294,1172.7693678763185,937.0863402866177,7.0,V* RV UMa,False,1.2905983123147438,0.0060937454098687,2410.0699708056227,96.18925270370724,-8.45507412873349,-0.0433332456875239,2022-03-24 21:18:12.779,0.5241653193145943,2022_03_24,3,"(0.523, 0.545]",-8.45507412873349,-0.0433332456875239
1,6,6,1153.9566609100054,885.8485035394173,2209.553728366938,2209.553728366938,261.30602368628115,70.65492248535156,6.080069102630661,5.958011715395351,344.8074374896139,261.3060236862809,1.3147270679473877,2.03650164604187,1866.0076260088829,9.120103653945993,12.160138205261322,15.200172756576652,8.937017573093028,11.916023430790702,14.895029288488375,False,1.5,32.0,69.0485540114668,4262.840957729107,4.00124848769618,65.84748104694872,-8.177283535727181,-0.0383133451162308,1.253751,60.61813,52.87325,2022-03-24T21:21:02.680,32.0,Blue,data\RV_UMa\2022_03_24\Light\Blue\reduced_images\RV_Uma_Light_Blue_32_secs_013_reduced.fits,2,0.979925,792.0,11.622119158190948,1172.838243532105,937.1151368546758,7.0,V* RV UMa,False,1.27492445464575,0.0077894860087118,2379.0187549541856,85.19959145115902,-8.440994664509942,-0.0388833761299649,2022-03-24 21:21:02.680,0.528366598484773,2022_03_24,3,"(0.523, 0.545]",-8.440994664509942,-0.0388833761299649
1,6,6,1155.0859388416263,899.9550658904468,2181.1237001238,2181.1237001238,244.1148944964748,94.58592224121094,5.87666512697809,5.758691074554005,313.5420279617487,244.1148944964748,1.3001608848571775,1.891556024551392,1863.7350628884465,8.814997690467136,11.75333025395618,14.691662817445224,8.638036611831009,11.51738214910801,14.396727686385011,False,1.5,32.0,68.16011562886874,7029.212601175824,3.7380093219772688,84.26808842098336,-8.175960439434158,-0.0490911591063934,1.247693,60.87287,53.24307,2022-03-24T21:23:44.899,32.0,Blue,data\RV_UMa\2022_03_24\Light\Blue\reduced_images\RV_Uma_Light_Blue_32_secs_014_reduced.fits,2,0.979925,792.0,21.855551720954097,1172.829467447595,937.0908926704344,7.0,V* RV UMa,False,1.260437102281158,0.0072672554571945,2349.1208220869053,107.074707601053,-8.427263385937426,-0.0494886791531972,2022-03-24 21:23:44.899,0.5323779186400799,2022_03_24,3,"(0.523, 0.545]",-8.427263385937426,-0.0494886791531972
1,6,6,1155.372872897358,897.5533289828495,2160.456470211594,2160.456470211594,241.3176245821856,76.04657745361328,5.842898276821879,5.72560209391468,310.5432946097723,241.3176245821854,1.2906730771064758,1.865763187408448,1848.99430913208,8.76434741523282,11.685796553643758,14.607245692054695,8.588403140872021,11.45120418782936,14.3140052347867,False,1.5,32.0,67.51426469411231,6292.923255333279,3.695176126414716,79.7755143897788,-8.167338936204668,-0.0468444731270391,1.242105,61.11017,53.59034,2022-03-24T21:26:16.929,32.0,Blue,data\RV_UMa\2022_03_24\Light\Blue\reduced_images\RV_Uma_Light_Blue_32_secs_015_reduced.fits,2,0.979925,792.0,19.5588005875944,1172.7613475626815,937.080878146321,7.0,V* RV UMa,False,1.277543149441399,0.0133947181149746,2362.170012987821,104.88278339934736,-8.433277879939403,-0.0482078066211838,2022-03-24 21:26:16.929,0.5361372871678807,2022_03_24,3,"(0.523, 0.545]",-8.433277879939403,-0.0482078066211838
1,6,6,1155.3398516306238,893.7317622408626,2168.283246366367,2168.283246366367,235.8920469486773,88.29269409179688,5.776841529028543,5.660871435333295,299.23218064470416,235.8920469486773,1.2858439683914185,2.0708494186401367,1864.9628806059047,8.665262293542813,11.553683058057086,14.442103822571358,8.491307152999942,11.32174287066659,14.15217858833324,False,1.5,32.0,67.75885144894897,7042.6851658898,3.61209696890162,84.34486418453498,-8.176675480564908,-0.0491035364204164,1.236472,61.35153,53.94649,2022-03-24T21:28:53.416,32.0,Blue,data\RV_UMa\2022_03_24\Light\Blue\reduced_images\RV_Uma_Light_Blue_32_secs_016_reduced.fits,2,0.979925,792.0,16.234514591424954,1172.809419040552,937.0508051773952,7.0,V* RV UMa,False,1.2582663036894162,0.0084960934016869,2346.619950297957,107.30459908229936,-8.426106896500269,-0.0496477872976045,2022-03-24 21:28:53.416,0.5400068675323499,2022_03_24,3,"(0.523, 0.545]",-8.426106896500269,-0.0496477872976045
1,6,6,1156.7910696815754,907.4431540333792,2167.451116413882,2167.451116413882,262.19194324811974,74.25619506835938,6.090367170599665,5.968103049649876,314.8183332643809,262.1919432481196,1.1917052268981934,1.9338066577911377,1854.995607194504,9.135550755899498,12.18073434119933,15.22591792649916,8.952154574474816,11.936206099299753,14.920257624124693,False,1.5,32.0,67.73284738793382,6002.091398707279,4.014814130986833,77.93483855264088,-8.170857213754418,-0.0456155666894306,1.231146,61.5818,54.28905,2022-03-24T21:31:23.185,32.0,Blue,data\RV_UMa\2022_03_24\Light\Blue\reduced_images\RV_Uma_Light_Blue_32_secs_017_reduced.fits,2,0.979925,792.0,28.374202713656487,1172.832851623215,937.1036794838476,7.0,V* RV UMa,False,1.2587753877892494,0.0070605439323418,2335.022814793616,98.97287853553031,-8.420727820703473,-0.0460202944632264,2022-03-24 21:31:23.185,0.5437103264880818,2022_03_24,3,"(0.523, 0.545]",-8.420727820703473,-0.0460202944632264
1,6,6,1157.032798038974,904.7155347024768,2190.76599730715,2190.76599730715,298.5800537433164,55.455814361572266,6.499264331831381,6.368791600369867,349.1049712460816,298.5800537433162,1.160274863243103,1.986841917037964,1844.3310662830047,9.748896497747072,12.998528663662762,16.248160829578453,9.5531874005548,12.737583200739731,15.921979000924663,False,1.5,32.0,68.46143741584844,2338.4587365755897,4.572007072944532,49.106946362652025,-8.164597204150937,-0.0289086870279207,1.225534,61.82673,54.65639,2022-03-24T21:34:03.324,32.0,Blue,data\RV_UMa\2022_03_24\Light\Blue\reduced_images\RV_Uma_Light_Blue_32_secs_018_reduced.fits,2,0.979925,792.0,25.678776427140463,1172.8129595996356,936.9772784979536,7.0,V* RV UMa,False,1.24877328893268,0.0087780235336041,2303.151371522945,63.42450000329574,-8.405806205805883,-0.0298991532965223,2022-03-24 21:34:03.324,0.5476702128044266,2022_03_24,3,"(0.545, 0.568]",-8.405806205805883,-0.0298991532965223
1,6,6,1157.2240910470823,893.5718895549271,2110.2743758272904,2110.2743758272904,229.5010656283628,100.272705078125,5.69804871393017,5.583660385998022,274.24115554270304,229.5010656283628,1.175772488117218,1.911040425300598,1840.4333368678767,8.547073070895255,11.39609742786034,14.245121784825423,8.375490578997033,11.167320771996044,13.959150964995056,False,1.5,32.0,65.94607424460283,9053.99602391188,3.514235067434305,95.51678560977604,-8.162300228248139,-0.0563487034391287,1.220167,62.06317,55.01407,2022-03-24T21:36:38.713,32.0,Blue,data\RV_UMa\2022_03_24\Light\Blue\reduced_images\RV_Uma_Light_Blue_32_secs_019_reduced.fits,2,0.979925,792.0,15.169348312612833,1172.7828371545188,937.0808472044548,7.0,V* RV UMa,False,1.2786696755938636,0.0071870112081923,2353.30629780498,122.84858606807954,-8.429196142620484,-0.0566781968509024,2022-03-24 21:36:38.713,0.5515126420365917,2022_03_24,3,"(0.545, 0.568]",-8.429196142620484,-0.0566781968509024
1,6,6,1157.9432922278572,902.1647725102824,2140.644285660232,2140.644285660232,250.44236078384563,78.05674743652344,5.95233957203032,5.832846355121812,298.23654018871235,250.44236078384543,1.1744014024734497,1.961129903793335,1846.5244259169217,8.928509358045481,11.90467914406064,14.8808489300758,8.74926953268272,11.665692710243624,14.582115887804528,False,1.5,32.0,66.89513392688224,6489.655841041259,3.834898649502636,80.99620900769149,-8.165887642234988,-0.0476248866971466,1.215006,62.29255,55.36407,2022-03-24T21:39:11.196,32.0,Blue,data\RV_UMa\2022_03_24\Light\Blue\reduced_images\RV_Uma_Light_Blue_32_secs_020_reduced.fits,2,0.979925,792.0,22.977398666291872,1172.7765421686922,937.0807538327256,7.0,V* RV UMa,False,1.2490833320363277,0.0096983617522433,2306.4628826107755,102.74375915005136,-8.407366174992376,-0.0483652349071793,2022-03-24 21:39:11.196,0.5552832122610543,2022_03_24,3,"(0.545, 0.568]",-8.407366174992376,-0.0483652349071793
1,6,6,1157.8802146972812,897.5501535306164,2162.272065270472,2162.272065270472,273.14422983651895,69.57563018798828,6.216269288855264,6.091477682881495,317.9813678294278,273.1442298365192,1.1663086414337158,1.8862032890319824,1843.701589654383,9.324403933282897,12.432538577710528,15.54067322213816,9.13721652432224,12.18295536576299,15.228694207203738,False,1.5,32.0,67.57100203970225,4860.03254262308,4.182521019371696,70.22667631094436,-8.16422657534358,-0.0413557407763127,1.209579,62.53592,55.73869,2022-03-24T21:41:53.716,32.0,Blue,data\RV_UMa\2022_03_24\Light\Blue\reduced_images\RV_Uma_Light_Blue_32_secs_021_reduced.fits,2,0.979925,792.0,18.58654516308989,1172.820820711691,937.1702898939176,7.0,V* RV UMa,False,1.234736042638953,0.0066055347548262,2276.484804617,87.5624776642556,-8.393161889418547,-0.0417616458434485,2022-03-24 21:41:53.716,0.559301975486326,2022_03_24,3,"(0.545, 0.568]",-8.393161889418547,-0.0417616458434485
1,6,6,1157.9033759875597,884.3005569749536,2142.950845633887,2142.950845633887,253.7486031929361,82.14923858642578,5.991500980616509,5.871221598430633,296.25803572064865,253.748603192936,1.1445352435112,1.8918042182922363,1852.526626287833,8.987251470924765,11.983001961233018,14.978752451541272,8.80683239764595,11.742443196861268,14.67805399607658,False,1.5,32.0,66.96721392605897,8441.897456726616,3.885525486391834,92.26456630873558,-8.16941114698169,-0.0540747855583787,1.20439,62.77084,56.10353,2022-03-24T21:44:30.941,32.0,Blue,data\RV_UMa\2022_03_24\Light\Blue\reduced_images\RV_Uma_Light_Blue_32_secs_022_reduced.fits,2,0.979925,792.0,7.460805227580037,1172.7755048189383,937.0450096531677,7.0,V* RV UMa,False,1.2262873410088722,0.0129357681541221,2271.7299506986437,115.6528222945486,-8.390891759617741,-0.0552743763883698,2022-03-24 21:44:30.941,0.5631898049725024,2022_03_24,3,"(0.545, 0.568]",-8.390891759617741,-0.0552743763883698
1,6,6,1158.4287204217633,890.4732260715755,2130.9353297631087,2130.9353297631087,232.5529451738716,95.20939636230467,5.735809601287544,5.620663223541697,272.0553175678629,232.55294517387136,1.181708812713623,1.8210779428482056,1856.1254650286369,8.603714401931317,11.471619202575088,14.33952400321886,8.430994835312546,11.241326447083392,14.05165805885424,False,1.5,32.0,66.59172905509715,9597.47079537678,3.5609669729749074,98.3240738141217,-8.171518322659667,-0.0575144346385311,1.199373,62.99995,56.46257,2022-03-24T21:47:05.110,32.0,Blue,data\RV_UMa\2022_03_24\Light\Blue\reduced_images\RV_Uma_Light_Blue_32_secs_023_reduced.fits,2,0.979925,792.0,11.862867296113786,1172.7635554244684,937.0315556990056,7.0,V* RV UMa,False,1.2400462611953598,0.0044154332372411,2301.68144321826,122.20153384324853,-8.405113040821522,-0.057644219169216,2022-03-24 21:47:05.110,0.5670020662798922,2022_03_24,3,"(0.545, 0.568]",-8.405113040821522,-0.057644219169216
1,6,6,1159.199457255976,891.2287351003501,2111.003868426603,2111.003868426603,222.5916834565932,108.96778869628906,5.61162022261848,5.498966946649414,262.4255889157393,222.5916834565932,1.1663159132003784,1.8806631565094,1851.3916458651167,8.41743033392772,11.22324044523696,14.0290505565462,8.248450419974121,10.997933893298828,13.747417366623536,False,1.5,32.0,65.96887088833134,12381.93168057951,3.408435152929082,111.58543357724058,-8.168745749267886,-0.0654385285949756,1.194593,63.22016,56.81076,2022-03-24T21:49:35.829,32.0,Blue,data\RV_UMa\2022_03_24\Light\Blue\reduced_images\RV_Uma_Light_Blue_32_secs_024_reduced.fits,2,0.979925,792.0,12.21186728518773,1172.7868063988906,937.0556402153982,7.0,V* RV UMa,False,1.2128443736458077,0.005333760880542,2245.4499411023585,135.69555125211403,-8.378258443926196,-0.0656124949045642,2022-03-24 21:49:35.829,0.5707290166524626,2022_03_24,3,"(0.568, 0.591]",-8.378258443926196,-0.0656124949045642
1,6,6,1159.1887806992772,883.0259781905056,2123.8325774638647,2123.8325774638647,209.14695139648967,107.13929748535156,5.439507424378442,5.330309312834045,243.5901125018648,209.1469513964896,1.1496888399124146,1.7854268550872805,1883.3786615416163,8.159261136567663,10.879014848756883,13.598768560946104,7.995463969251067,10.66061862566809,13.32577328208511,False,1.5,32.0,66.36976804574577,12458.807316052464,3.202562693258748,111.93024455790076,-8.187344114015595,-0.0645259083611312,1.186172,63.61258,57.43907,2022-03-24T21:54:05.741,32.0,Blue,data\RV_UMa\2022_03_24\Light\Blue\reduced_images\RV_Uma_Light_Blue_32_secs_025_reduced.fits,2,0.979925,792.0,5.6836937962088445,1172.7406988524094,936.9855218004536,7.0,V* RV UMa,False,1.203235820563403,0.0054845129213245,2266.1486692516305,135.0740155939124,-8.38822099519273,-0.0647154138835939,2022-03-24 21:54:05.741,0.5774033485479837,2022_03_24,3,"(0.568, 0.591]",-8.38822099519273,-0.0647154138835939
1,6,6,1159.8685822282534,890.5196655574058,2133.427334031149,2133.427334031149,224.4135827124382,83.99049377441406,5.634538804799986,5.521425438293626,263.7646776153275,224.41358271243843,1.1691890954971311,1.7700904607772827,1871.0454202423225,8.451808207199978,11.269077609599972,14.086347011999964,8.28213815744044,11.042850876587252,13.803563595734069,False,1.5,32.0,66.6696041884734,8974.835162437384,3.436332985284209,95.10489524525612,-8.180210825673035,-0.0551877719805062,1.181444,63.83552,57.8006,2022-03-24T21:56:39.613,32.0,Blue,data\RV_UMa\2022_03_24\Light\Blue\reduced_images\RV_Uma_Light_Blue_32_secs_026_reduced.fits,2,0.979925,792.0,11.301857203326062,1172.7724024898698,937.0511285045308,7.0,V* RV UMa,False,1.2037150118916264,0.0064075257305809,2252.2054602767603,115.1052371298828,-8.381520017617735,-0.0554895747805469,2022-03-24 21:56:39.613,0.5812082656966382,2022_03_24,3,"(0.568, 0.591]",-8.381520017617735,-0.0554895747805469
1,6,6,1159.955236137702,878.0280298682037,2077.4185065257025,2077.4185065257025,201.2453420289183,106.62806701660156,5.335765358669239,5.228649869093954,234.70403781675435,201.24534202891823,1.1558404564857483,1.847931742668152,1844.810998529367,8.003648038003858,10.671530717338475,13.339413396673097,7.842974803640931,10.457299738187908,13.071624672734885,False,1.5,32.0,64.9193283289282,16448.434821656087,3.081569299817811,128.51628581345182,-8.164879697917506,-0.0756363576105853,1.176755,64.05835,58.16562,2022-03-24T21:59:15.413,32.0,Blue,data\RV_UMa\2022_03_24\Light\Blue\reduced_images\RV_Uma_Light_Blue_32_secs_027_reduced.fits,2,0.979925,792.0,4.499864542677709,1172.7471177680256,937.0378786646036,7.0,V* RV UMa,False,1.219597606128911,0.0063640814489431,2249.9270775667023,157.17725366378133,-8.380421106029953,-0.0758482515139028,2022-03-24 21:59:15.413,0.5850608580575614,2022_03_24,3,"(0.568, 0.591]",-8.380421106029953,-0.0758482515139028
1,6,6,1160.675855846676,880.4550108411441,2084.3396701563734,2084.3396701563734,221.77263014156244,77.74451446533203,5.601286386339823,5.488840562134052,254.52233714998525,221.77263014156227,1.14223051071167,1.8553177118301392,1831.0242055679064,8.401929579509735,11.202572772679646,14.003215965849558,8.233260843201078,10.977681124268104,13.722101405335128,False,1.5,32.0,65.13561469238667,8425.230494202775,3.3958933990426745,92.16160807133416,-8.15673521394251,-0.054648755744188,1.172177,64.2778,58.52855,2022-03-24T22:01:50.243,32.0,Blue,data\RV_UMa\2022_03_24\Light\Blue\reduced_images\RV_Uma_Light_Blue_32_secs_028_reduced.fits,2,0.979925,792.0,3.355140715027652,1172.7513956113144,937.0595935244512,7.0,V* RV UMa,False,1.2208097587924096,0.0058726295744404,2235.332218742419,113.02445948927094,-8.37335519455855,-0.0548977671693733,2022-03-24 22:01:50.243,0.5888894644455078,2022_03_24,3,"(0.568, 0.591]",-8.37335519455855,-0.0548977671693733
1,6,6,1161.2324142335228,890.3313484694894,2074.631205984492,2074.631205984492,208.85604600612555,101.16058349609376,5.435723164932207,5.3266010223961935,215.0705751193185,208.8560460061255,1.0204542875289917,1.5817153453826904,1861.5031583611883,8.15358474739831,10.871446329864414,13.589307912330517,7.98990153359429,10.653202044792389,13.316502555990482,False,1.5,32.0,64.83222518701537,13010.465444758614,3.198108204468797,114.36125120927149,-8.174659443526334,-0.0667020898146945,1.167418,64.50784,58.91299,2022-03-24T22:04:34.856,32.0,Blue,data\RV_UMa\2022_03_24\Light\Blue\reduced_images\RV_Uma_Light_Blue_32_secs_029_reduced.fits,2,0.979925,792.0,10.695620233199566,1172.7391122704607,937.0149217725778,7.0,V* RV UMa,False,1.2164166264518737,0.0084974566593294,2264.3633920232246,140.0073590414055,-8.387365312569433,-0.0671319184806293,2022-03-24 22:04:34.856,0.5929599829712391,2022_03_24,3,"(0.591, 0.614]",-8.387365312569433,-0.0671319184806293
1,6,6,1161.492538537974,878.9483878251473,2043.678095369574,2043.678095369574,199.4389404693369,99.2126007080078,5.311764153123201,5.205130487749253,169.37520438286504,199.4389404693369,0.8401297330856323,1.3530387878417969,1876.1235115461889,7.967646229684802,10.623528306246405,13.279410382808004,7.80769573162388,10.410260975498506,13.012826219373132,False,1.5,32.0,63.86494048029919,13257.143749156046,3.053908775936721,115.429903397743,-8.183153565141275,-0.0668007327126221,1.162728,64.73637,59.29917,2022-03-24T22:07:18.190,32.0,Blue,data\RV_UMa\2022_03_24\Light\Blue\reduced_images\RV_Uma_Light_Blue_32_secs_030_reduced.fits,2,0.979925,792.0,2.719053355461019,1172.8016789863968,937.0357653296154,7.0,V* RV UMa,False,1.1943999422975335,0.0059709643769101,2240.841813933814,138.32382847723724,-8.376027999480868,-0.0670208792180838,2022-03-24 22:07:18.190,0.5969988746315682,2022_03_24,3,"(0.591, 0.614]",-8.376027999480868,-0.0670208792180838
1,6,6,1162.03645890736,882.226554247937,2078.3400720551963,2078.3400720551963,217.2739181691641,85.80429077148438,5.54418358534952,5.432884099873629,184.3114072893318,217.27391816916423,0.8615512847900391,1.3605117797851562,1891.1474487051871,8.31627537802428,11.08836717069904,13.860458963373802,8.149326149810442,10.865768199747258,13.582210249684072,False,1.5,32.0,64.94812725172488,10474.23666844722,3.327006871965325,102.67673447559046,-8.191813477933039,-0.0589482581502636,1.15843,64.9474,59.65971,2022-03-24T22:09:51.440,32.0,Blue,data\RV_UMa\2022_03_24\Light\Blue\reduced_images\RV_Uma_Light_Blue_32_secs_031_reduced.fits,2,0.979925,792.0,2.968676041856428,1172.7623064473146,937.0122749633076,7.0,V* RV UMa,False,1.1839850734741548,0.0097153510723185,2239.0903510056714,122.94829747373883,-8.375179046086375,-0.0596177004740585,2022-03-24 22:09:51.440,0.6007884110841477,2022_03_24,3,"(0.591, 0.614]",-8.375179046086375,-0.0596177004740585
1,6,6,1162.8619487694168,892.966996049906,2062.114633509194,2062.114633509194,204.5958664988329,108.15463256835938,5.379999462160962,5.271995972958081,169.38908782006192,204.59586649883283,0.81297567486763,1.4877777099609375,1895.7831708671777,8.069999193241443,10.759998924321923,13.449998655402403,7.907993959437122,10.543991945916162,13.1799899323952,False,1.5,32.0,64.44108229716231,15668.00581754308,3.132874205763379,125.44153926848158,-8.194471659138975,-0.0718417711779134,1.154093,65.162,60.03029,2022-03-24T22:12:28.862,32.0,Blue,data\RV_UMa\2022_03_24\Light\Blue\reduced_images\RV_Uma_Light_Blue_32_secs_032_reduced.fits,2,0.979925,792.0,13.016840905600333,1172.758007264621,937.0504013006944,7.0,V* RV UMa,False,1.1572802974438563,0.0030521672195729,2193.9525118702245,145.28629064672154,-8.353068057577227,-0.0718988150184212,2022-03-24 22:12:28.862,0.6046811119483433,2022_03_24,3,"(0.591, 0.614]",-8.353068057577227,-0.0718988150184212
1,6,6,1162.948284267649,886.0061403896831,2095.1458370406563,2095.1458370406563,217.00324588554645,92.40763854980467,5.5407291337007845,5.429498996341741,176.4489069009786,217.00324588554665,0.8068887591362,1.3559694290161133,1920.04835723954,8.311093700551176,11.081458267401567,13.851822834251962,8.144248494512611,10.858997992683484,13.573747490854355,False,1.5,32.0,65.47330740752051,10354.713638044272,3.3228622026224297,102.09559151919544,-8.20828041683417,-0.0577323376469305,1.149793,65.37629,60.40466,2022-03-24T22:15:06.344,32.0,Blue,data\RV_UMa\2022_03_24\Light\Blue\reduced_images\RV_Uma_Light_Blue_32_secs_033_reduced.fits,2,0.979925,792.0,6.097526413412062,1172.7419635393917,937.032020921339,7.0,V* RV UMa,False,1.1555341985144278,0.0065017350470454,2218.681539591736,118.63359411120815,-8.365237424661311,-0.0580546535988311,2022-03-24 22:15:06.344,0.6085752964809661,2022_03_24,3,"(0.591, 0.614]",-8.365237424661311,-0.0580546535988311
1,6,6,1163.4914175680835,886.3670783891064,2078.049251720656,2078.049251720656,204.9118557159432,103.59097290039062,5.384152444211776,5.2760655838942245,164.03525638899407,204.91185571594303,0.799981415271759,1.3299483060836792,1914.123575379053,8.076228666317665,10.768304888423552,13.46038111052944,7.914098375841338,10.552131167788447,13.190163959735562,False,1.5,32.0,64.93903911627048,16181.661168830526,3.1377127906503794,127.47445987623342,-8.204924930745197,-0.0723065313284207,1.145462,65.59376,60.78906,2022-03-24T22:17:49.035,32.0,Blue,data\RV_UMa\2022_03_24\Light\Blue\reduced_images\RV_Uma_Light_Blue_32_secs_034_reduced.fits,2,0.979925,792.0,6.387358084770228,1172.7613003412534,937.0154702627636,7.0,V* RV UMa,False,1.1437541288229334,0.0076161623456882,2189.2867424171072,146.52645759402807,-8.350756617823329,-0.0726670823343811,2022-03-24 22:17:49.035,0.6125982881612728,2022_03_24,3,"(0.591, 0.614]",-8.350756617823329,-0.0726670823343811
1,6,6,1164.37903877398,898.8264520849389,2083.341542132117,2083.341542132117,245.5998733630105,73.88526153564453,5.894512240189863,5.776179906968052,194.31463496119548,245.5998733630104,0.7890983521938324,1.4386565685272217,1889.539086762352,8.841768360284796,11.789024480379728,14.736280600474656,8.664269860452078,11.552359813936103,14.440449767420128,False,1.5,32.0,65.10442319162865,5450.353325589677,3.7607480608710975,74.29144295840656,-8.190889700264272,-0.0426881401336209,1.141303,65.80397,61.16531,2022-03-24T22:20:26.806,32.0,Blue,data\RV_UMa\2022_03_24\Light\Blue\reduced_images\RV_Uma_Light_Blue_32_secs_035_reduced.fits,2,0.979925,792.0,18.83026735069577,1172.769841109628,937.0092657400766,7.0,V* RV UMa,False,1.167037048512576,0.0050714853685307,2205.162118864284,87.22883524542452,-8.358601308477906,-0.042948091532434,2022-03-24 22:20:26.806,0.6164996190301775,2022_03_24,3,"(0.614, 0.636]",-8.358601308477906,-0.042948091532434
1,6,6,1164.3843942735232,890.5382702581569,2080.367066577592,2080.367066577592,196.210226038144,112.55918884277344,5.268592673920404,5.162825675991452,151.99954458130154,196.21022603814384,0.7729456424713135,1.3096270561218262,1928.707227353097,7.902889010880606,10.537185347840808,13.171481684801009,7.744238513987178,10.325651351982904,12.907064189978628,False,1.5,32.0,65.01147083054975,17184.72064550562,3.004469086209079,131.34967295514053,-8.21316576973828,-0.0739412874012253,1.137344,66.00543,61.53034,2022-03-24T22:23:00.650,32.0,Blue,data\RV_UMa\2022_03_24\Light\Blue\reduced_images\RV_Uma_Light_Blue_32_secs_036_reduced.fits,2,0.979925,792.0,10.545278516543396,1172.7414557640373,937.008554338506,7.0,V* RV UMa,False,1.1480168486922284,0.00704505823896,2214.188393195828,151.40260160725916,-8.363036424650062,-0.0742408760540522,2022-03-24 22:23:00.650,0.6203038438002295,2022_03_24,3,"(0.614, 0.636]",-8.363036424650062,-0.0742408760540522
1,6,6,1164.9777987034347,890.0278785843075,2090.288856889507,2090.288856889507,199.0505437291781,110.58364868164062,5.306589443293072,5.200059660218964,159.87204618149417,199.05054372917795,0.8080611526966095,1.435734510421753,1929.44384507882,7.959884164939608,10.613178886586145,13.26647360823268,7.800089490328446,10.400119320437929,13.00014915054741,False,1.5,32.0,65.32152677779709,19490.484317433176,3.04796145085304,139.852972101639,-8.213580358243803,-0.0786980328767096,1.133092,66.22316,61.93003,2022-03-24T22:25:48.676,32.0,Blue,data\RV_UMa\2022_03_24\Light\Blue\reduced_images\RV_Uma_Light_Blue_32_secs_037_reduced.fits,2,0.979925,792.0,10.075437420085096,1172.7475055717528,937.0435803753222,7.0,V* RV UMa,False,1.1244823936788848,0.0067970817997682,2169.625633383223,157.80809065968702,-8.340962008144325,-0.0789712081184246,2022-03-24 22:25:48.676,0.6244587583319152,2022_03_24,3,"(0.614, 0.636]",-8.340962008144325,-0.0789712081184246
1,7,6,1165.9835576068062,901.8141177547324,2097.938884201278,2097.938884201278,208.9384330631152,101.3885498046875,5.436795169040908,5.327651506022412,164.3113247654768,208.93843306311507,0.7809891700744629,1.248873233795166,1934.760230766657,8.155192753561362,10.873590338081817,13.591987922602268,7.991477259033618,10.655303012044824,13.319128765056028,False,1.5,32.0,65.56059013128994,8.780436599902183,3.1993697562789505,8.80570249823778,-8.216567879579836,-0.0049415270474509,1.129281,66.41952,62.2955,2022-03-24T22:28:22.207,32.0,Blue,data\RV_UMa\2022_03_24\Light\Blue\reduced_images\RV_Uma_Light_Blue_32_secs_038_reduced.fits,2,0.979925,792.0,21.904114549482333,1172.7711439119803,937.0194316307574,7.0,V* RV UMa,False,1.1288140126210526,0.0039836445229503,2183.984459551344,12.578059303288482,-8.348123859400534,-0.0062529997919401,2022-03-24 22:28:22.207,0.628255243298316,2022_03_24,3,"(0.614, 0.636]",-8.348123859400534,-0.0062529997919401
1,7,6,1166.2771338305552,896.9411636133965,2099.795318097563,2099.795318097563,193.7304369192568,113.0156707763672,5.235193441235733,5.130096932902926,148.54026581341608,193.7304369192568,0.7406130731105804,1.708008050918579,1956.3160238557368,7.8527901618536,10.470386882471466,13.087983603089333,7.695145399354389,10.260193865805851,12.825242332257314,False,1.5,32.0,65.61860369054884,8.093024009395505,2.96649731532612,8.756604651077406,-8.228597530436991,-0.0048598296923878,1.125531,66.61374,62.66187,2022-03-24T22:30:54.866,32.0,Blue,data\RV_UMa\2022_03_24\Light\Blue\reduced_images\RV_Uma_Light_Blue_32_secs_039_reduced.fits,2,0.979925,792.0,17.09351815917742,1172.7419941793628,937.0190343554096,7.0,V* RV UMa,False,1.125500366906914,0.0076658814776169,2201.834402635506,17.945437030150288,-8.356961632722411,-0.0088489900378156,2022-03-24 22:30:54.866,0.6320301656168414,2022_03_24,3,"(0.614, 0.636]",-8.356961632722411,-0.0088489900378156
1,6,6,1167.1130200483108,899.8751633653076,2117.817826015657,2117.817826015657,195.60501182030288,123.37738800048828,5.260460860651307,5.154857108873732,146.68823870695917,195.6050118203029,0.7420681715011597,1.532289981842041,1972.665572557702,7.89069129097696,10.520921721302614,13.151152151628269,7.7322856633105985,10.309714217747464,12.88714277218433,False,1.5,32.0,66.18180706298928,20925.945357037024,2.9952017434983875,144.8969370478324,-8.23763366307547,-0.0797498839640693,1.12184,66.80583,63.02935,2022-03-24T22:33:28.784,32.0,Blue,data\RV_UMa\2022_03_24\Light\Blue\reduced_images\RV_Uma_Light_Blue_32_secs_040_reduced.fits,2,0.979925,792.0,20.11748027509532,1172.7301631856442,937.0211182622976,7.0,V* RV UMa,False,1.1105102382319685,0.0070103871321122,2190.665314933056,161.50270241038177,-8.351440080163226,-0.080043870680715,2022-03-24 22:33:28.784,0.6358362202446273,2022_03_24,3,"(0.614, 0.636]",-8.351440080163226,-0.080043870680715
1,6,6,1168.040361693464,910.3604455470168,2118.630766588113,2118.630766588113,186.71840881957257,129.7587890625,5.139576958802766,5.036399951354801,143.42201001238615,186.71840881957263,0.7671411633491516,1.4063427448272705,1975.391389227564,7.709365438204147,10.279153917605532,12.848942397006915,7.554599927032201,10.0727999027096,12.590999878387002,False,1.5,32.0,66.20721145587854,22492.898386882644,2.8591256350497045,150.20640706698757,-8.239132890844925,-0.0825580870852315,1.118161,66.99825,63.40281,2022-03-24T22:36:04.518,32.0,Blue,data\RV_UMa\2022_03_24\Light\Blue\reduced_images\RV_Uma_Light_Blue_32_secs_041_reduced.fits,2,0.979925,792.0,30.628110885710523,1172.7848238429297,937.0280065105622,7.0,V* RV UMa,False,1.117141319142097,0.0071056816424662,2206.7913423836203,168.3878321677104,-8.3594031786955,-0.0828464215505505,2022-03-24 22:36:04.518,0.6396871805702773,2022_03_24,3,"(0.636, 0.659]",-8.3594031786955,-0.0828464215505505
1,6,6,1168.3675816710413,909.519562329415,2143.381451621566,2143.381451621566,210.28847587269377,100.77114868164062,5.454331645411132,5.3448359376295045,157.2573431623293,210.2884758726936,0.7501463890075684,1.358017921447754,1985.63431079576,8.1814974681167,10.908663290822265,13.63582911352783,8.017253906444257,10.689671875259007,13.36208984407376,False,1.5,32.0,66.98067036317394,12460.430568520982,3.2200422868006227,111.94030230962822,-8.244748171542618,-0.0612084704259699,1.114583,67.18611,63.77318,2022-03-24T22:38:38.976,32.0,Blue,data\RV_UMa\2022_03_24\Light\Blue\reduced_images\RV_Uma_Light_Blue_32_secs_042_reduced.fits,2,0.979925,792.0,29.84091703975316,1172.7272513412572,937.006062632154,7.0,V* RV UMa,False,1.0770701804102527,0.004185232629295,2138.667505357577,120.85362504723577,-8.325358177168967,-0.0613536961034572,2022-03-24 22:38:38.976,0.643506588213949,2022_03_24,3,"(0.636, 0.659]",-8.325358177168967,-0.0613536961034572
1,6,6,1169.155140393123,915.1412804612504,2152.6618676898343,2152.6618676898343,206.36304446257105,106.04469299316406,5.403184131002818,5.294715209572937,153.56929286691448,206.3630444625709,0.7445316314697266,1.3841326236724854,1999.0180535210568,8.104776196504227,10.806368262005636,13.507960327507044,7.942072814359405,10.589430419145874,13.23678802393234,False,1.5,32.0,67.27068336530732,14149.375679880057,3.1599341183331187,119.24682929689868,-8.252041790834523,-0.0647670988474599,1.111014,67.37415,64.14988,2022-03-24T22:41:15.383,32.0,Blue,data\RV_UMa\2022_03_24\Light\Blue\reduced_images\RV_Uma_Light_Blue_32_secs_043_reduced.fits,2,0.979925,792.0,35.51739102086565,1172.7740438684766,937.0724664180252,7.0,V* RV UMa,False,1.0877738464383675,0.0028557632715414,2174.479557178339,129.83914245190903,-8.343388322776008,-0.064829792163102,2022-03-24 22:41:15.383,0.6473741903538404,2022_03_24,3,"(0.636, 0.659]",-8.343388322776008,-0.064829792163102
1,5,5,1170.2645064964108,924.5958788260186,2110.834755221893,2110.834755221893,161.40062475894393,129.76629638671875,4.778443005229593,4.682515761899609,126.28701082953155,161.40062475894393,0.7621774077415466,1.427820324897766,1987.8188454352548,7.167664507844389,9.556886010459186,11.946107513073985,7.023773642849413,9.365031523799216,11.706289404749024,False,1.5,32.0,65.96358610068415,41647.07123498215,2.471447066621329,204.24374229863068,-8.24594200899048,-0.1115568584723609,1.107598,67.55474,64.51766,2022-03-24T22:43:48.638,32.0,Blue,data\RV_UMa\2022_03_24\Light\Blue\reduced_images\RV_Uma_Light_Blue_32_secs_044_reduced.fits,2,0.979925,792.0,45.03372569428951,1172.75353925053,937.0077860496862,7.0,V* RV UMa,False,1.0925458032617823,0.0056142856537956,2171.78313722497,223.42454630067243,-8.342041141830878,-0.1116962899252729,2022-03-24 22:43:48.638,0.6511638504454531,2022_03_24,3,"(0.636, 0.659]",-8.342041141830878,-0.1116962899252729
1,5,5,1170.2114693470369,921.8190443401724,2113.505055479944,2113.505055479944,178.48156999842695,108.14811706542967,5.024935521182936,4.924059940595189,134.0644187952155,178.48156999842695,0.7377765774726868,1.3678722381591797,1981.825533624553,7.537403281774404,10.049871042365872,12.56233880295734,7.386089910892783,9.848119881190378,12.310149851487973,False,1.5,32.0,66.04703298374825,18884.524708481604,2.7329990406009124,137.67100181412914,-8.242663548784893,-0.0754225780619291,1.1045,67.7188,64.8575,2022-03-24T22:46:09.670,32.0,Blue,data\RV_UMa\2022_03_24\Light\Blue\reduced_images\RV_Uma_Light_Blue_32_secs_045_reduced.fits,2,0.979925,792.0,42.27782895294515,1172.748567855518,937.0423406886496,7.0,V* RV UMa,False,1.0950283161996546,0.0056181707819121,2170.155077086376,151.16425750382666,-8.34122692300436,-0.0756280087861909,2022-03-24 22:46:09.670,0.6546512625497289,2022_03_24,3,"(0.636, 0.659]",-8.34122692300436,-0.0756280087861909
1,5,5,1170.4094921534431,918.1215082146977,2103.776668646496,2103.776668646496,174.5028125410658,110.26472473144533,4.968611270262234,4.86886639901172,132.59848412795316,174.5028125410657,0.7470988035202026,1.427324295043945,1973.405826186155,7.452916905393351,9.937222540524468,12.421528175655585,7.30329959851758,9.73773279802344,12.1721659975293,False,1.5,32.0,65.74302089520299,22004.844281302343,2.6720743170350696,148.57072180114957,-8.238041015144567,-0.0817412259992686,1.10143,67.88174,65.20062,2022-03-24T22:48:31.631,32.0,Blue,data\RV_UMa\2022_03_24\Light\Blue\reduced_images\RV_Uma_Light_Blue_32_secs_046_reduced.fits,2,0.979925,792.0,38.6565774251719,1172.7551058730223,937.0326876930508,7.0,V* RV UMa,False,1.0963955063969515,0.005359725867077,2163.6332801280646,163.23530045873233,-8.337959132406692,-0.0819133617653204,2022-03-24 22:48:31.631,0.6581616467868869,2022_03_24,3,"(0.636, 0.659]",-8.337959132406692,-0.0819133617653204
1,6,6,1171.6717502061858,933.6614543756529,2121.495346460395,2121.495346460395,166.24806093193578,106.77066040039062,4.849669008340002,4.752311902997577,127.97643484199222,166.24806093193575,0.7639176845550537,1.3581092357635498,1994.495512691503,7.2745035125100035,9.699338016680004,12.124172520850005,7.128467854496366,9.504623805995154,11.880779757493942,False,1.5,32.0,66.29672957688734,2033.7932855235297,2.545673433020266,45.85450565139087,-8.249582658877731,-0.0249616490085841,1.095482,68.1976,65.88372,2022-03-24T22:53:14.791,32.0,Blue,data\RV_UMa\2022_03_24\Light\Blue\reduced_images\RV_Uma_Light_Blue_32_secs_048_reduced.fits,2,0.979925,792.0,54.207079214216776,1172.7643397277402,937.0374041330376,7.0,V* RV UMa,False,1.0788853027505152,0.0033360201220829,2151.8318950447165,49.91718828962887,-8.332020851145142,-0.0251863998719343,2022-03-24 22:53:14.791,0.6651635726721228,2022_03_24,3,"(0.659, 0.682]",-8.332020851145142,-0.0251863998719343
1,6,6,1163.2736040452455,890.6383983722438,2121.7244250626936,2121.7244250626936,201.76855167806968,92.127197265625,5.342696976875782,5.2354423350650015,150.731063699241,201.76855167806968,0.74607253074646,1.280066967010498,1971.190451087188,8.014045465313673,10.685393953751564,13.356742442189455,7.853163502597502,10.470884670130005,13.088605837662502,False,1.5,32.0,66.30388828320918,14069.83000820939,3.089580947570441,118.90846680300008,-8.23682146666057,-0.0654950552287283,1.089354,68.53685,66.61533,2022-03-24T22:58:10.869,32.0,Blue,data\RV_UMa\2022_03_24\Light\Blue\reduced_images\RV_Uma_Light_Blue_32_secs_049_reduced.fits,2,0.979925,792.0,10.663168900924516,1172.688670602985,936.9464158613268,7.0,V* RV UMa,False,1.0804972004334157,0.0056803655952722,2129.865763920788,128.96725659914708,-8.32088058157153,-0.0657433074374885,2022-03-24 22:58:10.869,0.672484932370697,2022_03_24,3,"(0.659, 0.682]",-8.32088058157153,-0.0657433074374885
1,6,6,1164.007288321823,896.2053810200207,2133.9854242259603,2133.9854242259603,196.7079741058961,112.1135711669922,5.275271150444068,5.169370082098904,146.82929129032692,196.7079741058961,0.7504309415817261,1.3141868114471436,1986.369674001039,7.912906725666102,10.550542300888136,13.18817787611017,7.754055123148356,10.338740164197809,12.92342520524726,False,1.5,32.0,66.68704450706126,24979.123321480754,3.012090853496534,158.26819786944347,-8.24515019050725,-0.0865083245771443,1.0866,68.6826,66.95402,2022-03-24T23:00:29.708,32.0,Blue,data\RV_UMa\2022_03_24\Light\Blue\reduced_images\RV_Uma_Light_Blue_32_secs_050_reduced.fits,2,0.979925,792.0,16.20538265897112,1172.7091945774146,936.962410608167,7.0,V* RV UMa,False,1.0717065640893015,0.0053750648940077,2128.8054183348395,169.95277205216814,-8.320339917328276,-0.0866795415526421,2022-03-24 23:00:29.708,0.6759181163937917,2022_03_24,3,"(0.659, 0.682]",-8.320339917328276,-0.0866795415526421
1,6,6,1163.622911351447,888.7134350505107,2167.683780595882,2167.683780595882,214.0616000377687,93.29017639160156,5.5030465721510335,5.392572912215102,151.10485035855675,214.0616000377688,0.7076303660869598,1.2144477367401123,2016.207292195996,8.25456985822655,11.006093144302069,13.757616430377585,8.088859368322652,10.785145824430204,13.481432280537756,False,1.5,32.0,67.74011814362132,13335.699789603956,3.2778182505783326,115.7873815491056,-8.261337952901965,-0.0623519975791192,1.083516,68.84511,67.34098,2022-03-24T23:03:09.183,32.0,Blue,data\RV_UMa\2022_03_24\Light\Blue\reduced_images\RV_Uma_Light_Blue_32_secs_051_reduced.fits,2,0.979925,792.0,8.721590808352355,1172.705561931096,937.0200634335253,7.0,V* RV UMa,False,1.066192370888598,0.0036734524428403,2149.664833069329,123.67359686776857,-8.330926879445332,-0.0624641105098579,2022-03-24 23:03:09.183,0.6798615834461597,2022_03_24,3,"(0.659, 0.682]",-8.330926879445332,-0.0624641105098579
1,6,6,1163.8273013217374,889.1294570073816,2147.634401804268,2147.634401804268,215.4238411690524,95.87318420410156,5.520528894299735,5.409704276746669,153.29910026380992,215.4238411690525,0.7067798674106598,1.3116230964660645,1995.37716790571,8.280793341449602,11.04105778859947,13.80132223574934,8.114556415120001,10.819408553493338,13.524260691866672,False,1.5,32.0,67.11357505638337,14004.803678179456,3.2986775679011138,118.6390152133932,-8.250062496245182,-0.0645545494785967,1.080587,68.99876,67.7166,2022-03-24T23:05:44.604,32.0,Blue,data\RV_UMa\2022_03_24\Light\Blue\reduced_images\RV_Uma_Light_Blue_32_secs_052_reduced.fits,2,0.979925,792.0,9.131090300895188,1172.7039339164808,936.9941185937764,7.0,V* RV UMa,False,1.0475609951296023,0.004887617327005,2090.2792916701937,124.66367268975468,-8.300510795095184,-0.0647530037716796,2022-03-24 23:05:44.604,0.6837048039681566,2022_03_24,3,"(0.682, 0.705]",-8.300510795095184,-0.0647530037716796
1,6,6,1164.9556170061978,893.7142259204284,2145.614435857324,2145.614435857324,195.66170497794752,106.99180603027344,5.261223137976648,5.155604083481767,142.96345702719466,195.66170497794764,0.7060986161231995,1.3794986009597778,2007.457976744089,7.891834706964972,10.522446275953296,13.15305784494162,7.73340612522265,10.311208166963532,12.889010208704418,False,1.5,32.0,67.05045112054137,22267.125348540383,2.996069857474821,149.4562540328052,-8.256616156783178,-0.0808336054407135,1.077581,69.15522,68.11053,2022-03-24T23:08:26.368,32.0,Blue,data\RV_UMa\2022_03_24\Light\Blue\reduced_images\RV_Uma_Light_Blue_32_secs_053_reduced.fits,2,0.979925,792.0,13.747479640249832,1172.7308975460144,937.0310097350336,7.0,V* RV UMa,False,1.06241468855316,0.0046679994156658,2132.752841146128,159.06079274413025,-8.322351322934633,-0.0809742498558926,2022-03-24 23:08:26.368,0.6877048729711905,2022_03_24,3,"(0.682, 0.705]",-8.322351322934633,-0.0809742498558926
1,6,6,1164.8454913881296,884.1276114081431,2145.533947176564,2145.533947176564,201.59353409378963,103.7735595703125,5.340379299587136,5.233171185147924,144.04117997584905,201.5935340937895,0.7014967501163483,1.2006438970565796,2004.1167381653008,8.010568949380705,10.680758599174272,13.35094824896784,7.849756777721888,10.466342370295848,13.08292796286981,False,1.5,32.0,67.0479358492676,21616.929145356866,3.086900990811153,147.26528437550022,-8.25480753807835,-0.0797814058959744,1.074641,69.30681,68.50466,2022-03-24T23:11:07.763,32.0,Blue,data\RV_UMa\2022_03_24\Light\Blue\reduced_images\RV_Uma_Light_Blue_32_secs_054_reduced.fits,2,0.979925,792.0,4.213315989103447,1172.6704933033325,936.991131066346,7.0,V* RV UMa,False,1.0627851998554432,0.0046529991267519,2129.9456081046483,156.78892104565645,-8.320921282773341,-0.0799228897848312,2022-03-24 23:11:07.763,0.69169581741337,2022_03_24,3,"(0.682, 0.705]",-8.320921282773341,-0.0799228897848312
1,6,6,1165.4326977157507,885.5386975266799,2157.1289093588944,2157.1289093588944,199.881746841424,104.234375,5.317657633344922,5.210905656355523,144.47371725275423,199.881746841424,0.7205272912979126,1.445488214492798,2013.108655727348,7.976486450017383,10.635315266689844,13.294144083362305,7.816358484533284,10.421811312711046,13.027264140888809,False,1.5,32.0,67.41027841746545,18511.55629900271,3.060689248509304,136.31590980758145,-8.259668040437372,-0.0735196871473192,1.071794,69.45185,68.89505,2022-03-24T23:13:48.730,32.0,Blue,data\RV_UMa\2022_03_24\Light\Blue\reduced_images\RV_Uma_Light_Blue_32_secs_055_reduced.fits,2,0.979925,792.0,5.720995808141059,1172.686882545722,937.0009087884886,7.0,V* RV UMa,False,1.052613132307863,0.0045127904880959,2119.024607781235,143.7752229226143,-8.315340000273387,-0.0736668957505419,2022-03-24 23:13:48.730,0.6956761783540681,2022_03_24,3,"(0.682, 0.705]",-8.315340000273387,-0.0736668957505419
1,6,6,1166.2728599251343,891.8202808999849,2162.287382064649,2162.287382064649,198.45676942295503,104.90089416503906,5.298668666642116,5.192297893159275,134.95435017695667,198.45676942295503,0.6938043236732483,1.152881145477295,2024.597217376778,7.948002999963174,10.597337333284232,13.24667166660529,7.7884468397389135,10.38459578631855,12.980744732898188,False,1.5,32.0,67.57148068952029,16402.987607391966,3.038869281788999,128.34951483103967,-8.265846589037418,-0.0688303401383498,1.06905,69.58969,69.28002,2022-03-24T23:16:26.090,32.0,Blue,data\RV_UMa\2022_03_24\Light\Blue\reduced_images\RV_Uma_Light_Blue_32_secs_056_reduced.fits,2,0.979925,792.0,12.036815724843104,1172.7146750669262,937.0403585552128,7.0,V* RV UMa,False,1.0385537037009276,0.0044451516863669,2102.6529386092448,133.60132520769903,-8.306918986178951,-0.0689870368609704,2022-03-24 23:16:26.090,0.6995673460942182,2022_03_24,3,"(0.682, 0.705]",-8.306918986178951,-0.0689870368609704
1,6,6,1165.9079896190217,881.3904139092416,2172.665761563687,2172.665761563687,210.9561101147631,101.767822265625,5.4629831248506,5.353313738619225,150.45184651740857,210.95611011476325,0.7166708707809448,1.1780695915222168,2021.479662431179,8.1944746872759,10.9259662497012,13.657457812126502,8.029970607928837,10.70662747723845,13.383284346548065,False,1.5,32.0,67.89580504886521,11904.515821520305,3.230265436132309,109.43327598132709,-8.264173440926218,-0.0587765842745697,1.066321,69.72442,69.67189,2022-03-24T23:19:07.131,32.0,Blue,data\RV_UMa\2022_03_24\Light\Blue\reduced_images\RV_Uma_Light_Blue_32_secs_057_reduced.fits,2,0.979925,792.0,2.360863237315337,1172.6650735150583,936.9760361492382,7.0,V* RV UMa,False,1.0306295598029238,0.0043615953641133,2083.396694642009,113.1292697152364,-8.29692992701897,-0.058955908043612,2022-03-24 23:19:07.131,0.7035495368926501,2022_03_24,3,"(0.682, 0.705]",-8.29692992701897,-0.058955908043612
1,6,6,1166.870680421316,886.4983537325351,2193.9632123354604,2193.9632123354604,203.07337727086565,98.15914916992188,5.359944593662522,5.252343705944748,139.98183585671478,203.07337727086565,0.7017244398593903,1.270848512649536,2051.461660419708,8.039916890493783,10.719889187325045,13.399861484156306,7.878515558917121,10.504687411889496,13.130859264861868,False,1.5,32.0,68.56135038548314,17286.515349145287,3.1095610894601298,131.750469678936,-8.280158512221806,-0.069728943847307,1.063751,69.84874,70.04944,2022-03-24T23:21:40.987,32.0,Blue,data\RV_UMa\2022_03_24\Light\Blue\reduced_images\RV_Uma_Light_Blue_32_secs_058_reduced.fits,2,0.979925,792.0,7.104182381842326,1172.7100707348643,937.0185942859918,7.0,V* RV UMa,False,1.029661164858644,0.006302366799974,2112.3104029306046,136.27305848284652,-8.31189434475693,-0.070044910597739,2022-03-24 23:21:40.987,0.7073540583963904,2022_03_24,3,"(0.705, 0.727]",-8.31189434475693,-0.070044910597739
1,6,6,1167.7151619557258,893.5366658968886,2176.829731743308,2176.829731743308,208.23927942388408,92.0922622680664,5.427691194540625,5.318730293810222,143.61980772667488,208.23927942388408,0.6876953840255737,1.205039143562317,2033.6245405106915,8.141536791810937,10.85538238908125,13.569227986351562,7.978095440715333,10.637460587620444,13.296825734525555,False,1.5,32.0,68.02592911697838,15293.439574386595,3.188663966178225,123.9542422326471,-8.270676935090222,-0.0661781985044041,1.061212,69.96852,70.4311,2022-03-24T23:24:16.858,32.0,Blue,data\RV_UMa\2022_03_24\Light\Blue\reduced_images\RV_Uma_Light_Blue_32_secs_059_reduced.fits,2,0.979925,792.0,14.037227360175494,1172.7065828507511,936.9968454059748,7.0,V* RV UMa,False,1.034437665764229,0.0030364504630268,2103.657822726732,128.37153967783183,-8.30743774912853,-0.0662548950608837,2022-03-24 23:24:16.858,0.7112084064316253,2022_03_24,3,"(0.705, 0.727]",-8.30743774912853,-0.0662548950608837
1,6,6,1167.5785324954109,882.0089968122685,2152.2064487540106,2152.2064487540106,190.53196683937307,102.26296997070312,5.191797320090162,5.087571988889352,131.87859921422498,190.531966839373,0.6946841478347778,1.3885436058044434,2019.8469117349168,7.787695980135243,10.383594640180323,12.979493300225403,7.631357983334028,10.175143977778704,12.718929972223378,False,1.5,32.0,67.25645152356283,24244.8308052122,2.9175207422279,155.93269310018985,-8.263296136601415,-0.0838191099635839,1.058709,70.08319,70.81645,2022-03-24T23:26:53.884,32.0,Blue,data\RV_UMa\2022_03_24\Light\Blue\reduced_images\RV_Uma_Light_Blue_32_secs_060_reduced.fits,2,0.979925,792.0,4.103896077194987,1172.641645662004,936.9551071397344,7.0,V* RV UMa,False,1.0401128964801825,0.0042123294390313,2100.868821811156,162.41062077032026,-8.305997339793885,-0.0839343652382642,2022-03-24 23:26:53.884,0.7150913150841713,2022_03_24,3,"(0.705, 0.727]",-8.305997339793885,-0.0839343652382642
1,6,6,1168.570072836139,884.9534044541431,2193.727127324949,2193.727127324949,204.93283102944488,92.45005798339844,5.384428005123441,5.2763356129205885,140.09004319789193,204.9328310294448,0.6938406229019165,1.3710581064224243,2051.536404190426,8.076642007685162,10.768856010246882,13.461070012808602,7.914503419380883,10.552671225841175,13.19083903230147,False,1.5,32.0,68.55397272890465,17468.006793625955,3.138033975138374,132.43752791535334,-8.280198069646245,-0.0700900157719149,1.05615,70.19627,71.22013,2022-03-24T23:29:39.450,32.0,Blue,data\RV_UMa\2022_03_24\Light\Blue\reduced_images\RV_Uma_Light_Blue_32_secs_061_reduced.fits,2,0.979925,792.0,6.739568340327108,1172.6654730047358,937.0138237967512,7.0,V* RV UMa,False,1.0215127574636484,0.0042766847755439,2095.67060928162,135.57082961450428,-8.303307556689214,-0.0702372583599957,2022-03-24 23:29:39.450,0.7191853992101596,2022_03_24,3,"(0.705, 0.727]",-8.303307556689214,-0.0702372583599957
1,6,6,1168.9044198122242,892.3142786207382,2186.0196598772227,2186.0196598772227,199.74332841605747,104.4328842163086,5.315816071313845,5.20910106368222,134.62780724659416,199.74332841605752,0.6525490581989288,1.1758699417114258,2055.677339037805,7.973724106970768,10.63163214262769,13.289540178284614,7.81365159552333,10.41820212736444,13.022752659205551,False,1.5,32.0,68.31311437116321,14667.131139467108,3.05856971637088,121.40223566127042,-8.282387371050937,-0.0641203753589637,1.053818,70.2949,71.59722,2022-03-24T23:32:12.630,32.0,Blue,data\RV_UMa\2022_03_24\Light\Blue\reduced_images\RV_Uma_Light_Blue_32_secs_062_reduced.fits,2,0.979925,792.0,13.254991197420916,1172.6491426957646,936.9514490053432,7.0,V* RV UMa,False,1.0199792502814322,0.0044701517793047,2096.7482310923097,124.16825552138214,-8.303865713250005,-0.0642966897513447,2022-03-24 23:32:12.630,0.7229732047162329,2022_03_24,3,"(0.705, 0.727]",-8.303865713250005,-0.0642966897513447
1,6,6,1169.066527227688,883.9741165306233,2223.100338227182,2223.100338227182,243.4799654598828,79.79936218261719,5.869017714275101,5.751197183661028,164.61422571419263,243.4799654598829,0.6873676776885986,1.1464710235595703,2055.7400798053222,8.80352657141265,11.738035428550202,14.672544285687753,8.626795775491543,11.502394367322056,14.377992959152571,False,1.5,32.0,69.47188556959944,1057.8411951322378,3.728286971104455,33.63095847092291,-8.282420508003902,-0.0177621429728878,1.051573,70.38525,71.96905,2022-03-24T23:34:44.794,32.0,Blue,data\RV_UMa\2022_03_24\Light\Blue\reduced_images\RV_Uma_Light_Blue_32_secs_063_reduced.fits,2,0.979925,792.0,6.439200287914308,1172.6633250126347,936.9572922458566,7.0,V* RV UMa,False,1.0047560833351297,0.0024710345977215,2065.5173509402425,34.170601745181195,-8.287572118816435,-0.0179617273300687,2022-03-24 23:34:44.794,0.7267358867701983,2022_03_24,3,"(0.705, 0.727]",-8.287572118816435,-0.0179617273300687
1,6,6,1169.3539301982332,883.3119043087831,2206.9949977168058,2206.9949977168058,203.48868349227365,103.3725128173828,5.365422616972291,5.257711757936573,137.7023367516643,203.4886834922736,0.6786507368087769,1.1981889009475708,2068.8972527325263,8.048133925458437,10.73084523394458,13.413556542430726,7.886567636904859,10.515423515873144,13.14427939484143,False,1.5,32.0,68.96859367865018,14315.708107797533,3.11592046597544,119.9491251403784,-8.289347307283817,-0.0629480790899427,1.04932,70.47056,72.35141,2022-03-24T23:37:20.459,32.0,Blue,data\RV_UMa\2022_03_24\Light\Blue\reduced_images\RV_Uma_Light_Blue_32_secs_064_reduced.fits,2,0.979925,792.0,6.295496701459706,1172.6626117128822,936.982321995438,7.0,V* RV UMa,False,1.00520484655097,0.0048536671680833,2079.6655454627225,120.99087326950168,-8.294983741927156,-0.0631660085154568,2022-03-24 23:37:20.459,0.7305851408771531,2022_03_24,3,"(0.727, 0.75]",-8.294983741927156,-0.0631660085154568
1,6,6,1170.8580163195074,896.1552947660477,2176.1814030781443,2176.1814030781443,179.54008410182882,95.3614501953125,5.039814094273335,4.938639826330798,125.64412677931524,179.54008410182888,0.6972493529319763,1.1448280811309814,2050.9971956127915,7.559721141410002,10.07962818854667,12.599535235683335,7.407959739496196,9.877279652661596,12.346599565826995,False,1.5,32.0,68.00566884619201,8042.412516269112,2.7492075378092533,90.07312247642533,-8.279912666363721,-0.0476820009103177,1.047121,70.54767,72.73413,2022-03-24T23:39:56.136,32.0,Blue,data\RV_UMa\2022_03_24\Light\Blue\reduced_images\RV_Uma_Light_Blue_32_secs_065_reduced.fits,2,0.979925,792.0,17.550667702868747,1172.6729656375646,936.9530718076404,7.0,V* RV UMa,False,1.0095724395192756,0.0039189458356619,2070.6302422219987,91.28987785636444,-8.290256381830805,-0.0478679020017788,2022-03-24 23:39:56.136,0.7344346917177909,2022_03_24,3,"(0.727, 0.75]",-8.290256381830805,-0.0478679020017788
1,6,6,1170.849622596886,890.8076462665683,2174.2794374092164,2174.2794374092164,182.7587192663166,87.00057983398438,5.084788081621783,4.982710960883225,125.27390335355226,182.7587192663166,0.6897547245025635,1.1072918176651,2048.2207473512367,7.627182122432674,10.169576163243566,12.711970204054456,7.4740664413248386,9.96542192176645,12.456777402208065,False,1.5,32.0,67.94623241903801,4611.584760555533,2.7984928887654728,68.4275491732923,-8.278441902476015,-0.036272588116485,1.044885,70.61893,73.13367,2022-03-24T23:42:39.088,32.0,Blue,data\RV_UMa\2022_03_24\Light\Blue\reduced_images\RV_Uma_Light_Blue_32_secs_066_reduced.fits,2,0.979925,792.0,12.795411190854356,1172.6420602234527,936.9273046735984,7.0,V* RV UMa,False,1.016703260604971,0.0034231012215431,2082.432712270753,69.92291508601237,-8.296427443370376,-0.0364563234162455,2022-03-24 23:42:39.088,0.7384641373557734,2022_03_24,3,"(0.727, 0.75]",-8.296427443370376,-0.0364563234162455
1,7,6,1171.6612594373844,890.9036062945235,2181.831693536104,2181.831693536104,176.9035156296663,104.37936401367188,5.002672082690365,4.9022434406303566,122.1714680302696,176.9035156296664,0.6917109489440918,1.2262539863586426,2059.4655948683617,7.504008124035548,10.00534416538073,12.506680206725914,7.353365160945534,9.804486881260711,12.255608601575892,False,1.5,32.0,68.18224042300325,7.356695671826901,2.7088350830792645,8.84577702510692,-8.284386352732028,-0.0046634332708967,1.04284,70.67664,73.50896,2022-03-24T23:45:11.333,32.0,Blue,data\RV_UMa\2022_03_24\Light\Blue\reduced_images\RV_Uma_Light_Blue_32_secs_067_reduced.fits,2,0.979925,792.0,13.326046915454068,1172.65621311694,937.0077795453402,7.0,V* RV UMa,False,1.0057153394899914,0.0056018982248959,2071.236139910992,14.56863749036159,-8.29057403817281,-0.0076368391186733,2022-03-24 23:45:11.333,0.7422288223621205,2022_03_24,3,"(0.727, 0.75]",-8.29057403817281,-0.0076368391186733
1,6,6,1173.117102006785,902.7921027304886,2186.015663923655,2186.015663923655,181.7367988005552,97.68441772460938,5.070552007714575,4.968760676159705,130.56896652573857,181.7367988005552,0.7012619972229004,1.262725591659546,2058.5705534278814,7.605828011571862,10.14110401542915,12.676380019286436,7.453141014239557,9.93752135231941,12.421901690399263,False,1.5,32.0,68.31298949761423,41.13652752098486,2.782844731633501,10.593977617034716,-8.283914390429127,-0.0055875010123206,1.040844,70.72484,73.88473,2022-03-24T23:47:44.664,32.0,Blue,data\RV_UMa\2022_03_24\Light\Blue\reduced_images\RV_Uma_Light_Blue_32_secs_068_reduced.fits,2,0.979925,792.0,24.54794280340555,1172.6770422022896,936.9399468495376,7.0,V* RV UMa,False,1.0127212899715987,0.0024264490713206,2084.758226365032,11.83453405067005,-8.297639240547957,-0.0061633919572818,2022-03-24 23:47:44.664,0.7460203617670818,2022_03_24,3,"(0.727, 0.75]",-8.297639240547957,-0.0061633919572818
1,6,6,1172.9573707085033,899.4248376609678,2181.8628176308366,2181.8628176308366,187.2861339000852,89.97221374511719,5.147384577111339,5.044050831725829,127.92431097542736,187.28613390008508,0.6743375360965729,1.3550975322723389,2055.5687475516006,7.721076865667008,10.294769154222678,12.868461442778347,7.566076247588743,10.088101663451658,12.610127079314571,False,1.5,32.0,68.18321305096364,23.643185582436363,2.867818925345053,9.73109539356927,-8.282330015346295,-0.0051398925933942,1.038849,70.76371,74.27074,2022-03-24T23:50:21.255,32.0,Blue,data\RV_UMa\2022_03_24\Light\Blue\reduced_images\RV_Uma_Light_Blue_32_secs_069_reduced.fits,2,0.979925,792.0,21.390624305160085,1172.673509461535,937.0026619426038,7.0,V* RV UMa,False,1.007616774271418,0.0061268533732455,2071.2255507010823,15.961056223532951,-8.290568487324336,-0.008366783908302,2022-03-24 23:50:21.255,0.7498925138234984,2022_03_24,3,"(0.727, 0.75]",-8.290568487324336,-0.008366783908302
1,6,7,1173.630279412303,899.3996929046639,2193.984748424741,2193.984748424741,176.7870997411313,104.58828735351562,5.001025743556658,4.900630151754759,126.9674812483937,176.78709974113144,0.7047349810600281,1.3288934230804443,2069.3966950370177,7.5015386153349874,10.002051487113317,12.502564358891648,7.350945227632138,9.801260303509515,12.251575379386898,False,1.5,32.0,68.56202338827316,7.815360810007587,2.7070524647860728,8.892943082189767,-8.289609377886656,-0.0046657995996335,1.036856,70.79156,74.66702,2022-03-24T23:53:02.936,32.0,Blue,data\RV_UMa\2022_03_24\Light\Blue\reduced_images\RV_Uma_Light_Blue_32_secs_070_reduced.fits,2,0.979925,792.0,21.658494092486983,1172.7025818655395,936.9856861603018,7.0,V* RV UMa,False,0.9968625679033434,0.0065868278129945,2062.904103425293,16.25996867213941,-8.286197599354562,-0.0085578562019734,2022-03-24 23:53:02.936,0.7538905304185342,2022_03_24,3,"(0.75, 0.773]",-8.286197599354562,-0.0085578562019734
1,6,6,1174.4551689842922,908.6552356211917,2217.146562089832,2217.146562089832,181.4504766393297,102.9955062866211,5.066556164016896,4.964845049024257,124.3989211972503,181.45047663932965,0.690520167350769,1.3351991176605225,2091.8513485949647,7.599834246025344,10.133112328033793,12.66639041004224,7.447267573536386,9.929690098048514,12.412112622560642,False,1.5,32.0,69.28583006530724,11.300195946643964,2.778460423539736,9.130415457989354,-8.301327048505884,-0.0047389708804503,1.034966,70.80611,75.05407,2022-03-24T23:55:39.879,32.0,Blue,data\RV_UMa\2022_03_24\Light\Blue\reduced_images\RV_Uma_Light_Blue_32_secs_071_reduced.fits,2,0.979925,792.0,30.50300127849908,1172.7344981425208,936.97359234956,7.0,V* RV UMa,False,0.9873033738144984,0.0038004306867641,2065.291893986217,12.019255926373026,-8.287453601226622,-0.006318594166527,2022-03-24 23:55:39.879,0.7577713866630837,2022_03_24,3,"(0.75, 0.773]",-8.287453601226622,-0.006318594166527
1,6,6,1175.1090938903044,906.2559206067598,2233.387032090934,2233.387032090934,183.4868538367672,106.24480438232422,5.094907242030056,4.992626979146302,122.36731698849216,183.48685383676707,0.6660692095756531,1.190865397453308,2111.1720883883554,7.642360863045083,10.189814484060111,12.737268105075138,7.488940468719454,9.985253958292605,12.481567447865755,False,1.5,32.0,69.79334475284169,11.70321064507448,2.809642449375497,9.18184065682321,-8.311309088706555,-0.0047220484214734,1.033156,70.80724,75.43533,2022-03-24T23:58:15.082,32.0,Blue,data\RV_UMa\2022_03_24\Light\Blue\reduced_images\RV_Uma_Light_Blue_32_secs_072_reduced.fits,2,0.979925,792.0,28.509390277101183,1172.700036113766,936.9133727643784,7.0,V* RV UMa,False,0.992725496788623,0.0059025787694054,2095.8143602516047,15.439221792364132,-8.303382029404148,-0.0079982857218556,2022-03-24 23:58:15.082,0.7616092165231123,2022_03_24,3,"(0.75, 0.773]",-8.303382029404148,-0.0079982857218556
1,6,6,1146.893845961236,892.7195865738936,2303.0638514979382,2303.0638514979382,225.3118018424044,98.17920684814452,5.645803712112034,5.5324642025913855,145.56165095966367,225.31180184240444,0.620354413986206,1.2293860912322998,2163.290680701817,8.468705568168051,11.291607424224068,14.114509280280084,8.298696303887079,11.064928405182773,13.831160506478463,False,1.5,32.0,71.97074535931057,10918.024081777765,3.450086965711817,104.84963001414351,-8.337787198439305,-0.0526230896186907,1.028987,70.75496,76.35876,2022-03-25T00:04:23.759,32.0,Blue,data\RV_UMa\2022_03_24\Light\Blue\reduced_images\RV_Uma_Light_Blue_32_secs_073_reduced.fits,2,0.979925,792.0,21.316856912047125,1172.7861911612497,937.0732446669964,7.0,V* RV UMa,False,0.9655064530526056,0.0044876921555924,2088.671112046168,101.69743340247295,-8.299675150371474,-0.0528645150206888,2022-03-25 00:04:23.759,0.7707257902962112,2022_03_24,3,"(0.75, 0.773]",-8.299675150371474,-0.0528645150206888
1,6,6,1146.9178577674631,886.8636989625217,2298.8760559439115,2298.8760559439115,199.4633558412605,130.45114135742188,5.312089277013689,5.205449084777639,127.97083566796512,199.46335584126064,0.6302905976772308,1.3449240922927856,2173.1561781760174,7.968133915520533,10.624178554027376,13.280223192534224,7.808173627166458,10.410898169555278,13.013622711944098,False,1.5,32.0,71.83987674824724,28072.989434493746,3.0542826363193014,167.7733101356658,-8.342727347189609,-0.0838216594075146,1.027362,70.7033,76.73796,2022-03-25T00:06:58.171,32.0,Blue,data\RV_UMa\2022_03_24\Light\Blue\reduced_images\RV_Uma_Light_Blue_32_secs_074_reduced.fits,2,0.979925,792.0,18.40950696517264,1172.7678474404993,937.0213872498732,7.0,V* RV UMa,False,0.969050141247342,0.0039312419394663,2105.897301414004,162.8050568794713,-8.308592970166497,-0.0839373052299658,2022-03-25 00:06:58.171,0.7745440604607516,2022_03_24,3,"(0.773, 0.795]",-8.308592970166497,-0.0839373052299658
1,6,6,1147.4060596567467,887.1764418493112,2300.1445857976705,2300.1445857976705,208.6567008061524,123.85543060302734,5.433128449515031,5.324058395891018,139.2885095767107,208.6567008061524,0.6732020974159241,1.89986538887024,2159.676457175082,8.149692674272547,10.866256899030065,13.582821123787578,7.986087593836526,10.648116791782035,13.310145989727545,False,1.5,32.0,71.8795183061772,22405.22928159085,3.195055731094208,149.93433181105695,-8.335971735066948,-0.075376629607018,1.02578,70.63277,77.11871,2022-03-25T00:09:33.030,32.0,Blue,data\RV_UMa\2022_03_24\Light\Blue\reduced_images\RV_Uma_Light_Blue_32_secs_075_reduced.fits,2,0.979925,792.0,18.07927470149161,1172.7123254869584,937.0214267461796,7.0,V* RV UMa,False,0.958417763679804,0.0036606190902028,2069.872280357664,143.91703327376098,-8.289858871314804,-0.0754906160102315,2022-03-25 00:09:33.030,0.7783733839551061,2022_03_24,3,"(0.773, 0.795]",-8.289858871314804,-0.0754906160102315
1,6,6,1148.5420303440076,898.7624650100166,2319.111546735622,2319.111546735622,214.80370729992364,102.89556884765624,5.5125772807884,5.401912291876573,135.43461391186287,214.8037072999236,0.6150612831115723,1.176397442817688,2186.9941029066085,8.2688659211826,11.0251545615768,13.781443201971,8.10286843781486,10.803824583753146,13.504780729691433,False,1.5,32.0,72.47223583548819,16627.17583047727,3.289181768030081,129.23984388755963,-8.349619029977983,-0.0641612967403617,1.024244,70.5418,77.50038,2022-03-25T00:12:09.301,32.0,Blue,data\RV_UMa\2022_03_24\Light\Blue\reduced_images\RV_Uma_Light_Blue_32_secs_076_reduced.fits,2,0.979925,792.0,24.310057983017664,1172.7149401736033,936.98873138726,7.0,V* RV UMa,False,0.9501753970774012,0.003560374561461,2078.027990135221,123.04713557646852,-8.294128482546888,-0.0642901494211637,2022-03-25 00:12:09.301,0.7822376231132182,2022_03_24,3,"(0.773, 0.795]",-8.294128482546888,-0.0642901494211637
1,6,6,1149.374602185932,894.5906825320275,2325.988889665616,2325.988889665616,223.72283816248265,103.43762969970705,5.62586057228243,5.512921421293861,138.2594717416595,223.7228381624828,0.6188637018203735,1.150622844696045,2187.534945858622,8.438790858423644,11.25172114456486,14.064651430706077,8.26938213194079,11.02584284258772,13.782303553234652,False,1.5,32.0,72.6871528020505,15630.972488463176,3.425755959363015,125.32791148513004,-8.349887499004264,-0.0622038295770942,1.022719,70.425,77.89243,2022-03-25T00:14:49.138,32.0,Blue,data\RV_UMa\2022_03_24\Light\Blue\reduced_images\RV_Uma_Light_Blue_32_secs_077_reduced.fits,2,0.979925,792.0,20.65890311633601,1172.752469774559,936.9992119278372,7.0,V* RV UMa,False,0.960936354572808,0.0029856312054122,2102.081856374009,120.60911283686444,-8.306624059296407,-0.0622952336673625,2022-03-25 00:14:49.138,0.7861900416317873,2022_03_24,3,"(0.773, 0.795]",-8.306624059296407,-0.0622952336673625
1,6,6,1150.0828152093768,896.8242712059462,2340.2669998785323,2340.2669998785323,240.49418963568053,94.52234649658205,5.832921057080385,5.715825166859497,153.1587171949785,240.49418963568053,0.6442474126815796,1.1297998428344729,2185.329240440792,8.749381585620577,11.66584211416077,14.58230264270096,8.573737750289245,11.431650333718991,14.28956291714874,False,1.5,32.0,73.13334374620413,9982.043270429436,3.6825672787963577,100.29386412664752,-8.348792191978827,-0.0498289582101732,1.021292,70.28724,78.27196,2022-03-25T00:17:23.041,32.0,Blue,data\RV_UMa\2022_03_24\Light\Blue\reduced_images\RV_Uma_Light_Blue_32_secs_078_reduced.fits,2,0.979925,792.0,21.834471234897872,1172.7790917973227,937.0562184627936,7.0,V* RV UMa,False,0.9522683445140524,0.0036719701307085,2081.019858012705,95.84318653865203,-8.295690561153997,-0.0500045288869925,2022-03-25 00:17:23.041,0.7899957253424663,2022_03_24,3,"(0.773, 0.795]",-8.295690561153997,-0.0500045288869925
1,6,6,1150.478673197783,905.7329066044362,2310.794285318948,2310.794285318948,226.93216318330656,100.06471252441406,5.666068636456056,5.552322308579201,141.48596661422306,226.9321631833066,0.61771559715271,1.1442294120788574,2170.614748625016,8.499102954684083,11.332137272912112,14.16517159114014,8.328483462868801,11.1046446171584,13.880805771448005,False,1.5,32.0,72.21232141621712,10863.863411023643,3.474898748744381,104.59230674953396,-8.34145687393643,-0.0523168168137952,1.019924,70.12415,78.6486,2022-03-25T00:19:56.919,32.0,Blue,data\RV_UMa\2022_03_24\Light\Blue\reduced_images\RV_Uma_Light_Blue_32_secs_079_reduced.fits,2,0.979925,792.0,29.069034397533443,1172.749065050071,937.0191474635444,7.0,V* RV UMa,False,0.9664786012893676,0.0036404584726324,2097.8527061891773,101.39461167848702,-8.304437480932112,-0.0524764205522813,2022-03-25 00:19:56.919,0.7938007908579632,2022_03_24,3,"(0.773, 0.795]",-8.304437480932112,-0.0524764205522813
1,4,5,1166.4727402272,901.5949543937512,4142.017890915368,4142.017890915368,231.4616076592628,131.09713745117188,5.722335109606805,5.607459232281449,361.1065797030952,231.46160765926265,1.5390812158584597,2.23999285697937,3785.779678374596,8.583502664410208,11.44467021921361,14.30583777401701,8.411188848422173,11.214918464562896,14.01864808070362,False,1.5,30.0,138.0672630305123,16.807024088055034,4.032575564552489,12.605826537086722,-8.945388339144468,-0.0036152664510292,1.765068,44.77164,34.45448,2023-02-23T20:48:22.268,30.0,Blue,data\RV_UMa\2023_02_23\Light\Blue\reduced_images\RV_Uma_Light_Blue_30_secs_001_reduced.fits,2,0.979925,792.0,21.73606448967725,1172.8207094024538,937.0457466390828,7.0,V* RV UMa,False,1.018010111178251,0.0063459761560645,3853.9619912784856,27.23705764151116,-8.964768568053765,-0.0076732099744093,2023-02-23 20:48:22.268,0.3380238918178975,2023_02_23,4,"(0.318, 0.341]",-8.964768568053765,-0.0076732099744093
1,4,5,1166.063063297795,901.544566271914,4043.913512459794,4043.913512459794,196.40339614628505,163.19287109375,5.271185515967771,5.165366466734718,308.23334941692167,196.40339614628505,1.5496483445167542,2.152484178543091,3739.5573147642353,7.906778273951656,10.54237103193554,13.177963789919428,7.748049700102077,10.330732933469436,12.913416166836797,False,1.5,30.0,134.79711708199315,13.510751740342174,3.4217836128597208,12.31785908488951,-8.932050484689576,-0.0035763445905137,1.754262,45.03693,34.69799,2023-02-23T20:50:33.867,30.0,Blue,data\RV_UMa\2023_02_23\Light\Blue\reduced_images\RV_Uma_Light_Blue_30_secs_002_reduced.fits,2,0.979925,792.0,21.643118213778724,1172.7587857250217,937.0265480176498,7.0,V* RV UMa,False,1.022386029424439,0.0062399437217171,3823.2711548469215,26.51610386752993,-8.956087750591465,-0.0075300685753367,2023-02-23 20:50:33.867,0.34127804651689075,2023_02_23,4,"(0.341, 0.364]",-8.956087750591465,-0.0075300685753367
2,6,7,1167.206374732587,902.5831868294986,3804.724126044781,3804.724126044781,225.5748824115732,136.2810516357422,5.649098852279197,5.535693192819692,320.9098211403657,225.57488241157307,1.4238408207893372,1.8688139915466309,3483.541400322428,8.473648278418796,11.298197704558394,14.122747130697991,8.30353978922954,11.071386385639384,13.83923298204923,False,1.5,60.0,63.41206876741301,6.064986376782495,0.9825039322815188,8.394019244466683,-8.855052440739508,-0.0026162142342589,1.729376,45.64516,35.27319,2023-02-23T20:55:10.782,60.0,Blue,data\RV_UMa\2023_02_23\Light\Blue\reduced_images\RV_Uma_Light_Blue_60_secs_001_reduced.fits,2,0.979925,792.0,22.80967264784416,1172.686427132091,937.0553913199116,7.0,V* RV UMa,False,1.058495117105121,0.0067751638643167,3687.3115624748248,25.21859520072209,-8.916774588080155,-0.0074256653875449,2023-02-23 20:55:10.782,0.34812554724635447,2023_02_23,4,"(0.341, 0.364]",-8.916774588080155,-0.0074256653875449
1,5,6,1167.0931337554882,903.3235225668157,3948.8871280014064,3948.8871280014064,222.73724705770616,146.53900146484375,5.613454779360402,5.500764674664742,313.7736121392357,222.7372470577062,1.4073327779769895,1.9286847114562988,3635.4216993407376,8.420182169040602,11.226909558720804,14.033636948401004,8.251147011997112,11.001529349329484,13.751911686661856,False,1.5,60.0,65.81478546669011,6.064662863684202,0.9701444538513422,8.535197290293041,-8.901386987832426,-0.0025490777904816,1.710394,46.12607,35.72603,2023-02-23T20:59:10.794,60.0,Blue,data\RV_UMa\2023_02_23\Light\Blue\reduced_images\RV_Uma_Light_Blue_60_secs_002_reduced.fits,2,0.979925,792.0,23.527732176180823,1172.738791273786,937.135533407028,7.0,V* RV UMa,False,0.9968047533397164,0.0064608463058569,3623.805630297197,24.98131858718307,-8.897912238548653,-0.0074847066315964,2023-02-23 20:59:10.794,0.3540605177065572,2023_02_23,4,"(0.341, 0.364]",-8.897912238548653,-0.0074847066315964
1,4,5,1168.1770963265617,904.5244759598828,3872.146290636812,3872.146290636812,227.35144997650363,141.27101135253906,5.6713006215796025,5.557449261601392,311.0441796105756,227.3514499765037,1.365361213684082,1.7993913888931274,3561.7294389640565,8.506950932369403,11.342601243159203,14.178251553949009,8.336173892402087,11.114898523202784,13.893623154003482,False,1.5,60.0,64.53577151061353,5.71501367100768,0.9902418710087711,8.440439979801408,-8.879152314749712,-0.0025729330167267,1.691657,46.59965,36.18559,2023-02-23T21:03:11.975,60.0,Blue,data\RV_UMa\2023_02_23\Light\Blue\reduced_images\RV_Uma_Light_Blue_60_secs_003_reduced.fits,2,0.979925,792.0,24.87766176368371,1172.821923041334,937.0759686117518,7.0,V* RV UMa,False,1.001686917286061,0.0054003177623946,3567.7377819229173,21.010627082791824,-8.880982318822472,-0.0063939672427842,2023-02-23 21:03:11.975,0.3600243949737205,2023_02_23,4,"(0.341, 0.364]",-8.880982318822472,-0.0063939672427842
2,5,6,1168.3755572915568,905.2209695850668,3909.132064547293,3909.132064547293,256.1838563623314,134.76657104492188,6.020182875067216,5.8993277038502425,344.96585011000127,256.1838563623314,1.335362672805786,1.794670581817627,3567.033705385596,9.030274312600824,12.040365750134432,15.05045718766804,8.848991555775363,11.798655407700483,14.748319259625603,False,1.5,60.0,65.15220107578821,6.186590890116329,1.115823018822599,8.512027665881211,-8.88076803266311,-0.0025908969121308,1.673333,47.07232,36.64767,2023-02-23T21:07:13.544,60.0,Blue,data\RV_UMa\2023_02_23\Light\Blue\reduced_images\RV_Uma_Light_Blue_60_secs_004_reduced.fits,2,0.979925,792.0,25.597710999668674,1172.7640507093836,937.0024685695134,7.0,V* RV UMa,False,0.9865207073211888,0.0059139791149854,3518.95261407552,22.70526015319459,-8.866033546752599,-0.007005471710011,2023-02-23 21:07:13.544,0.36599786662986844,2023_02_23,4,"(0.364, 0.386]",-8.866033546752599,-0.007005471710011
1,4,5,1168.5667122654786,905.8914674518724,3788.5487635473214,3788.5487635473214,237.64910040863964,127.16786193847656,5.798316157979902,5.681914961108456,322.40866126633966,237.6491004086396,1.3615797758102417,1.8263341188430784,3464.97055469142,8.697474236969853,11.596632315959804,14.495790394949754,8.522872441662685,11.363829922216912,14.20478740277114,False,1.5,60.0,63.14247939245536,5.8744698831477,1.0350938595576302,8.369709859676181,-8.849248870826006,-0.0026226188288,1.655368,47.53943,37.1134,2023-02-23T21:11:14.998,60.0,Blue,data\RV_UMa\2023_02_23\Light\Blue\reduced_images\RV_Uma_Light_Blue_60_secs_005_reduced.fits,2,0.979925,792.0,26.29111917981136,1172.8235645752386,937.113241813106,7.0,V* RV UMa,False,0.9985317831596504,0.0062108440534219,3459.883226571707,23.086224305394047,-8.84765360325987,-0.0072446229881492,2023-02-23 21:11:14.998,0.3719684945882591,2023_02_23,4,"(0.364, 0.386]",-8.84765360325987,-0.0072446229881492
1,5,6,1168.2659217350354,906.6646179934544,3800.711187652784,3800.711187652784,206.68093557059365,153.42259216308594,5.407344185984877,5.298791751451232,281.0836149440404,206.6809355705936,1.340864658355713,1.8870997428894043,3523.5800255902805,8.111016278977317,10.814688371969757,13.518360464962193,7.948187627176848,10.597583502902465,13.246979378628078,False,1.5,60.0,63.34518646087973,6.399385712386283,0.9002102971519188,8.40504506058224,-8.867460348500206,-0.0025898834874252,1.637861,48.00855,37.57993,2023-02-23T21:15:15.454,60.0,Blue,data\RV_UMa\2023_02_23\Light\Blue\reduced_images\RV_Uma_Light_Blue_60_secs_006_reduced.fits,2,0.979925,792.0,27.00370235701576,1172.785961924712,937.0866576363956,7.0,V* RV UMa,False,0.9819176302520032,0.0084502702708262,3459.865348730901,30.89782802828188,-8.847647993050535,-0.0096960104389615,2023-02-23 21:15:15.454,0.3779144441949711,2023_02_23,4,"(0.364, 0.386]",-8.847647993050535,-0.0096960104389615
2,5,6,1168.5425624458203,907.1966515217372,3698.71548427384,3698.71548427384,195.0640385826628,176.61764526367188,5.253181551098257,5.14772393145996,264.4791171711741,195.06403858266287,1.364790439605713,1.834485650062561,3432.4939493053416,7.879772326647386,10.506363102196516,13.132953877745644,7.721585897189939,10.29544786291992,12.8693098286499,False,1.5,60.0,61.64525807123066,4.928739188200156,0.8496122569378198,8.211188069723445,-8.839024450871314,-0.0025972905715335,1.620663,48.46615,38.05097,2023-02-23T21:19:15.513,60.0,Blue,data\RV_UMa\2023_02_23\Light\Blue\reduced_images\RV_Uma_Light_Blue_60_secs_007_reduced.fits,2,0.979925,792.0,27.573406165524453,1172.7894234390276,937.047374171288,7.0,V* RV UMa,False,0.978383758582389,0.0074036486964967,3358.2963314326685,26.652574802080224,-8.815297537596138,-0.0086167695035708,2023-02-23 21:19:15.513,0.3838505768624145,2023_02_23,4,"(0.364, 0.386]",-8.815297537596138,-0.0086167695035708
2,6,7,1168.6649583718422,907.857514410124,3611.871418685824,3611.871418685824,200.735963346051,158.29144287109375,5.329008314902505,5.2220284729808375,265.0787646446009,200.73596334605105,1.307128667831421,1.7425307035446167,3349.483686331443,7.993512472353757,10.65801662980501,13.322520787256265,7.833042709471256,10.444056945961677,13.055071182452094,False,1.5,60.0,60.19785697809706,5.07574947154448,0.8743166403516887,8.133137346067214,-8.812444667249812,-0.0026363590636165,1.603861,48.92448,38.52397,2023-02-23T21:23:17.272,60.0,Blue,data\RV_UMa\2023_02_23\Light\Blue\reduced_images\RV_Uma_Light_Blue_60_secs_008_reduced.fits,2,0.979925,792.0,28.24540574538244,1172.7613010855496,937.0511064781192,7.0,V* RV UMa,False,0.9907468299666624,0.0065354600855093,3318.4903442579275,23.32637529834284,-8.802351395805783,-0.0076318709894724,2023-02-23 21:23:17.272,0.38982874680186796,2023_02_23,4,"(0.386, 0.409]",-8.802351395805783,-0.0076318709894724
1,4,5,1169.0355626080034,908.4740116231112,3583.444638490575,3583.444638490575,209.92679737664488,152.5511474609375,5.449639130963424,5.340237625409334,269.5494823667109,209.92679737664497,1.2832244634628296,1.804027438163757,3314.06143656046,8.174458696445136,10.899278261926847,13.624097827408562,8.010356438114,10.680475250818668,13.350594063523337,False,1.5,60.0,59.72407730817625,5.631356008707678,0.9143478285738308,8.140625353463808,-8.800901387933008,-0.002666990894653,1.587197,49.38738,39.00612,2023-02-23T21:27:21.632,60.0,Blue,data\RV_UMa\2023_02_23\Light\Blue\reduced_images\RV_Uma_Light_Blue_60_secs_009_reduced.fits,2,0.979925,792.0,28.91584736251388,1172.6992531208518,937.1413386394636,7.0,V* RV UMa,False,0.978275538010194,0.0078850831279826,3242.0652348500203,27.31821432851516,-8.777054373019642,-0.0091486050394613,2023-02-23 21:27:21.632,0.3958712337680481,2023_02_23,4,"(0.386, 0.409]",-8.777054373019642,-0.0091486050394613
2,6,7,1168.9103597974215,909.0329704148428,3475.3716896471733,3475.3716896471733,204.3495842753264,153.38998413085938,5.37676040060407,5.268821935561944,262.59006839586243,204.3495842753264,1.2872243523597715,1.6600112915039062,3212.3279283733777,8.065140600906105,10.75352080120814,13.441901001510177,7.903232903342915,10.537643871123889,13.172054838904858,False,1.5,60.0,57.92286149411955,4.948667725032682,0.8900559670658659,7.9850851708806525,-8.76704968383718,-0.0026988826363354,1.570935,49.84592,39.48978,2023-02-23T21:31:25.083,60.0,Blue,data\RV_UMa\2023_02_23\Light\Blue\reduced_images\RV_Uma_Light_Blue_60_secs_010_reduced.fits,2,0.979925,792.0,29.445288323419028,1172.755915846569,937.0430293168232,7.0,V* RV UMa,False,0.9840968884426696,0.0054456395545305,3161.2419189697275,19.17709684441911,-8.749644330435252,-0.0065864204258446,2023-02-23 21:31:25.083,0.40189124315736535,2023_02_23,4,"(0.386, 0.409]",-8.749644330435252,-0.0065864204258446
2,6,7,1168.82463758808,909.2389896672256,3527.3847853786315,3527.3847853786315,234.6155651695128,125.88973999023438,5.761190226026923,5.645534332239433,280.9236314802997,234.6155651695128,1.198127031326294,1.6597027778625488,3246.2855347791424,8.641785339040386,11.522380452053849,14.402975565067308,8.46830149835915,11.291068664478866,14.113835830598582,False,1.5,60.0,58.78974642297719,5.919739714222949,1.021881128293878,8.10748834507297,-8.778466791440554,-0.0027115894555773,1.554967,50.30297,39.97794,2023-02-23T21:35:29.144,60.0,Blue,data\RV_UMa\2023_02_23\Light\Blue\reduced_images\RV_Uma_Light_Blue_60_secs_011_reduced.fits,2,0.979925,792.0,29.63436593916663,1172.7351703463928,937.027157869124,7.0,V* RV UMa,False,0.9758959150263412,0.0049230557736925,3168.036792400066,17.832939675700995,-8.751975541702997,-0.0061116298553174,2023-02-23 21:35:29.144,0.4079263365091492,2023_02_23,4,"(0.386, 0.409]",-8.751975541702997,-0.0061116298553174
1,4,5,1169.3717534286416,910.3613346550318,3387.6640439894445,3387.6640439894445,216.4260955737552,131.4413604736328,5.533356058157522,5.42227393529001,260.8497789505094,216.42609557375528,1.2036510705947876,1.5983281135559082,3127.1625423474443,8.300034087236282,11.066712116315044,13.833390145393803,8.133410902935015,10.84454787058002,13.555684838225025,False,1.5,60.0,56.46106739982408,5.2057796129390335,0.9426558829434672,7.9126166908113635,-8.737876138516636,-0.0027472234970998,1.53951,50.75202,40.46352,2023-02-23T21:39:30.340,60.0,Blue,data\RV_UMa\2023_02_23\Light\Blue\reduced_images\RV_Uma_Light_Blue_60_secs_012_reduced.fits,2,0.979925,792.0,30.832878181138984,1172.7212916142198,937.1262258602802,7.0,V* RV UMa,False,0.9846967927817448,0.007633549470761,3079.306925956736,25.110739979182167,-8.721132447011223,-0.008853823337274,2023-02-23 21:39:30.340,0.4138905846931493,2023_02_23,4,"(0.409, 0.432]",-8.721132447011223,-0.008853823337274
2,6,7,1169.3546225914129,910.4970714621882,3274.665549767625,3274.665549767625,210.7785855647749,134.6355743408203,5.460684026387735,5.351060794558002,250.4407343601472,210.7785855647749,1.1748290061950684,1.6699081659317017,3027.036753561358,8.191026039581603,10.92136805277547,13.651710065969338,8.026591191837003,10.702121589116004,13.377651986395003,False,1.5,60.0,54.57775916279376,5.80788779439452,0.918057839348797,7.829668243069886,-8.702544235222607,-0.0028083419445583,1.524441,51.19641,40.94993,2023-02-23T21:43:30.386,60.0,Blue,data\RV_UMa\2023_02_23\Light\Blue\reduced_images\RV_Uma_Light_Blue_60_secs_013_reduced.fits,2,0.979925,792.0,30.96358104073688,1172.6929897363875,937.0363055352328,7.0,V* RV UMa,False,1.0061549370805196,0.0041969809469029,3045.667974319949,14.948673630394342,-8.709206391639688,-0.0053289840883776,2023-02-23 21:43:30.386,0.4198263958990083,2023_02_23,4,"(0.409, 0.432]",-8.709206391639688,-0.0053289840883776
1,4,5,1169.3714812965204,911.2654482175974,3381.706460057469,3381.706460057469,340.2858806395311,63.51729965209961,6.938343059848099,6.799055822921648,391.3581005884184,340.2858806395311,1.1460492610931396,1.6219370365142822,2991.7220779901063,10.407514589772148,13.876686119696195,17.345857649620246,10.198583734382472,13.598111645843296,16.99763955730412,False,1.5,60.0,56.36177433429116,8.313588235715557,1.4821340578966242,8.133725876122414,-8.68980311602797,-0.0029518385842902,1.509678,51.63826,41.43944,2023-02-23T21:47:30.492,60.0,Blue,data\RV_UMa\2023_02_23\Light\Blue\reduced_images\RV_Uma_Light_Blue_60_secs_014_reduced.fits,2,0.979925,792.0,31.723509635066115,1172.6123011770458,936.990863711944,7.0,V* RV UMa,False,1.0009148305252789,0.0073493348464689,2994.4589966702024,23.44598312062027,-8.690795926592989,-0.0085010857582328,2023-02-23 21:47:30.492,0.4257636907733513,2023_02_23,4,"(0.409, 0.432]",-8.690795926592989,-0.0085010857582328
1,4,5,1169.3424961067165,912.1218696160388,3235.216985062876,3235.216985062876,259.87383657066385,89.9871826171875,6.063384142757721,5.94166170609186,295.7365510210375,259.8738365706637,1.1401729583740234,1.5661293268203735,2938.915864016095,9.095076214136585,12.126768285515444,15.158460356894302,8.91249255913779,11.88332341218372,14.85415426522965,False,1.5,60.0,53.92028308438127,5.779092233930454,1.1318949326188914,7.799440380625434,-8.670467882911568,-0.0028813804783528,1.495132,52.08021,41.93496,2023-02-23T21:51:32.057,60.0,Blue,data\RV_UMa\2023_02_23\Light\Blue\reduced_images\RV_Uma_Light_Blue_60_secs_015_reduced.fits,2,0.979925,792.0,32.56311981797942,1172.7944265295378,937.087744403399,7.0,V* RV UMa,False,1.0086089274165992,0.0060027359482684,2964.2167773729016,19.315976593890152,-8.679774902598762,-0.0070750746970786,2023-02-23 21:51:32.057,0.4317370635183124,2023_02_23,4,"(0.409, 0.432]",-8.679774902598762,-0.0070750746970786
1,5,6,1173.2457361851114,937.1601863736776,3507.9552467757508,3507.9552467757508,253.27535759869696,115.39759826660156,5.985911245969346,5.865744077706512,1005.5102800229188,253.2753575986972,3.964536666870117,4.8801589012146,2503.8358047610755,8.978866868954018,11.971822491938692,14.964778114923366,8.798616116559767,11.731488155413023,14.66436019426628,False,1.5,60.0,58.46592077959585,16.902581776335126,1.1031548908743245,8.74480745624541,-8.49651461383769,-0.0037920034695687,1.204681,62.80083,56.0829,2023-04-03T21:05:40.729,60.0,Blue,data\RV_UMa\2023_04_03\Light\Blue\reduced_images\RV_Uma_Light_Blue_60_secs_001_reduced.fits,2,0.979925,792.0,57.90311342128531,1172.7385464244785,937.1035943396184,7.0,V* RV UMa,False,0.8461027495665622,0.0062529648556632,2118.502358871552,17.316698891807143,-8.315072379769035,-0.0088748388006255,2023-04-03 21:05:40.729,0.6865218782655802,2023_04_03,5,"(0.682, 0.705]",-8.315072379769035,-0.0088748388006255
2,4,5,1156.3817571385762,911.540313987095,3500.07601450511,3500.07601450511,245.147655416298,118.69734191894533,5.889083018368629,5.770859676774879,938.6039754765416,245.1476554162981,3.8250246047973633,4.665619850158691,2562.380200729385,8.833624527552942,11.778166036737256,14.722707545921573,8.656289515162317,11.541719353549755,14.4271491919372,False,1.5,60.0,58.33460024175183,18.42911459661122,1.0677542324798752,8.822214521923785,-8.521608924790371,-0.0037381641139238,1.180022,63.94857,57.91058,2023-04-03T21:18:43.734,60.0,Blue,data\RV_UMa\2023_04_03\Light\Blue\reduced_images\RV_Uma_Light_Blue_60_secs_002_reduced.fits,2,0.979925,792.0,32.447327019342865,1172.7593883592713,937.0107619257602,7.0,V* RV UMa,False,0.8223426924817377,0.0041773890167802,2107.1546334296977,12.930978840527594,-8.30924101863705,-0.006662838914328,2023-04-03 21:18:43.734,0.7058838749380811,2023_04_03,5,"(0.705, 0.727]",-8.30924101863705,-0.006662838914328
2,6,7,1166.1182536634526,916.0013556416756,3589.8290450134746,3589.8290450134746,274.02339435397084,110.43558502197266,6.226265349969111,6.101273073068482,994.15162000746,274.02339435397084,3.6228491067886353,4.195454120635986,2597.083635539001,9.339398024953669,12.452530699938222,15.565663374922778,9.151909609602722,12.202546146136964,15.253182682671204,False,1.5,60.0,59.83048408355791,16.29173337718557,1.1935241176306284,8.792937028000036,-8.536214839291024,-0.0036759732905084,1.157146,65.05103,59.76867,2023-04-03T21:31:51.390,60.0,Blue,data\RV_UMa\2023_04_03\Light\Blue\reduced_images\RV_Uma_Light_Blue_60_secs_003_reduced.fits,2,0.979925,792.0,36.06361887860317,1172.7349404602523,937.0224813427908,7.0,V* RV UMa,False,0.8159561647521423,0.0032613874501662,2119.1064027949537,11.100366900008686,-8.315381909222191,-0.0056873360457702,2023-04-03 21:31:51.390,0.7253608806418015,2023_04_03,5,"(0.705, 0.727]",-8.315381909222191,-0.0056873360457702
2,6,7,1172.3136543961866,943.3136448326742,3523.134553790033,3523.134553790033,264.1344612334226,123.71340942382812,6.112886581001652,5.990170382888044,945.7959994289172,264.1344612334227,3.5781924724578857,4.279518127441406,2578.010612887881,9.169329871502477,12.225773162003303,15.28221645250413,8.985255574332065,11.980340765776088,14.97542595722011,False,1.5,60.0,58.71890922983388,14.962696599726224,1.1504523200389072,8.650552476553102,-8.528211752199352,-0.0036432037820172,1.136065,66.12338,61.64966,2023-04-03T21:45:04.901,60.0,Blue,data\RV_UMa\2023_04_03\Light\Blue\reduced_images\RV_Uma_Light_Blue_60_secs_004_reduced.fits,2,0.979925,792.0,63.8571411152836,1172.7098610476887,937.113092670024,7.0,V* RV UMa,False,0.802944334253817,0.004396020486893,2069.999015264534,13.292189431316164,-8.289925347138333,-0.0069718928364992,2023-04-03 21:45:04.901,0.7449826676565863,2023_04_03,5,"(0.727, 0.75]",-8.289925347138333,-0.0069718928364992
2,5,6,1162.7796822860098,925.1837251113986,3545.21189990702,3545.21189990702,269.7545354654381,125.10943603515624,6.177577212308144,6.053562349771058,941.6542479116902,269.7545354654381,3.488722324371338,4.284589767456055,2604.113229928326,9.266365818462216,12.355154424616288,15.44394303077036,9.080343524656588,12.107124699542116,15.133905874427644,False,1.5,60.0,59.08686499845033,17.814701735232862,1.174930865582797,8.836090628737688,-8.539149659863222,-0.0036840423810636,1.116484,67.14743,63.57553,2023-04-03T21:58:29.539,60.0,Blue,data\RV_UMa\2023_04_03\Light\Blue\reduced_images\RV_Uma_Light_Blue_60_secs_005_reduced.fits,2,0.979925,792.0,45.20020121930338,1172.7381287461214,937.0013365674636,7.0,V* RV UMa,False,0.7991468627396486,0.006678850842773,2081.068917916035,18.771279484312107,-8.295716157010364,-0.009793360311277,2023-04-03 21:58:29.539,0.7648796009821126,2023_04_03,5,"(0.75, 0.773]",-8.295716157010364,-0.009793360311277
2,4,5,1156.7602649521173,915.206922315856,3392.5580851344967,3392.5580851344967,229.8168561336601,135.7067413330078,5.701967587071128,5.587500587760676,788.8018352879427,229.81685613366,3.416190266609192,4.51008939743042,2607.459978107962,8.552951380606693,11.403935174142257,14.25491896767782,8.381250881641014,11.175001175521352,13.968751469401688,False,1.5,60.0,56.54263475224161,12.689042431243108,1.000980084493275,8.380492662605105,-8.540544127913957,-0.0034896045860319,1.096478,68.21236,65.76758,2023-04-03T22:13:39.061,60.0,Blue,data\RV_UMa\2023_04_03\Light\Blue\reduced_images\RV_Uma_Light_Blue_60_secs_006_reduced.fits,2,0.979925,792.0,35.9435827724264,1172.7294797866314,937.1245560402195,7.0,V* RV UMa,False,0.8030394570826012,0.003533132884124,2093.893245184429,11.408825712502097,-8.302386339716678,-0.0059157624956891,2023-04-03 22:13:39.061,0.7873700856374626,2023_04_03,5,"(0.773, 0.795]",-8.302386339716678,-0.0059157624956891
2,4,5,1159.3500704836772,914.095147738782,3422.25971572566,3422.25971572566,234.5835072806784,135.7317352294922,5.760796607843095,5.645148615940645,775.0311765167062,234.5835072806783,3.31788969039917,3.9605233669281006,2643.937515381418,8.641194911764643,11.52159321568619,14.401991519607735,8.467722923910967,11.29029723188129,14.112871539851612,False,1.5,60.0,57.03766192876099,14.75811754961875,1.0217414983780655,8.533318286385303,-8.555627967951446,-0.0035042176890918,1.072658,69.46824,68.77565,2023-04-03T22:34:12.124,60.0,Blue,data\RV_UMa\2023_04_03\Light\Blue\reduced_images\RV_Uma_Light_Blue_60_secs_007_reduced.fits,2,0.979925,792.0,34.41076784723253,1172.7158361975407,936.9841951487072,7.0,V* RV UMa,False,0.7890739234561752,0.0036609723563453,2086.262148634987,11.791071602805925,-8.298422196650584,-0.006136330154117,2023-04-03 22:34:12.124,0.8178610297602518,2023_04_03,5,"(0.795, 0.818]",-8.298422196650584,-0.006136330154117
2,5,6,1171.3250157162363,913.6062443794452,3370.08333867304,3370.08333867304,233.48537776632207,138.0804443359375,5.747297104721966,5.6319201153446725,757.1378504442472,233.4853777663221,3.237372279167176,3.950984477996826,2614.2042491014727,8.620945657082949,11.494594209443932,14.368242761804916,8.447880173017008,11.263840230689343,14.079800288361682,False,1.5,60.0,56.16805564455066,14.58789634315646,1.0169585342710916,8.471889430462264,-8.543348790544709,-0.0035185609848664,1.060034,70.08855,70.61138,2023-04-03T22:46:43.234,60.0,Blue,data\RV_UMa\2023_04_03\Light\Blue\reduced_images\RV_Uma_Light_Blue_60_secs_008_reduced.fits,2,0.979925,792.0,34.39528334719902,1172.7109869386288,936.965909769639,7.0,V* RV UMa,False,0.7890795727062027,0.0034970634342261,2062.8151718477293,11.325458804241242,-8.286150792372759,-0.0059610094142593,2023-04-03 22:46:43.234,0.8364343330222255,2023_04_03,5,"(0.818, 0.841]",-8.286150792372759,-0.0059610094142593
2,5,6,1164.3877394837748,936.8186582532074,3457.621841685361,3457.621841685361,257.50347258088766,125.01016998291016,6.03566809518045,5.914502058169703,797.4391054781391,257.50347258088766,3.0887465476989746,3.7419724464416495,2662.258879730646,9.053502142770675,12.0713361903609,15.089170237951128,8.871753087254554,11.829004116339409,14.786255145424258,False,1.5,60.0,57.627030694756016,16.710356903672242,1.121570680574533,8.686711591793685,-8.56312571065274,-0.003542659711762,1.048668,70.58007,72.46397,2023-04-03T22:59:22.459,60.0,Blue,data\RV_UMa\2023_04_03\Light\Blue\reduced_images\RV_Uma_Light_Blue_60_secs_009_reduced.fits,2,0.979925,792.0,56.81998123549546,1172.7204410832226,937.1231498661358,7.0,V* RV UMa,False,0.7674876351346652,0.0023543061450081,2043.2507717207368,9.150579771228973,-8.275804179051724,-0.0048624064601643,2023-04-03 22:59:22.459,0.8552083024395642,2023_04_03,5,"(0.841, 0.864]",-8.275804179051724,-0.0048624064601643
2,5,6,1168.741835384773,904.0437348197776,3393.4869124454094,3393.4869124454094,244.6849929998817,128.055419921875,5.883523217811055,5.765411489213498,739.1896280676428,244.6849929998816,3.0237579345703125,3.572805166244507,2653.618723391736,8.825284826716583,11.76704643562211,14.708808044527636,8.648117233820248,11.530822978426997,14.413528723033744,False,1.5,60.0,56.55811520742349,10.862316615219513,1.0657390806217069,8.275637190166368,-8.5595963070385,-0.0033860022299368,1.038464,70.86124,74.3463,2023-04-03T23:12:01.555,60.0,Blue,data\RV_UMa\2023_04_03\Light\Blue\reduced_images\RV_Uma_Light_Blue_60_secs_010_reduced.fits,2,0.979925,792.0,24.50685999674517,1172.7697119570792,937.0325807256046,7.0,V* RV UMa,False,0.7649178574120079,0.0045491488653506,2029.800348285194,13.630748804096193,-8.268633306726139,-0.0072910606637118,2023-04-03 23:12:01.555,0.8739790819697646,2023_04_03,5,"(0.864, 0.886]",-8.268633306726139,-0.0072910606637118
2,5,6,1163.1486287662376,913.1075431519964,3513.418296131222,3513.418296131222,294.51829711614977,94.89933776855467,6.454906338388756,6.325324093645602,864.0754656692993,294.51829711614977,2.9193217754364014,3.957879066467285,2653.624618095598,9.682359507583133,12.909812676777513,16.13726584597189,9.487986140468402,12.650648187291203,15.813310234114004,False,1.5,60.0,58.55697160218704,17.91905724420925,1.2827908052170076,8.818096146652818,-8.559598718871909,-0.0036079429540151,1.028329,70.91308,76.51077,2023-04-03T23:26:40.312,60.0,Blue,data\RV_UMa\2023_04_03\Light\Blue\reduced_images\RV_Uma_Light_Blue_60_secs_011_reduced.fits,2,0.979925,792.0,33.11848798690821,1172.7801015984369,937.0188447445464,7.0,V* RV UMa,False,0.7658365507473142,0.0042727866074348,2032.242724500492,13.19714584274481,-8.26993894359637,-0.0070506435418353,2023-04-03 23:26:40.312,0.8957088156366808,2023_04_03,5,"(0.886, 0.909]",-8.26993894359637,-0.0070506435418353
2,5,6,1153.2397691540573,923.8104463242098,3478.671723560524,3478.671723560524,273.673589221647,94.993408203125,6.222290004908052,6.097377533059523,795.6968051707273,273.67358922164703,2.911405920982361,3.613861083984375,2681.8968154841264,9.333435007362077,12.444580009816104,15.55572501227013,9.146066299589284,12.194755066119043,15.243443832648808,False,1.5,60.0,57.97786205934207,13.937321432191808,1.1920005219431733,8.550273914529114,-8.571105161484775,-0.0034614836394917,1.020921,70.4553,78.37289,2023-04-03T23:39:18.359,60.0,Blue,data\RV_UMa\2023_04_03\Light\Blue\reduced_images\RV_Uma_Light_Blue_60_secs_012_reduced.fits,2,0.979925,792.0,45.112501315981646,1172.8487979975018,937.1128365843994,7.0,V* RV UMa,False,0.7556956388115416,0.0056484851374503,2026.697727203916,16.469106775215103,-8.266972451164628,-0.0088227786738319,2023-04-03 23:39:18.359,0.9144536556972298,2023_04_03,5,"(0.909, 0.932]",-8.266972451164628,-0.0088227786738319
2,5,6,1148.937236585767,918.6039879803797,3563.5166930698942,3563.5166930698942,281.06049872215567,100.37803649902344,6.305705894364733,6.179118848535361,806.3100746757642,281.0604987221557,2.864814758300781,3.894839286804199,2758.3304283552848,9.4585588415471,12.611411788729466,15.764264735911834,9.268678272803042,12.358237697070722,15.447797121338404,False,1.5,60.0,59.39194488449824,15.139944154979975,1.2241746166565,8.703795933736885,-8.60161572586108,-0.0034259950392236,1.014505,69.29692,80.29301,2023-04-03T23:52:18.863,60.0,Blue,data\RV_UMa\2023_04_03\Light\Blue\reduced_images\RV_Uma_Light_Blue_60_secs_013_reduced.fits,2,0.979925,792.0,41.43856572882854,1172.7611309722497,936.9882022541302,7.0,V* RV UMa,False,0.7553746871937568,0.0042038321177954,2083.572984495894,13.329767001441628,-8.297021794391066,-0.0069460540821693,2023-04-03 23:52:18.863,0.9337538081239245,2023_04_03,5,"(0.932, 0.955]",-8.297021794391066,-0.0069460540821693
2,5,6,1165.8472610549934,919.68695437538,3563.2165349155666,3563.2165349155666,253.8986070559496,111.72503662109376,5.993271661314223,5.87295673271334,720.8023447513551,253.89860705594973,2.807973027229309,3.692238569259644,2850.276094651367,8.989907491971334,11.986543322628446,14.983179153285558,8.80943509907001,11.74591346542668,14.68239183178335,False,1.5,60.0,59.38694224859277,12.795507797255228,1.1058694885103582,8.56085974271033,-8.637217325965102,-0.0032610298293414,1.009429,66.93859,82.15746,2023-04-04T00:05:10.929,60.0,Blue,data\RV_UMa\2023_04_03\Light\Blue\reduced_images\RV_Uma_Light_Blue_60_secs_014_reduced.fits,2,0.979925,792.0,39.72992223751234,1172.6838949319972,937.0377634447914,7.0,V* RV UMa,False,0.7596209555387086,0.0023035819738668,2165.12945056821,9.241181457944307,-8.3387096685673,-0.0046341272024157,2023-04-04 00:05:10.929,0.952845307313396,2023_04_03,5,"(0.932, 0.955]",-8.3387096685673,-0.0046341272024157
2,7,7,1121.3278830757863,906.5811891082494,2606.307305583028,2606.307305583028,242.1719283762858,110.26528930664062,5.853231546509241,5.735727923213068,161.79993506688277,242.1719283762859,0.6656021773815155,1.4277691841125488,2445.117142755092,8.77984731976386,11.70646309301848,14.633078866273102,8.6035918848196,11.471455846426135,14.33931980803267,False,1.5,60.0,43.43845509305047,4.694661744973007,1.0547932880389337,7.013409308322338,-8.470749176270205,-0.003114252594153,1.058,70.15108,70.92724,2023-04-19T21:45:55.368,60.0,Blue,data\RV_UMa\2023_04_19\Light\Blue\reduced_images\RV_Uma_Light_Blue_60_secs_001_reduced.fits,2,0.979925,792.0,50.27394133348074,1172.654733374263,936.9462330478711,7.0,V* RV UMa,False,0.7960873172909644,0.0033454869765196,1946.5267466380487,9.903900466608674,-8.223150939012292,-0.0055242104037306,2023-04-19 21:45:55.368,0.9299512717733478,2023_04_19,6,"(0.909, 0.932]",-8.223150939012292,-0.0055242104037306
2,7,7,1099.9634522829112,898.4971425844635,2607.6693642876858,2607.6693642876858,249.86821443383167,108.48703002929688,5.9455127018386245,5.826156534349215,166.2477559139111,249.8682144338316,0.6508026421070099,1.111441969871521,2445.054470155588,8.918269052757937,11.891025403677247,14.86378175459656,8.739234801523821,11.65231306869843,14.565391335873036,False,1.5,60.0,43.46115607146143,11669.873040912336,1.0883148895340222,108.23318581596556,-8.470721346608705,-0.0480613785218576,1.046625,70.58945,72.82196,2023-04-19T21:58:48.354,60.0,Blue,data\RV_UMa\2023_04_19\Light\Blue\reduced_images\RV_Uma_Light_Blue_60_secs_002_reduced.fits,2,0.979925,792.0,66.65451017982923,1172.611716235658,937.0063513372844,7.0,V* RV UMa,False,0.7940489015902806,0.0039035639211762,1941.4928163554505,86.47080123531745,-8.220339469920901,-0.0483568513695904,2023-04-19 21:58:48.354,0.9490655205455596,2023_04_19,6,"(0.932, 0.955]",-8.220339469920901,-0.0483568513695904
2,4,5,1140.9698153891145,893.9415696075487,2420.8879909553534,2420.8879909553534,211.1139549699651,116.8763427734375,5.46502654169826,5.355316133873668,138.26491138894252,211.1139549699651,0.6524483859539032,0.9626813530921936,2283.147031782855,8.19753981254739,10.93005308339652,13.662566354245651,8.032974200810502,10.710632267747336,13.388290334684172,False,1.5,60.0,40.34813318258922,3.075389072713897,0.9195185594247368,6.659057051469664,-8.396334701016237,-0.0031666726801579,1.035785,70.83957,74.88503,2023-04-19T22:12:45.484,60.0,Blue,data\RV_UMa\2023_04_19\Light\Blue\reduced_images\RV_Uma_Light_Blue_60_secs_003_reduced.fits,2,0.979925,792.0,26.92130692097975,1172.7213403847184,936.9774448005307,7.0,V* RV UMa,False,0.8497865558117473,0.0035192535734287,1940.1876525505663,9.827642425775922,-8.219609340967292,-0.0054995851432488,2023-04-19 22:12:45.484,0.969765909782268,2023_04_19,6,"(0.955, 0.977]",-8.219609340967292,-0.0054995851432488
1,7,6,1132.3199099706728,892.4194633356391,2617.119438651438,2617.119438651438,254.07119505405987,110.32829284667967,5.995308283436215,5.8749524696462325,164.6461053799853,254.07119505406004,0.6313782930374146,1.3231970071792605,2456.7044012082297,8.992962425154321,11.99061656687243,14.988270708590536,8.81242870446935,11.749904939292463,14.687381174115584,False,1.5,60.0,43.6186573108573,4.46610040190121,1.1066212051243496,7.013656601080698,-8.475882259691064,-0.0030996732434675,1.026745,70.73462,76.88494,2023-04-19T22:26:16.000,60.0,Blue,data\RV_UMa\2023_04_19\Light\Blue\reduced_images\RV_Uma_Light_Blue_60_secs_004_reduced.fits,2,0.979925,792.0,34.02750613564795,1172.6896121405114,937.0530426381785,7.0,V* RV UMa,False,0.79974662811725,0.0040156589610086,1964.741061147089,11.348410997653763,-8.233263303922286,-0.0062712491382626,2023-04-19 22:26:16.000,0.9898081931585239,2023_04_19,6,"(0.977, 1.0]",-8.233263303922286,-0.0062712491382626
2,6,6,1099.719881156936,885.0954987611849,2813.8798064469074,2813.8798064469074,275.99291452550403,112.83636474609376,6.2486006685993605,6.123160010177228,167.01434399558386,275.9929145255039,0.5923129320144653,1.197994828224182,2650.405634029089,9.372901002899042,12.49720133719872,15.6215016714984,9.184740015265843,12.246320020354457,15.30790002544307,False,1.5,60.0,46.89799677411512,5.170356427795548,1.2021024721555285,7.298661224777199,-8.558280865161992,-0.0029898897875335,1.019314,70.08344,78.82108,2023-04-19T22:39:23.638,60.0,Blue,data\RV_UMa\2023_04_19\Light\Blue\reduced_images\RV_Uma_Light_Blue_60_secs_005_reduced.fits,2,0.979925,792.0,64.48176320560461,1172.6955219041208,936.9514865617584,7.0,V* RV UMa,False,0.7834694553342735,0.0035201802752947,2076.51185850766,10.942844418633612,-8.293336039035806,-0.005721634730699,2023-04-19 22:39:23.638,0.00928475376156257,2023_04_19,6,"(-0.001, 0.0227]",-8.293336039035806,-0.005721634730699
