Unnamed: 0.1,Unnamed: 0,id,xcenter,ycenter,aperture_sum,Circ_sum_flux,Circ_area (reduced pixs),Max_Flux,FWHM_from_aperature (reduced pix),FWHM_from_aperature (arcsec),Annu_sum_flux,Annu_area (reduced pix),Annu_pix_flux_median,Annu_pix_flux_max,Circ_sum_flux_minus_back,Apperature_radius (reduced pix),Anulus_in_radius (reduced pix),Anulus_out_radius (reduced pix),Apperature_radius (arcsec),Anulus_in_radius (arcsec),Anulus_out_radius (arcsec),Saturated,Number_FWHM,Exposure_sec,Er1_source,Er2_sky,Er3_read,Circ_sum_flux_minus_back_ERROR,Source_Mag,Source_Mag_Error,Air mass,Azimuth,Altitude,Date Observation,Exposure time /s ,Filter,File,BINNED,Arcsec_per_pix_binned_image,max_dist,Distance_to_centre_pix,xcenter_transformed,ycenter_transformed,matched_id,matched_MAIN_ID,matched_Normilsation_star,Norm_multiply_factor,Norm_multiply_factor_ERROR,Circ_sum_flux_minus_back_norm,Circ_sum_flux_minus_back_ERROR_norm,Source_Mag_norm,Source_Mag_Error_norm,time,phase,epoch_folder,epoch,phase_bin,Source_Mag_norm_calibrated,Source_Mag_Error_norm_calibrated
1,6,6,1147.6488524593756,899.2536581070991,2397.0722117353216,2397.0722117353216,246.20038768546016,73.80058288574219,5.901714153346145,5.783237241717721,294.54684005171964,246.20038768546013,1.183305740356445,1.775868535041809,2105.741879709134,8.852571230019217,11.80342830669229,14.754285383365362,8.674855862576582,11.566474483435442,14.458093104294305,False,1.5,32.0,74.9085066167288,4642.503295086243,3.769943436433608,68.71085609377464,-8.30851283653453,-0.035427829421924,1.264049,60.19025,52.25968,2022-03-20T21:32:15.324,32.0,Green,data\RV_UMa\2022_03_20\Light\Green\reduced_images\RV_Uma_Light_Green_32_secs_001_reduced.fits,2,0.979925,792.0,25.259916397334564,1172.7393804493572,936.9757859659418,7.0,V* RV UMa,False,0.9497710879812424,0.0050321015072575,1999.972756099011,66.11425788025178,-8.252560199214386,-0.03589181063212,2022-03-20 21:32:15.324,0.0,2022_03_20,1,"(-0.001, 0.0227]",-8.252560199214386,-0.03589181063212
1,6,6,1148.002984582759,898.6924618026131,2409.482290833957,2409.482290833957,238.99864806999244,81.57521057128906,5.814756418524593,5.698025183422712,303.0015774418789,238.99864806999244,1.250276267528534,2.021647930145264,2110.6679531806417,8.72213462778689,11.629512837049186,14.536891046311482,8.547037775134068,11.396050366845424,14.24506295855678,False,1.5,32.0,75.29632158856117,6311.538466252819,3.659666798571759,79.94056826568067,-8.311049790464878,-0.0411217544020577,1.258726,60.40817,52.57452,2022-03-20T21:34:34.888,32.0,Green,data\RV_UMa\2022_03_20\Light\Green\reduced_images\RV_Uma_Light_Green_32_secs_002_reduced.fits,2,0.979925,792.0,24.603102050383807,1172.759243138259,937.03614275069,7.0,V* RV UMa,False,0.949022879141695,0.007507445142057,2003.072177839601,77.50258169531361,-8.254241496889314,-0.0420091496650825,2022-03-20 21:34:34.888,0.0034511116833128045,2022_03_20,1,"(-0.001, 0.0227]",-8.254241496889314,-0.0420091496650825
1,6,6,1147.9287637247212,898.6575596424518,2445.838766581137,2445.838766581137,241.92914629966663,67.74301147460938,5.850296821460848,5.732852112770022,315.5561799725306,241.92914629966657,1.2901502847671509,2.0036683082580566,2133.713809589148,8.775445232191272,11.700593642921696,14.62574205365212,8.599278169155033,11.465704225540044,14.332130281925055,False,1.5,32.0,76.43246145566053,3124.1187486602503,3.7045400527136447,56.6061458692307,-8.32284042004157,-0.0288039294238236,1.253238,60.64218,52.9043,2022-03-20T21:36:59.713,32.0,Green,data\RV_UMa\2022_03_20\Light\Green\reduced_images\RV_Uma_Light_Green_32_secs_003_reduced.fits,2,0.979925,792.0,24.624970400540263,1172.6582642130868,937.0304896670084,7.0,V* RV UMa,False,0.9626744590777954,0.0039761525901751,2054.071787473055,55.14976449515781,-8.281539044061878,-0.0291509266430946,2022-03-20 21:36:59.713,0.0070323163602766135,2022_03_20,1,"(-0.001, 0.0227]",-8.281539044061878,-0.0291509266430946
1,6,7,1148.581250230115,897.9073287794477,2489.0389903066525,2489.0389903066525,256.1795096197004,67.23721313476562,6.020131801793275,5.899277655872275,340.5291930074405,256.1795096197005,1.3398399353027344,2.094487190246582,2145.7994527119067,9.030197702689913,12.04026360358655,15.050329504483187,8.848916483808411,11.79855531174455,14.748194139680688,False,1.5,32.0,77.78246844708289,16.150712312783696,3.922748741051662,9.892215601214838,-8.328972825469876,-0.0050052844453559,1.24803,60.85354,53.22237,2022-03-20T21:39:18.364,32.0,Green,data\RV_UMa\2022_03_20\Light\Green\reduced_images\RV_Uma_Light_Green_32_secs_004_reduced.fits,2,0.979925,792.0,23.63070605127068,1172.7368475759556,937.0938222189542,7.0,V* RV UMa,False,0.951454695691405,0.0072863336598039,2041.6309652947905,18.249361952246343,-8.274943110023656,-0.0097049825958279,2022-03-20 21:39:18.364,0.010460851555620711,2022_03_20,1,"(-0.001, 0.0227]",-8.274943110023656,-0.0097049825958279
1,6,7,1152.7574940942732,912.0661299145676,2554.875871030599,2554.875871030599,279.82372300018415,48.74455642700195,6.291816816564661,6.165508593972126,378.6568743924936,279.82372300018426,1.336620807647705,2.204646110534668,2180.857660395105,9.437725224846991,12.583633633129322,15.729542041411651,9.248262890958188,12.331017187944251,15.413771484930315,False,1.5,32.0,79.83987096970621,18.53130056018646,4.284800758440319,10.131928359810535,-8.346568302733711,-0.0050441629658072,1.242858,61.08228,53.5432,2022-03-20T21:41:41.868,32.0,Green,data\RV_UMa\2022_03_20\Light\Green\reduced_images\RV_Uma_Light_Green_32_secs_005_reduced.fits,2,0.979925,792.0,33.97985619066421,1172.7298233470326,937.0174447829932,7.0,V* RV UMa,False,0.9515025613760156,0.0031802618824425,2075.091649862447,11.876204334109891,-8.292593207018509,-0.0062139062732497,2022-03-20 21:41:41.868,0.0140093907992804,2022_03_20,1,"(-0.001, 0.0227]",-8.292593207018509,-0.0062139062732497
1,6,6,1152.0698131053073,906.0092060899112,2538.347218365754,2538.347218365754,258.7944168070943,75.18285369873047,6.05077851221979,5.929309133586979,364.045413312333,258.7944168070943,1.4083116054534912,2.26397705078125,2173.884037749755,9.076167768329686,12.10155702443958,15.126946280549475,8.893963700380468,11.858618267173958,14.823272833967446,False,1.5,32.0,79.32335057392982,3364.8588568146465,3.962789507358631,58.7209076641015,-8.343090934117411,-0.0293278824077336,1.237935,61.29288,53.8534,2022-03-20T21:43:57.720,32.0,Green,data\RV_UMa\2022_03_20\Light\Green\reduced_images\RV_Uma_Light_Green_32_secs_006_reduced.fits,2,0.979925,792.0,28.61482414361094,1172.698749682016,937.0747658333212,7.0,V* RV UMa,False,0.9526635052125654,0.0071325555804712,2070.9799873283264,58.05033203988059,-8.290439755400133,-0.0304335858287253,2022-03-20 21:43:57.720,0.0173687128622867,2022_03_20,1,"(-0.001, 0.0227]",-8.290439755400133,-0.0304335858287253
1,7,6,1152.706936371594,912.8234104105612,2597.257401526152,2597.257401526152,263.5610128466729,68.25823974609375,6.106247292794452,5.983664378391604,381.9201225807215,263.5610128466727,1.4493889808654783,2.235501289367676,2215.2549737204395,9.159370939191678,12.212494585588905,15.265618231986128,8.975496567587406,11.967328756783209,14.959160945979008,False,1.5,32.0,81.16429379769225,14.717945569629398,4.035778009214679,9.995900028338434,-8.363559300784743,-0.0048991699324266,1.233083,61.50209,54.16379,2022-03-20T21:46:13.399,32.0,Green,data\RV_UMa\2022_03_20\Light\Green\reduced_images\RV_Uma_Light_Green_32_secs_007_reduced.fits,2,0.979925,792.0,34.71180717126912,1172.743752744189,937.1092813390956,7.0,V* RV UMa,False,0.9513111348578136,0.0050863008249772,2107.396723049408,14.7438324550581,-8.309365750995479,-0.007596060351741,2022-03-20 21:46:13.399,0.020723757014648327,2022_03_20,1,"(-0.001, 0.0227]",-8.309365750995479,-0.007596060351741
1,6,6,1153.2422702108702,917.8540676915844,2653.391939385346,2653.391939385346,287.0101549188555,68.51077270507812,6.372097849071302,6.244177984751196,422.8020490208921,287.0101549188554,1.4637418389320374,2.245157480239868,2233.283167432252,9.558146773606952,12.744195698142605,15.930244622678256,9.366266977126797,12.488355969502392,15.61044496187799,False,1.5,32.0,82.91849810579208,1422.022124508178,4.394842997194974,38.8501668672242,-8.372359481499124,-0.018887453836469,1.228318,61.70923,54.47332,2022-03-20T21:48:28.428,32.0,Green,data\RV_UMa\2022_03_20\Light\Green\reduced_images\RV_Uma_Light_Green_32_secs_008_reduced.fits,2,0.979925,792.0,39.35300739479739,1172.7680782808657,936.9578019234287,7.0,V* RV UMa,False,0.9485336751090556,0.0044659561744476,2118.3442903637065,38.17655108305804,-8.314991366356898,-0.0195670098917478,2022-03-20 21:48:28.428,0.024062728092333438,2022_03_20,1,"(0.0227, 0.0455]",-8.314991366356898,-0.0195670098917478
1,6,6,1158.5531908823623,882.3228874380468,2723.9052689977016,2723.9052689977016,252.1504289675139,105.73053741455078,5.972603167644121,5.852703159053665,396.9045176177765,252.15042896751385,1.5837140083312988,2.3457043170928955,2324.5711024351035,8.958904751466182,11.945206335288242,14.931507919110302,8.779054738580498,11.70540631810733,14.631757897634165,False,1.5,32.0,85.12203965617817,8530.326295980864,3.861053443565056,92.8402358305956,-8.41585708658272,-0.0433628402219951,1.214155,62.33243,55.42236,2022-03-20T21:55:18.694,32.0,Green,data\RV_UMa\2022_03_20\Light\Green\reduced_images\RV_Uma_Light_Green_32_secs_009_reduced.fits,2,0.979925,792.0,5.921447087816831,1172.7928801195446,937.005600320287,7.0,V* RV UMa,False,0.9518684265456696,0.0062960358727372,2212.685837668435,89.57541930295316,-8.362299390384656,-0.0439534949507729,2022-03-20 21:55:18.694,0.034207706638849804,2022_03_20,1,"(0.0227, 0.0455]",-8.362299390384656,-0.0439534949507729
1,6,6,1158.2827279821402,881.6689763049304,2832.30857651752,2832.30857651752,280.9469133659626,88.76922607421875,6.304431598917168,6.177870134568906,458.0724957567947,280.9469133659628,1.632544994354248,2.503069400787353,2373.650099422641,9.45664739837575,12.608863197834337,15.76107899729292,9.266805201853357,12.355740269137812,15.444675336422264,False,1.5,32.0,88.5096430161725,4961.714774518386,4.301999610916302,71.09519264440793,-8.438541749594409,-0.0325197992143252,1.209493,62.54402,55.74468,2022-03-20T21:57:39.415,32.0,Green,data\RV_UMa\2022_03_20\Light\Green\reduced_images\RV_Uma_Light_Green_32_secs_010_reduced.fits,2,0.979925,792.0,5.955894662653324,1172.8169479112998,937.0618982971844,7.0,V* RV UMa,False,0.954153928046222,0.0080091601100566,2264.8275661714183,70.44931477418157,-8.387587855926258,-0.0337727131165364,2022-03-20 21:57:39.415,0.03768742839508681,2022_03_20,1,"(0.0227, 0.0455]",-8.387587855926258,-0.0337727131165364
1,6,6,1159.2455119283663,882.1671805103952,2886.046135347893,2886.046135347893,270.9035685650282,100.16156005859376,6.190720082931185,6.066441377266342,437.9935539603978,270.9035685650283,1.6019409894943235,2.39123010635376,2452.0746046632885,9.286080124396776,12.38144016586237,15.476800207327964,9.099662065899512,12.132882754532684,15.166103443165856,False,1.5,32.0,90.18894172962166,7659.33541375747,4.148210893651994,88.0549406131237,-8.47383419877244,-0.0389892040191915,1.204922,62.74573,56.0658,2022-03-20T21:59:58.202,32.0,Green,data\RV_UMa\2022_03_20\Light\Green\reduced_images\RV_Uma_Light_Green_32_secs_011_reduced.fits,2,0.979925,792.0,5.225115136333683,1172.791578750243,937.0684328821792,7.0,V* RV UMa,False,0.9414899276444654,0.0048125559625859,2308.6035421232705,83.738512269219,-8.408373394168681,-0.0393822208293307,2022-03-20 21:59:58.202,0.04111932657220938,2022_03_20,1,"(0.0227, 0.0455]",-8.408373394168681,-0.0393822208293307
1,6,6,1159.9079685429235,882.0199606771619,2964.4341242585715,2964.4341242585715,282.767094122996,103.86476135253906,6.324821000429344,6.1978502188457245,462.3443205212988,282.7670941229961,1.617406964302063,2.779766321182251,2507.0846569485807,9.487231500644016,12.649642000858687,15.81205250107336,9.296775328268586,12.395700437691447,15.494625547114314,False,1.5,32.0,92.63856638308036,6808.71053829851,4.329871128758376,83.10041501587311,-8.497922497664662,-0.0359880664432665,1.200282,62.95465,56.39706,2022-03-20T22:02:20.726,32.0,Green,data\RV_UMa\2022_03_20\Light\Green\reduced_images\RV_Uma_Light_Green_32_secs_012_reduced.fits,2,0.979925,792.0,4.5634375839912185,1172.8068039785735,937.0712225622424,7.0,V* RV UMa,False,0.9366870137615848,0.0056021049780355,2348.3536405646537,79.09603638164083,-8.42690874568622,-0.0365692069835634,2022-03-20 22:02:20.726,0.04464363256481833,2022_03_20,1,"(0.0227, 0.0455]",-8.42690874568622,-0.0365692069835634
1,6,5,1166.9938543003436,885.2690979383005,3577.232536045001,3577.232536045001,220.9899298960229,172.69024658203125,5.591393363731916,5.479146141954998,425.1047453361973,220.989929896023,1.9142200350761407,2.853187084197998,3154.209184687962,8.387090045597873,11.182786727463832,13.97848340932979,8.218719212932497,10.958292283909996,13.697865354887496,False,1.5,32.0,111.78851675140628,10769.741240497084,3.38390830153285,104.33078963350188,-8.747226230046524,-0.0359125565057611,1.16625,64.569,59.00846,2022-03-20T22:20:57.116,32.0,Green,data\RV_UMa\2022_03_20\Light\Green\reduced_images\RV_Uma_Light_Green_32_secs_013_reduced.fits,2,0.979925,792.0,6.060243943529757,1172.7827553963823,937.0402418192116,7.0,V* RV UMa,False,0.9271215704543504,0.0049334695324146,2924.3353728494394,97.9710482316096,-8.665067943821361,-0.0363743211776414,2022-03-20 22:20:57.116,0.07224950923884302,2022_03_20,1,"(0.0682, 0.0909]",-8.665067943821361,-0.0363743211776414
1,6,6,1167.171030731006,885.0580076652262,3698.232993779511,3698.232993779511,228.09974858194312,181.21299743652344,5.680626139575718,5.566587569823736,436.6921704175018,228.0997485819432,1.9090380668640137,3.0011444091796875,3262.781890694471,8.520939209363577,11.361252279151437,14.201565348939296,8.349881354735604,11.133175139647472,13.91646892455934,False,1.5,32.0,115.56978105560972,13874.372553046074,3.492777400161004,118.29385069183373,-8.783970107980414,-0.0393639295543102,1.162364,64.75965,59.32944,2022-03-20T22:23:14.505,32.0,Green,data\RV_UMa\2022_03_20\Light\Green\reduced_images\RV_Uma_Light_Green_32_secs_014_reduced.fits,2,0.979925,792.0,5.96983060383383,1172.7595491217094,937.0569638678712,7.0,V* RV UMa,False,0.9159855980260524,0.0055198060446727,2988.6612213763487,109.841994787827,-8.688691721334033,-0.0399039642536251,2022-03-20 22:23:14.505,0.07564683794150748,2022_03_20,1,"(0.0682, 0.0909]",-8.688691721334033,-0.0399039642536251
1,6,6,1167.5421646479028,885.6755608073836,3828.313114555494,3828.313114555494,234.7774449550016,144.87448120117188,5.763177433100511,5.647481646131018,461.77894245304304,234.7774449550016,1.9682598114013672,2.7271385192871094,3366.210105027068,8.644766149650767,11.526354866201022,14.407943582751276,8.471222469196528,11.294963292262036,14.118704115327544,False,1.5,32.0,119.6347848298592,8719.004154934142,3.5950296258734618,94.03315356505853,-8.81785304841485,-0.0303294197592411,1.158538,64.94671,59.65053,2022-03-20T22:25:30.241,32.0,Green,data\RV_UMa\2022_03_20\Light\Green\reduced_images\RV_Uma_Light_Green_32_secs_015_reduced.fits,2,0.979925,792.0,6.69021082411917,1172.708601977004,937.0998251182364,7.0,V* RV UMa,False,0.9070872899652828,0.0037419044300638,3053.446401622753,86.22131552203922,-8.711975752631107,-0.0306583419425345,2022-03-20 22:25:30.241,0.07900329157887921,2022_03_20,1,"(0.0682, 0.0909]",-8.711975752631107,-0.0306583419425345
1,6,5,1168.0466923920055,885.5915775095905,4023.382489400742,4023.382489400742,258.680409068322,122.51776123046876,6.049445578582259,5.92800295859222,499.1120096430771,258.680409068322,1.9216573238372805,2.7379987239837646,3526.287386781378,9.074168367873389,12.098891157164518,15.123613946455649,8.892004437888332,11.85600591718444,14.82000739648055,False,1.5,32.0,125.7307027937732,4934.812655616455,3.96104376385868,71.16533146254633,-8.868294259278123,-0.0219116505314176,1.154691,65.14042,59.97882,2022-03-20T22:27:48.191,32.0,Green,data\RV_UMa\2022_03_20\Light\Green\reduced_images\RV_Uma_Light_Green_32_secs_016_reduced.fits,2,0.979925,792.0,6.902279214960336,1172.752200232634,937.0609976425444,7.0,V* RV UMa,False,0.9074048492461882,0.0042149910130767,3199.7702746010914,66.26421697294603,-8.76279699888225,-0.0224845702263563,2022-03-20 22:27:48.191,0.08241449258137987,2022_03_20,1,"(0.0682, 0.0909]",-8.76279699888225,-0.0224845702263563
1,5,5,1169.3410525042789,879.4324557239811,4029.3516784210574,4029.3516784210574,215.8413285955336,178.96124267578125,5.525875646608315,5.4149436930026535,427.3789404530556,215.84132859553364,1.964308381080628,2.863689422607422,3605.372747677274,8.288813469912473,11.05175129321663,13.814689116520787,8.12241553950398,10.829887386005309,13.537359232506637,False,1.5,32.0,125.91723995065809,1724.0416145504958,3.305070344119108,43.04955197031989,-8.892375429151002,-0.0129641122968228,1.150806,65.33183,60.31578,2022-03-20T22:30:10.814,32.0,Green,data\RV_UMa\2022_03_20\Light\Green\reduced_images\RV_Uma_Light_Green_32_secs_017_reduced.fits,2,0.979925,792.0,5.371121703955841,1172.7409836700167,937.0766882782674,7.0,V* RV UMa,False,0.919056779562666,0.0073936585888927,3313.542266603276,47.70721023623473,-8.800731286748526,-0.0156320460745428,2022-03-20 22:30:10.814,0.08594124662690107,2022_03_20,1,"(0.0682, 0.0909]",-8.800731286748526,-0.0156320460745428
1,5,5,1169.310473860947,877.2060121491104,4110.7754830455415,4110.7754830455415,194.040841935742,216.43283081054688,5.239385812672362,5.134205142482965,394.3908359421689,194.04084193574195,2.016142725944519,2.7903194427490234,3719.561451040645,7.859078719008543,10.478771625344724,13.098464531680904,7.701307713724447,10.26841028496593,12.83551285620741,False,1.5,32.0,128.46173384517317,5634.142905608869,2.9712503921410485,75.93138935806577,-8.926229345255445,-0.0221642953312608,1.147123,65.51644,60.64072,2022-03-20T22:32:27.679,32.0,Green,data\RV_UMa\2022_03_20\Light\Green\reduced_images\RV_Uma_Light_Green_32_secs_018_reduced.fits,2,0.979925,792.0,6.000625029004913,1172.747433052079,937.0205538658552,7.0,V* RV UMa,False,0.9106651640977018,0.0060200398755007,3387.2750391834147,72.68323946440418,-8.824626154550812,-0.023297436332372,2022-03-20 22:32:27.679,0.08932561795859553,2022_03_20,1,"(0.0682, 0.0909]",-8.824626154550812,-0.023297436332372
1,4,5,1170.0987573358552,886.5550812576793,4247.054480052082,4247.054480052082,198.6983400656716,229.23849487304688,5.301892576606209,5.195457083130839,407.3368802394144,198.6983400656715,2.046859622001648,2.79207706451416,3840.346870812906,7.952838864909313,10.603785153212415,13.25473144151552,7.793185624696258,10.39091416626168,12.988642707827095,False,1.5,32.0,132.72045250162756,16.057209436643898,3.042568332255596,12.321535223766844,-8.960926132062367,-0.0034835230620234,1.14349,65.69959,60.96657,2022-03-20T22:34:44.664,32.0,Green,data\RV_UMa\2022_03_20\Light\Green\reduced_images\RV_Uma_Light_Green_32_secs_019_reduced.fits,2,0.979925,792.0,8.953431260495936,1172.7583144498392,937.0704119507516,7.0,V* RV UMa,False,0.920079939665902,0.0049412844699193,3533.4261171936746,22.104770990917796,-8.870490036968544,-0.0067922603633744,2022-03-20 22:34:44.664,0.09271295662715337,2022_03_20,1,"(0.0909, 0.114]",-8.870490036968544,-0.0067922603633744
2,6,7,1170.7696553297087,888.8953603023574,4404.068434284834,4404.068434284834,211.0466374620053,175.21368408203125,5.4641551608847445,5.354462246029984,437.2119345062884,211.0466374620053,2.044423818588257,2.7763562202453613,3972.5996618245504,8.196232741327117,10.928310321769487,13.66038790221186,8.031693369044977,10.708924492059968,13.38615561507496,False,1.5,32.0,137.62713857140108,18.01724668547416,3.2316516361369554,12.604603797542078,-8.997687003236953,-0.0034449166426545,1.139889,65.8822,61.29487,2022-03-20T22:37:03.337,32.0,Green,data\RV_UMa\2022_03_20\Light\Green\reduced_images\RV_Uma_Light_Green_32_secs_020_reduced.fits,2,0.979925,792.0,11.178357132951584,1172.7468065991443,937.0231791442644,7.0,V* RV UMa,False,0.9146470382244636,0.0067692472042366,3633.52651473933,29.25859964458597,-8.900820834237031,-0.0087427794474011,2022-03-20 22:37:03.337,0.09614203583425575,2022_03_20,1,"(0.0909, 0.114]",-8.900820834237031,-0.0087427794474011
1,4,5,1170.1374060554415,878.5084412517882,4549.498888832787,4549.498888832787,211.90279717710305,222.66964721679688,5.475227250543854,5.365312063489187,438.1815615593249,211.9027971771029,2.06179428100586,3.061800479888916,4112.598913483891,8.212840875815782,10.950454501087709,13.688068126359637,8.04796809523378,10.730624126978372,13.413280158722966,False,1.5,32.0,142.1718402760246,19.77973234100696,3.24476158177439,12.852872604939565,-9.035290891111575,-0.0033931899064052,1.136236,66.0685,61.63367,2022-03-20T22:39:25.414,32.0,Green,data\RV_UMa\2022_03_20\Light\Green\reduced_images\RV_Uma_Light_Green_32_secs_021_reduced.fits,2,0.979925,792.0,6.316051028034823,1172.754143706897,937.0398206428416,7.0,V* RV UMa,False,0.9074384742644568,0.005406244706888,3731.9304833134847,25.1071336225382,-8.929833863279308,-0.007304456525537,2022-03-20 22:39:25.414,0.09965528849704869,2022_03_20,1,"(0.0909, 0.114]",-8.929833863279308,-0.007304456525537
1,4,6,1170.5466093488144,883.381066021984,4633.068607110132,4633.068607110132,220.12261334993195,158.75643920898438,5.580410339428271,5.468383601864248,464.8674549704978,220.12261334993184,2.127122044563293,2.6974782943725586,4164.840943746609,8.370615509142407,11.160820678856542,13.951025848570676,8.202575402796374,10.936767203728497,13.67095900466062,False,1.5,32.0,144.78339397219162,23.03889055071153,3.3706275169208326,13.084070927651837,-9.048996050628215,-0.0034108984481399,1.132799,66.24471,61.95786,2022-03-20T22:41:42.166,32.0,Green,data\RV_UMa\2022_03_20\Light\Green\reduced_images\RV_Uma_Light_Green_32_secs_022_reduced.fits,2,0.979925,792.0,7.368154545813951,1172.7780439495218,937.0469722035764,7.0,V* RV UMa,False,0.9071785875489669,0.0041179061078481,3778.2545247141534,20.85723338945003,-8.94322802779429,-0.0059936283471345,2022-03-20 22:41:42.166,0.10303686558653015,2022_03_20,1,"(0.0909, 0.114]",-8.94322802779429,-0.0059936283471345
1,4,6,1171.4627330536446,894.0748923291699,4708.5980375565305,4708.5980375565305,217.54465727261208,175.45855712890625,5.547636737940736,5.436267930426576,459.92796585023086,217.544657272612,2.122293472290039,2.8625168800354004,4246.904431495292,8.321455106911104,11.095273475881472,13.86909184485184,8.154401895639865,10.872535860853151,13.590669826066438,False,1.5,32.0,147.14368867364158,24.99375756976622,3.331152564486872,13.246456084851324,-9.070181220323867,-0.003386503555249,1.129384,66.42077,62.28546,2022-03-20T22:43:59.184,32.0,Green,data\RV_UMa\2022_03_20\Light\Green\reduced_images\RV_Uma_Light_Green_32_secs_023_reduced.fits,2,0.979925,792.0,15.93094406203487,1172.7629845747324,937.0930719085349,7.0,V* RV UMa,False,0.9057298044719296,0.0045025684708811,3846.5479203492014,22.574212931711045,-8.962677868135893,-0.0063718536156057,2022-03-20 22:43:59.184,0.10642502027272539,2022_03_20,1,"(0.0909, 0.114]",-8.962677868135893,-0.0063718536156057
1,4,5,1171.318839837364,889.9076381707595,4822.824042355432,4822.824042355432,210.5724199485373,217.87049865722656,5.458012785590834,5.348443178920099,441.6251728473138,210.5724199485373,2.0900394916534424,2.8162760734558105,4382.719368809955,8.187019178386251,10.916025571181668,13.645031963977086,8.022664768380148,10.696886357840198,13.371107947300247,False,1.5,32.0,150.71325132360724,16.809838540812375,3.224390180461977,13.06703792161336,-9.10435915776702,-0.0032371126158358,1.125996,66.59622,62.616,2022-03-20T22:46:17.721,32.0,Green,data\RV_UMa\2022_03_20\Light\Green\reduced_images\RV_Uma_Light_Green_32_secs_024_reduced.fits,2,0.979925,792.0,12.317739674456403,1172.746054158827,937.0993829799346,7.0,V* RV UMa,False,0.9033019674282904,0.0053864019925832,3958.919028532107,26.39349891829327,-8.993941548128104,-0.0072384348200374,2022-03-20 22:46:17.721,0.10985073649804931,2022_03_20,1,"(0.0909, 0.114]",-8.993941548128104,-0.0072384348200374
1,4,5,1171.8821404959924,891.8506173554,4891.00216509832,4891.00216509832,225.1888253148494,200.2750701904297,5.644262745117823,5.530954170509583,482.1010624161761,225.18882531484925,2.1349523067474365,2.8403313159942627,4410.234763038637,8.466394117676735,11.288525490235646,14.110656862794556,8.296431255764375,11.061908341019166,13.827385426273956,False,1.5,32.0,152.8438176593225,19.46263395068247,3.448203887633631,13.25724916781904,-9.111154270482832,-0.003263743580644,1.122592,66.7734,62.95395,2022-03-20T22:48:38.951,32.0,Green,data\RV_UMa\2022_03_20\Light\Green\reduced_images\RV_Uma_Light_Green_32_secs_025_reduced.fits,2,0.979925,792.0,14.232542657679666,1172.8169416592127,937.1147703982288,7.0,V* RV UMa,False,0.9075947111854474,0.0037374662226287,4002.705746020072,20.407517209136497,-9.005884161637411,-0.0055355506222797,2022-03-20 22:48:38.951,0.11334304470814842,2022_03_20,1,"(0.0909, 0.114]",-9.005884161637411,-0.0055355506222797
1,4,5,1172.543168012715,903.1236806695948,4875.57765651402,4875.57765651402,197.1221894199109,241.14645385742188,5.280822397171422,5.174809887548205,434.7891970925559,197.1221894199108,2.172222137451172,3.246624231338501,4447.384472873247,7.9212335957571325,10.561644794342843,13.202055992928551,7.762214831322308,10.34961977509641,12.937024718870513,False,1.5,32.0,152.36180176606314,18.95943444228114,3.018433525492385,13.203774828958448,-9.120261688716605,-0.0032234263663767,1.119371,66.94165,63.2792,2022-03-20T22:50:54.743,32.0,Green,data\RV_UMa\2022_03_20\Light\Green\reduced_images\RV_Uma_Light_Green_32_secs_026_reduced.fits,2,0.979925,792.0,24.651375770996207,1172.7757714087832,937.0762412014732,7.0,V* RV UMa,False,0.9127563241886006,0.005815350059185,4059.3783037132425,28.533250726003555,-9.021148815506422,-0.0076316078558939,2022-03-20 22:50:54.743,0.11670088310272302,2022_03_20,1,"(0.114, 0.136]",-9.021148815506422,-0.0076316078558939
2,5,6,1173.3149469062128,905.1476334894204,5025.14027296569,5025.14027296569,219.48817611721023,200.30421447753903,5.572362609185404,5.460497429806007,477.36407041002576,219.4881761172104,2.1466948986053467,2.9441983699798584,4553.966124990683,8.358543913778105,11.144725218370809,13.93090652296351,8.19074614470901,10.920994859612014,13.651243574515018,False,1.5,32.0,157.03563353017782,20.334965798638294,3.3609126967947813,13.443642066999958,-9.145974489399864,-0.0032051729229718,1.116187,67.10868,63.60631,2022-03-20T22:53:10.907,32.0,Green,data\RV_UMa\2022_03_20\Light\Green\reduced_images\RV_Uma_Light_Green_32_secs_027_reduced.fits,2,0.979925,792.0,26.81737694077828,1172.7270537373024,937.0608958857696,7.0,V* RV UMa,False,0.899174705309926,0.0066692649533981,4094.8111484298834,32.6888154845006,-9.030584692538971,-0.008667415706287,2022-03-20 22:53:10.907,0.12006792024157403,2022_03_20,1,"(0.114, 0.136]",-9.030584692538971,-0.008667415706287
1,4,5,1173.340765960839,898.7301267219252,4932.30646038353,4932.30646038353,190.5236105320161,274.0959167480469,5.191683468513033,5.087460422882634,431.7662238497373,190.52361053201625,2.260610580444336,3.0081381797790527,4501.606770590399,7.787525202769549,10.383366937026066,12.979208671282583,7.631190634323951,10.174920845765268,12.718651057206586,False,1.5,32.0,154.13457688698531,15.851470793856269,2.9173927862714963,13.149275282961913,-9.133418888355244,-0.0031714552089076,1.113021,67.2753,63.93715,2022-03-20T22:55:28.454,32.0,Green,data\RV_UMa\2022_03_20\Light\Green\reduced_images\RV_Uma_Light_Green_32_secs_028_reduced.fits,2,0.979925,792.0,20.93006344363404,1172.7433408964566,937.0530330597958,7.0,V* RV UMa,False,0.9146861590852332,0.0054893030909123,4117.557406703412,27.482316101483985,-9.036599156969825,-0.0072466617061394,2022-03-20 22:55:28.454,0.12346915593777526,2022_03_20,1,"(0.114, 0.136]",-9.036599156969825,-0.0072466617061394
1,4,5,1173.8158415507064,904.2730632828712,5046.310892279322,5046.310892279322,211.8542601944858,230.017578125,5.474600155873707,5.364697557744543,465.8629996098448,211.8542601944859,2.1645095348358154,3.2901997566223145,4587.75032609277,8.21190023381056,10.949200311747417,13.68650038968427,8.047046336616814,10.729395115489083,13.411743894361358,False,1.5,32.0,157.6972153837288,21.879102090544613,3.244018359228064,13.521107049110343,-9.153999436896818,-0.0031999028735576,1.109791,67.44581,64.28076,2022-03-20T22:57:51.827,32.0,Green,data\RV_UMa\2022_03_20\Light\Green\reduced_images\RV_Uma_Light_Green_32_secs_029_reduced.fits,2,0.979925,792.0,26.18267263827065,1172.829073898179,937.044060241485,7.0,V* RV UMa,False,0.9099243313305329,0.0035488490600157,4174.505647781397,20.40703079246576,-9.051512632391926,-0.0053076110161138,2022-03-20 22:57:51.827,0.12701445583869245,2022_03_20,1,"(0.114, 0.136]",-9.051512632391926,-0.0053076110161138
1,4,5,1174.541135438121,914.1737846542392,5099.209046241636,5099.209046241636,222.24892730836115,199.839584350586,5.607298052280478,5.494731543880947,493.0244059201677,222.2489273083611,2.209787607192993,3.0010874271392822,4608.086120963683,8.410947078420717,11.214596104560956,14.018245130701194,8.242097315821422,10.989463087761894,13.736828859702369,False,1.5,32.0,159.3502826950511,19.837362930705417,3.40318669940928,13.512617523084336,-9.158801467655618,-0.0031837812229936,1.106761,67.60618,64.60891,2022-03-20T23:00:07.916,32.0,Green,data\RV_UMa\2022_03_20\Light\Green\reduced_images\RV_Uma_Light_Green_32_secs_030_reduced.fits,2,0.979925,792.0,35.76259350101908,1172.811323580626,937.1102778733616,7.0,V* RV UMa,False,0.9001226854957444,0.0038355573820874,4147.842854197498,21.45529381670981,-9.044555735705428,-0.0056161214634617,2022-03-20 23:00:07.916,0.13037963839200387,2022_03_20,1,"(0.114, 0.136]",-9.044555735705428,-0.0056161214634617
1,4,5,1174.95273572241,909.6623932493368,5014.869938441283,5014.869938441283,199.06064222061627,239.6881103515625,5.306724051989415,5.200191566645727,448.6629612303484,199.0606422206162,2.2584362030029297,2.935626745223999,4565.304177457229,7.960086077984122,10.613448103978827,13.266810129973535,7.800287349968591,10.400383133291454,13.000478916614318,False,1.5,32.0,156.7146855762901,18.5372265267536,3.0481160840031865,13.352903361705533,-9.14867429760582,-0.0031756330038265,1.103791,67.76364,64.93626,2022-03-20T23:02:23.773,32.0,Green,data\RV_UMa\2022_03_20\Light\Green\reduced_images\RV_Uma_Light_Green_32_secs_031_reduced.fits,2,0.979925,792.0,31.619930314332752,1172.7892510534846,937.0677907108418,7.0,V* RV UMa,False,0.9054966414243688,0.0043116901011269,4133.867599768162,23.10106750124742,-9.040891407136677,-0.0060673605889246,2022-03-20 23:02:23.773,0.13373908409404617,2022_03_20,1,"(0.114, 0.136]",-9.040891407136677,-0.0060673605889246
1,4,5,1180.051294020162,882.0926892343756,5002.223779216153,5002.223779216153,216.09144749615024,187.21261596679688,5.529076437155371,5.418080227679478,496.35382454978094,216.09144749615007,2.249098539352417,3.4782731533050537,4516.212820286012,8.293614655733057,11.058152874310744,13.822691092888428,8.127120341519216,10.836160455358955,13.545200569198691,False,1.5,32.0,156.3194931005048,23.65964681302138,3.3089002897848,13.538391344739262,-9.13693599815562,-0.0032547451198804,1.093012,68.33574,66.17507,2022-03-20T23:10:52.826,32.0,Green,data\RV_UMa\2022_03_20\Light\Green\reduced_images\RV_Uma_Light_Green_32_secs_032_reduced.fits,2,0.979925,792.0,16.1871364964085,1172.7365439711286,937.0967208651932,7.0,V* RV UMa,False,0.9035586004271008,0.0031580602743653,4080.662935128559,18.789832296618247,-9.026826808264165,-0.0049993840535445,2022-03-20 23:10:52.826,0.1463268485298995,2022_03_20,1,"(0.136, 0.159]",-9.026826808264165,-0.0049993840535445
1,4,5,1180.0710291849111,882.2949668022668,4967.034956627891,4967.034956627891,197.75118342782184,220.29275512695312,5.289240932291803,5.183059420576045,453.2771356369901,197.751183427822,2.298452854156494,3.0966477394104004,4512.513184665389,7.933861398437704,10.578481864583608,13.223102330729509,7.774589130864068,10.36611884115209,12.957648551440114,False,1.5,32.0,155.2198423946216,16.200773589634576,3.028064996238521,13.207902217252164,-9.136046209594014,-0.0031778960059125,1.090159,68.49275,66.51758,2022-03-20T23:13:14.777,32.0,Green,data\RV_UMa\2022_03_20\Light\Green\reduced_images\RV_Uma_Light_Green_32_secs_033_reduced.fits,2,0.979925,792.0,16.234064546064005,1172.7585118376896,937.0448065088486,7.0,V* RV UMa,False,0.9010945311167228,0.006787881023368,4066.200952294088,32.861358705775245,-9.022972094335906,-0.0087744721185691,2022-03-20 23:13:14.777,0.14983698548898589,2022_03_20,1,"(0.136, 0.159]",-9.022972094335906,-0.0087744721185691
1,4,5,1180.6232446188264,882.1296853648822,4913.960455410438,4913.960455410438,191.54065128688632,196.140380859375,5.20552197876652,5.101021125042782,446.11074217948567,191.54065128688623,2.325405597686768,3.1529247760772705,4468.550752723343,7.808282968149779,10.41104395753304,13.0138049469163,7.651531687564173,10.202042250085563,12.752552812606954,False,1.5,32.0,153.5612642315762,16.856811960798336,2.9329662228304465,13.166284305574028,-9.125416737277192,-0.0031990487170786,1.087372,68.63777,66.8584,2022-03-20T23:15:33.950,32.0,Green,data\RV_UMa\2022_03_20\Light\Green\reduced_images\RV_Uma_Light_Green_32_secs_034_reduced.fits,2,0.979925,792.0,16.75911159371928,1172.7413971598437,937.0517769991542,7.0,V* RV UMa,False,0.913237494468484,0.0038418083487603,4080.848093322325,20.959293061457533,-9.026876071924756,-0.0055763563804782,2022-03-20 23:15:33.950,0.1532784285996856,2022_03_20,1,"(0.136, 0.159]",-9.026876071924756,-0.0055763563804782
2,5,6,1180.3867290936166,881.8323262930811,4928.778841648154,4928.778841648154,213.80220146073992,200.03208923339844,5.499711281828529,5.389304577845821,491.4780743924112,213.80220146073987,2.3078768253326416,3.1590938568115234,4435.3496956918125,8.249566922742794,10.999422563657058,13.749278204571322,8.083956866768732,10.778609155691642,13.473261444614554,False,1.5,32.0,154.02433880150485,18.386247716578016,3.27384620986758,13.254600436374927,-9.117319666350689,-0.0032446144184197,1.084611,68.78004,67.20262,2022-03-20T23:17:57.021,32.0,Green,data\RV_UMa\2022_03_20\Light\Green\reduced_images\RV_Uma_Light_Green_32_secs_035_reduced.fits,2,0.979925,792.0,16.48885411518635,1172.7121289244535,937.046027730812,7.0,V* RV UMa,False,0.9016690807181128,0.0056255527546219,3999.2176827777994,27.665858993613043,-9.00493761001887,-0.0075109251678031,2022-03-20 23:17:57.021,0.15681626070283,2022_03_20,1,"(0.136, 0.159]",-9.00493761001887,-0.0075109251678031
2,5,6,1180.3065227700033,881.9148167185301,4929.622574234423,4929.622574234423,220.95024947842853,175.39013671875,5.59089135265801,5.478654208753401,508.6339523641661,220.95024947842867,2.3103482723236084,3.305164337158203,4419.150547082466,8.386337028987015,11.18178270531602,13.977228381645029,8.217981313130101,10.957308417506802,13.696635521883504,False,1.5,32.0,154.05070544482572,19.197246029887552,3.3833006951384363,13.29026907815834,-9.113346992281777,-0.0032652714940115,1.081803,68.9278,67.5597,2022-03-20T23:20:23.628,32.0,Green,data\RV_UMa\2022_03_20\Light\Green\reduced_images\RV_Uma_Light_Green_32_secs_036_reduced.fits,2,0.979925,792.0,16.418562906484812,1172.7041888291246,937.0503297773244,7.0,V* RV UMa,False,0.9101670450749588,0.0036057075454758,4022.165195179436,20.00549029818974,-9.011149759064011,-0.0054002468960534,2022-03-20 23:20:23.628,0.16044153033221467,2022_03_20,1,"(0.159, 0.182]",-9.011149759064011,-0.0054002468960534
2,5,6,1181.2421758244802,881.9607916456891,4893.374917370075,4893.374917370075,209.4108373093362,197.1343688964844,5.442937923568162,5.333670944752532,484.4391439524494,209.41083730933627,2.3038549423217773,3.5510447025299072,4410.92272485922,8.164406885352243,10.885875847136324,13.607344808920406,8.000506417128797,10.667341889505064,13.334177361881329,False,1.5,32.0,152.91796616781485,23.25250147604879,3.20660344629921,13.393172555080548,-9.111323623554386,-0.0032966917007343,1.079175,69.06378,67.90056,2022-03-20T23:22:43.239,32.0,Green,data\RV_UMa\2022_03_20\Light\Green\reduced_images\RV_Uma_Light_Green_32_secs_037_reduced.fits,2,0.979925,792.0,17.35330893634107,1172.6661079593243,937.024711812937,7.0,V* RV UMa,False,0.912210904542826,0.0063643456833074,4023.691808712336,30.61597235860957,-9.011561772253517,-0.0082612862052807,2022-03-20 23:22:43.239,0.1638938042224656,2022_03_20,1,"(0.159, 0.182]",-9.011561772253517,-0.0082612862052807
1,4,5,1181.2265560919632,881.7613300174589,4914.532676017909,4914.532676017909,228.33800995656685,167.2128143310547,5.683592211531485,5.569494097884991,514.7356241739719,228.3380099565668,2.2387882471084595,3.026203155517578,4403.332222959012,8.525388317297228,11.36718442306297,14.208980528828713,8.354241146827487,11.13898819576998,13.923735244712477,False,1.5,32.0,153.57914612555965,21.48968785520324,3.496425777459929,13.362831277772791,-9.109453633450542,-0.0032948932721234,1.076546,69.20445,68.24832,2022-03-20T23:25:05.925,32.0,Green,data\RV_UMa\2022_03_20\Light\Green\reduced_images\RV_Uma_Light_Green_32_secs_038_reduced.fits,2,0.979925,792.0,17.31636561810692,1172.7288750322582,937.0995329107004,7.0,V* RV UMa,False,0.9162766399406942,0.0049152660034675,4034.670453795472,24.86684509361025,-9.014520169861504,-0.0066917073712542,2022-03-20 23:25:05.925,0.16742211611984006,2022_03_20,1,"(0.159, 0.182]",-9.014520169861504,-0.0066917073712542
1,4,5,1180.625615294114,882.0504472312831,4900.865301363889,4900.865301363889,228.75652201308063,163.80038452148438,5.688798447076442,5.574595818251383,527.7575461565181,228.7565220130808,2.334227681159973,3.103836297988892,4366.895495435075,8.533197670614662,11.377596894152884,14.221996117691106,8.361893727377073,11.149191636502763,13.936489545628458,False,1.5,32.0,153.15204066762152,23.09796229339508,3.502834243325297,13.40719348724191,-9.100431997264456,-0.0033334150974102,1.073944,69.33738,68.59936,2022-03-20T23:27:32.022,32.0,Green,data\RV_UMa\2022_03_20\Light\Green\reduced_images\RV_Uma_Light_Green_32_secs_039_reduced.fits,2,0.979925,792.0,16.751579560034063,1172.6943168323664,937.001994941506,7.0,V* RV UMa,False,0.9006469632013543,0.0079399955407239,3933.0311665812737,36.71559884245331,-8.98681846977509,-0.0101355553145229,2022-03-20 23:27:32.022,0.17103477456755548,2022_03_20,1,"(0.159, 0.182]",-8.98681846977509,-0.0101355553145229
2,5,6,1181.1665639046294,881.7995122587932,4845.010963552708,4845.010963552708,213.0934466269386,184.69680786132807,5.49058793623061,5.380364383410781,494.5418442617996,213.09344662693863,2.3058922290802,3.2224810123443604,4353.640440907734,8.235881904345915,10.98117587246122,13.726469840576526,8.07054657511617,10.76072876682156,13.450910958526952,False,1.5,32.0,151.40659261102212,19.422465931153223,3.262993401474997,13.194394716835264,-9.09713139652511,-0.0032904949865245,1.071411,69.46705,68.94832,2022-03-20T23:29:53.329,32.0,Green,data\RV_UMa\2022_03_20\Light\Green\reduced_images\RV_Uma_Light_Green_32_secs_040_reduced.fits,2,0.979925,792.0,17.260624573324996,1172.696912547735,937.014673214279,7.0,V* RV UMa,False,0.9056087352693962,0.0040622168073545,3942.6948135081498,21.3436666645174,-8.989482903918839,-0.0058776021822841,2022-03-20 23:29:53.329,0.17452898681880852,2022_03_20,1,"(0.159, 0.182]",-8.989482903918839,-0.0058776021822841
1,4,5,1181.1843578219982,882.1626941183403,4785.539214246285,4785.539214246285,205.74655320453192,195.74612426757807,5.39510732807428,5.286800548463189,487.36099474194776,205.7465532045321,2.3509795665740967,3.197606325149536,4301.83327176938,8.09266099211142,10.79021465614856,13.4877683201857,7.930200822694783,10.573601096926378,13.217001371157972,False,1.5,32.0,149.5481004451964,20.72623411573789,3.150494095944395,13.16908609801298,-9.084133935541374,-0.0033237349420352,1.068951,69.58735,69.29409,2022-03-20T23:32:14.757,32.0,Green,data\RV_UMa\2022_03_20\Light\Green\reduced_images\RV_Uma_Light_Green_32_secs_041_reduced.fits,2,0.979925,792.0,17.31991338326999,1172.7477339877005,937.0403986662844,7.0,V* RV UMa,False,0.9181797228035316,0.0059455832031734,3949.856081020219,28.29107104168837,-8.991453179346248,-0.007776647926223,2022-03-20 23:32:14.757,0.17802619113473214,2022_03_20,1,"(0.159, 0.182]",-8.991453179346248,-0.007776647926223
1,4,5,1182.009023117701,882.0113962294337,4797.9534718152845,4797.9534718152845,228.25079072745896,165.5739288330078,5.682506615054768,5.568430294757544,538.0505866205132,228.2507907274591,2.337934970855713,3.1512577533721924,4264.317966048089,8.523759922582151,11.365013230109536,14.20626653763692,8.352645442136314,11.136860589515088,13.92107573689386,False,1.5,32.0,149.93604599422764,17.0276333655618,3.495090233014215,13.055985967854118,-9.074623950266542,-0.0033241790989732,1.066551,69.69842,69.63847,2022-03-20T23:34:36.873,32.0,Green,data\RV_UMa\2022_03_20\Light\Green\reduced_images\RV_Uma_Light_Green_32_secs_042_reduced.fits,2,0.979925,792.0,18.12099965359714,1172.701904523054,937.0948826756448,7.0,V* RV UMa,False,0.9059140644991744,0.004211175239543,3863.105620939477,21.50289243031113,-8.967341455816433,-0.0060434456391929,2022-03-20 23:34:36.873,0.18154040818200567,2022_03_20,1,"(0.159, 0.182]",-8.967341455816433,-0.0060434456391929
1,4,6,1182.0596484209314,882.1288323336029,4823.789593091812,4823.789593091812,256.6730392325778,141.7483367919922,6.025927901053708,5.904957398440055,589.2194104929586,256.67303923257765,2.301479697227478,3.2573018074035645,4233.061804472362,9.038891851580562,12.051855802107417,15.064819752634268,8.857436097660083,11.80991479688011,14.762393496100136,False,1.5,32.0,150.74342478411913,28.256674664058664,3.930305913248848,13.525176722003549,-9.066636523503332,-0.0034690667703732,1.064156,69.81432,69.98926,2022-03-20T23:37:00.556,32.0,Green,data\RV_UMa\2022_03_20\Light\Green\reduced_images\RV_Uma_Light_Green_32_secs_043_reduced.fits,2,0.979925,792.0,18.1846866399243,1172.6943592754365,937.0695061537956,7.0,V* RV UMa,False,0.9076865584395126,0.0025734337295037,3842.293300963272,16.41291734838303,-8.961476284010722,-0.0046378808682759,2022-03-20 23:37:00.556,0.1850933737031532,2022_03_20,1,"(0.182, 0.205]",-8.961476284010722,-0.0046378808682759
2,5,7,1174.2965119905657,879.0137793366672,4673.829109372659,4673.829109372659,213.90290739529,179.1031951904297,5.501006376912691,5.390573673896169,505.10317289817465,213.90290739529,2.348997712135315,3.27478289604187,4171.371669282031,8.251509565369036,11.00201275382538,13.752515942281727,8.085860510844253,10.781147347792338,13.47643418474042,False,1.5,32.0,146.0571596678956,19.492974678766178,3.275388269490378,12.993287598454526,-9.050697218037664,-0.0033819289871393,1.058355,70.10845,70.8717,2022-03-20T23:42:58.982,32.0,Green,data\RV_UMa\2022_03_20\Light\Green\reduced_images\RV_Uma_Light_Green_32_secs_044_reduced.fits,2,0.979925,792.0,10.343635258875056,1172.6522749533506,936.9428976012684,7.0,V* RV UMa,False,0.910352932254183,0.0061203886431424,3797.4204306529223,28.13743075688326,-8.948721706573794,-0.0080448893767526,2022-03-20 23:42:58.982,0.19395646272469944,2022_03_20,1,"(0.182, 0.205]",-8.948721706573794,-0.0080448893767526
1,4,6,1175.170210621836,879.4464325722454,4664.94247969314,4664.94247969314,214.07689198031085,160.59970092773438,5.503243129518464,5.392765523693381,499.7952947946728,214.0768919803108,2.333829402923584,3.1365699768066406,4165.323534702994,8.254864694277696,11.006486259036928,13.75810782379616,8.089148285540071,10.785531047386762,13.481913809233452,False,1.5,32.0,145.77945249041062,21.370742532075333,3.278052408448509,13.05481702020118,-9.049121850418937,-0.0034028779198626,1.056218,70.19678,71.2092,2022-03-20T23:45:15.956,32.0,Green,data\RV_UMa\2022_03_20\Light\Green\reduced_images\RV_Uma_Light_Green_32_secs_045_reduced.fits,2,0.979925,792.0,11.183918912136765,1172.7253569114878,937.0027617633158,7.0,V* RV UMa,False,0.9075769470112096,0.0027439312255847,3780.351616939683,16.462422396349165,-8.943830490462599,-0.0047280914118266,2022-03-20 23:45:15.956,0.1973435293873781,2022_03_20,1,"(0.182, 0.205]",-8.943830490462599,-0.0047280914118266
1,4,6,1174.7961734802414,879.1641918780554,4730.144271045872,4730.144271045872,267.877652747893,107.89732360839844,6.1560487023329005,6.032466024633568,628.9815261227299,267.87765274789297,2.326801300048828,3.2143473625183105,4106.846200378046,9.234073053499351,12.3120974046658,15.39012175583225,9.048699036950351,12.064932049267137,15.08116506158392,False,1.5,32.0,147.8170084701835,30.724950639752244,4.101876557702111,13.5145786344835,-9.033771097542076,-0.003572879674471,1.054139,70.28945,71.54474,2022-03-20T23:47:31.755,32.0,Green,data\RV_UMa\2022_03_20\Light\Green\reduced_images\RV_Uma_Light_Green_32_secs_046_reduced.fits,2,0.979925,792.0,10.828478057057476,1172.7315896640312,937.0489143468172,7.0,V* RV UMa,False,0.9133537060760876,0.0040245295612697,3751.0031973997866,20.62869619876822,-8.93536858587167,-0.0059710219216781,2022-03-20 23:47:31.755,0.20070154087660308,2022_03_20,1,"(0.182, 0.205]",-8.93536858587167,-0.0059710219216781
2,6,7,1174.8279458165375,879.2708582441138,4556.664715152597,4556.664715152597,204.14495248167515,180.5269927978516,5.3740676334261765,5.266183225685146,487.9711545727655,204.1449524816751,2.40649938583374,3.397810459136963,4065.3900123843873,8.061101450139265,10.748135266852351,13.43516908356544,7.89927483852772,10.532366451370292,13.165458064212864,False,1.5,32.0,142.39577234851865,19.09017586205977,3.12596958487565,12.830117606454513,-9.02275553970924,-0.0034265158211628,1.052105,70.37974,71.88006,2022-03-20T23:49:49.366,32.0,Green,data\RV_UMa\2022_03_20\Light\Green\reduced_images\RV_Uma_Light_Green_32_secs_047_reduced.fits,2,0.979925,792.0,10.852467844046078,1172.6917254694667,936.9966387501098,7.0,V* RV UMa,False,0.91316074077365,0.0048347244139733,3712.354555242725,22.881965007621982,-8.9241236190503,-0.006692188872342,2022-03-20 23:49:49.366,0.20410435915246475,2022_03_20,1,"(0.182, 0.205]",-8.9241236190503,-0.006692188872342
1,5,6,1175.0294703788732,879.6668114088882,4680.781496040657,4680.781496040657,265.7357894430427,111.4529037475586,6.131388419620421,6.008300797096542,616.7048361050945,265.7357894430427,2.3079426288604736,3.041776180267334,4067.478539571168,9.197082629430632,12.262776839240844,15.328471049051052,9.012451195644813,12.016601594193084,15.020751992741356,False,1.5,32.0,146.27442175127052,21.19705472556345,4.06907927584659,13.097349188010549,-9.023313175583144,-0.0034960888081985,1.050122,70.4439,72.21418,2022-03-20T23:52:05.387,32.0,Green,data\RV_UMa\2022_03_20\Light\Green\reduced_images\RV_Uma_Light_Green_32_secs_048_reduced.fits,2,0.979925,792.0,11.034501868035886,1172.7158593679733,937.0341740156032,7.0,V* RV UMa,False,0.8907629608137572,0.0049634234264207,3623.1592269548314,23.31717491109837,-8.89771855097672,-0.0069873553459407,2022-03-20 23:52:05.387,0.20746786021488695,2022_03_20,1,"(0.205, 0.227]",-8.89771855097672,-0.0069873553459407
1,5,6,1175.0183939246192,879.6755673380173,4492.491516829128,4492.491516829128,214.08934577842803,146.18984985351562,5.503403201167382,5.392922381903947,511.6652043532719,214.08934577842788,2.3768889904022217,3.100856304168701,3983.624907885968,8.255104801751074,11.006806402334764,13.758508002918454,8.08938357285592,10.785844763807894,13.482305954759866,False,1.5,32.0,140.39035990091023,19.75662040588192,3.278243107232179,12.783787522249591,-9.000696097908069,-0.003484218837814,1.048204,70.51881,72.54452,2022-03-20T23:54:19.538,32.0,Green,data\RV_UMa\2022_03_20\Light\Green\reduced_images\RV_Uma_Light_Green_32_secs_049_reduced.fits,2,0.979925,792.0,11.02316929155343,1172.6937776233203,937.0116860787804,7.0,V* RV UMa,False,0.902470701304952,0.0039707677106379,3595.104764355724,19.57837844414546,-8.889278876518151,-0.0059127496138695,2022-03-20 23:54:19.538,0.21078512027785518,2022_03_20,1,"(0.205, 0.227]",-8.889278876518151,-0.0059127496138695
1,5,6,1175.3871906457375,879.5255836302464,4479.670425449851,4479.670425449851,211.92632354454344,163.76663208007812,5.475531183844189,5.365609895328517,508.3714030453293,211.92632354454344,2.411952257156372,3.1729114055633545,3968.514251025738,8.213296775766283,10.951062367688378,13.688827959610473,8.048414842992775,10.731219790657034,13.414024738321292,False,1.5,32.0,139.98970079530784,20.58362114320299,3.245121829275821,12.799157931980789,-8.99656986051476,-0.0035016906273114,1.046278,70.57808,72.8835,2022-03-20T23:56:36.620,32.0,Green,data\RV_UMa\2022_03_20\Light\Green\reduced_images\RV_Uma_Light_Green_32_secs_050_reduced.fits,2,0.979925,792.0,11.397068995766736,1172.6973777871349,936.9719533806772,7.0,V* RV UMa,False,0.9019113911906912,0.0041898906845136,3579.2482091027077,20.241926726668417,-8.884479540824085,-0.0061402259405515,2022-03-20 23:56:36.620,0.21417485754371088,2022_03_20,1,"(0.205, 0.227]",-8.884479540824085,-0.0061402259405515
1,5,6,1174.8316440447245,879.1104900670814,4461.38198147309,4461.38198147309,217.1162355911469,146.60617065429688,5.542171425219583,5.4309123338583,526.4618230778127,217.11623559114688,2.4241762161254883,3.1928439140319824,3935.053967018333,8.313257137829375,11.084342850439166,13.855428563048957,8.14636850078745,10.8618246677166,13.57728083464575,False,1.5,32.0,139.41818692103405,20.22343888709611,3.3245923574894367,12.765822267508646,-8.987376732091933,-0.0035222681913671,1.044431,70.64027,73.21626,2022-03-20T23:58:53.031,32.0,Green,data\RV_UMa\2022_03_20\Light\Green\reduced_images\RV_Uma_Light_Green_32_secs_051_reduced.fits,2,0.979925,792.0,10.868106579914077,1172.677884997624,936.9974854738322,7.0,V* RV UMa,False,0.9212682457368012,0.0046574576694059,3625.2402650746194,21.77629033750477,-8.898341987500796,-0.0065218592688964,2022-03-20 23:58:53.031,0.21754800245093897,2022_03_20,1,"(0.205, 0.227]",-8.898341987500796,-0.0065218592688964
2,6,7,1174.951285315461,879.7892730983576,4370.0481110746905,4370.0481110746905,199.1419787089689,175.97195434570312,5.307808109119024,5.20125386132846,490.1185894507756,199.14197870896885,2.4410462379455566,3.249387741088867,3883.933333130128,7.961712163678536,10.615616218238047,13.26952027279756,7.80188079199269,10.40250772265692,13.003134653321148,False,1.5,32.0,136.56400347108408,19.839635925821945,3.049361548981086,12.62747009285261,-8.973179416824344,-0.0035299528283255,1.042602,70.68632,73.55317,2022-03-21T00:01:10.282,32.0,Green,data\RV_UMa\2022_03_20\Light\Green\reduced_images\RV_Uma_Light_Green_32_secs_052_reduced.fits,2,0.979925,792.0,10.953312553182665,1172.6174822365797,936.9868438775216,7.0,V* RV UMa,False,0.9214758952434524,0.0052994870505255,3578.9509452119714,23.644201844265496,-8.884389364464983,-0.0071728745009125,2022-03-21 00:01:10.282,0.22094191871621058,2022_03_20,1,"(0.205, 0.227]",-8.884389364464983,-0.0071728745009125
1,5,6,1174.7716669308145,879.6522260799743,4311.698047037395,4311.698047037395,204.98879601734845,152.4951629638672,5.385163170095096,5.277056019455437,506.1325668689116,204.98879601734856,2.462167978286743,3.159121513366699,3806.981197575926,8.077744755142643,10.770326340190191,13.46290792523774,7.915584029183154,10.554112038910874,13.192640048638593,False,1.5,32.0,134.74056396991858,18.048969619455224,3.138890939015648,12.487130356026135,-8.951451829671072,-0.0035612809250817,1.040785,70.73275,73.89608,2022-03-21T00:03:27.835,32.0,Green,data\RV_UMa\2022_03_20\Light\Green\reduced_images\RV_Uma_Light_Green_32_secs_053_reduced.fits,2,0.979925,792.0,10.777279581037718,1172.679894595262,937.0267051832114,7.0,V* RV UMa,False,0.9324742844254998,0.0029796069317548,3549.9120680309443,16.25582001838763,-8.875543989087097,-0.0049718223983461,2022-03-21 00:03:27.835,0.224343302779255,2022_03_20,1,"(0.205, 0.227]",-8.875543989087097,-0.0049718223983461
1,5,6,1174.8908784946138,879.755479065979,4301.733111671234,4301.733111671234,218.8442289982981,148.42526245117188,5.564182344820513,5.452481384248242,533.9638044518383,218.8442289982981,2.395122647285461,3.418961524963379,3777.5743425696846,8.34627351723077,11.128364689641026,13.910455862051284,8.178722076372363,10.904962768496484,13.631203460620604,False,1.5,32.0,134.42915973972606,18.267902697887244,3.35105225653644,12.491921977588149,-8.943032549999586,-0.0035903812150669,1.039081,70.75638,74.22513,2022-03-21T00:05:42.433,32.0,Green,data\RV_UMa\2022_03_20\Light\Green\reduced_images\RV_Uma_Light_Green_32_secs_054_reduced.fits,2,0.979925,792.0,10.893623128767436,1172.6853123206267,936.9735115558544,7.0,V* RV UMa,False,0.9265969834691306,0.0040611967025125,3500.2889906554537,19.21824328712668,-8.86025975506554,-0.0059612056559867,2022-03-21 00:05:42.433,0.22767161617203918,2022_03_20,1,"(0.227, 0.25]",-8.86025975506554,-0.0059612056559867
1,5,6,1175.1850957518209,879.637504635594,4221.553927195074,4221.553927195074,192.42384963492944,183.8958435058593,5.217509566677754,5.112768062126698,479.43582933625777,192.42384963492947,2.491361856460572,3.271479606628418,3742.1564879413054,7.826264350016631,10.435019133355508,13.043773916694386,7.669152093190047,10.225536124253397,12.781920155316747,False,1.5,32.0,131.92356022484606,19.294143432115025,2.9464901975348567,12.416287442488432,-8.932804861723696,-0.0036024182442487,1.037394,70.79649,74.55895,2022-03-21T00:07:58.215,32.0,Green,data\RV_UMa\2022_03_20\Light\Green\reduced_images\RV_Uma_Light_Green_32_secs_055_reduced.fits,2,0.979925,792.0,11.190968227397368,1172.6858441721497,937.0440072910526,7.0,V* RV UMa,False,0.9336208405776508,0.0035025721354897,3493.755285844871,17.497853495468824,-8.858231205732077,-0.0054377171528171,2022-03-21 00:07:58.215,0.23102920728854184,2022_03_20,1,"(0.227, 0.25]",-8.858231205732077,-0.0054377171528171
1,5,5,1152.9060879277392,890.2910001078549,3446.5803686916524,3446.5803686916524,246.270741242058,112.1209487915039,5.902557322048629,5.784063483808503,434.5153265222693,246.270741242058,1.7574095726013184,2.4765625,3013.7818105812376,8.853835983072944,11.80511464409726,14.756393305121572,8.676095225712755,11.568126967617006,14.46015870952126,False,1.5,32.0,107.70563652161414,448.85395834707725,3.771020725269012,23.671303631062663,-8.697779518511048,-0.0085277544896691,1.314757,58.18963,49.48427,2022-03-22T21:03:47.323,32.0,Green,data\RV_UMa\2022_03_22\Light\Green\reduced_images\RV_Uma_Light_Green_32_secs_001_reduced.fits,2,0.979925,792.0,15.132070852560863,1172.7946404967645,937.0529028020776,7.0,V* RV UMa,False,1.1507945141437708,0.0072890141560712,3468.243574443169,34.99474977652161,-8.850273975846898,-0.0109551321852938,2022-03-22 21:03:47.323,0.23072996381762323,2022_03_22,2,"(0.227, 0.25]",-8.850273975846898,-0.0109551321852938
1,5,5,1154.0447914056297,889.730629427524,3429.39852033867,3429.39852033867,227.33576461369177,128.05526733398438,5.671104981872355,5.557257549361268,401.52861694202,227.33576461369165,1.7799681425094604,2.483628749847412,3024.748101673269,8.506657472808532,11.34220996374471,14.177762454680886,8.335886324041901,11.114515098722537,13.893143873403169,False,1.5,32.0,107.16870376058344,933.1203335588878,3.481078895647155,32.30743128469236,-8.701723032092326,-0.0115967831533215,1.305695,58.53773,49.95288,2022-03-22T21:07:16.419,32.0,Green,data\RV_UMa\2022_03_22\Light\Green\reduced_images\RV_Uma_Light_Green_32_secs_002_reduced.fits,2,0.979925,792.0,13.920895345243483,1172.804782387229,937.0452301072054,7.0,V* RV UMa,False,1.1486258240674336,0.0087020382613588,3474.303780880864,45.49625241036506,-8.852169472376387,-0.0142177919773681,2022-03-22 21:07:16.419,0.2359004493907939,2022_03_22,2,"(0.227, 0.25]",-8.852169472376387,-0.0142177919773681
1,6,5,1154.5575420133227,888.7641428413708,3400.7613958622605,3400.7613958622605,269.312417195002,95.33905029296876,6.172512719584487,6.048599526738829,461.03189938563673,269.31241719500207,1.6900439262390137,2.471613645553589,2945.6115809211,9.25876907937673,12.345025439168976,15.43128179896122,9.072899290108245,12.097199053477658,15.121498816847074,False,1.5,32.0,106.27379362069564,2269.7877502024976,4.123846388298468,48.78714369802245,-8.672938696571972,-0.0179826724551091,1.298416,58.82385,50.33748,2022-03-22T21:10:09.866,32.0,Green,data\RV_UMa\2022_03_22\Light\Green\reduced_images\RV_Uma_Light_Green_32_secs_003_reduced.fits,2,0.979925,792.0,12.88294269854975,1172.7704166853332,937.1074734275984,7.0,V* RV UMa,False,1.1645559034094035,0.0101361507420537,3430.3293557127736,64.18282389938638,-8.83833954974374,-0.0203145553691882,2022-03-22 21:10:09.866,0.24018941336528243,2022_03_22,2,"(0.227, 0.25]",-8.83833954974374,-0.0203145553691882
1,6,5,1154.7056165757954,888.7605577559526,3399.554312236064,3399.554312236064,269.0983132011768,78.25909423828125,6.170058650804136,6.046194723389244,460.2721183080604,269.0983132011768,1.686631441116333,2.5637130737304688,2945.6846364395888,9.255087976206203,12.340117301608272,15.42514662701034,9.069292085083864,12.092389446778489,15.115486808473108,False,1.5,32.0,106.236072257377,2699.556291361628,4.120567920893019,53.00861186203519,-8.672965624099788,-0.0195381977930084,1.291075,59.11026,50.73293,2022-03-22T21:13:06.818,32.0,Green,data\RV_UMa\2022_03_22\Light\Green\reduced_images\RV_Uma_Light_Green_32_secs_004_reduced.fits,2,0.979925,792.0,12.772350427055752,1172.76859493735,937.0171774222252,7.0,V* RV UMa,False,1.149425191862434,0.0038617321098226,3385.8441284057985,61.982228567581885,-8.82416740235062,-0.0198757967157523,2022-03-22 21:13:06.818,0.24456504830398895,2022_03_22,2,"(0.227, 0.25]",-8.82416740235062,-0.0198757967157523
1,5,5,1155.873824589969,887.8493046953269,3279.0451774746302,3279.0451774746302,222.48179831397167,117.45661163330078,5.610234928702894,5.497609462509184,388.3228622496945,222.4817983139718,1.7447257041931152,2.5706663131713867,2890.875465241136,8.415352393054341,11.220469857405789,14.025587321757236,8.246414193763776,10.995218925018367,13.74402365627296,False,1.5,32.0,102.4701617960822,1032.040578146086,3.4067525366826925,33.73303266056657,-8.652573458229298,-0.0126692330044077,1.283919,59.39101,51.12605,2022-03-22T21:16:00.782,32.0,Green,data\RV_UMa\2022_03_22\Light\Green\reduced_images\RV_Uma_Light_Green_32_secs_005_reduced.fits,2,0.979925,792.0,11.298066692787437,1172.7227053511224,937.0545211485356,7.0,V* RV UMa,False,1.153849008995098,0.0043597576201153,3335.6337906967283,40.91252903113008,-8.807945911711522,-0.0133168737291265,2022-03-22 21:16:00.782,0.2488667965547977,2022_03_22,2,"(0.227, 0.25]",-8.807945911711522,-0.0133168737291265
1,5,5,1158.1174671987826,886.563350844649,3319.5783523465648,3319.5783523465648,239.9385750407885,103.53633880615234,5.826179251632118,5.709218703155603,382.3136375403437,239.9385750407885,1.61176198720932,2.3027141094207764,2932.854477830651,8.739268877448175,11.652358503264235,14.565448129080297,8.563828054733404,11.418437406311206,14.27304675788901,False,1.5,32.0,103.73682351083016,633.4770847893968,3.674059430312073,27.21925729571876,-8.668226286804405,-0.0100765085127742,1.277097,59.66269,51.5081,2022-03-22T21:18:50.878,32.0,Green,data\RV_UMa\2022_03_22\Light\Green\reduced_images\RV_Uma_Light_Green_32_secs_006_reduced.fits,2,0.979925,792.0,8.813726026338307,1172.817030522973,937.0644392879676,7.0,V* RV UMa,False,1.1407710830969375,0.0046653191112058,3345.7155792405747,33.9319511840422,-8.811222546574491,-0.0110114404605075,2022-03-22 21:18:50.878,0.2530728976473764,2022_03_22,2,"(0.25, 0.273]",-8.811222546574491,-0.0110114404605075
1,6,5,1157.5161064302258,886.2615477794915,3313.143634561462,3313.143634561462,254.1582858587686,114.0981903076172,5.996335734591843,5.875959294719912,388.4670304467868,254.1582858587685,1.5074551105499268,2.37046766281128,2930.011427655052,8.994503601887764,11.992671469183684,14.990839336479606,8.813938942079869,11.751918589439825,14.68989823679978,False,1.5,32.0,103.53573858004567,4618.251314574293,3.891798752212394,68.74357316801732,-8.667173285490948,-0.0254734113077127,1.270245,59.94338,51.89933,2022-03-22T21:21:44.632,32.0,Green,data\RV_UMa\2022_03_22\Light\Green\reduced_images\RV_Uma_Light_Green_32_secs_007_reduced.fits,2,0.979925,792.0,9.013759283396338,1172.783269429884,937.0230028406216,7.0,V* RV UMa,False,1.1137393456081033,0.0063254824769707,3263.269010060802,78.77375108724306,-8.78413219164819,-0.0262091520117832,2022-03-22 21:21:44.632,0.25736945305867387,2022_03_22,2,"(0.25, 0.273]",-8.78413219164819,-0.0262091520117832
1,6,5,1156.7226887093846,886.5983626552854,3281.312546295949,3281.312546295949,244.9073638991834,100.75430297851562,5.88619609777623,5.768030711113372,371.2625474532088,244.90736389918328,1.520216941833496,2.3052148818969727,2909.000222516629,8.829294146664346,11.77239219555246,14.715490244440574,8.65204606667006,11.536061422226744,14.42007677778343,False,1.5,32.0,102.5410170717484,5946.399904310492,3.750144009706245,77.79904283082118,-8.659359386168301,-0.0290372055811927,1.263457,60.22166,52.29449,2022-03-22T21:24:38.253,32.0,Green,data\RV_UMa\2022_03_22\Light\Green\reduced_images\RV_Uma_Light_Green_32_secs_008_reduced.fits,2,0.979925,792.0,9.823321706591123,1172.7678049403958,937.0988074777824,7.0,V* RV UMa,False,1.1157277819729958,0.0099920280129394,3245.6523660274297,91.53995213459858,-8.778255004374769,-0.0306219610130359,2022-03-22 21:24:38.253,0.26166271967161503,2022_03_22,2,"(0.25, 0.273]",-8.778255004374769,-0.0306219610130359
1,5,5,1157.4426036694304,885.3628444627674,3245.869189314612,3245.869189314612,222.4376304753253,119.39269256591795,5.609678019660621,5.497063733415935,335.13153410936025,222.43763047532536,1.4838109016418457,2.327183246612549,2915.813808279944,8.414517029490932,11.219356039321244,14.024195049151553,8.245595600123902,10.99412746683187,13.742659333539835,False,1.5,32.0,101.43341216608162,994.1345913799704,3.406076216653419,33.15077796617608,-8.661899470738387,-0.0123440666038302,1.256931,60.49478,52.68182,2022-03-22T21:27:30.247,32.0,Green,data\RV_UMa\2022_03_22\Light\Green\reduced_images\RV_Uma_Light_Green_32_secs_009_reduced.fits,2,0.979925,792.0,8.471100717616515,1172.8026494107007,937.003580918358,7.0,V* RV UMa,False,1.1254608260976977,0.0043034604261505,3281.6342174138194,39.36347710592869,-8.790225428529563,-0.0130234966506278,2022-03-22 21:27:30.247,0.26591575414224966,2022_03_22,2,"(0.25, 0.273]",-8.790225428529563,-0.0130234966506278
1,6,5,1158.5264650403708,885.592148068145,3276.5177012438166,3276.5177012438166,257.72280860609425,95.52425384521484,6.038238075405504,5.917020446041739,385.5872737521325,257.7228086060942,1.4923927783966064,2.1831705570220947,2891.894042851991,9.057357113108257,12.076476150811008,15.09559518851376,8.87553066906261,11.834040892083475,14.792551115104343,False,1.5,32.0,102.39117816386928,4838.75204384623,3.9463805067808178,70.32133106331875,-8.652955941604905,-0.0264015257719922,1.25035,60.76479,53.08006,2022-03-22T21:30:24.141,32.0,Green,data\RV_UMa\2022_03_22\Light\Green\reduced_images\RV_Uma_Light_Green_32_secs_010_reduced.fits,2,0.979925,792.0,7.82506900738522,1172.7745292845789,937.0467952613466,7.0,V* RV UMa,False,1.1211475959913184,0.0059004675528535,3242.2400540051244,80.6659952154476,-8.777112916680858,-0.0270128028891839,2022-03-22 21:30:24.141,0.27021577144655495,2022_03_22,2,"(0.25, 0.273]",-8.777112916680858,-0.0270128028891839
1,6,5,1159.6666844584583,885.1234134465716,3267.7125066308363,3267.7125066308363,254.3178302589592,107.35552978515624,5.998217498343909,5.877803282064655,378.63807581213007,254.3178302589592,1.491329789161682,2.246748447418213,2888.440750450686,8.997326247515863,11.996434996687816,14.995543745859772,8.816704923096983,11.75560656412931,14.694508205161638,False,1.5,32.0,102.11601583221363,2905.4225840352165,3.894241775840312,54.87652359291057,-8.651658658604577,-0.0206275404634109,1.24412,61.02787,53.46444,2022-03-22T21:33:11.352,32.0,Green,data\RV_UMa\2022_03_22\Light\Green\reduced_images\RV_Uma_Light_Green_32_secs_011_reduced.fits,2,0.979925,792.0,6.710215266820953,1172.7563423058118,937.1045589381016,7.0,V* RV UMa,False,1.1134982966323594,0.0063585621080836,3216.273855550333,63.805429064642105,-8.76838255113225,-0.0215391684623058,2022-03-22 21:33:11.352,0.2743505328153777,2022_03_22,2,"(0.273, 0.295]",-8.76838255113225,-0.0215391684623058
1,6,5,1159.4561356064182,884.7537597533691,3227.1497538258945,3227.1497538258945,243.30654849791927,105.73818969726562,5.866927257854211,5.749148693152788,346.54070539124933,243.30654849791927,1.4090626239776611,2.01757550239563,2884.315590168468,8.800390886781317,11.733854515708424,14.667318144635528,8.623723039729182,11.498297386305577,14.37287173288197,False,1.5,32.0,100.8484298070592,5983.267276679114,3.72563152387439,78.02462007603783,-8.650106943490712,-0.0293706261436198,1.238013,61.29022,53.84843,2022-03-22T21:36:01.612,32.0,Green,data\RV_UMa\2022_03_22\Light\Green\reduced_images\RV_Uma_Light_Green_32_secs_012_reduced.fits,2,0.979925,792.0,6.5760881548236485,1172.779039121402,937.125791932584,7.0,V* RV UMa,False,1.1140753225536273,0.005825076620611,3213.344821463392,88.53414093808713,-8.767393329614487,-0.0299142256789807,2022-03-22 21:36:01.612,0.2785606892683372,2022_03_22,2,"(0.273, 0.295]",-8.767393329614487,-0.0299142256789807
1,5,5,1160.4239638574047,892.9919450933967,3171.861490164535,3171.861490164535,224.70915409738984,119.6220703125,5.638248162336164,5.525060330477266,321.5599273763541,224.70915409739,1.4264206886291504,2.030970335006714,2851.331703835662,8.457372243504246,11.276496324672328,14.09562040584041,8.287590495715898,11.050120660954532,13.812650826193163,False,1.5,32.0,99.12067156764172,587.4468215973349,3.440858922116281,26.26801005190711,-8.637619357519382,-0.0100023892351564,1.231598,61.56804,54.25976,2022-03-22T21:39:00.233,32.0,Green,data\RV_UMa\2022_03_22\Light\Green\reduced_images\RV_Uma_Light_Green_32_secs_013_reduced.fits,2,0.979925,792.0,13.475113053439731,1172.7644164856697,936.9864116574688,7.0,V* RV UMa,False,1.092682058541496,0.0040827281832489,3115.5989957317825,30.97347432750198,-8.73385388794742,-0.0107937582823031,2022-03-22 21:39:00.233,0.2829775949172513,2022_03_22,2,"(0.273, 0.295]",-8.73385388794742,-0.0107937582823031
1,6,6,1160.962279994955,894.0245891625264,3321.059696007672,3321.059696007672,288.62396189762256,90.44654846191406,6.389987322593823,6.2617083270927525,397.5930014600664,288.6239618976227,1.388384461402893,2.067068099975586,2920.338672120472,9.584980983890734,12.779974645187648,15.97496830648456,9.392562490639127,12.523416654185503,15.654270817731884,False,1.5,32.0,103.78311550023976,1736.9614235519834,4.419554416557345,42.95537327819165,-8.66358304891567,-0.0159701353826774,1.225711,61.82487,54.64474,2022-03-22T21:41:48.978,32.0,Green,data\RV_UMa\2022_03_22\Light\Green\reduced_images\RV_Uma_Light_Green_32_secs_014_reduced.fits,2,0.979925,792.0,14.349802925709549,1172.7564908796585,937.0159940262936,7.0,V* RV UMa,False,1.065574194758381,0.0065216335083574,3111.8375289665314,49.576355210463774,-8.732542285290215,-0.0172974466857291,2022-03-22 21:41:48.978,0.2871502887423105,2022_03_22,2,"(0.273, 0.295]",-8.732542285290215,-0.0172974466857291
1,6,5,1161.4091732430684,886.2726768568344,3234.0430037346828,3234.0430037346828,218.4464619971245,134.4251251220703,5.559123370362811,5.447523968702778,305.5160408704781,218.4464619971246,1.3859803676605225,2.315601348876953,2931.280496021768,8.338685055544216,11.118246740725622,13.897808425907028,8.171285953054166,10.895047937405556,13.618809921756943,False,1.5,32.0,101.06384386670884,11513.21136586341,3.344961449330968,107.78506469441604,-8.667643445828135,-0.0399232169114312,1.219658,62.09163,55.04829,2022-03-22T21:44:44.395,32.0,Green,data\RV_UMa\2022_03_22\Light\Green\reduced_images\RV_Uma_Light_Green_32_secs_015_reduced.fits,2,0.979925,792.0,6.786667682648028,1172.758340832536,937.0603385232226,7.0,V* RV UMa,False,1.0703212182815518,0.0054737090640567,3137.4117116269704,116.4750696170803,-8.741428783479536,-0.0403074928184699,2022-03-22 21:44:44.395,0.29148796649697317,2022_03_22,2,"(0.273, 0.295]",-8.741428783479536,-0.0403074928184699
1,5,5,1162.5622910804543,892.8290111853042,3211.442864831524,3211.442864831524,206.01238490879663,144.95993041992188,5.398591536184655,5.290214811095748,292.6594584744129,206.0123849087965,1.428795576095581,2.069040298461914,2917.0932806529345,8.097887304276982,10.79718307236931,13.496478840461636,7.935322216643622,10.580429622191495,13.22553702773937,False,1.5,32.0,100.3575895259851,1899.5911893363448,3.1545646439159483,44.75604253624583,-8.66237579222935,-0.0166581082907366,1.213661,62.35864,55.45625,2022-03-22T21:47:40.744,32.0,Green,data\RV_UMa\2022_03_22\Light\Green\reduced_images\RV_Uma_Light_Green_32_secs_016_reduced.fits,2,0.979925,792.0,12.9093196927647,1172.8144370021184,937.0570201668362,7.0,V* RV UMa,False,1.0494864037289546,0.0056716616558253,3061.4497364543463,49.79950600813127,-8.71481783372326,-0.0176612818457437,2022-03-22 21:47:40.744,0.29584869056794005,2022_03_22,2,"(0.295, 0.318]",-8.71481783372326,-0.0176612818457437
1,6,6,1162.4409273629235,877.267553466855,3315.1607300223,3315.1607300223,284.8286332124291,95.1972885131836,6.347834970190246,6.220402183163677,382.92057391357525,284.828633212429,1.3440029621124268,1.9701356887817385,2932.350203290361,9.52175245528537,12.695669940380492,15.869587425475617,9.330603274745515,12.440804366327354,15.551005457909191,False,1.5,32.0,103.59877281319687,3318.492868430374,4.36143844606532,58.535912734744606,-8.668039589440324,-0.021673591259107,1.207936,62.61617,55.85352,2022-03-22T21:50:33.103,32.0,Green,data\RV_UMa\2022_03_22\Light\Green\reduced_images\RV_Uma_Light_Green_32_secs_017_reduced.fits,2,0.979925,792.0,3.145945254478641,1172.7871225462227,937.084024374754,7.0,V* RV UMa,False,1.0372882935319232,0.0039381219987178,3041.692538409047,61.80700339790157,-8.707788281014317,-0.0220620922231049,2022-03-22 21:50:33.103,0.3001107506882015,2022_03_22,2,"(0.295, 0.318]",-8.707788281014317,-0.0220620922231049
1,5,5,1162.865685327513,876.1812172537852,3232.430786162955,3232.430786162955,217.8556916933209,141.32672119140625,5.551601187541081,5.440152793701194,298.9660413205406,217.8556916933209,1.341331124305725,1.9050499200820925,2940.2141662875515,8.327401781311622,11.103202375082162,13.879002968852705,8.16022919055179,10.880305587402388,13.600381984252984,False,1.5,32.0,101.01346206759234,1190.1139394226495,3.3359152790539754,35.97865084698557,-8.670947414337641,-0.013285877019036,1.202341,62.87027,56.24937,2022-03-22T21:53:23.709,32.0,Green,data\RV_UMa\2022_03_22\Light\Green\reduced_images\RV_Uma_Light_Green_32_secs_018_reduced.fits,2,0.979925,792.0,3.9836881704028535,1172.7594877004358,937.0968652561849,7.0,V* RV UMa,False,1.0399253914457527,0.0050811767541187,3057.6033678109293,40.28755037033082,-8.71345287016701,-0.0143058620678461,2022-03-22 21:53:23.709,0.30432946296245067,2022_03_22,2,"(0.295, 0.318]",-8.71345287016701,-0.0143058620678461
1,6,6,1163.3780832045147,883.2726351527293,3261.607144971589,3261.607144971589,234.2687999951613,151.19351196289062,5.756931090737417,5.641360699090864,308.97373816154936,234.2687999951613,1.3016109466552734,2.013718605041504,2956.6803104380924,8.635396636106126,11.513862181474837,14.392327726843543,8.462041048636296,11.282721398181728,14.10340174772716,False,1.5,32.0,101.92522328036216,7478.906344767027,3.5872409999259065,87.08856876219355,-8.677010922983913,-0.0319801947447173,1.196855,63.12186,56.64523,2022-03-22T21:56:14.919,32.0,Green,data\RV_UMa\2022_03_22\Light\Green\reduced_images\RV_Uma_Light_Green_32_secs_019_reduced.fits,2,0.979925,792.0,3.33120418818576,1172.7425007874,937.0349735961482,7.0,V* RV UMa,False,1.027621864954404,0.0049955616979909,3038.349334686359,90.70478596450496,-8.706594263682465,-0.0324128199947969,2022-03-22 21:56:14.919,0.3085631108322451,2022_03_22,2,"(0.295, 0.318]",-8.706594263682465,-0.0324128199947969
1,5,5,1163.1610404812102,871.037411756363,3186.3254462220284,3186.3254462220284,210.18098982703867,146.23873901367188,5.452937514153517,5.343469793556885,285.1532721225428,210.1809898270388,1.3450236320495603,1.938998341560364,2903.627047897093,8.179406271230274,10.905875028307031,13.632343785383792,8.015204690335327,10.68693958711377,13.358674483892214,False,1.5,32.0,99.5726701944384,1688.6198560331234,3.218396406726529,42.3250625827569,-8.657352083236525,-0.0158263620143758,1.191326,63.37789,57.05217,2022-03-22T21:59:09.745,32.0,Green,data\RV_UMa\2022_03_22\Light\Green\reduced_images\RV_Uma_Light_Green_32_secs_020_reduced.fits,2,0.979925,792.0,9.001768776143301,1172.732019531851,937.051292283359,7.0,V* RV UMa,False,1.038603451291985,0.0019474475482877,3015.717073210679,44.32115763877357,-8.698476486804816,-0.0159567639526531,2022-03-22 21:59:09.745,0.3128861744528546,2022_03_22,2,"(0.295, 0.318]",-8.698476486804816,-0.0159567639526531
1,5,5,1163.8981590739786,874.6352185657956,3129.94978601344,3129.94978601344,205.5370431630452,151.28216552734375,5.392359731479418,5.284108109869969,275.271869641639,205.5370431630451,1.3411909937858582,1.9516701698303225,2854.2853548337885,8.088539597219128,10.784719462958837,13.480899328698545,7.926162164804954,10.568216219739938,13.210270274674922,False,1.5,32.0,97.81093081292,2048.722388916873,3.147285973434129,46.36464823228175,-8.638743472958037,-0.0176365608019576,1.185837,63.63456,57.46448,2022-03-22T22:02:06.976,32.0,Green,data\RV_UMa\2022_03_22\Light\Green\reduced_images\RV_Uma_Light_Green_32_secs_021_reduced.fits,2,0.979925,792.0,5.3657479824342005,1172.7798063610287,937.1137175285428,7.0,V* RV UMa,False,1.0381616557917015,0.0046351511010737,2963.20961007625,49.91909470047812,-8.679405933694799,-0.0182906292692753,2022-03-22 22:02:06.976,0.3172687084497685,2022_03_22,2,"(0.295, 0.318]",-8.679405933694799,-0.0182906292692753
1,7,6,1164.7060862432766,879.132775285915,3217.010967637859,3217.010967637859,262.9577495808771,119.75445556640624,6.099255012439715,5.976812468064988,327.0757685128408,262.95774958087713,1.2444695234298706,1.854584693908692,2889.7680623347533,9.148882518659573,12.19851002487943,15.248137531099289,8.965218702097483,11.953624936129977,14.94203117016247,False,1.5,32.0,100.53159273868307,13.541479407364449,4.02654054045718,10.867364569503716,-8.652157467366798,-0.0040830581932181,1.180466,63.88813,57.87616,2022-03-22T22:05:02.077,32.0,Green,data\RV_UMa\2022_03_22\Light\Green\reduced_images\RV_Uma_Light_Green_32_secs_022_reduced.fits,2,0.979925,792.0,1.1183185984611612,1172.7594774880472,937.045581701347,7.0,V* RV UMa,False,1.0169266990017496,0.0042519698488688,2938.6822965107626,16.52594840703975,-8.670381591644285,-0.0061057367530992,2022-03-22 22:05:02.077,0.3215985722173569,2022_03_22,2,"(0.318, 0.341]",-8.670381591644285,-0.0061057367530992
1,6,6,1164.7505324731628,867.8806600197893,3159.5107214220875,3159.5107214220875,240.3416589977476,141.63783264160156,5.83107103258232,5.71401228160323,256.4703351296435,240.3416589977475,1.057685375213623,1.7574973106384275,2905.30486364559,8.74660654887348,11.66214206516464,14.5776775814558,8.571018422404846,11.42802456320646,14.285030704008074,False,1.5,32.0,98.73471004444023,8513.737200750784,3.6802316534030086,92.8232306184644,-8.65797927783321,-0.03468880095379,1.175356,64.13165,58.2759,2022-03-22T22:07:53.177,32.0,Green,data\RV_UMa\2022_03_22\Light\Green\reduced_images\RV_Uma_Light_Green_32_secs_023_reduced.fits,2,0.979925,792.0,12.142557413873158,1172.7581238714938,937.0918681359595,7.0,V* RV UMa,False,1.0098618574846527,0.0028026882498951,2933.9565661603315,94.09163416457024,-8.668634200816117,-0.0348194294883601,2022-03-22 22:07:53.177,0.32582950002836064,2022_03_22,2,"(0.318, 0.341]",-8.668634200816117,-0.0348194294883601
1,6,6,1165.402969750141,876.5076053898746,3136.4503716120057,3136.4503716120057,238.1208992697994,146.69200134277344,5.804068930770386,5.687552246985171,249.5653074017721,238.12089926979928,1.0431066751480105,1.6058967113494873,2888.064872091431,8.70610339615558,11.608137861540772,14.510172326925964,8.531328370477757,11.375104493970342,14.218880617462926,False,1.5,32.0,98.01407411287518,10999.858594302295,3.646226270068803,105.3637456371272,-8.65151736046675,-0.0396103406168688,1.170439,64.36798,58.66812,2022-03-22T22:10:40.137,32.0,Green,data\RV_UMa\2022_03_22\Light\Green\reduced_images\RV_Uma_Light_Green_32_secs_024_reduced.fits,2,0.979925,792.0,3.7636610145765927,1172.7729730713963,937.057701510246,7.0,V* RV UMa,False,1.0063199306168034,0.0036823394489857,2906.317241699876,106.5616426511283,-8.658357545895942,-0.0398090861537048,2022-03-22 22:10:40.137,0.32995805471757667,2022_03_22,2,"(0.318, 0.341]",-8.658357545895942,-0.0398090861537048
1,6,6,1166.1003225688737,875.526980896882,3129.220951153421,3129.220951153421,235.41968586952936,163.4905548095703,5.771054724111573,5.655200800525034,249.7256790671528,235.4196858695293,1.0563565492630005,1.690112590789795,2880.533824159705,8.65658208616736,11.542109448223146,14.427636810278932,8.48280120078755,11.310401601050067,14.138002001312582,False,1.5,32.0,97.7881547235444,11752.994463327284,3.604863939877168,108.87785579258394,-8.64868244804685,-0.0410384453530683,1.165296,64.61741,59.08673,2022-03-22T22:13:38.310,32.0,Green,data\RV_UMa\2022_03_22\Light\Green\reduced_images\RV_Uma_Light_Green_32_secs_025_reduced.fits,2,0.979925,792.0,4.941584238903398,1172.749127114456,937.0576801109264,7.0,V* RV UMa,False,1.0038003532091422,0.0037711503956441,2891.480870122393,109.83015786818258,-8.65280080845208,-0.0412406597615633,2022-03-22 22:13:38.310,0.3343638823088684,2022_03_22,2,"(0.318, 0.341]",-8.65280080845208,-0.0412406597615633
1,6,6,1166.3550604332595,871.1418081506645,3062.045691664184,3062.045691664184,229.62964219899104,152.72140502929688,5.699644638933804,5.585224272807208,238.71562065647493,229.629642198991,1.0073750019073486,1.6642014980316162,2830.722530415992,8.549466958400705,11.399289277867608,14.24911159733451,8.377836409210811,11.170448545614416,13.96306068201802,False,1.5,32.0,95.68892786450576,12939.510466387015,3.51620389617205,114.1871954211491,-8.629743253936459,-0.0437970061906117,1.160583,64.84798,59.47825,2022-03-22T22:16:24.280,32.0,Green,data\RV_UMa\2022_03_22\Light\Green\reduced_images\RV_Uma_Light_Green_32_secs_026_reduced.fits,2,0.979925,792.0,9.165908164712254,1172.749248754926,937.0835092998522,7.0,V* RV UMa,False,1.0021060398468653,0.0051636937106282,2836.6841448604678,115.35748681505044,-8.632027453182939,-0.0441528889114898,2022-03-22 22:16:24.280,0.3384679564689623,2022_03_22,2,"(0.318, 0.341]",-8.632027453182939,-0.0441528889114898
1,6,6,1167.3090525845005,879.2295744124996,3037.902097763297,3037.902097763297,224.2517201897807,169.22897338867188,5.632506429650752,5.519433863075513,224.39536551517585,224.2517201897808,1.0007357597351074,1.739988088607788,2813.485382187272,8.448759644476127,11.265012859301503,14.08126607412688,8.279150794613269,11.038867726151024,13.798584657688783,False,1.5,32.0,94.93444055510304,14447.512318312563,3.433854465406017,120.60630420228073,-8.623111657662387,-0.046542495590536,1.155584,65.09464,59.90213,2022-03-22T22:19:23.720,32.0,Green,data\RV_UMa\2022_03_22\Light\Green\reduced_images\RV_Uma_Light_Green_32_secs_027_reduced.fits,2,0.979925,792.0,3.3975556791409853,1172.7475532075237,937.021858454678,7.0,V* RV UMa,False,1.0146050459387252,0.0059624044998505,2854.576465442049,123.51224683263062,-8.638854202324836,-0.0469777985423288,2022-03-22 22:19:23.720,0.3429051141919688,2022_03_22,2,"(0.341, 0.364]",-8.638854202324836,-0.0469777985423288
1,6,6,1167.3676429308146,878.2744170538274,3030.5202380928304,3030.5202380928304,219.96483029926748,167.27557373046875,5.578409972464144,5.466423392266926,218.46193328037256,219.96483029926748,1.0116558074951172,1.729045867919922,2807.9915400758987,8.367614958696215,11.156819944928287,13.94602493116036,8.19963508840039,10.932846784533853,13.666058480667315,False,1.5,32.0,94.70375744040096,11420.081456155976,3.368211463957533,107.3226603521378,-8.620989487540529,-0.0414973108972138,1.151123,65.31653,60.28811,2022-03-22T22:22:07.929,32.0,Green,data\RV_UMa\2022_03_22\Light\Green\reduced_images\RV_Uma_Light_Green_32_secs_028_reduced.fits,2,0.979925,792.0,3.783999922514136,1172.7086883611862,936.9894682844772,7.0,V* RV UMa,False,0.9998931991431372,0.0088644184122009,2807.6916441733547,110.1601819598946,-8.620873523790909,-0.0425990147902495,2022-03-22 22:22:07.929,0.3469656426835934,2022_03_22,2,"(0.341, 0.364]",-8.620873523790909,-0.0425990147902495
1,6,6,1167.8378519212586,876.4885372253423,2999.953623168957,2999.953623168957,221.1431134453284,167.7589569091797,5.593330920583969,5.481044802353246,219.37038911974423,221.1431134453284,0.9829780459403992,1.6215920448303225,2782.574797641292,8.389996380875953,11.186661841167938,13.983327301459925,8.221567203529869,10.962089604706492,13.702612005883116,False,1.5,32.0,93.74855072402993,15031.61622896033,3.3862539246315904,122.99898793733628,-8.611117118290693,-0.0479931229397233,1.146538,65.54631,60.69283,2022-03-22T22:24:58.438,32.0,Green,data\RV_UMa\2022_03_22\Light\Green\reduced_images\RV_Uma_Light_Green_32_secs_029_reduced.fits,2,0.979925,792.0,5.201872565462844,1172.761261512827,937.0389735364244,7.0,V* RV UMa,False,1.0123187087237422,0.0076755592910966,2816.8525260754614,126.33264252771406,-8.62441027615436,-0.0486940379609462,2022-03-22 22:24:58.438,0.35118195636054406,2022_03_22,2,"(0.341, 0.364]",-8.62441027615436,-0.0486940379609462
1,6,6,1168.9258548543005,886.3398651112491,3027.6280482278084,3027.6280482278084,249.73966728626576,125.46996307373048,5.943983141499534,5.824657679933932,245.33081798542813,249.73966728626573,0.9835456907749176,1.6156046390533447,2781.99767465284,8.915974712249302,11.887966282999068,14.859957853748837,8.736986519900897,11.649315359867863,14.561644199834827,False,1.5,32.0,94.613376507119,5481.765596444497,3.824138655320944,74.70075710196609,-8.61089190662222,-0.0291536248385141,1.141925,65.77923,61.10853,2022-03-22T22:27:53.438,32.0,Green,data\RV_UMa\2022_03_22\Light\Green\reduced_images\RV_Uma_Light_Green_32_secs_030_reduced.fits,2,0.979925,792.0,8.028569964474938,1172.7761582149365,937.1331164863644,7.0,V* RV UMa,False,0.9995915076822428,0.0043518649636896,2780.861249974726,75.64536735666421,-8.610448301112575,-0.0295343444632865,2022-03-22 22:27:53.438,0.3555093226196071,2022_03_22,2,"(0.341, 0.364]",-8.610448301112575,-0.0295343444632865
1,6,6,1169.2869185733132,881.5852948204418,2979.316104635759,2979.316104635759,232.33793760872425,142.89385986328125,5.733157457628376,5.618064321666486,232.0125867208606,232.33793760872427,0.9932699203491212,1.598120093345642,2748.5418198530624,8.599736186442563,11.466314915256753,14.33289364407094,8.427096482499728,11.236128643332972,14.045160804166215,False,1.5,32.0,93.10362826986749,7596.929732330002,3.557674669633589,87.71311780611555,-8.597755873168188,-0.0346486660477321,1.1375,66.00438,61.5158,2022-03-22T22:30:44.418,32.0,Green,data\RV_UMa\2022_03_22\Light\Green\reduced_images\RV_Uma_Light_Green_32_secs_031_reduced.fits,2,0.979925,792.0,5.519480742657201,1172.744705373507,937.001730131184,7.0,V* RV UMa,False,1.0133268289667454,0.0052376546684752,2785.171166594191,90.04033597479466,-8.612129726263655,-0.0351001955746816,2022-03-22 22:30:44.418,0.35973728309374575,2022_03_22,2,"(0.341, 0.364]",-8.612129726263655,-0.0351001955746816
1,6,6,1169.3952292507245,880.9897026624292,2930.191569593531,2930.191569593531,221.9448273005355,142.16055297851562,5.603460546527954,5.490971076056406,220.18763177595287,221.94482730053568,0.9974915385246276,1.575086236000061,2708.803482341937,8.40519081979193,11.206921093055907,14.008651366319883,8.236456614084608,10.981942152112811,13.727427690141011,False,1.5,32.0,91.56848654979784,10302.296824901585,3.398530168039449,101.96697426921826,-8.581943747697107,-0.0408701614478195,1.13309,66.23022,61.93021,2022-03-22T22:33:39.330,32.0,Green,data\RV_UMa\2022_03_22\Light\Green\reduced_images\RV_Uma_Light_Green_32_secs_032_reduced.fits,2,0.979925,792.0,5.485253870869818,1172.7624207615354,937.0630134660424,7.0,V* RV UMa,False,1.00313483884703,0.0054041443255077,2717.2951447273526,103.3288292333665,-8.58534203197125,-0.0412865901268126,2022-03-22 22:33:39.330,0.3640624733057747,2022_03_22,2,"(0.364, 0.386]",-8.58534203197125,-0.0412865901268126
1,5,5,1170.401934374273,894.7568544264677,2838.2376892566526,2838.2376892566526,212.7037693744416,126.54769134521484,5.4855654067112765,5.375442681171548,210.351792945778,212.70376937444163,0.9826584458351136,1.564208745956421,2629.222533819893,8.228348110066914,10.971130813422551,13.713913516778192,8.063164021757322,10.750885362343096,13.43860670292887,False,1.5,32.0,88.6949277892704,2790.815411881632,3.2570264685461368,53.691408680900224,-8.549568364390993,-0.0221718418808103,1.128753,66.45385,62.3466,2022-03-22T22:36:33.046,32.0,Green,data\RV_UMa\2022_03_22\Light\Green\reduced_images\RV_Uma_Light_Green_32_secs_033_reduced.fits,2,0.979925,792.0,16.085692906942427,1172.7836404742432,937.0845583668512,7.0,V* RV UMa,False,1.0273351711276033,0.0047382511039625,2701.09278171441,56.54841259663429,-8.578848755817136,-0.0227303035621003,2022-03-22 22:36:33.046,0.3683580890603988,2022_03_22,2,"(0.364, 0.386]",-8.578848755817136,-0.0227303035621003
1,5,5,1170.3317182453434,884.2035101345773,2873.072036204509,2873.072036204509,210.62169248381045,139.3173828125,5.458651317449478,5.34906889225168,206.14368483475704,210.62169248381056,0.9700163006782532,1.541614651679993,2668.7655612187705,8.187976976174216,10.917302634898956,13.646628293623696,8.02360333837752,10.69813778450336,13.3726722306292,False,1.5,32.0,89.7835011313909,6950.476584292618,3.225144666158347,83.92547426193174,-8.565776061725316,-0.034143473384025,1.124045,66.69813,62.80895,2022-03-22T22:39:46.408,32.0,Green,data\RV_UMa\2022_03_22\Light\Green\reduced_images\RV_Uma_Light_Green_32_secs_034_reduced.fits,2,0.979925,792.0,7.600010091434639,1172.791035107462,937.0682733870163,7.0,V* RV UMa,False,1.019849174428068,0.0036953487916341,2721.7383543510227,86.15761402893341,-8.587115933392408,-0.0343693730579385,2022-03-22 22:39:46.408,0.37313950731516954,2022_03_22,2,"(0.364, 0.386]",-8.587115933392408,-0.0343693730579385
1,6,6,1171.5365201051768,899.256479017856,2871.5685673144862,2871.5685673144862,233.5125156749,96.527099609375,5.747631097996154,5.632247403703881,226.8433455868333,233.5125156749001,0.9645460844039916,1.4979783296585083,2646.334984660936,8.62144664699423,11.495262195992307,14.369077744990385,8.44837110555582,11.264494807407765,14.080618509259704,False,1.5,32.0,89.7365177285777,185.05739512624444,3.5756603962719047,16.684411084934766,-8.556612045567391,-0.0068452668596309,1.119973,66.91066,63.21802,2022-03-22T22:42:37.655,32.0,Green,data\RV_UMa\2022_03_22\Light\Green\reduced_images\RV_Uma_Light_Green_32_secs_035_reduced.fits,2,0.979925,792.0,20.6787601045339,1172.7526640743072,937.138670191739,7.0,V* RV UMa,False,1.0168587188458178,0.0043299416645472,2690.9488021391862,20.47269581462696,-8.574763587441756,-0.0082602638286059,2022-03-22 22:42:37.655,0.37737407011382995,2022_03_22,2,"(0.364, 0.386]",-8.574763587441756,-0.0082602638286059
1,6,6,1171.8966211908592,902.8768225885036,2862.5767213772624,2862.5767213772624,215.78803471121148,114.54398345947266,5.525193401089619,5.414275143562746,206.704785204875,215.7880347112116,0.9669874906539916,1.6380465030670166,2653.9123911787115,8.287790101634428,11.050386802179238,13.812983502724048,8.121412715344118,10.828550287125491,13.535687858906863,False,1.5,32.0,89.45552254303945,155.49691885031888,3.304254281515425,15.756163735975637,-8.55971645546229,-0.006445969155993,1.115986,67.11967,63.6271,2022-03-22T22:45:28.242,32.0,Green,data\RV_UMa\2022_03_22\Light\Green\reduced_images\RV_Uma_Light_Green_32_secs_036_reduced.fits,2,0.979925,792.0,24.20135611856896,1172.78973211429,937.0716719958532,7.0,V* RV UMa,False,1.018384226711068,0.0050525750612725,2702.702518249453,20.911058144043903,-8.579495615733508,-0.0084004409488233,2022-03-22 22:45:28.242,0.381592312559742,2022_03_22,2,"(0.364, 0.386]",-8.579495615733508,-0.0084004409488233
1,6,6,1168.335069716671,885.6817155596607,2851.0527687916347,2851.0527687916347,227.8077847162056,127.03375244140624,5.6769894222122455,5.563023859561335,216.9380950532416,227.8077847162056,0.9404727220535278,1.5541739463806152,2636.8057613946007,8.515484133318369,11.353978844424493,14.192473555530611,8.344535789342002,11.12604771912267,13.907559648903336,False,1.5,32.0,89.09539902473858,12172.589197464577,3.4883067034668973,110.74824108396838,-8.552695347368052,-0.0456019084600868,1.106925,67.60096,64.59095,2022-03-22T22:52:05.415,32.0,Green,data\RV_UMa\2022_03_22\Light\Green\reduced_images\RV_Uma_Light_Green_32_secs_037_reduced.fits,2,0.979925,792.0,7.146658040600893,1172.755923644379,937.0438027497784,7.0,V* RV UMa,False,0.9959629574138268,0.0054533176016122,2626.160864244384,111.2344737239545,-8.548303312679474,-0.0459877751525565,2022-03-22 22:52:05.415,0.3914135299266581,2022_03_22,2,"(0.386, 0.409]",-8.548303312679474,-0.0459877751525565
1,6,6,1168.3906727491878,884.7429678057476,2858.922314387609,2858.922314387609,239.225727549494,113.18125915527344,5.8175181462168,5.700731469431498,218.80604088657643,239.2257275494939,0.9173415899276732,1.5563123226165771,2639.470605125752,8.726277219325201,11.6350362924336,14.543795365542,8.551097204147249,11.401462938862997,14.251828673578744,False,1.5,32.0,89.34132232461278,7368.161377636642,3.6631439531016254,86.37804028753116,-8.553792074439935,-0.0355312786791807,1.102322,67.84647,65.10023,2022-03-22T22:55:36.879,32.0,Green,data\RV_UMa\2022_03_22\Light\Green\reduced_images\RV_Uma_Light_Green_32_secs_038_reduced.fits,2,0.979925,792.0,6.463261622185761,1172.7370545672788,937.050980934144,7.0,V* RV UMa,False,0.9933777350113792,0.0076917167103658,2621.991331348934,88.17509320024439,-8.546578128803215,-0.0365122835841623,2022-03-22 22:55:36.879,0.3966425709472663,2022_03_22,2,"(0.386, 0.409]",-8.546578128803215,-0.0365122835841623
1,6,6,1168.626435609762,886.2648797529873,2882.9160880559766,2882.9160880559766,285.74219608868214,83.18661499023438,6.358006882485347,6.230369894319454,261.7614702709073,285.7421960886823,0.9079727530479432,1.4428625106811523,2623.4699596113705,9.53701032372802,12.716013764970691,15.895017206213367,9.34555484147918,12.460739788638907,15.575924735798637,False,1.5,32.0,90.09112775174928,312.3495030975288,4.375427377607944,20.16968165903681,-8.547190239041525,-0.0083473239460711,1.098191,68.06095,65.56949,2022-03-22T22:58:49.454,32.0,Green,data\RV_UMa\2022_03_22\Light\Green\reduced_images\RV_Uma_Light_Green_32_secs_039_reduced.fits,2,0.979925,792.0,7.787979505023385,1172.7775094756507,937.0779185078642,7.0,V* RV UMa,False,1.0025645147491888,0.0058481121515254,2630.197887016848,25.38292542184513,-8.54997106134456,-0.0104779800976991,2022-03-22 22:58:49.454,0.40140452841777385,2022_03_22,2,"(0.386, 0.409]",-8.54997106134456,-0.0104779800976991
1,6,6,1168.264870917953,884.2264847131613,2832.7673431821195,2832.7673431821195,246.1567664599345,106.17603302001952,5.901191304030878,5.782724888602458,225.0800395447085,246.15676645993457,0.9020070433616638,1.5002325773239136,2610.7322060641263,8.851786956046316,11.802382608061755,14.752978260077194,8.674087332903687,11.565449777204917,14.456812221506144,False,1.5,32.0,88.52397947444123,7457.440345398623,3.7692754864177473,86.88920301372019,-8.54190581667609,-0.0361349790282772,1.094388,68.26519,66.01218,2022-03-22T23:01:53.660,32.0,Green,data\RV_UMa\2022_03_22\Light\Green\reduced_images\RV_Uma_Light_Green_32_secs_040_reduced.fits,2,0.979925,792.0,6.004356499858026,1172.7518406555314,937.078671785462,7.0,V* RV UMa,False,0.9891234530846094,0.0051756690320423,2582.3364547413485,86.99987662805422,-8.530032065505795,-0.0365788569847805,2022-03-22 23:01:53.660,0.4059595388698707,2022_03_22,2,"(0.386, 0.409]",-8.530032065505795,-0.0365788569847805
1,6,6,1168.5709330780337,886.3207904737708,2814.7274245947,2814.7274245947,235.4724841156265,118.77081298828124,5.7717018333035695,5.655834919,211.9861788465212,235.4724841156265,0.888039231300354,1.4674384593963623,2605.6186208082745,8.657552749955354,11.54340366660714,14.429254583258924,8.4837523785,11.311669838,14.139587297500002,False,1.5,32.0,87.96023201858438,7099.710812206322,3.6056724130205295,84.80139572340732,-8.539777123031381,-0.03533592553248,1.090635,68.46562,66.45999,2022-03-22T23:04:58.049,32.0,Green,data\RV_UMa\2022_03_22\Light\Green\reduced_images\RV_Uma_Light_Green_32_secs_041_reduced.fits,2,0.979925,792.0,7.800373158841452,1172.748282452631,937.0981135337232,7.0,V* RV UMa,False,0.9801368991147172,0.0042483495639881,2553.8629552745883,83.85086431507384,-8.517993971389648,-0.0356479266043266,2022-03-22 23:04:58.049,0.4105190745106837,2022_03_22,2,"(0.409, 0.432]",-8.517993971389648,-0.0356479266043266
1,6,6,1169.0567935193783,884.887563251249,2810.604902779104,2810.604902779104,229.93891728760724,127.4137725830078,5.703481610815247,5.588984217478132,207.9879718457742,229.93891728760707,0.88322514295578,1.3329744338989258,2607.51706968666,8.555222416222872,11.406963221630496,14.258704027038116,8.383476326217197,11.177968434956265,13.972460543695329,False,1.5,32.0,87.831403211847,9197.62815576052,3.5209396709664853,96.37935722260931,-8.54056790036527,-0.0401311112185656,1.087025,68.65208,66.90133,2022-03-22T23:07:59.410,32.0,Green,data\RV_UMa\2022_03_22\Light\Green\reduced_images\RV_Uma_Light_Green_32_secs_042_reduced.fits,2,0.979925,792.0,7.032740236393381,1172.755863029648,937.0937940146767,7.0,V* RV UMa,False,0.9835788426838742,0.0032465338293491,2564.698621680852,95.17392794841452,-8.52259084600658,-0.0402908078357028,2022-03-22 23:07:59.410,0.41500373435131,2022_03_22,2,"(0.409, 0.432]",-8.52259084600658,-0.0402908078357028
1,6,6,1169.0272606280553,885.5561923004476,2818.546755713625,2818.546755713625,233.4816428339689,101.00797271728516,5.7472511364220455,5.631875069858373,206.87600239155825,233.4816428339689,0.9002234935760498,1.4796931743621826,2608.3610955157537,8.62087670463307,11.494502272844093,14.368127841055111,8.447812604787561,11.263750139716748,14.079687674645932,False,1.5,32.0,88.07958611605078,8163.747918496277,3.575187655895149,90.859246597516,-8.540919284879774,-0.0378203668723497,1.083459,68.84281,67.34821,2022-03-22T23:11:04.612,32.0,Green,data\RV_UMa\2022_03_22\Light\Green\reduced_images\RV_Uma_Light_Green_32_secs_043_reduced.fits,2,0.979925,792.0,7.492971526834195,1172.7419300549366,937.054790967495,7.0,V* RV UMa,False,0.9782857038373438,0.0042493015957621,2551.722370188574,89.57468045000302,-8.517083552420901,-0.0381132660552806,2022-03-22 23:11:04.612,0.41958337369937126,2022_03_22,2,"(0.409, 0.432]",-8.517083552420901,-0.0381132660552806
1,6,6,1168.888529216102,885.0147221284033,2799.73331606108,2799.73331606108,255.382165326104,98.28595733642578,6.010755840004083,5.8900899165160014,222.0946555145117,255.382165326104,0.8410941362380981,1.4240539073944092,2584.9328743055057,9.016133760006124,12.021511680008166,15.026889600010207,8.835134874774,11.780179833032005,14.725224791290003,False,1.5,32.0,87.49166612690875,3204.867981784781,3.910539406555967,57.41315343471604,-8.531123174477008,-0.0241149547568628,1.079987,69.02227,67.79455,2022-03-22T23:14:08.268,32.0,Green,data\RV_UMa\2022_03_22\Light\Green\reduced_images\RV_Uma_Light_Green_32_secs_044_reduced.fits,2,0.979925,792.0,7.003224680229929,1172.7898608298367,937.0960225108852,7.0,V* RV UMa,False,0.9811033272925068,0.0054382133949086,2536.086243808915,58.0558448103212,-8.510410045908149,-0.0248545698168829,2022-03-22 23:14:08.268,0.4241247838575095,2022_03_22,2,"(0.409, 0.432]",-8.510410045908149,-0.0248545698168829
1,5,5,1169.6265628003498,885.243231163154,2760.749124787324,2760.749124787324,232.9471392121053,106.48501586914062,5.740668848737435,5.625424921599032,200.28252157803,232.94713921210524,0.852755069732666,1.425543189048767,2562.10227084448,8.611003273106153,11.48133769747487,14.351672121843588,8.438137382398548,11.250849843198065,14.063562303997578,False,1.5,32.0,86.27341014960388,1039.5599371748435,3.567003069185362,33.60655219438068,-8.521491153467942,-0.0142413715680858,1.076512,69.2041,68.25279,2022-03-22T23:17:15.916,32.0,Green,data\RV_UMa\2022_03_22\Light\Green\reduced_images\RV_Uma_Light_Green_32_secs_045_reduced.fits,2,0.979925,792.0,7.690883042703804,1172.7436392177087,937.0655750161088,7.0,V* RV UMa,False,0.9762177784217486,0.0027825531459281,2501.169786933115,33.572982038961,-8.495357934869372,-0.0145737415715749,2022-03-22 23:17:15.916,0.4287649074219706,2022_03_22,2,"(0.409, 0.432]",-8.495357934869372,-0.0145737415715749
1,6,6,1169.2757705999409,884.5660855725215,2753.533464409449,2753.533464409449,219.23368173096537,110.89543151855467,5.569131122314103,5.457330815033648,188.0085679902479,219.23368173096537,0.8599631786346436,1.5323251485824585,2565.0005706043125,8.353696683471155,11.138262244628208,13.92282780578526,8.185996222550472,10.914661630067297,13.64332703758412,False,1.5,32.0,86.04792076279529,11906.448775662007,3.357015751505407,109.52558473788812,-8.522718665150071,-0.0463609614984268,1.073272,69.36871,68.69124,2022-03-22T23:20:17.023,32.0,Green,data\RV_UMa\2022_03_22\Light\Green\reduced_images\RV_Uma_Light_Green_32_secs_046_reduced.fits,2,0.979925,792.0,6.977312726171119,1172.760497379361,937.1137433708136,7.0,V* RV UMa,False,0.9839173316655994,0.002808191150571,2523.748517149735,108.00457941022732,-8.50511519194573,-0.0464644085369464,2022-03-22 23:20:17.023,0.43324328639957077,2022_03_22,2,"(0.432, 0.455]",-8.50511519194573,-0.0464644085369464
1,6,6,1169.9047548526037,885.8607080535197,2726.80607754337,2726.80607754337,226.94518074192632,93.19001770019533,5.666231146084176,5.552481555826536,193.3516981389517,226.94518074192632,0.8524070978164673,1.3895835876464844,2533.356394663711,8.499346719126263,11.332462292168351,14.16557786521044,8.328722333739805,11.104963111653072,13.88120388956634,False,1.5,32.0,85.21268992323031,3569.0469388990086,3.4750980801107465,60.47920904660005,-8.509240727484674,-0.0259199483481066,1.070005,69.53185,69.14509,2022-03-22T23:23:21.428,32.0,Green,data\RV_UMa\2022_03_22\Light\Green\reduced_images\RV_Uma_Light_Green_32_secs_047_reduced.fits,2,0.979925,792.0,8.319496905338536,1172.8051683507697,937.0769259535112,7.0,V* RV UMa,False,0.9629200757665948,0.0048879406219869,2439.419731493368,59.53858306619973,-8.468216330825541,-0.0264994147503262,2022-03-22 23:23:21.428,0.43780321768529795,2022_03_22,2,"(0.432, 0.455]",-8.468216330825541,-0.0264994147503262
1,6,6,1170.2434489997336,884.4022703573922,2718.826276053835,2718.826276053835,235.62107339186545,97.38680267333984,5.773522593274588,5.657619127214601,202.5879856390492,235.62107339186545,0.8377836048603058,1.5330710411071775,2521.4268038065434,8.660283889911883,11.547045186549177,14.433806483186473,8.486428690821901,11.315238254429202,14.144047818036505,False,1.5,32.0,84.96332112668235,198.8468497557916,3.607947686312939,16.95341023419143,-8.504115913129297,-0.007300204494372,1.066766,69.68326,69.60735,2022-03-22T23:26:31.830,32.0,Green,data\RV_UMa\2022_03_22\Light\Green\reduced_images\RV_Uma_Light_Green_32_secs_048_reduced.fits,2,0.979925,792.0,7.639413571200904,1172.7464839701925,937.0284734871016,7.0,V* RV UMa,False,0.9649775084847648,0.0046938325515544,2433.1201549639422,20.191814182572717,-8.465408890647353,-0.0090102347198273,2022-03-22 23:26:31.830,0.4425114416307716,2022_03_22,2,"(0.432, 0.455]",-8.465408890647353,-0.0090102347198273
1,5,5,1170.1567036124102,890.8836563190965,2670.448255649596,2670.448255649596,212.9919535940193,113.41295623779295,5.489280240475796,5.379082939648244,187.5175187456545,212.9919535940193,0.872838169336319,1.5474379062652588,2484.5407487912257,8.233920360713693,10.978560480951591,13.72320060118949,8.068624409472367,10.758165879296488,13.447707349120613,False,1.5,32.0,83.45150798904987,5975.8034460282415,3.2614392894084205,77.86216278338728,-8.488115309938784,-0.034025511216036,1.063628,69.83816,70.06769,2022-03-22T23:29:40.421,32.0,Green,data\RV_UMa\2022_03_22\Light\Green\reduced_images\RV_Uma_Light_Green_32_secs_049_reduced.fits,2,0.979925,792.0,12.504358209971212,1172.7848540492892,937.0271858264226,7.0,V* RV UMa,False,0.9699943019968952,0.0071839779636702,2409.9903694065883,77.60629735976839,-8.455038267721473,-0.0349627815240909,2022-03-22 23:29:40.421,0.44717488351741697,2022_03_22,2,"(0.432, 0.455]",-8.455038267721473,-0.0349627815240909
1,6,6,1171.0986319253177,896.1052142752883,2671.860127951499,2671.860127951499,219.3293641757528,108.35675048828124,5.570346286763988,5.458521585057201,185.8282647021697,219.3293641757527,0.8242653608322144,1.4786601066589355,2491.074530448072,8.355519430145982,11.140692573527977,13.925865716909968,8.187782377585801,10.917043170114402,13.646303962643,False,1.5,32.0,83.49562899848435,145.6647230457736,3.358480888941214,15.248568225679392,-8.490966803464023,-0.0066460968513722,1.060667,69.97696,70.51423,2022-03-22T23:32:43.127,32.0,Green,data\RV_UMa\2022_03_22\Light\Green\reduced_images\RV_Uma_Light_Green_32_secs_050_reduced.fits,2,0.979925,792.0,17.600241534254188,1172.7697063610642,937.083935626368,7.0,V* RV UMa,False,0.9683848051412938,0.0049736352117596,2412.318723760396,19.275724391766847,-8.456086719310552,-0.008675616384744,2022-03-22 23:32:43.127,0.4516928022587203,2022_03_22,2,"(0.432, 0.455]",-8.456086719310552,-0.008675616384744
1,6,6,1171.2361531602196,887.1999291880032,2634.578577474168,2634.578577474168,193.2478685429556,133.49331665039062,5.228669133458908,5.1237036006047205,171.77022618145622,193.2478685429556,0.8748819828033447,1.5119330883026123,2465.509499070787,7.843003700188362,10.457338266917816,13.07167283364727,7.685555400907081,10.24740720120944,12.8092590015118,False,1.5,32.0,82.33058054606775,1650.4658933801338,2.959107987064007,41.66240009784921,-8.47976670028093,-0.0183468675259217,1.05774,70.10935,70.96808,2022-03-22T23:35:48.337,32.0,Green,data\RV_UMa\2022_03_22\Light\Green\reduced_images\RV_Uma_Light_Green_32_secs_051_reduced.fits,2,0.979925,792.0,10.207883858587788,1172.7450944662623,937.0529634626364,7.0,V* RV UMa,False,0.9774244337513012,0.0022794489187826,2409.8492260377184,41.10782557521368,-8.454974678690073,-0.0185207663797606,2022-03-22 23:35:48.337,0.45627263942923957,2022_03_22,2,"(0.455, 0.477]",-8.454974678690073,-0.0185207663797606
1,6,6,1171.6769119080502,893.6000366798083,2615.5491244679515,2615.5491244679515,210.37193252195203,105.50033569335938,5.455413861368525,5.345896428101552,176.04624891628606,210.3719325219521,0.8196693658828735,1.508831024169922,2443.1136959381283,8.183120792052787,10.91082772273705,13.638534653421312,8.018844642152327,10.691792856203104,13.36474107025388,False,1.5,32.0,81.73591013962348,87.93938926759331,3.22132021674239,13.1490159184617,-8.469859195851088,-0.0058435113614853,1.054954,70.22984,71.41244,2022-03-22T23:38:50.115,32.0,Green,data\RV_UMa\2022_03_22\Light\Green\reduced_images\RV_Uma_Light_Green_32_secs_052_reduced.fits,2,0.979925,792.0,15.617169210074389,1172.770367367416,937.0623098025848,7.0,V* RV UMa,False,0.9762946640728472,0.0046381888506859,2385.198865067687,17.12315116740577,-8.443811485066195,-0.0077944130505324,2022-03-22 23:38:50.115,0.46076761076546724,2022_03_22,2,"(0.455, 0.477]",-8.443811485066195,-0.0077944130505324
1,6,6,1172.3448673964992,893.3630237709125,2647.52247790744,2647.52247790744,222.2771817124746,92.66199493408205,5.60765446756689,5.4950808041304855,185.6526097297491,222.2771817124745,0.8532012701034546,1.3340452909469604,2457.87530415534,8.411481701350336,11.21530893513378,14.019136168917225,8.242621206195729,10.990161608260973,13.737702010326212,False,1.5,32.0,82.73507743460749,43.20966409302486,3.4036193449722667,11.373142084428762,-8.47639961491662,-0.0050239457233841,1.052285,70.3392,71.85017,2022-03-22T23:41:48.746,32.0,Green,data\RV_UMa\2022_03_22\Light\Green\reduced_images\RV_Uma_Light_Green_32_secs_053_reduced.fits,2,0.979925,792.0,15.754593494188551,1172.7627912213852,937.0679494786102,7.0,V* RV UMa,False,0.9740852807741897,0.0038813600081957,2394.180155756101,14.619878454157762,-8.447892067042085,-0.0066299652967549,2022-03-22 23:41:48.746,0.4651847636924522,2022_03_22,2,"(0.455, 0.477]",-8.447892067042085,-0.0066299652967549
1,6,6,1172.396234441688,887.0481480347788,2585.718476790686,2585.718476790686,235.01089252577032,93.11518096923828,5.766041987430624,5.6502886945329545,200.5871355338465,235.0108925257705,0.8523200750350952,1.502411127090454,2385.413975239057,8.649062981145935,11.532083974861248,14.41510496857656,8.47543304179943,11.300577389065907,14.125721736332387,False,1.5,32.0,80.80370239970894,26.35140389198678,3.5986042918008576,10.523958883590176,-8.44390939823125,-0.0047900462124838,1.049646,70.44019,72.29553,2022-03-22T23:44:49.898,32.0,Green,data\RV_UMa\2022_03_22\Light\Green\reduced_images\RV_Uma_Light_Green_32_secs_054_reduced.fits,2,0.979925,792.0,10.96235118576046,1172.7371264988749,937.0463406941392,7.0,V* RV UMa,False,0.9708165354354078,0.0039985506907705,2315.799331020785,13.977156976334468,-8.411752310343488,-0.0065530312430415,2022-03-22 23:44:49.898,0.46966425542137547,2022_03_22,2,"(0.455, 0.477]",-8.411752310343488,-0.0065530312430415
1,6,6,1173.53179744998,901.0401564315948,2590.823972743802,2590.823972743802,250.26814167561963,84.98143005371094,5.950268852644682,5.830817205427841,207.0355833158642,250.2681416756197,0.8122906684875488,1.3986984491348269,2387.5334966409764,8.925403278967023,11.900537705289365,14.875672131611706,8.74622580814176,11.66163441085568,14.577043013569602,False,1.5,32.0,80.96324914824382,19.54680121589215,3.832230919407925,10.21480696261774,-8.44487368341882,-0.0046452063435059,1.047072,70.53049,72.74282,2022-03-22T23:47:52.200,32.0,Green,data\RV_UMa\2022_03_22\Light\Green\reduced_images\RV_Uma_Light_Green_32_secs_055_reduced.fits,2,0.979925,792.0,23.09855721237636,1172.759048968082,937.0146367920514,7.0,V* RV UMa,False,0.9772138261916244,0.0037898728142657,2333.1307434131963,13.472778131859837,-8.419847690910574,-0.0062696370693029,2022-03-22 23:47:52.200,0.474172184128574,2022_03_22,2,"(0.455, 0.477]",-8.419847690910574,-0.0062696370693029
1,6,6,1173.8911463409277,893.5256279934183,2589.0765793143,2589.0765793143,228.4368372744305,101.53085327148438,5.68482204052585,5.570699238062294,194.62969443646307,228.43683727443064,0.8476673364639282,1.4893977642059326,2395.4381339116394,8.527233060788774,11.3696440810517,14.212055101314624,8.35604885709344,11.141398476124587,13.926748095155736,False,1.5,32.0,80.90864310357186,14.788439303767175,3.4979390707647164,9.959669747441616,-8.448462397442992,-0.0045142364059194,1.044715,70.60475,73.16453,2022-03-22T23:50:44.351,32.0,Green,data\RV_UMa\2022_03_22\Light\Green\reduced_images\RV_Uma_Light_Green_32_secs_056_reduced.fits,2,0.979925,792.0,16.756413355906083,1172.7443046286862,937.0713933002012,7.0,V* RV UMa,False,0.9734062796078486,0.0023771080566356,2331.7345219616964,11.243368408973634,-8.419197756501418,-0.0052353010302332,2022-03-22 23:50:44.351,0.47842910086493884,2022_03_22,2,"(0.477, 0.5]",-8.419197756501418,-0.0052353010302332
1,6,6,1174.098720196546,897.8181955562196,2591.708480855309,2591.708480855309,250.46877773412163,76.87450408935547,5.952653493588344,5.833153974704558,212.01834048802365,250.4687777341216,0.8421689867973328,1.463727355003357,2380.771444086597,8.928980240382517,11.905306987176688,14.88163373397086,8.749730962056837,11.666307949409116,14.582884936761396,False,1.5,32.0,80.99089002672841,13.319214208731706,3.835303159053737,9.90683639687836,-8.44179426199352,-0.004517951934203,1.04238,70.66876,73.59469,2022-03-22T23:53:39.295,32.0,Green,data\RV_UMa\2022_03_22\Light\Green\reduced_images\RV_Uma_Light_Green_32_secs_057_reduced.fits,2,0.979925,792.0,20.481021519636364,1172.7365386627798,937.1082185270652,7.0,V* RV UMa,False,0.9641113936963536,0.00293483498236,2295.3288750308097,11.834178347895396,-8.402112300258773,-0.0055978017031229,2022-03-22 23:53:39.295,0.48275508236679787,2022_03_22,2,"(0.477, 0.5]",-8.402112300258773,-0.0055978017031229
1,6,6,1175.0842293666535,909.4351233330832,2561.416067376378,2561.416067376378,224.7898459486325,101.05457305908205,5.639260403799265,5.526052251192995,184.34886316344864,224.7898459486325,0.8398716449737549,1.3508358001708984,2372.621449686103,8.458890605698898,11.27852080759853,14.098151009498164,8.289078376789492,11.05210450238599,13.815130627982487,False,1.5,32.0,80.04425210551182,15.486229659039235,3.4420945160884355,9.948496181867863,-8.43807113080789,-0.0045525351248008,1.040027,70.72166,74.04151,2022-03-22T23:56:40.714,32.0,Green,data\RV_UMa\2022_03_22\Light\Green\reduced_images\RV_Uma_Light_Green_32_secs_058_reduced.fits,2,0.979925,792.0,31.45292714973297,1172.756012937188,937.0426849184564,7.0,V* RV UMa,False,0.9642312445487644,0.0033830002940637,2287.7557332739243,12.507794444308198,-8.39852413099041,-0.0059360206478092,2022-03-22 23:56:40.714,0.4872411764202429,2022_03_22,2,"(0.477, 0.5]",-8.39852413099041,-0.0059360206478092
1,5,6,1175.20730722537,899.9238076927195,2533.633340704327,2533.633340704327,210.07748439760425,111.90962982177734,5.451594675908182,5.342153912789326,177.20870006363504,210.0774843976043,0.8414434194564819,1.3722426891326904,2356.8650238819914,8.177392013862272,10.903189351816364,13.628986689770455,8.013230869183987,10.684307825578651,13.355384781973314,False,1.5,32.0,79.17604189701022,9.116465213297166,3.2168114798383147,9.566050312963323,-8.430836778689093,-0.0044067891271155,1.037697,70.7604,74.49836,2022-03-22T23:59:46.096,32.0,Green,data\RV_UMa\2022_03_22\Light\Green\reduced_images\RV_Uma_Light_Green_32_secs_059_reduced.fits,2,0.979925,792.0,22.85961172505557,1172.7502155785987,937.0643519617056,7.0,V* RV UMa,False,0.9550071051861044,0.0030771637407497,2250.82284377192,11.66439875471548,-8.380853285479974,-0.0056265912129748,2022-03-22 23:59:46.096,0.49182526677359917,2022_03_22,2,"(0.477, 0.5]",-8.380853285479974,-0.0056265912129748
1,5,6,1176.178031826351,914.0074712983863,2527.292187591441,2527.292187591441,190.53640951650544,133.05723571777344,5.191857848895796,5.087631302579213,159.87328915309718,190.5364095165055,0.8084477186203003,1.2899426221847534,2373.2534620037186,7.787786773343694,10.383715697791592,12.97964462223949,7.631446953868819,10.175262605158428,12.719078256448034,False,1.5,32.0,78.97788086223252,6.810934398240612,2.917588770721489,9.418407722709537,-8.43836030769178,-0.0043088133734715,1.035448,70.78217,74.9544,2022-03-23T00:02:51.411,32.0,Green,data\RV_UMa\2022_03_22\Light\Green\reduced_images\RV_Uma_Light_Green_32_secs_060_reduced.fits,2,0.979925,792.0,36.12218934774277,1172.7611809705722,937.1002915141006,7.0,V* RV UMa,False,0.9608280330406328,0.0056487483197617,2280.288455803905,16.174404891647068,-8.394974471492324,-0.007701278729268,2022-03-23 00:02:51.411,0.49640770036387405,2022_03_22,2,"(0.477, 0.5]",-8.394974471492324,-0.007701278729268
1,6,6,1149.8110619731838,885.8396758067648,2276.6055912064885,2276.6055912064885,254.458212049852,86.82928466796875,5.999872758507069,5.87942531288004,472.9024471522249,254.45821204985185,1.8466871976852417,2.640947103500366,1806.7008686681504,8.999809137760604,11.999745517014135,14.99968189626767,8.81913796932006,11.75885062576008,14.698563282200098,False,1.5,32.0,71.14392472520277,4856.092091478724,3.896391372013358,70.22202224071833,-8.142215633421237,-0.0421998977474795,1.337969,57.31602,48.33183,2022-03-24T20:47:13.063,32.0,Green,data\RV_UMa\2022_03_24\Light\Green\reduced_images\RV_Uma_Light_Green_32_secs_001_reduced.fits,2,0.979925,792.0,15.343655883033422,1172.8206988071954,937.0873342845424,7.0,V* RV UMa,False,1.3008948855248703,0.0079353578880003,2350.327919723737,92.46964553435296,-8.427821149074258,-0.0427164401849078,2022-03-24 20:47:13.063,0.479109177470157,2022_03_24,3,"(0.477, 0.5]",-8.427821149074258,-0.0427164401849078
1,6,6,1150.4586314485448,885.5833929883645,2254.694632974708,2254.694632974708,248.2810573521444,71.11820983886719,5.926599741180145,5.807623251375954,463.9220182534946,248.2810573521444,1.860959768295288,2.537912368774414,1792.653574012552,8.889899611770218,11.85319948236029,14.816499352950364,8.711434877063931,11.615246502751909,14.519058128439884,False,1.5,32.0,70.45920728045962,4837.727187680564,3.8018036907047104,70.08557767937516,-8.133740928268345,-0.0424479387545923,1.330738,57.57987,48.68374,2022-03-24T20:49:52.449,32.0,Green,data\RV_UMa\2022_03_24\Light\Green\reduced_images\RV_Uma_Light_Green_32_secs_002_reduced.fits,2,0.979925,792.0,14.647284373181874,1172.7976066465435,937.0619735333072,7.0,V* RV UMa,False,1.2939308847309208,0.0139157557989108,2319.569825038109,94.05445580313469,-8.41351862609073,-0.0440246837072942,2022-03-24 20:49:52.449,0.4830504437476808,2022_03_24,3,"(0.477, 0.5]",-8.41351862609073,-0.0440246837072942
1,6,6,1150.3456389738703,884.4946107067502,2220.433767231654,2220.433767231654,228.1643340285761,93.9898452758789,5.681430304884559,5.5673755915140015,423.1950709436635,228.1643340285761,1.8461779356002808,2.487093925476074,1799.2018080571647,8.52214545732684,11.362860609769118,14.203575762211395,8.351063387271005,11.134751183028005,13.918438978785003,False,1.5,32.0,69.3885552259892,9880.20910434548,3.493766364812572,99.7651814308794,-8.137699697149497,-0.0602037353279091,1.323511,57.8516,49.04175,2022-03-24T20:52:33.494,32.0,Green,data\RV_UMa\2022_03_24\Light\Green\reduced_images\RV_Uma_Light_Green_32_secs_003_reduced.fits,2,0.979925,792.0,14.375086101902918,1172.7076671226291,937.0098588731804,7.0,V* RV UMa,False,1.274288157324071,0.0097907345880559,2292.701556643301,128.3442190084148,-8.40086881460669,-0.0607789377754246,2022-03-24 20:52:33.494,0.4870327334573421,2022_03_24,3,"(0.477, 0.5]",-8.40086881460669,-0.0607789377754246
1,6,6,1150.763919376358,884.1191436683891,2241.25667407782,2241.25667407782,249.14061365809607,85.81231689453125,5.936849908355564,5.817667646445326,452.633241154351,249.1406136580959,1.790494441986084,2.495422840118408,1795.1717900499966,8.905274862533346,11.873699816711127,14.842124770888908,8.72650146966799,11.635335292890652,14.544169116113316,False,1.5,32.0,70.03927106493187,5291.026998033745,3.814965646639596,73.24534957760333,-8.135265037440222,-0.0442994527361388,1.316295,58.12408,49.40579,2022-03-24T20:55:18.506,32.0,Green,data\RV_UMa\2022_03_24\Light\Green\reduced_images\RV_Uma_Light_Green_32_secs_004_reduced.fits,2,0.979925,792.0,13.862221136469502,1172.7884752719651,937.0555985512408,7.0,V* RV UMa,False,1.2819572316300396,0.005218850232874,2301.333458272836,94.36363667354772,-8.404948878913398,-0.0445194138992812,2022-03-24 20:55:18.506,0.4911131183781432,2022_03_24,3,"(0.477, 0.5]",-8.404948878913398,-0.0445194138992812
1,6,6,1151.4899759841471,883.7028370568346,2243.908104035804,2243.908104035804,254.26248965641167,72.01774597167969,5.997564844477008,5.877163730224132,465.0824389195575,254.2624896564118,1.81731915473938,2.670344352722168,1781.832011251484,8.996347266715512,11.995129688954016,14.99391211119252,8.815745595336198,11.754327460448264,14.692909325560333,False,1.5,32.0,70.12212825111888,5115.603533550025,3.893394372863803,72.03901065515826,-8.127166892313982,-0.043896035950284,1.308866,58.40629,49.78766,2022-03-24T20:58:10.460,32.0,Green,data\RV_UMa\2022_03_24\Light\Green\reduced_images\RV_Uma_Light_Green_32_secs_005_reduced.fits,2,0.979925,792.0,13.04652072955382,1172.8182968376443,937.072426557022,7.0,V* RV UMa,False,1.2665236013648713,0.0126692920959293,2256.732295917441,93.99034526286678,-8.383700110253821,-0.0452196837587795,2022-03-24 20:58:10.460,0.49536516373649064,2022_03_24,3,"(0.477, 0.5]",-8.383700110253821,-0.0452196837587795
1,6,6,1151.7027289260209,882.7933255469233,2218.7561667268537,2218.7561667268537,240.4211570003829,79.52351379394531,5.832035326861727,5.7149572176749786,439.36487831112896,240.4211570003829,1.817639827728272,2.7482447624206543,1781.757096334446,8.74805299029259,11.664070653723456,14.58008831715432,8.572435826512468,11.429914435349955,14.287393044187446,False,1.5,32.0,69.33613021021418,5981.377499824196,3.6814489665683614,77.80999343915265,-8.127121242922168,-0.0474145028762231,1.301494,58.68998,50.17392,2022-03-24T21:01:02.302,32.0,Green,data\RV_UMa\2022_03_24\Light\Green\reduced_images\RV_Uma_Light_Green_32_secs_006_reduced.fits,2,0.979925,792.0,12.610533037029706,1172.796621498601,937.0569146040258,7.0,V* RV UMa,False,1.2618528148203694,0.0084461707755127,2248.3152073357887,99.331365098767,-8.379642995011855,-0.0479682114873816,2022-03-24 21:01:02.302,0.4996144395804336,2022_03_24,3,"(0.477, 0.5]",-8.379642995011855,-0.0479682114873816
1,6,6,1151.4058410268008,881.7346927074962,2312.2653434615017,2312.2653434615017,306.4733929914653,51.84268951416016,6.584612056115664,6.452425969089142,546.2471666954928,306.47339299146523,1.80261492729187,2.547088861465454,1759.8118304372988,9.876918084173496,13.169224112231328,16.46153014028916,9.678638953633714,12.904851938178284,16.131064922722857,False,1.5,32.0,72.25829198317193,1802.939734292228,4.692873830181812,43.35770865838717,-8.113665582359756,-0.0267500384027241,1.294778,58.95288,50.53247,2022-03-24T21:03:44.636,32.0,Green,data\RV_UMa\2022_03_24\Light\Green\reduced_images\RV_Uma_Light_Green_32_secs_007_reduced.fits,2,0.979925,792.0,12.713064108689728,1172.8011502138056,937.0863678013,7.0,V* RV UMa,False,1.2781219872262708,0.0070336180191343,2249.254193862821,56.78197718188724,-8.380096347297078,-0.027409195711334,2022-03-24 21:03:44.636,0.5036286034335671,2022_03_24,3,"(0.5, 0.523]",-8.380096347297078,-0.027409195711334
1,6,6,1151.5921884812497,882.2482213849806,2283.251394420184,2283.251394420184,285.27975355208144,61.687599182128906,6.35285992932677,6.225326266245535,508.6648030309072,285.2797535520813,1.7783896923065186,2.429537773132324,1775.912821279418,9.529289893990155,12.70571985865354,15.882149823316924,9.337989399368304,12.45065253249107,15.563315665613835,False,1.5,32.0,71.35160607563074,2914.345523367857,4.368346226266247,54.68149116172449,-8.12355410663775,-0.033430511888345,1.288374,59.20683,50.88038,2022-03-24T21:06:19.382,32.0,Green,data\RV_UMa\2022_03_24\Light\Green\reduced_images\RV_Uma_Light_Green_32_secs_008_reduced.fits,2,0.979925,792.0,12.609848773110569,1172.8652557381165,937.0245790567552,7.0,V* RV UMa,False,1.2859669326915677,0.0176822494520164,2283.7651635083216,77.01167452586053,-8.396628609884658,-0.0366125048922839,2022-03-24 21:06:19.382,0.5074551326857097,2022_03_24,3,"(0.5, 0.523]",-8.396628609884658,-0.0366125048922839
1,6,6,1151.7385326824085,881.1181325158576,2187.508581546873,2187.508581546873,232.9802537592309,86.96635437011719,5.741076865969057,5.625824747884728,408.3387411691816,232.98025375923083,1.751619815826416,2.726907730102539,1779.4157523659371,8.611615298953586,11.482153731938114,14.352692164922642,8.438737121827094,11.251649495769456,14.06456186971182,False,1.5,32.0,68.35964317333978,6523.1978338493145,3.5675101356882224,81.21037487389368,-8.1256935771566,-0.0495516823908803,1.281484,59.4812,51.26161,2022-03-24T21:09:08.380,32.0,Green,data\RV_UMa\2022_03_24\Light\Green\reduced_images\RV_Uma_Light_Green_32_secs_009_reduced.fits,2,0.979925,792.0,12.312343444827327,1172.7996696839766,937.0514635145944,7.0,V* RV UMa,False,1.270673976052232,0.0070803980267503,2261.0572891087995,103.95818566399696,-8.385778915846396,-0.0499196400286069,2022-03-24 21:09:08.380,0.5116340826459886,2022_03_24,3,"(0.5, 0.523]",-8.385778915846396,-0.0499196400286069
1,6,6,1152.4463864540303,880.812002058473,2229.955510964966,2229.955510964966,261.7113899389798,72.78924560546875,6.084783306448538,5.962631281571584,455.7098583827879,261.7113899389799,1.7148678302764893,2.8268749713897705,1781.1550675416634,9.127174959672807,12.169566612897077,15.211958266121346,8.943946922357377,11.925262563143168,14.90657820392896,False,1.5,32.0,69.68610971765519,4746.692871907658,4.007455658440628,69.42900285387766,-8.126754327077608,-0.0423217402192564,1.274919,59.74608,51.63166,2022-03-24T21:11:54.673,32.0,Green,data\RV_UMa\2022_03_24\Light\Green\reduced_images\RV_Uma_Light_Green_32_secs_010_reduced.fits,2,0.979925,792.0,11.582112644616233,1172.7976753919695,937.0646484806176,7.0,V* RV UMa,False,1.258191896397849,0.011517058695078,2241.0348722088843,89.73131063923536,-8.376121536351103,-0.043473010558461,2022-03-24 21:11:54.673,0.5157461438878066,2022_03_24,3,"(0.5, 0.523]",-8.376121536351103,-0.043473010558461
1,6,6,1153.175565406439,881.3571323213282,2200.562908602364,2200.562908602364,250.53561358413987,83.54974365234375,5.953447652689387,5.833932191061647,435.96438638685527,250.53561358413987,1.7340753078460691,2.3794145584106445,1766.1152873500423,8.93017147903408,11.906895305378772,14.883619131723467,8.75089828659247,11.667864382123296,14.58483047765412,False,1.5,32.0,68.76759089382386,5698.863836462519,3.836326583007141,75.97017674021399,-8.117547624414387,-0.046703390180426,1.268324,60.01012,52.01038,2022-03-24T21:14:40.451,32.0,Green,data\RV_UMa\2022_03_24\Light\Green\reduced_images\RV_Uma_Light_Green_32_secs_011_reduced.fits,2,0.979925,792.0,10.90917927288148,1172.7511625971374,937.0151273200436,7.0,V* RV UMa,False,1.2533549655286986,0.0142028807313269,2213.56936509632,98.4662089194127,-8.362732839286785,-0.0482968049950547,2022-03-24 21:14:40.451,0.519845470308919,2022_03_24,3,"(0.5, 0.523]",-8.362732839286785,-0.0482968049950547
1,6,6,1153.674423081198,880.9530202492907,2167.4209144114056,2167.4209144114056,233.9915061434016,90.21493530273438,5.7535229666886085,5.638020993132335,406.1123314855428,233.99150614340144,1.738459587097168,2.590308666229248,1760.6361372571032,8.630284450032914,11.507045933377215,14.38380741672152,8.457031489698503,11.27604198626467,14.095052482830836,False,1.5,32.0,67.73190357535643,7344.216359170442,3.5829949378208363,86.11347895471197,-8.114174028888527,-0.0531038298262276,1.261715,60.28503,52.39712,2022-03-24T21:17:31.219,32.0,Green,data\RV_UMa\2022_03_24\Light\Green\reduced_images\RV_Uma_Light_Green_32_secs_012_reduced.fits,2,0.979925,792.0,10.369464127989168,1172.7658271120213,937.1159536005296,7.0,V* RV UMa,False,1.245163088282247,0.0078472418713934,2192.279130008381,108.11177579404664,-8.35223962373776,-0.0535428484144905,2022-03-24 21:17:31.219,0.5240681884879361,2022_03_24,3,"(0.523, 0.545]",-8.35223962373776,-0.0535428484144905
1,6,6,1153.8653956339176,881.7558819869136,2153.2798477220445,2153.2798477220445,232.8323700462004,87.31443786621094,5.739254508666447,5.624038974404968,403.2387878547976,232.8323700462005,1.7392265796661377,2.592869758605957,1748.3316011310308,8.608881762999669,11.478509017332891,14.348136271666116,8.436058461607452,11.248077948809936,14.060097436012422,False,1.5,32.0,67.28999524131389,7676.005755936504,3.5652456663324434,88.01625416276332,-8.106559518805614,-0.054659215500014,1.255537,60.5435,52.76553,2022-03-24T21:20:14.341,32.0,Green,data\RV_UMa\2022_03_24\Light\Green\reduced_images\RV_Uma_Light_Green_32_secs_013_reduced.fits,2,0.979925,792.0,10.285588325855922,1172.7748699922518,937.0976261786026,7.0,V* RV UMa,False,1.2424055685922732,0.0068731729417799,2172.1369169910377,110.01014919360188,-8.342217992001501,-0.054988247258278,2022-03-24 21:20:14.341,0.5281018378531392,2022_03_24,3,"(0.523, 0.545]",-8.342217992001501,-0.054988247258278
1,5,5,1154.680132239965,894.6010088969515,2240.2055277015083,2240.2055277015083,277.4806306285552,64.60562133789062,6.265419306836601,6.139641014251857,466.82566723660375,277.4806306285553,1.6708797812461853,2.7513504028320312,1776.5687522968144,9.3981289602549,12.530838613673202,15.663548267091503,9.209461521377785,12.279282028503712,15.349102535629642,False,1.5,32.0,70.00642274067214,3883.921098145631,4.248922156499751,62.91404011063669,-8.123955047809016,-0.0384494273286143,1.249379,60.80173,53.13947,2022-03-24T21:22:58.923,32.0,Green,data\RV_UMa\2022_03_24\Light\Green\reduced_images\RV_Uma_Light_Green_32_secs_014_reduced.fits,2,0.979925,792.0,17.321933953037767,1172.816266907002,937.0829958385752,7.0,V* RV UMa,False,1.2384153420356376,0.0083254678179585,2200.1299990254856,79.30519121723746,-8.3561208568185,-0.0391361043974491,2022-03-24 21:22:58.923,0.532171589816846,2022_03_24,3,"(0.523, 0.545]",-8.3561208568185,-0.0391361043974491
1,6,6,1155.361485088069,902.858025393534,2133.64597858315,2133.64597858315,232.31503011319208,90.8130340576172,5.732874818646656,5.617787356662324,397.94813245105695,232.31503011319217,1.687889039516449,2.5057449340820312,1741.5239855401592,8.599312227969984,11.465749637293312,14.33218704661664,8.426681034993486,11.235574713324649,14.044468391655812,False,1.5,32.0,66.67643683072343,15.21960813867562,3.5573238986082534,9.244099137720632,-8.102323650640535,-0.0057631437738043,1.243592,61.0468,53.49735,2022-03-24T21:25:36.442,32.0,Green,data\RV_UMa\2022_03_24\Light\Green\reduced_images\RV_Uma_Light_Green_32_secs_015_reduced.fits,2,0.979925,792.0,24.43590114514106,1172.7896853319362,937.0535754923044,7.0,V* RV UMa,False,1.2281393569857355,0.0099547971803983,2138.8341477765266,20.72308906672765,-8.325442773142163,-0.0105196600201861,2022-03-24 21:25:36.442,0.536066689278341,2022_03_24,3,"(0.523, 0.545]",-8.325442773142163,-0.0105196600201861
1,6,6,1155.5526923616146,894.0752615304683,2187.158523136314,2187.158523136314,256.00497375768776,79.64275360107422,6.018080685522915,5.897267715761043,430.2861233385768,256.00497375768765,1.6432263851165771,2.822683334350586,1766.4843955366048,9.027121028284371,12.03616137104583,15.045201713807288,8.845901573641564,11.794535431522084,14.743169289402609,False,1.5,32.0,68.34870384800982,17.407263881275505,3.9200761606645935,9.469743602123025,-8.117774513481395,-0.0058203986995754,1.238093,61.28181,53.84336,2022-03-24T21:28:07.856,32.0,Green,data\RV_UMa\2022_03_24\Light\Green\reduced_images\RV_Uma_Light_Green_32_secs_016_reduced.fits,2,0.979925,792.0,16.415541218266462,1172.7941367119963,937.1049815316798,7.0,V* RV UMa,False,1.2492671121276566,0.0096186219577412,2206.810859430583,20.70395105192155,-8.359412780994724,-0.0101862056471897,2022-03-24 21:28:07.856,0.5398108254769092,2022_03_24,3,"(0.523, 0.545]",-8.359412780994724,-0.0101862056471897
1,6,6,1156.5755032867523,901.2225195153788,2111.2027893444774,2111.2027893444774,232.10604894625607,92.12297821044922,5.730295707810942,5.6152600214766375,374.80071282137885,232.10604894625607,1.6339848637580872,2.394157886505127,1731.945018579601,8.595443561716413,11.460591415621884,14.325739269527356,8.422890032214957,11.230520042953277,14.038150053691597,False,1.5,32.0,65.97508716701492,8836.703033286043,3.5541238744895467,94.37283636898675,-8.096335252536903,-0.0591612343881194,1.232696,61.51456,54.18873,2022-03-24T21:30:39.485,32.0,Green,data\RV_UMa\2022_03_24\Light\Green\reduced_images\RV_Uma_Light_Green_32_secs_017_reduced.fits,2,0.979925,792.0,22.483738257364177,1172.8197467564248,937.0730577201596,7.0,V* RV UMa,False,1.2537479283757698,0.0072035950682244,2171.422479104909,118.97570810265864,-8.341860823598687,-0.0594892219348488,2022-03-24 21:30:39.485,0.5435602781540254,2022_03_24,3,"(0.523, 0.545]",-8.341860823598687,-0.0594892219348488
1,6,6,1157.269227442892,907.2704556461184,2068.394889709455,2068.394889709455,227.78441138566865,99.34801483154295,5.676698182046552,5.562738466041968,366.46632563228025,227.78441138566848,1.624204933643341,2.2638027667999268,1698.4263249298076,8.515047273069829,11.353396364093104,14.19174545511638,8.344107699062953,11.125476932083936,13.906846165104918,False,1.5,32.0,64.63734030342047,8856.121895922319,3.4879487993430507,94.46823373507672,-8.075116781502883,-0.0603897737924928,1.227116,61.75744,54.55218,2022-03-24T21:33:18.242,32.0,Green,data\RV_UMa\2022_03_24\Light\Green\reduced_images\RV_Uma_Light_Green_32_secs_018_reduced.fits,2,0.979925,792.0,28.08880649587017,1172.76909286225,937.0390330338664,7.0,V* RV UMa,False,1.2441161581498632,0.008268122889036,2113.039634272264,118.36542230066884,-8.312269107969527,-0.0608193155958392,2022-03-24 21:33:18.242,0.5474859906408245,2022_03_24,3,"(0.545, 0.568]",-8.312269107969527,-0.0608193155958392
1,6,6,1157.0748418740532,895.9390792974607,2111.86494172008,2111.86494172008,236.55401837948668,92.82678985595705,5.784941473503723,5.6688087734231365,375.2793974819093,236.5540183794866,1.5884761810302734,2.2433173656463623,1736.104517997268,8.677412210255586,11.569882947007446,14.462353683759307,8.503213160134706,11.337617546846271,14.17202193355784,False,1.5,32.0,65.9957794287525,16.700174045040665,3.6222334064358894,9.290758143457888,-8.098939668205878,-0.0058103140573818,1.221667,61.99687,54.91349,2022-03-24T21:35:55.086,32.0,Green,data\RV_UMa\2022_03_24\Light\Green\reduced_images\RV_Uma_Light_Green_32_secs_019_reduced.fits,2,0.979925,792.0,17.37849429381348,1172.7708681738263,937.053651961352,7.0,V* RV UMa,False,1.220801856107562,0.0057740980064689,2119.4396179677888,15.137181996861948,-8.315552620487844,-0.0077544018676807,2022-03-24 21:35:55.086,0.5513643988324599,2022_03_24,3,"(0.545, 0.568]",-8.315552620487844,-0.0077544018676807
1,6,6,1157.7250195402885,899.0079110263387,2097.8181069196035,2097.8181069196035,235.7375859616712,87.42105865478516,5.774949895182395,5.659017776036609,374.3343896842339,235.73758596167107,1.5938149690628052,2.2017412185668945,1722.0960136431622,8.662424842773593,11.54989979036479,14.437374737955988,8.488526664054913,11.318035552073216,14.147544440091522,False,1.5,32.0,65.55681584123761,15.597333218105108,3.609731785038089,9.206730192874168,-8.090143403556244,-0.0058046010319112,1.216387,62.23095,55.26982,2022-03-24T21:38:29.880,32.0,Green,data\RV_UMa\2022_03_24\Light\Green\reduced_images\RV_Uma_Light_Green_32_secs_020_reduced.fits,2,0.979925,792.0,20.016894398356808,1172.7997488289177,937.076436060445,7.0,V* RV UMa,False,1.2373297583028295,0.0048080951317194,2130.80064433536,14.082991458404573,-8.321357048599102,-0.0071759006354434,2022-03-24 21:38:29.880,0.5551921150193486,2022_03_24,3,"(0.545, 0.568]",-8.321357048599102,-0.0071759006354434
1,6,6,1158.311214160379,899.1909690551931,2100.521103459489,2100.521103459489,230.98995704019345,106.19416809082033,5.716501919300052,5.601743143270104,364.0969951158464,230.9899570401934,1.5669655799865725,2.2410664558410645,1738.5677914549294,8.574752878950079,11.433003838600104,14.29125479825013,8.402614714905157,11.203486286540208,14.00435785817526,False,1.5,32.0,65.64128448310905,9621.612339497697,3.5370337171779616,98.4418135636376,-8.100479074161347,-0.0614769476194233,1.211015,62.47131,55.63887,2022-03-24T21:41:09.544,32.0,Green,data\RV_UMa\2022_03_24\Light\Green\reduced_images\RV_Uma_Light_Green_32_secs_021_reduced.fits,2,0.979925,792.0,20.01638273031501,1172.783111555177,937.0350775794716,7.0,V* RV UMa,False,1.214818384090063,0.007870589929763,2112.044115046307,120.36922616782262,-8.311757463064817,-0.0618780762475973,2022-03-24 21:41:09.544,0.5591402556272733,2022_03_24,3,"(0.545, 0.568]",-8.311757463064817,-0.0618780762475973
1,6,6,1158.0192138556674,886.8720535796803,2104.4037779295527,2104.4037779295527,228.9304144477895,92.15153503417967,5.690960245741932,5.576714218808663,362.9152836398293,228.9304144477896,1.5765613317489624,2.235217332839966,1743.480938849904,8.536440368612897,11.381920491483864,14.227400614354831,8.365071328212993,11.153428437617324,13.94178554702166,False,1.5,32.0,65.76261806029852,9775.27823951107,3.5054969712317763,99.21968733342491,-8.103543009194588,-0.0617881184486842,1.205781,62.70762,56.00503,2022-03-24T21:43:48.203,32.0,Green,data\RV_UMa\2022_03_24\Light\Green\reduced_images\RV_Uma_Light_Green_32_secs_022_reduced.fits,2,0.979925,792.0,9.11015495511666,1172.813061643296,937.0783704311732,7.0,V* RV UMa,False,1.1998731992704446,0.0080949036950752,2091.9560519648726,119.88468011677914,-8.301381391466068,-0.062220780152804,2022-03-24 21:43:48.203,0.5630635447889691,2022_03_24,3,"(0.545, 0.568]",-8.301381391466068,-0.062220780152804
1,6,6,1158.3184097449666,888.8526493490681,2113.4836560732674,2113.4836560732674,240.2643768087528,101.24881744384766,5.830133462776283,5.713093533511049,372.6678411822814,240.2643768087528,1.555583953857422,2.3000216484069824,1739.732246826018,8.745200194164426,11.660266925552566,14.575333656940709,8.569640300266576,11.4261870670221,14.282733833777623,False,1.5,32.0,66.0463642522896,15.889484333389095,3.679048269884027,9.252831828989583,-8.101206033531462,-0.0057745291159605,1.200799,62.93462,56.35989,2022-03-24T21:46:21.669,32.0,Green,data\RV_UMa\2022_03_24\Light\Green\reduced_images\RV_Uma_Light_Green_32_secs_023_reduced.fits,2,0.979925,792.0,10.519024114605203,1172.7995101236977,937.0837456686862,7.0,V* RV UMa,False,1.2115190004925296,0.0057826887431532,2107.71867279928,15.062334749180891,-8.309531607664823,-0.007758968204069,2022-03-24 21:46:21.669,0.5668584224479005,2022_03_24,3,"(0.545, 0.568]",-8.309531607664823,-0.007758968204069
1,6,6,1158.8249595673003,891.5700909158058,2100.7923236212214,2100.7923236212214,236.1351899506112,88.29492950439453,5.779817968574091,5.663788122854967,365.5693249587844,236.1351899506112,1.550705909729004,2.201205253601074,1734.6160890698277,8.669726952861136,11.55963593714818,14.449544921435226,8.49568218428245,11.327576245709931,14.159470307137417,False,1.5,32.0,65.64976011316317,9150.760779520451,3.6158200961187337,96.02096833363916,-8.098008425702224,-0.060101738011476,1.195954,63.15724,56.71099,2022-03-24T21:48:52.741,32.0,Green,data\RV_UMa\2022_03_24\Light\Green\reduced_images\RV_Uma_Light_Green_32_secs_024_reduced.fits,2,0.979925,792.0,12.674701072612704,1172.810056536445,937.0450661090788,7.0,V* RV UMa,False,1.195784058603266,0.0076803504895817,2074.2262671064427,115.59065336873044,-8.292140324197,-0.0605049503442806,2022-03-24 21:48:52.741,0.5705941017364093,2022_03_24,3,"(0.568, 0.591]",-8.292140324197,-0.0605049503442806
1,6,6,1159.2922230416125,879.2747040460904,2064.2806606201098,2064.2806606201098,210.0452565321171,100.78549194335938,5.451176496874915,5.341744128700151,318.01560820365705,210.0452565321171,1.505284547805786,2.109590530395508,1748.1027816224116,8.176764745312372,10.90235299374983,13.627941242187289,8.012616193050226,10.683488257400304,13.354360321750375,False,1.5,32.0,64.50877064437843,12409.19784210864,3.2163179906480424,111.70014740699166,-8.106417409674984,-0.0693762949132967,1.187438,63.55321,57.3433,2022-03-24T21:53:24.269,32.0,Green,data\RV_UMa\2022_03_24\Light\Green\reduced_images\RV_Uma_Light_Green_32_secs_025_reduced.fits,2,0.979925,792.0,4.76332007224814,1172.755491503539,937.0174375051672,7.0,V* RV UMa,False,1.183025435076771,0.0083174521781643,2068.0500537877674,132.94161092546656,-8.288902614851615,-0.0697949838478429,2022-03-24 21:53:24.269,0.5773083937683552,2022_03_24,3,"(0.568, 0.591]",-8.288902614851615,-0.0697949838478429
1,6,6,1160.005335125864,890.0084407934181,2085.90802097334,2085.90802097334,213.40206744332875,100.22381591796876,5.494562475727824,5.384259134027587,321.20228402733864,213.4020674433289,1.5066580772399902,2.229359865188598,1764.3840723601347,8.241843713591734,10.989124951455649,13.73640618931956,8.076388701041381,10.768518268055177,13.46064783506897,False,1.5,32.0,65.18462565541685,10120.289810971042,3.267719157725971,100.93929936245934,-8.116482821534166,-0.0621142831187221,1.18272,63.77517,57.70238,2022-03-24T21:55:57.422,32.0,Green,data\RV_UMa\2022_03_24\Light\Green\reduced_images\RV_Uma_Light_Green_32_secs_026_reduced.fits,2,0.979925,792.0,10.776188313685536,1172.7752701964455,937.051247709996,7.0,V* RV UMa,False,1.1670899730969595,0.0095326065008613,2059.194959543494,118.99983336354522,-8.284243666260522,-0.0627441451544872,2022-03-24 21:55:57.422,0.5810955316236353,2022_03_24,3,"(0.568, 0.591]",-8.284243666260522,-0.0627441451544872
1,6,6,1160.3534214545898,882.682588373359,2085.713849951051,2085.713849951051,222.29436275303823,83.11907958984375,5.6078711867920426,5.495293172717193,334.698910628207,222.29436275303829,1.5265998840332031,2.267239570617676,1746.3593015510282,8.411806780188064,11.215742373584083,14.019677966980106,8.242939759075789,10.990586345434386,13.73823293179298,False,1.5,32.0,65.17855781097035,10734.787287357907,3.4038824296558974,103.93925979916604,-8.105334004247888,-0.0646205035581667,1.178064,63.99598,58.06307,2022-03-24T21:58:32.439,32.0,Green,data\RV_UMa\2022_03_24\Light\Green\reduced_images\RV_Uma_Light_Green_32_secs_027_reduced.fits,2,0.979925,792.0,4.5270095503242045,1172.7750231199643,937.0407637161758,7.0,V* RV UMa,False,1.1741807708532084,0.0090174183509502,2050.541510881857,123.05527056619567,-8.27967141377645,-0.0651562339660061,2022-03-24 21:58:32.439,0.5849287621115273,2022_03_24,3,"(0.568, 0.591]",-8.27967141377645,-0.0651562339660061
1,6,6,1160.3111840218858,877.3031950611988,2040.034464345468,2040.034464345468,196.49334423277173,108.66171264648438,5.272392416629853,5.166549138866009,295.5069045922721,196.49334423277168,1.525593400001526,2.018119096755981,1740.2655152397238,7.90858862494478,10.544784833259708,13.180981041574633,7.749823708299014,10.333098277732018,12.916372847165022,False,1.5,32.0,63.75107701079588,16735.285434743106,3.0088043335643166,129.62270370613115,-8.101538785945534,-0.0808704540427532,1.173413,64.2184,58.42997,2022-03-24T22:01:08.792,32.0,Green,data\RV_UMa\2022_03_24\Light\Green\reduced_images\RV_Uma_Light_Green_32_secs_028_reduced.fits,2,0.979925,792.0,4.569477015844727,1172.713910040581,937.0185089789564,7.0,V* RV UMa,False,1.1912197417374135,0.004537501804215,2073.038637618391,154.61090358848222,-8.291518491544451,-0.0809761345641088,2022-03-24 22:01:08.792,0.588795028949832,2022_03_24,3,"(0.568, 0.591]",-8.291518491544451,-0.0809761345641088
1,6,6,1161.1828869840474,888.526038007062,2054.374141336683,2054.374141336683,216.69208998833105,93.72628021240234,5.53675534751831,5.42560498391688,324.39253211602386,216.6920899883309,1.4783905744552612,2.2594809532165527,1734.018597938923,8.305133021277467,11.07351069503662,13.841888368795775,8.138407475875322,10.85120996783376,13.5640124597922,False,1.5,32.0,64.19919191677134,9441.93346828069,3.3180976279463184,97.516412761265,-8.097634377802807,-0.0610588029556833,1.16855,64.45288,58.82084,2022-03-24T22:03:55.693,32.0,Green,data\RV_UMa\2022_03_24\Light\Green\reduced_images\RV_Uma_Light_Green_32_secs_029_reduced.fits,2,0.979925,792.0,8.979390282336258,1172.76697932273,937.0586418889728,7.0,V* RV UMa,False,1.1825599544629348,0.0082541070918422,2050.580954216535,116.20382250155518,-8.279692298330307,-0.0615272939904147,2022-03-24 22:03:55.693,0.5929221246984255,2022_03_24,3,"(0.591, 0.614]",-8.279692298330307,-0.0615272939904147
1,6,6,1161.673327908095,882.3283870345963,2001.9751906392105,2001.9751906392105,213.61416489902587,92.03230285644533,5.497292283630973,5.386934141037082,251.0379293063147,213.61416489902592,1.186027705669403,1.8726656436920168,1748.6228727455332,8.24593842544646,10.994584567261946,13.743230709077432,8.080401211555621,10.773868282074163,13.467335352592704,False,1.5,32.0,62.56172470747532,12679.56517222866,3.270966900016333,112.89551746564676,-8.106740387124248,-0.0700978767793997,1.164025,64.67296,59.19162,2022-03-24T22:06:32.870,32.0,Green,data\RV_UMa\2022_03_24\Light\Green\reduced_images\RV_Uma_Light_Green_32_secs_030_reduced.fits,2,0.979925,792.0,3.2916240985455603,1172.754315893169,937.029715405661,7.0,V* RV UMa,False,1.1788967820357306,0.0074098296297059,2061.445877673784,133.72137988210724,-8.285429842706192,-0.0704292773633489,2022-03-24 22:06:32.870,0.5968087672498559,2022_03_24,3,"(0.591, 0.614]",-8.285429842706192,-0.0704292773633489
1,6,6,1161.857857045413,880.6015956634863,1985.0151683911693,1985.0151683911693,194.4766002610117,110.447265625,5.245265568723991,5.139966862431858,225.15381216250265,194.47660026101173,1.159376621246338,1.6804832220077517,1759.5435446690828,7.867898353085987,10.490531137447984,13.113163921809978,7.709950293647786,10.279933724863715,12.849917156079645,False,1.5,32.0,62.03172401222404,18385.518101230096,2.9779229414967414,135.83271972608006,-8.113500047742594,-0.0838163409164762,1.159607,64.8894,59.56028,2022-03-24T22:09:09.809,32.0,Green,data\RV_UMa\2022_03_24\Light\Green\reduced_images\RV_Uma_Light_Green_32_secs_031_reduced.fits,2,0.979925,792.0,2.225015456173693,1172.7474482540229,937.0358119591908,7.0,V* RV UMa,False,1.161768045504611,0.0067703739252196,2044.181464870456,158.255121350526,-8.27629861526847,-0.0840548247753269,2022-03-24 22:09:09.809,0.600689524583176,2022_03_24,3,"(0.591, 0.614]",-8.27629861526847,-0.0840548247753269
1,6,6,1162.2043116977104,889.5294850010563,2007.3348648716187,2007.3348648716187,208.4040399562641,109.48094177246094,5.429837985662417,5.320833988100244,243.0377535337904,208.4040399562641,1.152787446975708,1.774585247039795,1767.0893037110136,8.144756978493625,10.859675971324831,13.57459496415604,7.981250982150366,10.641667976200488,13.30208497025061,False,1.5,32.0,62.729214527238085,15351.731615115958,3.191186861830294,124.16783809225733,-8.118146245199947,-0.0762912870335366,1.155323,65.10096,59.92446,2022-03-24T22:11:43.440,32.0,Green,data\RV_UMa\2022_03_24\Light\Green\reduced_images\RV_Uma_Light_Green_32_secs_032_reduced.fits,2,0.979925,792.0,9.697194484196778,1172.745212126552,937.0407432384328,7.0,V* RV UMa,False,1.1464885226885737,0.0062818545193822,2025.94760527042,142.78914203140272,-8.266570523789461,-0.0765228778604821,2022-03-24 22:11:43.440,0.6044884823302965,2022_03_24,3,"(0.591, 0.614]",-8.266570523789461,-0.0765228778604821
1,6,6,1163.0460817485675,888.1394158298164,1999.536891334143,1999.536891334143,196.98108268345828,111.0060806274414,5.278931963078705,5.1729574039199,222.6464598265,196.98108268345828,1.100385069847107,1.5859462022781372,1782.781848906947,7.918397944618057,10.55786392615741,13.197329907696762,7.75943610587985,10.3459148078398,12.93239350979975,False,1.5,32.0,62.48552785419197,18343.85631828509,3.0162728285904548,135.68108976186724,-8.127745509351364,-0.0826314624786074,1.150923,65.31979,60.30556,2022-03-24T22:14:25.080,32.0,Green,data\RV_UMa\2022_03_24\Light\Green\reduced_images\RV_Uma_Light_Green_32_secs_033_reduced.fits,2,0.979925,792.0,8.195123554961272,1172.7073254562588,937.0291687266788,7.0,V* RV UMa,False,1.154996636939602,0.0070526040101009,2059.107039884489,157.21478198716883,-8.284197308534974,-0.0828969924439678,2022-03-24 22:14:25.080,0.6084854850852377,2022_03_24,3,"(0.591, 0.614]",-8.284197308534974,-0.0828969924439678
1,6,6,1163.4356432158345,886.323939775601,2000.9235504175087,2000.9235504175087,198.3441306191576,108.96237182617188,5.2971647612496735,5.190824178667587,218.4199738797028,198.3441306191576,1.0779459476470947,1.7127254009246826,1787.1192985770017,7.94574714187451,10.594329522499349,13.242911903124185,7.78623626800138,10.381648357335171,12.977060446668968,False,1.5,32.0,62.52886095054715,14907.201898751911,3.0371445001058497,122.36326206914626,-8.130383861656316,-0.0743398741575701,1.146715,65.53068,60.67707,2022-03-24T22:17:01.665,32.0,Green,data\RV_UMa\2022_03_24\Light\Green\reduced_images\RV_Uma_Light_Green_32_secs_034_reduced.fits,2,0.979925,792.0,6.3490718113172,1172.7692194850642,937.0326833414788,7.0,V* RV UMa,False,1.139258117799344,0.0062875954638619,2035.9901683797184,139.85547593845803,-8.271939191248313,-0.0745809857131606,2022-03-24 22:17:01.665,0.6123574887748102,2022_03_24,3,"(0.591, 0.614]",-8.271939191248313,-0.0745809857131606
1,6,6,1164.385608253358,894.8044801162354,2005.3290987670323,2005.3290987670323,212.39798847805585,95.49919891357422,5.481620990510665,5.371577449126163,233.86165177012143,212.3979884780557,1.0656630992889404,2.0041444301605225,1778.984400082771,8.222431485765998,10.96324198102133,13.704052476276662,8.057366173689246,10.743154898252326,13.428943622815408,False,1.5,32.0,62.666534336469766,11277.95103918838,3.25234419857023,106.50760497599887,-8.12543034942893,-0.0650029099744431,1.142446,65.74609,61.0612,2022-03-24T22:19:43.799,32.0,Green,data\RV_UMa\2022_03_24\Light\Green\reduced_images\RV_Uma_Light_Green_32_secs_035_reduced.fits,2,0.979925,792.0,14.809501181237204,1172.7629544520582,937.0624297795752,7.0,V* RV UMa,False,1.1410022812770253,0.0043891078362882,2029.8252588506816,121.77600355511792,-8.268646631256749,-0.0651369448449021,2022-03-24 22:19:43.799,0.6163667070665042,2022_03_24,3,"(0.614, 0.636]",-8.268646631256749,-0.0651369448449021
1,7,6,1164.6461901672724,891.6654500138131,2001.1102852309248,2001.1102852309248,212.34881931074383,95.26426696777344,5.480986468635215,5.370955665277363,228.05964018054988,212.348819310744,1.0667253732681274,1.6883251667022705,1774.5924116886254,8.221479702952822,10.96197293727043,13.702466171588036,8.056433497916045,10.741911330554728,13.427389163193409,False,1.5,32.0,62.5346964134664,11.116877435461342,3.251591295695765,8.76944497357863,-8.122746550264864,-0.0053653469048638,1.138415,65.95079,61.43089,2022-03-24T22:22:19.423,32.0,Green,data\RV_UMa\2022_03_24\Light\Green\reduced_images\RV_Uma_Light_Green_32_secs_036_reduced.fits,2,0.979925,792.0,11.683333674814415,1172.7661572590127,937.0629642878132,7.0,V* RV UMa,False,1.142024886457908,0.005735517974485,2026.6286974677676,14.279166707273284,-8.26693547013922,-0.0076498513453573,2022-03-24 22:22:19.423,0.6202149473333645,2022_03_24,3,"(0.614, 0.636]",-8.26693547013922,-0.0076498513453573
1,6,6,1165.1200658626085,889.7655263394338,2003.6296796859167,2003.6296796859167,199.6509678898143,107.1751480102539,5.314586923029879,5.207896590550054,216.8616717723172,199.6509678898143,1.0564214587211609,1.7399942874908447,1792.714112952668,7.971880384544818,10.629173846059755,13.286467307574696,7.811844885825081,10.415793181100108,13.019741476375136,False,1.5,32.0,62.61342749018492,17584.674875210887,3.057155445812781,132.85460269838936,-8.133777593584053,-0.0804618266103909,1.134201,66.16624,61.82502,2022-03-24T22:25:04.692,32.0,Green,data\RV_UMa\2022_03_24\Light\Green\reduced_images\RV_Uma_Light_Green_32_secs_037_reduced.fits,2,0.979925,792.0,9.829549950163312,1172.761770269678,937.0804804595836,7.0,V* RV UMa,False,1.130716285588166,0.005621518053012,2027.0510429193248,150.55852413678767,-8.267161711864613,-0.080642685916206,2022-03-24 22:25:04.692,0.6243016873006173,2022_03_24,3,"(0.614, 0.636]",-8.267161711864613,-0.080642685916206
1,6,6,1165.8102749163727,899.4937292485264,2011.476514357734,2011.476514357734,196.5108921926588,118.4712905883789,5.272627838510061,5.166779834651972,208.9423555448176,196.5108921926588,1.0692777633666992,1.605992555618286,1801.3517870767732,7.908941757765092,10.545255677020124,13.181569596275152,7.750169751977958,10.333559669303945,12.916949586629933,False,1.5,32.0,62.85864107367919,16559.975139685917,3.009073036700088,128.94123798768297,-8.138996336833822,-0.077717285082192,1.130381,66.36269,62.18923,2022-03-24T22:27:37.030,32.0,Green,data\RV_UMa\2022_03_24\Light\Green\reduced_images\RV_Uma_Light_Green_32_secs_038_reduced.fits,2,0.979925,792.0,19.57760392100376,1172.7425965328189,937.0416979157036,7.0,V* RV UMa,False,1.1115250171046298,0.0039934427223295,2002.2475759419656,143.50182884021396,-8.253794441371923,-0.0778151178170488,2022-03-24 22:27:37.030,0.6280686719930326,2022_03_24,3,"(0.614, 0.636]",-8.253794441371923,-0.0778151178170488
1,6,6,1166.489799444074,896.1336016791363,2021.088149730806,2021.088149730806,195.9938635778907,110.57652282714844,5.265687014718752,5.1599783478982735,203.37674387390567,195.99386357789064,1.0295984148979187,1.5644489526748655,1819.2931784612908,7.898530522078128,10.531374029437504,13.16421753679688,7.739967521847411,10.319956695796549,12.899945869745682,False,1.5,32.0,63.15900467908769,14867.509352207966,3.00115603603645,122.20339403192978,-8.149756727768862,-0.0729297788919361,1.126521,66.56232,62.56438,2022-03-24T22:30:13.658,32.0,Green,data\RV_UMa\2022_03_24\Light\Green\reduced_images\RV_Uma_Light_Green_32_secs_039_reduced.fits,2,0.979925,792.0,16.324588950804863,1172.7713192724857,937.0188062109708,7.0,V* RV UMa,False,1.1063028405979487,0.0043433541672849,2012.6892112121968,135.424688803171,-8.259441796541038,-0.0730542434632267,2022-03-24 22:30:13.658,0.6319417389783144,2022_03_24,3,"(0.614, 0.636]",-8.259441796541038,-0.0730542434632267
1,7,6,1166.8384057332564,897.9284714323172,2034.8811748768385,2034.8811748768385,223.72562852057723,87.86578369140625,5.625895656131641,5.512955800834799,225.9627249866589,223.72562852057703,1.0046669244766235,1.6809475421905518,1810.1114357444703,8.438843484197463,11.251791312263284,14.064739140329102,8.269433701252199,11.025911601669598,13.782389502086996,False,1.5,32.0,63.5900367149012,11.602246331044473,3.4257986867213384,8.866683806963403,-8.144263280321004,-0.0053183905892531,1.122856,66.75283,62.92745,2022-03-24T22:32:46.001,32.0,Green,data\RV_UMa\2022_03_24\Light\Green\reduced_images\RV_Uma_Light_Green_32_secs_040_reduced.fits,2,0.979925,792.0,18.151766718586863,1172.7636314497254,937.0732711149424,7.0,V* RV UMa,False,1.0992599766693365,0.0087770703103009,1989.7830546253656,18.63898603436745,-8.247014320025297,-0.0101704665292287,2022-03-24 22:32:46.001,0.6357088473097701,2022_03_24,3,"(0.614, 0.636]",-8.247014320025297,-0.0101704665292287
1,6,6,1167.9778263758908,910.7763037666614,2058.9332736806737,2058.9332736806737,216.24719690407613,96.15103912353516,5.53106863832138,5.420032435407078,218.315693877959,216.247196904076,1.0119031071662905,1.5770142078399658,1840.1120632174384,8.29660295748207,11.06213727664276,13.82767159580345,8.130048653110618,10.840064870814157,13.550081088517697,False,1.5,32.0,64.34166480252105,10053.311666019285,3.311285202593665,100.60300500494206,-8.162110681103961,-0.0593596047896903,1.119142,66.94682,63.30252,2022-03-24T22:35:22.233,32.0,Green,data\RV_UMa\2022_03_24\Light\Green\reduced_images\RV_Uma_Light_Green_32_secs_041_reduced.fits,2,0.979925,792.0,31.032305364161203,1172.7549084059392,937.0841926497948,7.0,V* RV UMa,False,1.0922927104568818,0.0071604325782404,2009.9409930761808,110.6750372782946,-8.257958269474644,-0.0597847873892512,2022-03-24 22:35:22.233,0.6395721220834005,2022_03_24,3,"(0.636, 0.659]",-8.257958269474644,-0.0597847873892512
1,6,6,1168.487161617419,909.908441756728,2065.4646107836984,2065.4646107836984,234.8205949274056,76.54627990722656,5.763707018729931,5.648000600328928,237.4622512646168,234.8205949274057,0.9954028129577636,1.8227181434631348,1831.7235300525435,8.645560528094896,11.52741403745986,14.409267546824829,8.472000900493391,11.296001200657855,14.12000150082232,False,1.5,32.0,64.54576908699057,6369.734444272348,3.5956903598258974,80.23637519055285,-8.157149810838543,-0.0475593265324496,1.115601,67.13258,63.66707,2022-03-24T22:37:54.887,32.0,Green,data\RV_UMa\2022_03_24\Light\Green\reduced_images\RV_Uma_Light_Green_32_secs_042_reduced.fits,2,0.979925,792.0,30.24317291053346,1172.7205716549834,937.0403231370876,7.0,V* RV UMa,False,1.0873026724788877,0.0021136851894209,1991.637889468592,87.32709390223113,-8.248025949550087,-0.047606137645465,2022-03-24 22:37:54.887,0.6433469207628928,2022_03_24,3,"(0.636, 0.659]",-8.248025949550087,-0.047606137645465
1,6,6,1168.7761327301437,909.2357546069594,2081.793078296353,2081.793078296353,240.94040537743297,70.6024169921875,5.838329784479541,5.721125314056114,239.37637194412,240.9404053774329,1.0057284832000732,1.5986427068710327,1839.4724498544967,8.757494676719311,11.676659568959082,14.595824461198852,8.581687971084172,11.442250628112228,14.302813285140283,False,1.5,32.0,65.05603369676103,5755.248705472169,3.689399957341942,76.31509771418938,-8.161733219252103,-0.0450444716171225,1.111955,67.3245,64.04982,2022-03-24T22:40:34.314,32.0,Green,data\RV_UMa\2022_03_24\Light\Green\reduced_images\RV_Uma_Light_Green_32_secs_043_reduced.fits,2,0.979925,792.0,29.62331499502204,1172.7398090597658,937.0718442275391,7.0,V* RV UMa,False,1.0858575882670198,0.0050485806266818,1997.4051180826305,83.38607379346313,-8.251165395907696,-0.0453264480352906,2022-03-24 22:40:34.314,0.6472892008805111,2022_03_24,3,"(0.636, 0.659]",-8.251165395907696,-0.0453264480352906
1,5,5,1170.139514315026,924.684159193138,2062.362447312576,2062.362447312576,196.9135566520188,93.93106079101562,5.278027064304721,5.172070670988805,192.6040632936576,196.91355665201883,0.973368227481842,1.5580865144729614,1870.693047707056,7.917040596457082,10.556054128609444,13.195067660761804,7.758106006483207,10.34414134197761,12.930176677472012,False,1.5,32.0,64.448826478518,12903.660156778646,3.015238836234037,113.890843451497,-8.180006330557458,-0.0661013907531743,1.108433,67.51053,64.42711,2022-03-24T22:43:10.781,32.0,Green,data\RV_UMa\2022_03_24\Light\Green\reduced_images\RV_Uma_Light_Green_32_secs_044_reduced.fits,2,0.979925,792.0,45.10396566624826,1172.7612926970796,937.0469040588448,7.0,V* RV UMa,False,1.0811656067127104,0.0040508694084049,2022.5289838974488,123.36782207508848,-8.264736884989555,-0.0662264481723117,2022-03-24 22:43:10.781,0.651158286688835,2022_03_24,3,"(0.636, 0.659]",-8.264736884989555,-0.0662264481723117
2,6,6,1170.53061864679,928.1344045287552,2032.3329765024785,2032.3329765024785,186.24402762252623,98.90443420410156,5.133043941407134,5.0299980842833865,191.18928042788409,186.2440276225263,1.02059143781662,1.593400955200195,1842.2539165664464,7.699565912110701,10.266087882814269,12.832609853517836,7.54499712642508,10.059996168566771,12.574995210708463,False,1.5,32.0,63.51040551570245,16134.253043839366,2.8518616729699326,127.28163776062924,-8.163373721226165,-0.0750136998352475,1.105376,67.67246,64.76085,2022-03-24T22:45:29.862,32.0,Green,data\RV_UMa\2022_03_24\Light\Green\reduced_images\RV_Uma_Light_Green_32_secs_045_reduced.fits,2,0.979925,792.0,48.57540405645283,1172.7804633658338,937.0276636017204,7.0,V* RV UMa,False,1.079028318973171,0.0045986268256231,1987.8441467144328,137.60153590983123,-8.245955828328228,-0.0751562790345312,2022-03-24 22:45:29.862,0.6545974548412747,2022_03_24,3,"(0.636, 0.659]",-8.245955828328228,-0.0751562790345312
1,6,6,1170.7779596445191,919.13963210597,2002.837165713957,2002.837165713957,174.8190703369634,104.04795837402344,4.973111629630104,4.87327641366528,175.79641156697664,174.81907033696342,0.9892634749412536,1.756627321243286,1829.8950447064133,7.459667444445156,9.946223259260208,12.43277907407526,7.30991462049792,9.74655282733056,12.1831910341632,False,1.5,32.0,62.58866142856117,20265.7294857983,2.676917014534752,142.586798351886,-8.156065452724967,-0.0846013817781703,1.10229,67.8361,65.10389,2022-03-24T22:47:51.855,32.0,Green,data\RV_UMa\2022_03_24\Light\Green\reduced_images\RV_Uma_Light_Green_32_secs_046_reduced.fits,2,0.979925,792.0,39.72217942577435,1172.737706702637,937.077773172458,7.0,V* RV UMa,False,1.0793489985769371,0.002438896681119,1975.0953840047664,153.9656139008734,-8.238970185028533,-0.0846369459691807,2022-03-24 22:47:51.855,0.6581086303682611,2022_03_24,3,"(0.636, 0.659]",-8.238970185028533,-0.0846369459691807
1,6,6,1171.277974774738,923.2971036241704,2020.142358464746,2020.142358464746,186.9502941289004,93.7289810180664,5.142767384987126,5.039526329733509,189.58336890180067,186.9502941289003,1.0093027353286743,1.5780714750289917,1831.4529152299465,7.714151077480689,10.285534769974252,12.856918462467814,7.559289494600264,10.07905265946702,12.598815824333771,False,1.5,32.0,63.12944870202331,4060.54588655628,2.862676378848787,64.23813518181511,-8.156989394699512,-0.0380821524337614,1.099341,67.99263,65.43759,2022-03-24T22:50:10.329,32.0,Green,data\RV_UMa\2022_03_24\Light\Green\reduced_images\RV_Uma_Light_Green_32_secs_047_reduced.fits,2,0.979925,792.0,43.90453392377471,1172.7509183101356,937.0692665797224,7.0,V* RV UMa,False,1.0816643149780258,0.0041355371957514,1981.0172629667088,69.89567976278774,-8.242220650202395,-0.038307727798894,2022-03-24 22:50:10.329,0.6615327887417326,2022_03_24,3,"(0.659, 0.682]",-8.242220650202395,-0.038307727798894
1,6,6,1171.7945573118857,931.1546950203872,2024.0520999351947,2024.0520999351947,186.0946143862648,92.19874572753906,5.130984550300843,5.027980035453553,189.912746074848,186.09461438626488,1.0216054320335388,1.5836081504821775,1833.936831006,7.696476825451264,10.261969100601686,12.827461375752108,7.54197005318033,10.055960070907108,12.569950088633885,False,1.5,32.0,63.25162812297484,1672.1563585356937,2.84957378278968,41.69241610222965,-8.158460931363917,-0.0246829470136114,1.096274,68.15559,65.79137,2022-03-24T22:52:36.662,32.0,Green,data\RV_UMa\2022_03_24\Light\Green\reduced_images\RV_Uma_Light_Green_32_secs_048_reduced.fits,2,0.979925,792.0,51.74512485555627,1172.74865538087,937.0466819948448,7.0,V* RV UMa,False,1.0685077842251056,0.0043657203717078,1959.575779707033,45.26242844673333,-8.230405157379453,-0.0250784163535843,2022-03-24 22:52:36.662,0.6651512829519461,2022_03_24,3,"(0.659, 0.682]",-8.230405157379453,-0.0250784163535843
1,6,6,1163.2407395316116,889.7867124019743,2059.1579679918627,2059.1579679918627,210.319052674393,97.81437683105467,5.454728172026284,5.345224503972856,205.0837299771821,210.3190526743932,0.954730063676834,1.7990312576293943,1858.360045439588,8.182092258039425,10.909456344052568,13.636820430065711,8.017836755959284,10.690449007945713,13.363061259932143,False,1.5,32.0,64.34868649974571,12138.638879401104,3.2205104940766422,110.48170923910855,-8.172824649008474,-0.0645483053614006,1.090149,68.4947,66.5187,2022-03-24T22:57:30.259,32.0,Green,data\RV_UMa\2022_03_24\Light\Green\reduced_images\RV_Uma_Light_Green_32_secs_049_reduced.fits,2,0.979925,792.0,9.816120216145269,1172.704702233989,936.9595905227058,7.0,V* RV UMa,False,1.0615196126429782,0.0041613158968205,1972.685635586219,117.53318503189288,-8.23764470551772,-0.0646884794757177,2022-03-24 22:57:30.259,0.6724112929608701,2022_03_24,3,"(0.659, 0.682]",-8.23764470551772,-0.0646884794757177
1,6,6,1164.179074984168,897.8483450033193,2050.247110609997,2050.247110609997,222.76135699261485,80.79917907714844,5.613758582089623,5.501062378554174,213.60227014446144,222.7613569926149,0.9521146416664124,1.5893142223358154,1838.1527610198505,8.420637873134433,11.227517164179243,14.034396455224057,8.25159356783126,11.002124757108348,13.752655946385437,False,1.5,32.0,64.07022220656242,8123.439836040079,3.4110332789494144,90.5037076120398,-8.160954002270419,-0.0534575548360392,1.08736,68.64241,66.85987,2022-03-24T22:59:51.725,32.0,Green,data\RV_UMa\2022_03_24\Light\Green\reduced_images\RV_Uma_Light_Green_32_secs_050_reduced.fits,2,0.979925,792.0,17.849243323106673,1172.7260282165907,937.0328752235118,7.0,V* RV UMa,False,1.0639519362036696,0.0054540208257796,1955.706189125191,96.81207759153752,-8.228259025379918,-0.0537465076725064,2022-03-24 22:59:51.725,0.6759094369334679,2022_03_24,3,"(0.659, 0.682]",-8.228259025379918,-0.0537465076725064
1,6,6,1163.9842849360043,887.6464123917061,2043.104163211152,2043.104163211152,208.3262577414317,94.60289001464844,5.428824607419186,5.3198409534252455,202.9126472881289,208.32625774143185,0.971262514591217,1.4982051849365234,1840.7646782618303,8.143236911128778,10.857649214838371,13.572061518547963,7.979761430137867,10.639681906850493,13.299602383563116,False,1.5,32.0,63.84700510034848,12384.491667881292,3.1899958216656725,111.58641794055092,-8.162495680569391,-0.0658168941136621,1.084318,68.803,67.23958,2022-03-24T23:02:28.013,32.0,Green,data\RV_UMa\2022_03_24\Light\Green\reduced_images\RV_Uma_Light_Green_32_secs_051_reduced.fits,2,0.979925,792.0,7.64642854065042,1172.7006863126735,937.0104204551266,7.0,V* RV UMa,False,1.073568006316447,0.0075727550684865,1976.1860657392888,120.60390489501694,-8.239569581802556,-0.0662609803043723,2022-03-24 23:02:28.013,0.6797740964643051,2022_03_24,3,"(0.659, 0.682]",-8.239569581802556,-0.0662609803043723
1,6,6,1164.4593540193976,886.6268041606706,2071.801739189229,2071.801739189229,210.7298985623549,94.46810913085938,5.46005331788802,5.350442747531418,201.43566889027244,210.72989856235483,0.9558677077293396,1.5649981498718262,1870.3718341003944,8.190079976832031,10.92010663577604,13.65013329472005,8.025664121297128,10.700885495062836,13.376106868828543,False,1.5,32.0,64.7438043496634,14835.17455605368,3.22680157173606,122.07843856297916,-8.179819884583337,-0.0708655777164857,1.081372,68.95763,67.61511,2022-03-24T23:05:02.676,32.0,Green,data\RV_UMa\2022_03_24\Light\Green\reduced_images\RV_Uma_Light_Green_32_secs_052_reduced.fits,2,0.979925,792.0,6.6427057362959,1172.7160575819612,936.9622918867284,7.0,V* RV UMa,False,1.0455664339802728,0.0063329878648357,1955.598008797492,128.1895469378393,-8.22819896597645,-0.0711700623317449,2022-03-24 23:05:02.676,0.6835985733084495,2022_03_24,3,"(0.682, 0.705]",-8.22819896597645,-0.0711700623317449
1,6,6,1164.9090210350016,894.503778480202,2055.03148695017,2055.03148695017,201.29272612024573,113.0577163696289,5.336393486281425,5.229265387044325,196.8107193411776,201.2927261202456,0.969201683998108,1.6568987369537354,1859.9382378178573,8.004590229422138,10.67278697256285,13.340983715703562,7.84389808056649,10.45853077408865,13.073163467610811,False,1.5,32.0,64.21973396719281,22487.98618452284,3.0822948687162626,150.18418096909787,-8.173746307560597,-0.0876697942676872,1.078353,69.11513,68.00853,2022-03-24T23:07:44.018,32.0,Green,data\RV_UMa\2022_03_24\Light\Green\reduced_images\RV_Uma_Light_Green_32_secs_053_reduced.fits,2,0.979925,792.0,14.532236904373836,1172.694263081692,937.0127906144796,7.0,V* RV UMa,False,1.0534221266088395,0.0052949912937307,1959.300093843185,158.51357146758338,-8.230252398203774,-0.0878394912697049,2022-03-24 23:07:44.018,0.6875882071768462,2022_03_24,3,"(0.682, 0.705]",-8.230252398203774,-0.0878394912697049
1,6,6,1165.0822500642246,885.7486231285345,2091.363563208141,2091.363563208141,227.67123956187504,82.48487854003906,5.6752878087474015,5.561356405986798,220.623487722348,227.6712395618751,0.9711427688598632,1.5927903652191162,1870.2622852302643,8.512931713121102,11.350575617494805,14.188219521868504,8.342034608980196,11.122712811973596,13.903391014966994,False,1.5,32.0,65.3551113502544,8343.794203581447,3.486215855791212,91.7204204677862,-8.179756290459595,-0.0532461045725751,1.075427,69.26643,68.39835,2022-03-24T23:10:24.950,32.0,Green,data\RV_UMa\2022_03_24\Light\Green\reduced_images\RV_Uma_Light_Green_32_secs_054_reduced.fits,2,0.979925,792.0,5.849609651543948,1172.681546957489,937.0021166050144,7.0,V* RV UMa,False,1.0452285139351325,0.0053654961701232,1954.8514690601544,96.39255935832205,-8.22778441249069,-0.0535370043305355,2022-03-24 23:10:24.950,0.6915677026442939,2022_03_24,3,"(0.682, 0.705]",-8.22778441249069,-0.0535370043305355
1,6,7,1165.3209151335404,882.5234314078559,2074.7557971786705,2074.7557971786705,221.6416153128598,88.04353332519531,5.59963162851224,5.487219023569857,214.6546046634216,221.64161531285995,0.9589717388153076,1.5891801118850708,1862.207751948264,8.39944744276836,11.19926325702448,13.9990790712806,8.230828535354785,10.974438047139714,13.718047558924644,False,1.5,32.0,64.83611866183345,9.815629165519784,3.3938872344781656,8.834344065171528,-8.175070325463565,-0.0051507503321322,1.072517,69.41519,68.79514,2022-03-24T23:13:07.327,32.0,Green,data\RV_UMa\2022_03_24\Light\Green\reduced_images\RV_Uma_Light_Green_32_secs_055_reduced.fits,2,0.979925,792.0,2.848249086749592,1172.6260067150447,937.0242552286064,7.0,V* RV UMa,False,1.0484076920858736,0.0048257824889793,1952.3529314045024,12.905180715140125,-8.22639582214147,-0.0071767874066161,2022-03-24 23:13:07.327,0.6955829297931384,2022_03_24,3,"(0.682, 0.705]",-8.22639582214147,-0.0071767874066161
1,6,6,1166.163662095186,892.9628671992932,2031.1604004552207,2031.1604004552207,196.39217277421503,105.63653564453124,5.271034904209893,5.165218878507879,190.52169784815533,196.3921727742149,0.9453765451908112,1.7012373208999634,1845.4958466554167,7.906552356314839,10.542069808419786,13.177587260524732,7.74782831776182,10.330437757015758,12.913047196269698,False,1.5,32.0,63.47376251422567,18582.724527950224,3.007255145605168,136.5620941023169,-8.16528268034956,-0.080341773747788,1.069749,69.55481,69.18113,2022-03-24T23:15:44.876,32.0,Green,data\RV_UMa\2022_03_24\Light\Green\reduced_images\RV_Uma_Light_Green_32_secs_056_reduced.fits,2,0.979925,792.0,13.142197673473673,1172.7441398164246,937.0054616793948,7.0,V* RV UMa,False,1.0477594374388144,0.0048845378254785,1933.635690087348,143.36789788753114,-8.215936633663635,-0.0805010572232081,2022-03-24 23:15:44.876,0.699478771088847,2022_03_24,3,"(0.682, 0.705]",-8.215936633663635,-0.0805010572232081
1,6,6,1166.1716942483815,884.6350929128076,2114.8990563804714,2114.8990563804714,256.9284016802588,67.23094940185547,6.028924735389348,5.907894071326407,229.50759140510297,256.9284016802586,0.8919526040554047,1.432281494140625,1885.7310994459715,9.043387103084022,12.057849470778695,15.072311838473368,8.86184110698961,11.815788142652814,14.769735178316015,False,1.5,32.0,66.09059551188973,3410.729881057284,3.9342161507289615,58.99792108811887,-8.188699408764657,-0.0339688829174284,1.067091,69.68666,69.56032,2022-03-24T23:18:21.037,32.0,Green,data\RV_UMa\2022_03_24\Light\Green\reduced_images\RV_Uma_Light_Green_32_secs_057_reduced.fits,2,0.979925,792.0,5.118626985707494,1172.6885131681208,937.0140500924682,7.0,V* RV UMa,False,1.0219478456310045,0.0040739596140181,1927.118834518196,60.78026559087851,-8.212271239913486,-0.0342435213152437,2022-03-24 23:18:21.037,0.7033402901881693,2022_03_24,3,"(0.682, 0.705]",-8.212271239913486,-0.0342435213152437
1,6,7,1166.7119705645814,881.556333620632,2047.4332956238663,2047.4332956238663,208.4592318977082,89.80122375488281,5.430556933964607,5.321538503515268,187.50635947580665,208.4592318977081,0.8776937127113342,1.5405316352844238,1864.4699384306136,8.145835400946911,10.861113867929214,13.576392334911516,7.9823077552729025,10.643077007030536,13.30384625878817,False,1.5,32.0,63.98229048824582,7.267095916810469,3.1920319884336563,8.627944042093107,-8.176388463640002,-0.0050243079955543,1.064429,69.81616,69.94892,2022-03-24T23:20:59.409,32.0,Green,data\RV_UMa\2022_03_24\Light\Green\reduced_images\RV_Uma_Light_Green_32_secs_058_reduced.fits,2,0.979925,792.0,3.126812863262776,1172.6812288492638,937.0108297410476,7.0,V* RV UMa,False,1.0313997191473123,0.0065385916387395,1923.0137708559416,15.093387879765748,-8.209955985668135,-0.0085217474372141,2022-03-24 23:20:59.409,0.707256482469198,2022_03_24,3,"(0.705, 0.727]",-8.209955985668135,-0.0085217474372141
1,6,6,1167.9137106089834,893.1293319993835,2057.414049809076,2057.414049809076,206.4862260292192,92.6776351928711,5.404796516094908,5.296295226034303,195.8678160891768,206.4862260292192,0.946103036403656,1.7454431056976318,1862.0568043873,8.107194774142362,10.809593032189817,13.51199129023727,7.9444428390514545,10.592590452068606,13.240738065085758,False,1.5,32.0,64.29418905653361,15632.511813556148,3.1618203360724184,125.299512460938,-8.174982313868487,-0.0730601863470791,1.061911,69.93588,70.32515,2022-03-24T23:23:33.391,32.0,Green,data\RV_UMa\2022_03_24\Light\Green\reduced_images\RV_Uma_Light_Green_32_secs_059_reduced.fits,2,0.979925,792.0,13.70023684032153,1172.7254621840902,937.062394440892,7.0,V* RV UMa,False,1.0413773269487046,0.0045232853105393,1939.103737579493,130.75562438022928,-8.219002608634375,-0.0732122333705469,2022-03-24 23:23:33.391,0.7110641196766441,2022_03_24,3,"(0.705, 0.727]",-8.219002608634375,-0.0732122333705469
1,6,7,1168.1778070758062,886.7664417255114,2065.514111095923,2065.514111095923,215.449818417968,94.41970825195312,5.520861735431517,5.410030436092729,199.2147141361656,215.449818417968,0.9397698044776917,1.478957176208496,1863.0408773665151,8.281292603147275,11.041723470863031,13.802154338578791,8.115045654139093,10.820060872185458,13.525076090231822,False,1.5,32.0,64.5473159717476,9.21777329525514,3.299075344525135,8.778619744101453,-8.17555595986534,-0.0051159721720375,1.059425,70.05075,70.7052,2022-03-24T23:26:09.512,32.0,Green,data\RV_UMa\2022_03_24\Light\Green\reduced_images\RV_Uma_Light_Green_32_secs_060_reduced.fits,2,0.979925,792.0,7.952283042460078,1172.6843152380166,936.978714017378,7.0,V* RV UMa,False,1.0347261745397949,0.0057261716384638,1927.737160048717,14.011337104918562,-8.212619547825126,-0.0078914368032914,2022-03-24 23:26:09.512,0.7149246496636792,2022_03_24,3,"(0.705, 0.727]",-8.212619547825126,-0.0078914368032914
1,6,7,1167.898814551486,880.4821606166231,2050.102869612366,2050.102869612366,199.06147480580933,105.46954345703124,5.306735149851855,5.200202441718579,178.06739626536432,199.06147480580927,0.8839557766914368,1.5401670932769775,1874.1413290410533,7.960102724777783,10.61347029970371,13.266837874629635,7.800303662577869,10.400404883437158,13.000506104296448,False,1.5,32.0,64.06571467538643,9.289662743339516,3.048128832963955,8.740909921266201,-8.182005844859027,-0.0050638242788787,1.056854,70.16556,71.10797,2022-03-24T23:28:54.009,32.0,Green,data\RV_UMa\2022_03_24\Light\Green\reduced_images\RV_Uma_Light_Green_32_secs_061_reduced.fits,2,0.979925,792.0,3.928515466063542,1172.695570495531,937.018145086139,7.0,V* RV UMa,False,1.0154495592376651,0.005320066437675,1903.0959865238292,13.348952712442092,-8.19865173341638,-0.007615717419475,2022-03-24 23:28:54.009,0.7189922997637748,2022_03_24,3,"(0.705, 0.727]",-8.19865173341638,-0.007615717419475
1,6,6,1169.1925097777687,890.5557045458986,2056.082332381364,2056.082332381364,202.9388326866104,96.22068786621094,5.358168706014159,5.250603469240925,190.9217704912032,202.93883268661023,0.9216123223304749,1.706546664237976,1869.0514034980213,8.03725305902124,10.716337412028318,13.395421765035396,7.875905203861389,10.50120693848185,13.126508673102313,False,1.5,32.0,64.25257288691762,16554.331285156066,3.107500875513721,128.92513858405775,-8.17905311426644,-0.074892905782149,1.05446,70.26819,71.4924,2022-03-24T23:31:30.428,32.0,Green,data\RV_UMa\2022_03_24\Light\Green\reduced_images\RV_Uma_Light_Green_32_secs_062_reduced.fits,2,0.979925,792.0,11.763717790415068,1172.6876522178827,936.9700265711098,7.0,V* RV UMa,False,1.011865572651312,0.0040451360907173,1891.228768715264,130.67381339628847,-8.191860163970624,-0.0750185765810538,2022-03-24 23:31:30.428,0.7228601986373544,2022_03_24,3,"(0.705, 0.727]",-8.191860163970624,-0.0750185765810538
1,6,7,1169.5537831188456,888.5452199232838,2060.299614786302,2060.299614786302,208.65914252960647,80.32098388671875,5.433160238952665,5.32408954715569,185.71756824667045,208.65914252960656,0.8595618009567261,1.3831621408462524,1880.944186447467,8.149740358428996,10.86632047790533,13.582900597381665,7.986134320733535,10.64817909431138,13.310223867889226,False,1.5,32.0,64.38436296207193,8.411003256653965,3.1950931199845987,8.717250675454418,-8.185939772132848,-0.0050318530089768,1.052185,70.36115,71.8668,2022-03-24T23:34:02.702,32.0,Green,data\RV_UMa\2022_03_24\Light\Green\reduced_images\RV_Uma_Light_Green_32_secs_063_reduced.fits,2,0.979925,792.0,10.191432208892891,1172.7447406000836,937.0617009736918,7.0,V* RV UMa,False,1.017576450941034,0.0025501702868335,1914.004509663384,10.084335358702218,-8.20485739175203,-0.0057204295729643,2022-03-24 23:34:02.702,0.7266256007501113,2022_03_24,3,"(0.705, 0.727]",-8.20485739175203,-0.0057204295729643
1,5,6,1169.7083155916184,883.1825974807969,2084.4391465632134,2084.4391465632134,224.8051577293209,93.19995880126952,5.639452462403667,5.526240454220914,201.0315462240985,224.80515772932097,0.8917161226272583,1.498691201210022,1883.9767629662144,8.4591786936055,11.278904924807334,14.098631156009167,8.28936068133137,11.052480908441828,13.815601135552283,False,1.5,32.0,65.13872333010042,10.326537897642291,3.442328977730226,8.882994439122031,-8.187688854717273,-0.0051192715636444,1.04992,70.44839,72.24871,2022-03-24T23:36:38.164,32.0,Green,data\RV_UMa\2022_03_24\Light\Green\reduced_images\RV_Uma_Light_Green_32_secs_064_reduced.fits,2,0.979925,792.0,6.535579057611388,1172.680308822015,937.002686208075,7.0,V* RV UMa,False,1.010378220708671,0.0063810348682653,1903.5290896222848,15.00252364461072,-8.198898795161107,-0.0085571495452827,2022-03-24 23:36:38.164,0.7304698351122045,2022_03_24,3,"(0.727, 0.75]",-8.198898795161107,-0.0085571495452827
1,6,7,1170.5446977398324,892.561903975357,2035.0654657342045,2035.0654657342045,185.6059394194272,91.8099365234375,5.12424326994873,5.021374086304509,170.84956464040744,185.6059394194271,0.9035642147064208,1.744373083114624,1867.358580837842,7.686364904923095,10.24848653989746,12.810608174871824,7.532061129456764,10.042748172609018,12.553435215761272,False,1.5,32.0,63.59579580419389,9.36070781011754,2.8420909473599782,8.706238829808852,-8.17806930414718,-0.0050620586757115,1.047693,70.52827,72.63365,2022-03-24T23:39:14.792,32.0,Green,data\RV_UMa\2022_03_24\Light\Green\reduced_images\RV_Uma_Light_Green_32_secs_065_reduced.fits,2,0.979925,792.0,14.164550822100148,1172.694704675696,937.035103259288,7.0,V* RV UMa,False,1.0245050439323555,0.0039042081744639,1913.1182848987344,11.520035731085056,-8.204354556394303,-0.0065378706440037,2022-03-24 23:39:14.792,0.7343429020974863,2022_03_24,3,"(0.727, 0.75]",-8.204354556394303,-0.0065378706440037
1,7,6,1171.2170539553072,893.0563828235171,2048.455781677229,2048.455781677229,198.6089077888879,73.25010681152344,5.300699276022945,5.194287738056785,179.68543404258887,198.608907788888,0.900797426700592,1.3891923427581787,1869.549388621184,7.951048914034417,10.60139855204589,13.251748190057365,7.791431607085177,10.38857547611357,12.985719345141964,False,1.5,32.0,64.0142431774134,8.68170089766495,3.0411989005173456,8.7027089446675,-8.17934235642462,-0.0050540767942303,1.045496,70.60031,73.02351,2022-03-24T23:41:53.592,32.0,Green,data\RV_UMa\2022_03_24\Light\Green\reduced_images\RV_Uma_Light_Green_32_secs_066_reduced.fits,2,0.979925,792.0,14.918277388091653,1172.6910194238053,937.0286082220024,7.0,V* RV UMa,False,1.0147927095619151,0.0048182324140367,1897.2050897387128,12.614956058154815,-8.195285702719024,-0.0072193114955525,2022-03-24 23:41:53.592,0.7382696778799946,2022_03_24,3,"(0.727, 0.75]",-8.195285702719024,-0.0072193114955525
1,6,7,1171.7599793083532,889.9740191412689,2051.839968905021,2051.839968905021,187.8365066895767,97.00625610351562,5.154942269986908,5.0514568039169205,175.57381838246616,187.83650668957665,0.9237027764320374,1.5251010656356812,1878.334866160564,7.7324134049803614,10.309884539973815,12.887355674967267,7.577185205875381,10.10291360783384,12.6286420097923,False,1.5,32.0,64.11999902828191,8.484041138744093,2.876246508684143,8.68793915009251,-8.184432550178522,-0.0050219001147927,1.043399,70.66167,73.40537,2022-03-24T23:44:29.102,32.0,Green,data\RV_UMa\2022_03_24\Light\Green\reduced_images\RV_Uma_Light_Green_32_secs_067_reduced.fits,2,0.979925,792.0,12.637180725797476,1172.702857109541,937.0196735822784,7.0,V* RV UMa,False,1.0176454897729856,0.0036149949084877,1911.4790048316424,11.147824165543303,-8.203423830520315,-0.0063320581969321,2022-03-24 23:44:29.102,0.7421150991768322,2022_03_24,3,"(0.727, 0.75]",-8.203423830520315,-0.0063320581969321
1,6,7,1172.9819851002767,901.574020333847,2032.8521327694093,2032.8521327694093,169.05094891742678,112.4211654663086,4.890380049269878,4.7922056697807855,156.4148260368775,169.0509489174268,0.9022529721260072,1.5756206512451172,1880.325411667939,7.335570073904817,9.780760098539757,12.225950123174696,7.188308504671178,9.584411339561573,11.980514174451963,False,1.5,32.0,63.52662914904404,8.418695038489586,2.5885926552980973,8.633302777201303,-8.185582538401384,-0.0049850357463028,1.0414,70.71232,73.77903,2022-03-24T23:47:01.509,32.0,Green,data\RV_UMa\2022_03_24\Light\Green\reduced_images\RV_Uma_Light_Green_32_secs_068_reduced.fits,2,0.979925,792.0,23.36909090458668,1172.7039735992787,936.9654942974556,7.0,V* RV UMa,False,1.0224801521488442,0.0036665017075772,1922.5954130115729,11.200574517449772,-8.209719754559746,-0.0063252357648339,2022-03-24 23:47:01.509,0.7458837900879463,2022_03_24,3,"(0.727, 0.75]",-8.209719754559746,-0.0063252357648339
1,6,7,1173.2474257903698,900.6107794062841,2058.0208660671506,2058.0208660671506,187.4123937884985,95.21051025390624,5.149119352374679,5.045750781375757,170.80714227424943,187.4123937884985,0.9131472110748292,1.529083490371704,1886.8857613583248,7.723679028562017,10.298238704749355,12.872798380936697,7.568626172063635,10.091501562751514,12.614376953439391,False,1.5,32.0,64.31315206459846,7.849823017175634,2.8697522798863826,8.662143346866321,-8.189364018147426,-0.0049842989093983,1.039375,70.75447,74.16778,2022-03-24T23:49:39.952,32.0,Green,data\RV_UMa\2022_03_24\Light\Green\reduced_images\RV_Uma_Light_Green_32_secs_069_reduced.fits,2,0.979925,792.0,22.59024372340638,1172.6910256897647,936.969293631174,7.0,V* RV UMa,False,1.0068654619279052,0.0045504414849202,1899.8401037152369,12.23882069262676,-8.196792627386948,-0.006994341630931,2022-03-24 23:49:39.952,0.7498017380432884,2022_03_24,3,"(0.727, 0.75]",-8.196792627386948,-0.006994341630931
1,6,7,1173.6119594176812,898.4581867629935,2068.424103592982,2068.424103592982,207.14569776006084,76.2619857788086,5.413420503299261,5.304746086695529,186.6189654039333,207.1456977600608,0.8899996280670166,1.5636601448059082,1884.0645096308456,8.120130754948892,10.826841006598524,13.533551258248153,7.957119130043294,10.609492173391056,13.26186521673882,False,1.5,32.0,64.63825323728071,7.968647233934594,3.171918496950932,8.705103041789123,-8.187739421960975,-0.0050165190683796,1.037373,70.78554,74.56323,2022-03-24T23:52:19.808,32.0,Green,data\RV_UMa\2022_03_24\Light\Green\reduced_images\RV_Uma_Light_Green_32_secs_070_reduced.fits,2,0.979925,792.0,20.81092074908503,1172.678877451383,936.992444454856,7.0,V* RV UMa,False,0.9965540439371364,0.0040926358184812,1877.572106111057,11.606624775451316,-8.183991561507188,-0.00671171705882,2022-03-24 23:52:19.808,0.7537546263901937,2022_03_24,3,"(0.75, 0.773]",-8.183991561507188,-0.00671171705882
1,6,7,1174.7401522578791,909.0122225853012,2073.2427850809554,2073.2427850809554,190.98798409024107,85.70191192626953,5.1980066041699,5.093656621591189,177.18592603396277,190.9879840902412,0.9377692937850952,1.5515425205230713,1894.140118119211,7.79700990625485,10.3960132083398,12.995016510424753,7.640484932386784,10.18731324318238,12.734141553977974,False,1.5,32.0,64.78883703377986,8.449726177412241,2.924503506381816,8.72714539340178,-8.19353025646112,-0.0050024692614678,1.035461,70.80357,74.9516,2022-03-24T23:54:58.040,32.0,Green,data\RV_UMa\2022_03_24\Light\Green\reduced_images\RV_Uma_Light_Green_32_secs_071_reduced.fits,2,0.979925,792.0,30.93638520999955,1172.7356263004767,936.9993473866303,7.0,V* RV UMa,False,1.0001707659207573,0.00401289784195,1894.4635727005248,11.574287972761471,-8.19371564737505,-0.0066333413201554,2022-03-24 23:54:58.040,0.7576673567782155,2022_03_24,3,"(0.75, 0.773]",-8.19371564737505,-0.0066333413201554
1,6,7,1175.2072171353886,908.7890509807492,2100.164484589478,2100.164484589478,202.83142626172085,83.80382537841797,5.356750599129384,5.249213830851862,185.1611043576907,202.8314262617208,0.9075684547424316,1.4583691358566284,1916.0810804839248,8.035125898694076,10.713501198258768,13.39187649782346,7.873820746277793,10.498427661703724,13.123034577129657,False,1.5,32.0,65.63014014342119,8.013264942245035,3.1058562146326003,8.760665574047374,-8.206034706613254,-0.0049641802157553,1.033672,70.80835,75.32548,2022-03-24T23:57:30.469,32.0,Green,data\RV_UMa\2022_03_24\Light\Green\reduced_images\RV_Uma_Light_Green_32_secs_072_reduced.fits,2,0.979925,792.0,30.89354580315964,1172.6931899607232,936.9876402818552,7.0,V* RV UMa,False,0.9934260326852706,0.0054372075520553,1903.484826088452,13.57501114040479,-8.19887354780331,-0.0077431040547982,2022-03-24 23:57:30.469,0.7614365917010897,2022_03_24,3,"(0.75, 0.773]",-8.19887354780331,-0.0077431040547982
1,6,6,1146.50694940292,887.921031697216,2108.0277432369703,2108.0277432369703,207.75363885138484,111.83797454833984,5.421358465962923,5.312524694758718,178.9327350745351,207.7536388513849,0.8732761144638062,1.5305323600769043,1926.601452735116,8.132037698944384,10.842716931925846,13.553396164907308,7.968787042138075,10.625049389517436,13.281311736896797,False,1.5,32.0,65.87586697615532,19762.98579114152,3.18122759491183,140.82628620294076,-8.211979708564515,-0.0793626503785186,1.029437,70.76606,76.25573,2022-03-25T00:03:42.405,32.0,Green,data\RV_UMa\2022_03_24\Light\Green\reduced_images\RV_Uma_Light_Green_32_secs_073_reduced.fits,2,0.979925,792.0,19.202852973980143,1172.7649594927348,937.0433006870212,7.0,V* RV UMa,False,0.9866956978644784,0.0046298739604251,1900.9693649131927,139.23869889975947,-8.197437795114215,-0.0795260035691254,2022-03-25 00:03:42.405,0.7706337533978331,2022_03_24,3,"(0.75, 0.773]",-8.197437795114215,-0.0795260035691254
1,6,6,1146.970250778918,886.6846765352483,2166.277611016054,2166.277611016054,215.3194020724502,110.54164123535156,5.519190535127552,5.4083927851348665,173.41629685921703,215.31940207245023,0.7918699383735657,1.43134605884552,1995.7726493663097,8.278785802691328,11.038381070255104,13.79797633781888,8.112589177702299,10.816785570269731,13.520981962837167,False,1.5,32.0,67.69617534425169,16780.209840224805,3.2970783442343934,129.81218391935826,-8.250277666590142,-0.0706201620433668,1.027823,70.71992,76.62906,2022-03-25T00:06:13.933,32.0,Green,data\RV_UMa\2022_03_24\Light\Green\reduced_images\RV_Uma_Light_Green_32_secs_074_reduced.fits,2,0.979925,792.0,18.29473309217284,1172.7856524434203,937.032103642794,7.0,V* RV UMa,False,0.9742414629466138,0.0031050374212698,1944.364465627473,126.62014610688068,-8.221944188737536,-0.070704890626377,2022-03-25 00:06:13.933,0.7743807085664223,2022_03_24,3,"(0.773, 0.795]",-8.221944188737536,-0.070704890626377
1,6,6,1147.7889438588547,886.9506511443881,2143.5389141264286,2143.5389141264286,202.48196202837693,111.58990478515624,5.352133958111091,5.244689868902011,168.88324526766053,202.4819620283768,0.8463907837867737,1.41523015499115,1972.160047582547,8.028200937166638,10.704267916222182,13.380334895277729,7.867034803353018,10.489379737804022,13.111724672255027,False,1.5,32.0,66.9855910664509,23416.46440069171,3.1005050435595214,153.25322344669206,-8.237355391322144,-0.0843707250818326,1.026231,70.65507,77.00882,2022-03-25T00:08:48.608,32.0,Green,data\RV_UMa\2022_03_24\Light\Green\reduced_images\RV_Uma_Light_Green_32_secs_075_reduced.fits,2,0.979925,792.0,17.638307530552552,1172.741574143448,937.0361449832964,7.0,V* RV UMa,False,0.9757126331197796,0.0039993695244273,1924.2614729603963,149.73898204722505,-8.210660211547076,-0.0844880159774657,2022-03-25 00:08:48.608,0.778205482144255,2022_03_24,3,"(0.773, 0.795]",-8.210660211547076,-0.0844880159774657
1,6,6,1148.908342970275,898.1749556263036,2164.199092958629,2164.199092958629,213.78789091830595,121.6188507080078,5.499527221121573,5.389124212157558,175.0768328374494,213.7878909183061,0.8240172863006592,1.3626933097839355,1988.0341752401853,8.249290831682359,10.999054442243146,13.748818052803934,8.083686318236335,10.778248424315116,13.472810530393897,False,1.5,32.0,67.63122165495717,15270.240791747938,3.2736270796865594,123.8593784922344,-8.246059614628411,-0.0676440139725526,1.024643,70.56774,77.40017,2022-03-25T00:11:28.034,32.0,Green,data\RV_UMa\2022_03_24\Light\Green\reduced_images\RV_Uma_Light_Green_32_secs_076_reduced.fits,2,0.979925,792.0,23.623867674895045,1172.7731144452034,937.0272993119908,7.0,V* RV UMa,False,0.9711498053801582,0.0060373498397645,1930.679002373609,120.88334671110074,-8.214275183301083,-0.0679799313688157,2022-03-25 00:11:28.034,0.782147737534066,2022_03_24,3,"(0.773, 0.795]",-8.214275183301083,-0.0679799313688157
1,6,6,1149.3744578747546,893.9713253186301,2151.555685451741,2151.555685451741,230.2474460863926,101.71753692626952,5.707306753738992,5.592732570657682,185.81820625202425,230.2474460863925,0.8004859685897827,1.3165712356567385,1967.245835555951,8.560960130608489,11.414613507477984,14.26826688434748,8.389098855986523,11.185465141315364,13.981831426644204,False,1.5,32.0,67.2361151703669,10978.42258528962,3.525664018197886,105.1151005540031,-8.234646586572893,-0.0580137308085949,1.023145,70.46047,77.78167,2022-03-25T00:14:03.285,32.0,Green,data\RV_UMa\2022_03_24\Light\Green\reduced_images\RV_Uma_Light_Green_32_secs_077_reduced.fits,2,0.979925,792.0,20.22632971194529,1172.7496241553315,937.0015038448648,7.0,V* RV UMa,False,0.9756333233599768,0.0050904750509107,1919.3105924095269,103.0415710530782,-8.207863150302487,-0.0582896612616688,2022-03-25 00:14:03.285,0.7859867543288424,2022_03_24,3,"(0.773, 0.795]",-8.207863150302487,-0.0582896612616688
1,6,6,1149.367002378757,896.2749009574435,2200.4510013973813,2200.4510013973813,281.0946755648516,68.35606384277344,6.306089268350691,6.179494526288552,229.3996427720959,281.0946755648514,0.796358585357666,1.4144210815429688,1976.598843212984,9.459133902526036,12.612178536701382,15.765223170876729,9.269241789432828,12.358989052577105,15.448736315721376,False,1.5,32.0,68.76409379366817,3602.637582929496,4.304262219586789,60.627600471590085,-8.23979634215489,-0.0333024483271558,1.021664,70.32609,78.17193,2022-03-25T00:16:42.526,32.0,Green,data\RV_UMa\2022_03_24\Light\Green\reduced_images\RV_Uma_Light_Green_32_secs_078_reduced.fits,2,0.979925,792.0,21.886000561041275,1172.739480162268,937.0229418599772,7.0,V* RV UMa,False,0.963065199154626,0.0043256126643738,1903.593558587716,59.01101460697921,-8.198935566390366,-0.0336576023538565,2022-03-25 00:16:42.526,0.7899244350743224,2022_03_24,3,"(0.773, 0.795]",-8.198935566390366,-0.0336576023538565
1,6,6,1150.8635519721297,907.5582851318449,2157.768581066656,2157.768581066656,222.157337671454,103.60699462890624,5.606142538683974,5.493599227219893,181.68193034474632,222.1573376714541,0.8104892671108246,1.3232682943344116,1977.7124432740263,8.40921380802596,11.212285077367948,14.015356346709936,8.24039884082984,10.987198454439786,13.733998068049734,False,1.5,32.0,67.43026815833298,12675.53719370092,3.4017842330941384,112.89981951310791,-8.240407865046368,-0.0619804066930549,1.020315,70.17422,78.53976,2022-03-25T00:19:12.792,32.0,Green,data\RV_UMa\2022_03_24\Light\Green\reduced_images\RV_Uma_Light_Green_32_secs_079_reduced.fits,2,0.979925,792.0,30.529090163268744,1172.7449158080503,937.0541940148212,7.0,V* RV UMa,False,0.9659667331329318,0.0068911487780283,1910.40442790576,109.90574816593518,-8.202813290128644,-0.0624625069706296,2022-03-25 00:19:12.792,0.7936401837502327,2022_03_24,3,"(0.773, 0.795]",-8.202813290128644,-0.0624625069706296
1,4,5,1165.801336272254,901.1460063188288,3568.63825271706,3568.63825271706,223.71467830053547,114.43091583251952,5.625757975103317,5.512820883753118,399.21469109534576,223.7146783005356,1.7785943746566772,2.620540142059326,3170.7405843636,8.438636962654975,11.251515950206636,14.064394937758294,8.269231325629677,11.025641767506237,13.782052209382798,False,1.5,30.0,118.954608423902,15.445298298550975,3.897606839724884,11.759996324921952,-8.752901778681675,-0.0040268995327957,1.768325,44.69596,34.38181,2023-02-23T20:47:42.889,30.0,Green,data\RV_UMa\2023_02_23\Light\Green\reduced_images\RV_Uma_Light_Green_30_secs_001_reduced.fits,2,0.979925,792.0,21.22259163254289,1172.7383815041603,936.9757813415528,7.0,V* RV UMa,False,0.9985348609647824,0.0063616336076178,3166.0950085629,23.340210506912413,-8.751309857708375,-0.0080039643489831,2023-02-23 20:47:42.889,0.3379806923388742,2023_02_23,4,"(0.318, 0.341]",-8.751309857708375,-0.0080039643489831
1,4,5,1165.8689154961494,900.8808347994176,3545.0730745557594,3545.0730745557594,206.8823467733292,138.2635498046875,5.4099782811169685,5.301372967123545,365.1931610880118,206.8823467733293,1.7707138061523438,2.5263471603393555,3178.7436468750284,8.114967421675452,10.819956562233935,13.524945702792422,7.952059450685318,10.60274593424709,13.253432417808863,False,1.5,30.0,118.16910248519198,16.586405233844626,3.604350219339779,11.762646723351695,-8.755638762979173,-0.0040176663581782,1.757414,44.96005,34.62657,2023-02-23T20:49:56.112,30.0,Green,data\RV_UMa\2023_02_23\Light\Green\reduced_images\RV_Uma_Light_Green_30_secs_002_reduced.fits,2,0.979925,792.0,20.964305546626413,1172.8108642162415,937.08839082614,7.0,V* RV UMa,False,1.00747433104211,0.0075305302520083,3202.502629189777,26.710405880349217,-8.763723737409602,-0.0090555599997794,2023-02-23 20:49:56.112,0.3412750049966462,2023_02_23,4,"(0.341, 0.364]",-8.763723737409602,-0.0090555599997794
2,5,6,1166.7587707449295,901.4935654786342,3537.451118194376,3537.451118194376,241.1320935053708,140.5182647705078,5.840651761155647,5.723400677050448,393.877758717428,241.1320935053709,1.635058879852295,2.0919246673583984,3143.1859474910448,8.76097764173347,11.681303522311294,14.601629402889118,8.585101015575672,11.446801354100897,14.30850169262612,False,1.5,60.0,58.95751863657292,8.12554757188499,1.0502642294900597,8.254291637563332,-8.74342518542696,-0.0028512418371838,1.734834,45.51609,35.14528,2023-02-23T20:54:02.891,60.0,Green,data\RV_UMa\2023_02_23\Light\Green\reduced_images\RV_Uma_Light_Green_60_secs_001_reduced.fits,2,0.979925,792.0,21.669890932060884,1172.7638837670386,937.017197845544,7.0,V* RV UMa,False,1.002811473520968,0.0070981908358483,3152.022931553895,23.796948147237597,-8.746473421005637,-0.0081970241737646,2023-02-23 20:54:02.891,0.34737730852839377,2023_02_23,4,"(0.341, 0.364]",-8.746473421005637,-0.0081970241737646
2,6,7,1166.790590350529,902.2294902533612,3555.625292987174,3555.625292987174,257.2730747255057,132.79502868652344,6.032967323484803,5.911855504465845,411.6281432763423,257.27307472550586,1.5934991836547852,2.1091599464416504,3145.660858435724,9.049450985227203,12.065934646969604,15.082418308712008,8.867783256698768,11.82371100893169,14.779638761164614,False,1.5,60.0,59.26042154978623,8.931460073415197,1.1205671699155355,8.325409827336847,-8.744279746092161,-0.0028735452662509,1.715708,45.98945,35.598,2023-02-23T20:58:03.371,60.0,Green,data\RV_UMa\2023_02_23\Light\Green\reduced_images\RV_Uma_Light_Green_60_secs_002_reduced.fits,2,0.979925,792.0,22.40396463639306,1172.7558901563748,937.0009593135608,7.0,V* RV UMa,False,0.980309307464058,0.0065769742136576,3083.720617649919,22.24053825057732,-8.722687561166818,-0.0078305918680669,2023-02-23 20:58:03.371,0.35332385160245394,2023_02_23,4,"(0.341, 0.364]",-8.722687561166818,-0.0078305918680669
1,4,5,1167.5695583096042,903.3398789646908,3544.960647068944,3544.960647068944,266.4326028801445,117.37654876708984,6.13942203209643,6.016173134802094,424.615933507483,266.4326028801445,1.590269923210144,2.082510232925415,3121.2608921460574,9.209133048144643,12.27884406419286,15.348555080241075,9.024259702203144,12.032346269604188,15.040432837005236,False,1.5,60.0,59.08267745114906,8.141655927051133,1.1604620036557405,8.269509984385769,-8.73582517725768,-0.0028765638938573,1.696991,46.46605,36.05347,2023-02-23T21:02:04.085,60.0,Green,data\RV_UMa\2023_02_23\Light\Green\reduced_images\RV_Uma_Light_Green_60_secs_003_reduced.fits,2,0.979925,792.0,23.61126207156408,1172.7726051249288,937.1196757163082,7.0,V* RV UMa,False,0.9803509718250196,0.0055974538791137,3059.931148934816,19.260416107647654,-8.714279136486558,-0.0068340528165345,2023-02-23 21:02:04.085,0.3592761809835565,2023_02_23,4,"(0.341, 0.364]",-8.714279136486558,-0.0068340528165345
1,4,5,1168.1790973648526,904.340520247762,3459.131467312318,3459.131467312318,238.6261244465352,124.88924407958984,5.81022296428385,5.693582738275851,373.87040692106905,238.62612444653507,1.5560938119888306,2.017925977706909,3087.806831682188,8.715334446425775,11.6204459285677,14.525557410709624,8.540374107413777,11.387165476551704,14.23395684568963,False,1.5,60.0,57.652191121871965,6.93425024940351,1.0393493420337974,8.100974676747809,-8.724125309341789,-0.002848468825876,1.678411,46.94171,36.51832,2023-02-23T21:06:06.058,60.0,Green,data\RV_UMa\2023_02_23\Light\Green\reduced_images\RV_Uma_Light_Green_60_secs_004_reduced.fits,2,0.979925,792.0,24.69667549927796,1172.733680681784,937.1147018329174,7.0,V* RV UMa,False,0.9731596150029382,0.0055748177642426,3004.928907523281,18.93332133715858,-8.694585504128451,-0.0068409580009051,2023-02-23 21:06:06.058,0.365259642673891,2023_02_23,4,"(0.364, 0.386]",-8.694585504128451,-0.0068409580009051
2,5,6,1168.0970108478189,904.8738053083476,3445.75281814314,3445.75281814314,254.13325491222025,131.89874267578125,5.996040450779908,5.875669938730502,391.33795163684,254.13325491222025,1.5293525457382202,1.9187837839126587,3057.093477786396,8.994060676169862,11.992080901559817,14.99010112694977,8.813504908095753,11.751339877461003,14.689174846826257,False,1.5,60.0,57.429213635719,6.317023294592892,1.106891510284337,8.053144009676979,-8.713271796247781,-0.002860099004813,1.660378,47.41004,36.98221,2023-02-23T21:10:07.356,60.0,Green,data\RV_UMa\2023_02_23\Light\Green\reduced_images\RV_Uma_Light_Green_60_secs_005_reduced.fits,2,0.979925,792.0,25.20896047846327,1172.7383311331216,937.1328015663952,7.0,V* RV UMa,False,0.9753963834743494,0.0049579784631105,2981.877922175872,17.07149385114872,-8.686224648756024,-0.0062159281591155,2023-02-23 21:10:07.356,0.37122641309440496,2023_02_23,4,"(0.364, 0.386]",-8.686224648756024,-0.0062159281591155
2,6,7,1168.4689053089194,905.728410559203,3416.136575312448,3416.136575312448,251.62239317602769,134.12509155273438,5.9663461862965415,5.846571786606639,379.5255476916361,251.62239317602769,1.5061120986938477,2.127690315246582,3037.165044647732,8.949519279444813,11.932692372593085,14.915865465741351,8.769857679909958,11.693143573213275,14.616429466516596,False,1.5,60.0,56.93560958854079,6.424825648048859,1.0959553125000314,8.028473737211183,-8.706170982127068,-0.002870046400936,1.64275,47.87549,37.44834,2023-02-23T21:14:07.968,60.0,Green,data\RV_UMa\2023_02_23\Light\Green\reduced_images\RV_Uma_Light_Green_60_secs_006_reduced.fits,2,0.979925,792.0,26.11364058424247,1172.7479242364166,937.0327249895024,7.0,V* RV UMa,False,0.9672604456362668,0.0063123960427449,2937.729614556857,20.684835300922515,-8.670029553252936,-0.0076447725019983,2023-02-23 21:14:07.968,0.37717622023899366,2023_02_23,4,"(0.364, 0.386]",-8.670029553252936,-0.0076447725019983
2,6,7,1168.6492470791284,906.2237391850258,3283.62360789912,3283.62360789912,198.9555013393808,153.20724487304688,5.305322400381519,5.19881805319386,306.3564161520644,198.9555013393808,1.5395109057426453,2.026984214782715,2977.3294438296475,7.957983600572278,10.610644800763035,13.263306000953795,7.79822707979079,10.39763610638772,12.99704513298465,False,1.5,60.0,54.727060131652,6.559350463731828,0.8665617391670805,7.883715642674519,-8.684567230823484,-0.0028749373096783,1.625424,48.33586,37.91928,2023-02-23T21:18:07.971,60.0,Green,data\RV_UMa\2023_02_23\Light\Green\reduced_images\RV_Uma_Light_Green_60_secs_007_reduced.fits,2,0.979925,792.0,26.63268659461605,1172.7554887802464,936.976078932566,7.0,V* RV UMa,False,0.9725702791494742,0.0056408156345659,2895.662128305349,18.462056259755748,-8.654369715314017,-0.0069223970226213,2023-02-23 21:18:07.971,0.3831109681491398,2023_02_23,4,"(0.364, 0.386]",-8.654369715314017,-0.0069223970226213
2,5,6,1168.6025270212929,906.9689294092708,3251.716663287877,3251.716663287877,233.6910300156791,130.83139038085938,5.749827636700218,5.634399846893461,353.8981382522902,233.6910300156792,1.495104193687439,2.0151703357696533,2902.324224284298,8.624741455050327,11.499655273400435,14.374569091750544,8.451599770340191,11.268799693786924,14.085999617233652,False,1.5,60.0,54.19527772146462,6.5634628953033225,1.017854264068291,7.859808832334044,-8.65686481673281,-0.0029402914189737,1.608512,48.79649,38.39174,2023-02-23T21:22:09.953,60.0,Green,data\RV_UMa\2023_02_23\Light\Green\reduced_images\RV_Uma_Light_Green_60_secs_008_reduced.fits,2,0.979925,792.0,27.358845159545066,1172.7675759924964,937.0812858769248,7.0,V* RV UMa,False,0.9728042946868238,0.005773617263807,2823.3934699573697,18.418908127273895,-8.626928514817905,-0.0070829927244242,2023-02-23 21:22:09.953,0.38909465238975827,2023_02_23,4,"(0.386, 0.409]",-8.626928514817905,-0.0070829927244242
3,7,8,1168.8556316689978,907.4949283114696,3204.058149962664,3204.058149962664,210.61682172791387,138.9188232421875,5.458588199753729,5.349007041643673,320.54993019168955,210.61682172791373,1.5134809017181396,2.000794649124145,2885.293612696892,8.187882299630594,10.917176399507458,13.64647049938432,8.02351056246551,10.698014083287346,13.372517604109182,False,1.5,60.0,53.40096916604439,5.8970775813866405,0.9173532679704692,7.759858247120336,-8.650475035831464,-0.0029200352454994,1.591776,49.25949,38.8723,2023-02-23T21:26:13.959,60.0,Green,data\RV_UMa\2023_02_23\Light\Green\reduced_images\RV_Uma_Light_Green_60_secs_009_reduced.fits,2,0.979925,792.0,27.920391146218343,1172.7094941778853,937.0445630427126,7.0,V* RV UMa,False,0.980489437363181,0.006087635081304,2828.9999109407554,19.14169103534491,-8.629082334462609,-0.0073463512306923,2023-02-23 21:26:13.959,0.39512838571204156,2023_02_23,4,"(0.386, 0.409]",-8.629082334462609,-0.0073463512306923
2,6,7,1168.9377277670426,908.1771300258614,3157.467208803677,3157.467208803677,215.87512151516944,125.56849670410156,5.5263082054802215,5.415367568255206,324.7747041807881,215.87512151516933,1.4981141090393066,1.9601746797561648,2834.0616434712265,8.289462308220333,11.052616410960445,13.815770513700553,8.123051352382811,10.830735136510413,13.538418920638016,False,1.5,60.0,52.62445348006128,6.06006337893814,0.9402560848216268,7.7217079032958145,-8.631023230805638,-0.0029582058853549,1.575403,49.71926,39.35558,2023-02-23T21:30:17.693,60.0,Green,data\RV_UMa\2023_02_23\Light\Green\reduced_images\RV_Uma_Light_Green_60_secs_010_reduced.fits,2,0.979925,792.0,28.606499471199257,1172.7100575478305,937.0322941878704,7.0,V* RV UMa,False,0.9782993843865292,0.0053192126689486,2772.560761121376,16.861790596943024,-8.60720268139977,-0.0066030857771884,2023-02-23 21:30:17.693,0.4011553930708942,2023_02_23,4,"(0.386, 0.409]",-8.60720268139977,-0.0066030857771884
2,6,7,1168.9594941799892,908.42463169521,3012.4680176420743,3012.4680176420743,211.81678564762268,132.36248779296875,5.474115938012727,5.364223060557122,303.2358206613817,211.81678564762265,1.427619218826294,1.8959709405899048,2710.0743035815185,8.211173907019091,10.948231876025456,13.685289845031818,8.046334590835684,10.728446121114244,13.410557651392804,False,1.5,60.0,50.20780029403457,4.830419511436811,0.9225797774874231,7.480695126989122,-8.582452995814297,-0.0029969885052214,1.559355,50.17669,39.84246,2023-02-23T21:34:21.574,60.0,Green,data\RV_UMa\2023_02_23\Light\Green\reduced_images\RV_Uma_Light_Green_60_secs_011_reduced.fits,2,0.979925,792.0,28.854051180547884,1172.761259507842,937.0343617277975,7.0,V* RV UMa,False,1.0064829601311835,0.004710812049723,2727.6436072441825,14.821474438245342,-8.589469062396489,-0.0058996752225114,2023-02-23 21:34:21.574,0.40718603541733955,2023_02_23,4,"(0.386, 0.409]",-8.589469062396489,-0.0058996752225114
2,6,7,1169.030218924421,909.4095211284426,3096.917088457072,3096.917088457072,222.00561818761312,123.04768371582033,5.604227890419923,5.491723015519744,311.62354269896923,222.00561818761315,1.4063067436218262,1.7949299812316897,2784.7090904779,8.406341835629885,11.208455780839849,14.010569726049807,8.237584523279615,10.983446031039488,13.72930753879936,False,1.5,60.0,51.61528480761787,5.819889510039191,0.9669578036616036,7.642128768956897,-8.611949581360422,-0.0029796059898149,1.54379,50.62701,40.32775,2023-02-23T21:38:23.033,60.0,Green,data\RV_UMa\2023_02_23\Light\Green\reduced_images\RV_Uma_Light_Green_60_secs_012_reduced.fits,2,0.979925,792.0,29.83660562852144,1172.638578925253,937.0211783194744,7.0,V* RV UMa,False,0.9753685227465836,0.0069765581946976,2716.117591858412,20.80854269557149,-8.584871421007266,-0.0083179712986502,2023-02-23 21:38:23.033,0.4131567870147137,2023_02_23,4,"(0.409, 0.432]",-8.584871421007266,-0.0083179712986502
2,5,6,1169.0489672928609,909.6512536856668,2999.456528210539,2999.456528210539,248.3118143395028,111.25527954101562,5.926966822564198,5.807982963601222,346.7896286484953,248.31181433950263,1.4044606685638428,1.8493010997772217,2650.71235143098,8.890450233846298,11.853933645128397,14.817417056410497,8.711974445401834,11.615965927202444,14.519957409003055,False,1.5,60.0,49.99094213684232,7.360702179706293,1.081535902456501,7.644159876598939,-8.55840650439098,-0.0031310606480942,1.528632,51.07216,40.81334,2023-02-23T21:42:23.131,60.0,Green,data\RV_UMa\2023_02_23\Light\Green\reduced_images\RV_Uma_Light_Green_60_secs_013_reduced.fits,2,0.979925,792.0,30.078047075170165,1172.7398891581165,937.0346985253798,7.0,V* RV UMa,False,0.99829641133766,0.0050254543546441,2646.1966279219578,15.352009723368443,-8.556555279191029,-0.006298939616422,2023-02-23 21:42:23.131,0.41909388406656944,2023_02_23,4,"(0.409, 0.432]",-8.556555279191029,-0.006298939616422
1,4,5,1169.5970325131657,910.6854696159262,3017.7881639698016,3017.7881639698016,320.31997199737,64.95801544189453,6.731716433879841,6.596577226469703,440.9027088048956,320.31997199736986,1.3675849437713623,1.8192983865737915,2579.723393076934,10.097574650819762,13.463432867759682,16.8292910846996,9.894865839704556,13.193154452939408,16.49144306617426,False,1.5,60.0,50.29646939949669,8.772372803899,1.3951714335885446,7.775860957925125,-8.528932854733238,-0.0032726507763744,1.513806,51.51405,41.30124,2023-02-23T21:46:22.842,60.0,Green,data\RV_UMa\2023_02_23\Light\Green\reduced_images\RV_Uma_Light_Green_60_secs_014_reduced.fits,2,0.979925,792.0,31.191742793620254,1172.6617290456752,937.0153027254366,7.0,V* RV UMa,False,1.0162061843007093,0.0050455150375092,2621.53086582999,15.226844563862064,-8.546387438626864,-0.0063063672614723,2023-02-23 21:46:22.842,0.4250214114568962,2023_02_23,4,"(0.409, 0.432]",-8.546387438626864,-0.0063063672614723
1,4,5,1169.6004065751488,911.3274883243696,3015.404435864115,3015.404435864115,304.2711718485707,82.12114715576172,6.560911931198696,6.429201624179882,402.8646474233209,304.27117184857065,1.3117120265960691,1.863253116607666,2616.288280403865,9.841367896798044,13.121823862397392,16.40227982799674,9.643802436269825,12.858403248359764,16.073004060449705,False,1.5,60.0,50.25674059773525,9.153049335887223,1.3252699929404412,7.793270168970335,-8.54421398950784,-0.0032341373232029,1.499156,51.95726,41.79651,2023-02-23T21:50:24.697,60.0,Green,data\RV_UMa\2023_02_23\Light\Green\reduced_images\RV_Uma_Light_Green_60_secs_015_reduced.fits,2,0.979925,792.0,31.824143013135217,1172.771530570065,937.0859550705574,7.0,V* RV UMa,False,0.990965827968592,0.0066697221916663,2592.65228199494,19.08251040792992,-8.53436068631499,-0.0079912653815733,2023-02-23 21:50:24.697,0.4310019552659696,2023_02_23,4,"(0.409, 0.432]",-8.53436068631499,-0.0079912653815733
2,5,6,1172.9517299788608,937.1240049090288,3095.530008615904,3095.530008615904,262.32178586083535,109.55091857910156,6.091875018813218,5.969580627810543,837.9900693375278,262.3217858608355,3.2013728618621826,3.996455430984497,2255.740162285803,9.137812528219824,12.183750037626435,15.229687547033045,8.954370941715814,11.939161255621086,14.923951569526356,False,1.5,60.0,51.59216681026507,14.816673324763109,1.142557111749416,8.218965704197675,-8.383222680006362,-0.0039559647781729,1.206906,62.69477,55.9258,2023-04-03T21:04:33.130,60.0,Green,data\RV_UMa\2023_04_03\Light\Green\reduced_images\RV_Uma_Light_Green_60_secs_001_reduced.fits,2,0.979925,792.0,57.82115016549911,1172.7485039450546,937.1236515067066,7.0,V* RV UMa,False,0.8522959292388729,0.005187292534344,1922.5581577368243,13.637727394973933,-8.209698715399739,-0.007701704275503,2023-04-03 21:04:33.130,0.6857808600674389,2023_04_03,5,"(0.682, 0.705]",-8.209698715399739,-0.007701704275503
2,4,5,1156.735796230693,911.1863291967358,3219.10758594384,3219.10758594384,295.4430444461809,110.36361694335938,6.465032159461354,6.335246638860168,908.4050520973946,295.4430444461809,3.09519910812378,3.7101588249206543,2304.652538272647,9.697548239192033,12.930064318922708,16.162580398653386,9.502869958290251,12.670493277720336,15.83811659715042,False,1.5,60.0,53.651793099064,16.3550025395606,1.28681859358781,8.443554596981794,-8.406513645262553,-0.0039778113058492,1.182106,63.84655,57.74958,2023-04-03T21:17:35.722,60.0,Green,data\RV_UMa\2023_04_03\Light\Green\reduced_images\RV_Uma_Light_Green_60_secs_002_reduced.fits,2,0.979925,792.0,32.021177135907834,1172.7340342749735,937.0417701519914,7.0,V* RV UMa,False,0.8449552088669713,0.0024048540954941,1947.32816684196,9.03425172136665,-8.223597864212245,-0.0050370627528556,2023-04-03 21:17:35.722,0.7051326441554693,2023_04_03,5,"(0.705, 0.727]",-8.223597864212245,-0.0050370627528556
2,5,6,1166.013535828481,916.2602501337456,3050.5703926203228,3050.5703926203228,248.2899948586976,129.34176635742188,5.926706411716975,5.807727780501757,725.6421346288073,248.28999485869747,2.9277801513671875,3.6322598457336426,2323.631873889967,8.890059617575464,11.85341282343395,14.816766029292438,8.711591670752636,11.615455561003516,14.519319451254391,False,1.5,60.0,50.84283987700538,12.403197963920125,1.0814408664956603,8.020441303782553,-8.415418312951246,-0.0037476175118376,1.159016,64.95842,59.6102,2023-04-03T21:30:43.832,60.0,Green,data\RV_UMa\2023_04_03\Light\Green\reduced_images\RV_Uma_Light_Green_60_secs_003_reduced.fits,2,0.979925,792.0,36.3161130394536,1172.733096072079,937.07811040401,7.0,V* RV UMa,False,0.8308800451996872,0.0063905996305956,1930.6593564051295,16.27617689192749,-8.214264135142505,-0.0091531602755225,2023-04-03 21:30:43.832,0.7246208762837796,2023_04_03,5,"(0.705, 0.727]",-8.214264135142505,-0.0091531602755225
2,5,6,1172.0104479299678,942.7393819040324,3079.7441165293085,3079.7441165293085,270.5085524559563,101.08570098876952,6.1862049592082045,6.0620168946521,768.4473177968011,270.5085524559563,2.818895101547241,3.6424310207366943,2317.2088830845782,9.279307438812308,12.372409918416407,15.465512398020511,9.09302534197815,12.1240337893042,15.15504223663025,False,1.5,60.0,51.32906860882181,13.717525260350923,1.1782150284748316,8.137862673801246,-8.412412961775408,-0.003813023590059,1.137836,66.03397,61.48461,2023-04-03T21:43:56.898,60.0,Green,data\RV_UMa\2023_04_03\Light\Green\reduced_images\RV_Uma_Light_Green_60_secs_004_reduced.fits,2,0.979925,792.0,63.24869419789432,1172.7610731642217,937.1525427241696,7.0,V* RV UMa,False,0.8316605800526478,0.0065643587878002,1927.1312838092683,16.648700794684576,-8.21227825380497,-0.0093797954331602,2023-04-03 21:43:56.898,0.7442316594242584,2023_04_03,5,"(0.727, 0.75]",-8.21227825380497,-0.0093797954331602
2,5,6,1162.923895252283,925.168367838281,3047.258613095464,3047.258613095464,267.34053127543115,119.02994537353516,6.149873858962804,6.026415141244127,738.3404053146714,267.3405312754312,2.7709317207336426,3.4102132320404053,2306.4762547465875,9.224810788444206,12.299747717925609,15.374684647407012,9.039622711866189,12.052830282488252,15.066037853110316,False,1.5,60.0,50.78764355159107,13.52869523907406,1.1644165362218777,8.092018000899838,-8.40737246972619,-0.0038091859367946,1.118069,67.06021,63.41229,2023-04-03T21:57:21.938,60.0,Green,data\RV_UMa\2023_04_03\Light\Green\reduced_images\RV_Uma_Light_Green_60_secs_005_reduced.fits,2,0.979925,792.0,45.18118474102155,1172.739001314751,937.16078607371,7.0,V* RV UMa,False,0.8200229399721698,0.0031060864398919,1891.363439393296,9.765053081032049,-8.191937474356138,-0.0056056236737146,2023-04-03 21:57:21.938,0.7641385333282642,2023_04_03,5,"(0.75, 0.773]",-8.191937474356138,-0.0056056236737146
2,5,6,1157.188147639134,914.3842374833356,3041.018941314784,3041.018941314784,275.7480705888186,102.65950012207033,6.245828366536668,6.120443362078444,742.3320816992452,275.7480705888186,2.6760735511779785,3.390876293182373,2303.096822823688,9.368742549805004,12.491656733073336,15.61457091634167,9.180665043117669,12.240886724156889,15.30110840519611,False,1.5,60.0,50.68364902191306,11.421079487039291,1.201036040786854,7.95649197509425,-8.40578049051864,-0.003750885032109,1.097897,68.12498,65.60333,2023-04-03T22:12:31.441,60.0,Green,data\RV_UMa\2023_04_03\Light\Green\reduced_images\RV_Uma_Light_Green_60_secs_006_reduced.fits,2,0.979925,792.0,35.05249092285237,1172.695552223406,937.130710510954,7.0,V* RV UMa,False,0.8288988240225014,0.0028507329996255,1909.0342480485144,9.306002022278886,-8.202034299251672,-0.0052926569166944,2023-04-03 22:12:31.441,0.7866285481551358,2023_04_03,5,"(0.773, 0.795]",-8.202034299251672,-0.0052926569166944
2,4,5,1159.772195298982,914.0202801875014,2898.7478826443303,2898.7478826443303,221.5372085923612,132.81829833984375,5.598312589125372,5.48592646389868,575.6280759330939,221.5372085923611,2.5817251205444336,3.495889186859131,2326.7997060861394,8.39746888368806,11.196625178250745,13.99578147281343,8.228889695848022,10.97185292779736,13.714816159746702,False,1.5,60.0,48.31246471073884,11.09419182736966,0.9649176196467286,7.76991468149781,-8.416897500669126,-0.003625614037821,1.073798,69.39956,68.61931,2023-04-03T22:33:07.631,60.0,Green,data\RV_UMa\2023_04_03\Light\Green\reduced_images\RV_Uma_Light_Green_60_secs_007_reduced.fits,2,0.979925,792.0,34.28197480639131,1172.734061953129,937.140594539988,7.0,V* RV UMa,False,0.8247993099902017,0.0040589795523972,1919.142792065252,11.413488408681433,-8.207768223054027,-0.0064570690826799,2023-04-03 22:33:07.631,0.8171968161311725,2023_04_03,5,"(0.795, 0.818]",-8.207768223054027,-0.0064570690826799
2,6,7,1171.6940917426548,914.082957767477,2967.210168023284,2967.210168023284,257.862904716144,125.03517150878906,6.0398790220120375,5.918628450645146,652.3680627862249,257.862904716144,2.5216832160949707,3.277872085571289,2316.961609147087,9.059818533018056,12.079758044024077,15.099697555030094,8.87794267596772,11.837256901290292,14.796571126612866,False,1.5,60.0,49.45350280038807,12.408100178167636,1.1231362072080937,7.936292534033999,-8.412297094537838,-0.0037189740657482,1.061076,70.02719,70.45176,2023-04-03T22:45:38.636,60.0,Green,data\RV_UMa\2023_04_03\Light\Green\reduced_images\RV_Uma_Light_Green_60_secs_008_reduced.fits,2,0.979925,792.0,34.94062188805469,1172.747390410574,937.131007659158,7.0,V* RV UMa,False,0.8117188783518006,0.0034259445659036,1880.7214785610563,10.222927336333973,-8.185811210991492,-0.0059016725518344,2023-04-03 22:45:38.636,0.8357675229734696,2023_04_03,5,"(0.818, 0.841]",-8.185811210991492,-0.0059016725518344
2,5,6,1164.944154687245,936.7980961858556,2904.3062816220745,2904.3062816220745,245.6243064979689,108.12432861328124,5.894805436251707,5.776467217118954,587.6813001282856,245.624306497969,2.3882744312286377,2.857527732849121,2317.6880307247093,8.842208154377559,11.789610872503411,14.737013590629267,8.66470082567843,11.552934434237908,14.441168042797386,False,1.5,60.0,48.40510469370124,10.16301146991272,1.069830312746709,7.722560875536085,-8.412637444844542,-0.0036176844445265,1.049588,70.52938,72.30539,2023-04-03T22:58:17.919,60.0,Green,data\RV_UMa\2023_04_03\Light\Green\reduced_images\RV_Uma_Light_Green_60_secs_009_reduced.fits,2,0.979925,792.0,56.80594298496547,1172.7610105075328,937.1816486861104,7.0,V* RV UMa,False,0.8091664275370042,0.0058648895819297,1875.3953439667876,14.960520990171291,-8.182732083632336,-0.0086612027343076,2023-04-03 22:58:17.919,0.8545429266034716,2023_04_03,5,"(0.841, 0.864]",-8.182732083632336,-0.0086612027343076
2,7,7,1169.5079667054208,903.764450958989,2951.504080633974,2951.504080633974,271.7008518662599,103.72260284423828,6.199823195815547,6.07536174515955,628.9422773899971,271.7008518662599,2.308123111724853,2.91302490234375,2324.3850649661285,9.29973479372332,12.399646391631094,15.499557989538868,9.113042617739325,12.1507234903191,15.188404362898876,False,1.5,60.0,49.1917346772329,13.83566409602919,1.183408154795265,8.013164601333068,-8.415770190682505,-0.0037430041405296,1.039277,70.82226,74.18698,2023-04-03T23:10:57.021,60.0,Green,data\RV_UMa\2023_04_03\Light\Green\reduced_images\RV_Uma_Light_Green_60_secs_010_reduced.fits,2,0.979925,792.0,24.394401542366552,1172.7489846616145,937.044045032957,7.0,V* RV UMa,False,0.7978246740261662,0.0044360783689864,1854.4517567678904,12.132256028687848,-8.170538849295005,-0.0071031395492863,2023-04-03 23:10:57.021,0.8733138545005659,2023_04_03,5,"(0.864, 0.886]",-8.170538849295005,-0.0071031395492863
2,5,6,1165.058059996565,913.0235653072872,2919.988206375575,2919.988206375575,267.648353878484,96.47886657714844,6.153413399996936,6.029883625991998,593.8047800707985,267.648353878484,2.2238622903823853,3.0879366397857666,2324.7751251022946,9.230120099995403,12.306826799993871,15.38353349999234,9.044825438987996,12.059767251983995,15.074709064979992,False,1.5,60.0,48.66647010625958,12.960546472005474,1.16575727467073,7.924189160597808,-8.415952375161226,-0.0037008220589225,1.029036,70.84449,76.34754,2023-04-03T23:25:35.320,60.0,Green,data\RV_UMa\2023_04_03\Light\Green\reduced_images\RV_Uma_Light_Green_60_secs_011_reduced.fits,2,0.979925,792.0,33.04051083989157,1172.721581573967,937.1691365264676,7.0,V* RV UMa,False,0.7961001114434143,0.0029497939820818,1850.753736174814,9.317901994749496,-8.168371586947657,-0.0054663045387103,2023-04-03 23:25:35.320,0.895032262831819,2023_04_03,5,"(0.886, 0.909]",-8.168371586947657,-0.0054663045387103
2,6,6,1154.946335398779,924.0443068721544,2914.303030265054,2914.303030265054,267.2574475405089,110.1802978515625,6.148918159893016,6.025478627833165,585.6695803648807,267.25744754050874,2.1926281452178955,2.8994574546813965,2328.306828768639,9.223377239839524,12.297836319786033,15.37229539973254,9.038217941749748,12.05095725566633,15.063696569582907,False,1.5,60.0,48.57171717108424,11.138539272733295,1.164054660398661,7.802199119749265,-8.417600529786215,-0.0036383220443174,1.021509,70.39271,78.21348,2023-04-03T23:38:13.815,60.0,Green,data\RV_UMa\2023_04_03\Light\Green\reduced_images\RV_Uma_Light_Green_60_secs_012_reduced.fits,2,0.979925,792.0,44.96520666648736,1172.747182697621,937.1041251982,7.0,V* RV UMa,False,0.7976833077738601,0.004558875262157,1857.2514926846345,12.30451186475558,-8.172176790165159,-0.0071931313912313,2023-04-03 23:38:13.815,0.9137881809499504,2023_04_03,5,"(0.909, 0.932]",-8.172176790165159,-0.0071931313912313
2,4,5,1150.239537274721,918.438953708996,2896.761481446815,2896.761481446815,244.22022070373905,116.54852294921876,5.877932767979173,5.759933267661991,532.1616808882948,244.2202207037392,2.1819863319396973,2.717305898666382,2363.8762978879604,8.816899151968759,11.755865535958346,14.694831919947934,8.639899901492987,11.519866535323985,14.39983316915498,False,1.5,60.0,48.279358024113584,9.35259621990858,1.0637147390651742,7.661309873845813,-8.434061865220269,-0.0035188649733225,1.015003,69.31854,80.12997,2023-04-03T23:51:13.882,60.0,Green,data\RV_UMa\2023_04_03\Light\Green\reduced_images\RV_Uma_Light_Green_60_secs_013_reduced.fits,2,0.979925,792.0,40.82772950650244,1172.6988145381863,937.1255904534568,7.0,V* RV UMa,False,0.7995060443961429,0.0028432793698812,1889.9333883662016,9.093561177152404,-8.191116243799787,-0.0052241040139263,2023-04-03 23:51:13.882,0.9330775273248264,2023_04_03,5,"(0.932, 0.955]",-8.191116243799787,-0.0052241040139263
3,5,6,1165.013953594897,918.9198794172302,3036.9089520896905,3036.9089520896905,277.6229188634725,100.25526428222656,6.267025511195479,6.14121497405823,594.1355945417628,277.6229188634723,2.1374497413635254,2.733139991760254,2443.5039159683743,9.40053826679322,12.534051022390958,15.667563777988695,9.211822461087346,12.28242994811646,15.353037435145575,False,1.5,60.0,50.615149201494845,11.263875069362996,1.2092020466053466,7.942809724364747,-8.470032598416712,-0.0035292745098098,1.009815,67.17226,81.99975,2023-04-04T00:04:06.399,60.0,Green,data\RV_UMa\2023_04_03\Light\Green\reduced_images\RV_Uma_Light_Green_60_secs_014_reduced.fits,2,0.979925,792.0,38.93308510437287,1172.7146101548822,937.054420617459,7.0,V* RV UMa,False,0.7937035925408559,0.0030745483139858,1939.417836491748,9.807324941088584,-8.219178463560095,-0.0054903938491299,2023-04-04 00:04:06.399,0.9521801787553841,2023_04_03,5,"(0.932, 0.955]",-8.219178463560095,-0.0054903938491299
2,7,6,1162.979457406612,922.7643818618463,2392.0857726314,2392.0857726314,251.84428935353608,104.4070816040039,5.968976352968246,5.849149152682409,201.9371557783772,251.84428935353628,0.808003693819046,1.255631685256958,2188.594656566509,8.953464529452368,11.937952705936492,14.922440882420617,8.773723729023613,11.698298305364816,14.622872881706025,False,1.5,60.0,39.86809621052332,4.591217938861338,1.0969217936287348,6.749535979829532,-8.350413336403586,-0.0033483658367854,1.07033,69.55235,69.0994,2023-04-19T21:33:33.512,60.0,Green,data\RV_UMa\2023_04_19\Light\Green\reduced_images\RV_Uma_Light_Green_60_secs_001_reduced.fits,2,0.979925,792.0,42.77655740251583,1172.7747645343766,937.1319317115222,7.0,V* RV UMa,False,0.8300889686085478,0.0039551476096909,1816.728281171472,10.31118209640728,-8.148224942358972,-0.0061622994654457,2023-04-19 21:33:33.512,0.9125373564794472,2023_04_19,6,"(0.909, 0.932]",-8.148224942358972,-0.0061622994654457
2,7,8,1121.0362325097758,906.3877127242058,2345.5850720778217,2345.5850720778217,243.4798296820579,121.98062133789062,5.869016077831278,5.751195580068815,192.5405644750345,243.47982968205773,0.785180926322937,1.275371789932251,2154.4093538671127,8.803524116746917,11.738032155662555,14.672540194578191,8.626793370103224,11.50239116013763,14.377988950172035,False,1.5,60.0,39.09308453463037,4.798832989693104,1.0604899248374076,6.704655654779064,-8.333320564994029,-0.0033788784716161,1.059078,70.10063,70.75902,2023-04-19T21:44:46.933,60.0,Green,data\RV_UMa\2023_04_19\Light\Green\reduced_images\RV_Uma_Light_Green_60_secs_002_reduced.fits,2,0.979925,792.0,50.420201306314304,1172.71570641094,937.066968721591,7.0,V* RV UMa,False,0.8255348852421056,0.0030359109027603,1778.5400787092058,8.568243656194653,-8.125159140723433,-0.0052306115898559,2023-04-19 21:44:46.933,0.9291895811282984,2023_04_19,6,"(0.909, 0.932]",-8.125159140723433,-0.0052306115898559
2,7,8,1100.020129332994,897.5908259289987,2352.1028727335306,2352.1028727335306,260.49666785486494,94.4324188232422,6.070645753538133,5.948777540035855,201.78059437160607,260.496667854865,0.7683042287826538,1.1476399898529053,2151.962181236848,9.1059686303072,12.141291507076266,15.176614383845331,8.923166310053782,11.89755508007171,14.87194385008964,False,1.5,60.0,39.20171454555884,4.570533367194912,1.1346077088789672,6.701257764153885,-8.332086586834773,-0.0033810065229755,1.047613,70.55559,72.64771,2023-04-19T21:57:37.823,60.0,Green,data\RV_UMa\2023_04_19\Light\Green\reduced_images\RV_Uma_Light_Green_60_secs_003_reduced.fits,2,0.979925,792.0,66.35405795752925,1172.704160478629,937.106414068442,7.0,V* RV UMa,False,0.8230785904619062,0.0033354892606016,1771.233998859754,9.052293020334698,-8.120689849757278,-0.0055489010907558,2023-04-19 21:57:37.823,0.9482520004165735,2023_04_19,6,"(0.932, 0.955]",-8.120689849757278,-0.0055489010907558
2,6,7,1141.0927625123218,893.4549237301902,2157.162079399376,2157.162079399376,227.695748728672,90.95970153808594,5.675593277353149,5.561655742310284,178.48841382160444,227.695748728672,0.782829225063324,1.226030707359314,1978.915192871896,8.513389916029723,11.351186554706295,14.188983193382873,8.342483613465427,11.123311484620569,13.90413935577571,False,1.5,60.0,35.95270132332293,4.316747384189253,0.9917414833515492,6.423487385436647,-8.241067956894263,-0.0035242605849391,1.036605,70.83235,74.71778,2023-04-19T22:11:37.416,60.0,Green,data\RV_UMa\2023_04_19\Light\Green\reduced_images\RV_Uma_Light_Green_60_secs_004_reduced.fits,2,0.979925,792.0,26.566454447331253,1172.652533292132,937.0144278853376,7.0,V* RV UMa,False,0.8937192656766978,0.0033506972263772,1768.5946330099316,8.770604798225062,-8.119070756919841,-0.0053842542487263,2023-04-19 22:11:37.416,0.9690132942425862,2023_04_19,6,"(0.955, 0.977]",-8.119070756919841,-0.0053842542487263
2,8,8,1132.3760909213888,892.5868534387024,2330.168399168488,2330.168399168488,244.9852627333859,108.4035186767578,5.887132148352413,5.768947970474239,191.39260455728805,244.985262733386,0.7702752947807312,1.2688003778457642,2141.462303699594,8.83069822252862,11.774264296704828,14.717830370881034,8.653421955711357,11.537895940948475,14.422369926185596,False,1.5,60.0,38.83613998614146,4.476705942829924,1.0670469221276362,6.661823537973595,-8.32677608471456,-0.0033775906269244,1.027451,70.75203,76.71681,2023-04-19T22:25:07.226,60.0,Green,data\RV_UMa\2023_04_19\Light\Green\reduced_images\RV_Uma_Light_Green_60_secs_005_reduced.fits,2,0.979925,792.0,34.036752267213174,1172.6736359650329,936.9774428430368,7.0,V* RV UMa,False,0.838563119534219,0.0028952285823723,1795.751309755267,8.34551953799617,-8.13561547965987,-0.0050458171243955,2023-04-19 22:25:07.226,0.9890381197869829,2023_04_19,6,"(0.977, 1.0]",-8.13561547965987,-0.0050458171243955
3,7,6,1100.2482125247682,884.7410634937546,2434.5021447714903,2434.5021447714903,247.31028569160435,115.89094543457033,5.91500197766757,5.796258312965894,174.67430981849697,247.3102856916045,0.7031560838222504,1.2326397895812988,2260.60441279562,8.872502966501354,11.83000395533514,14.787504944168926,8.69438746944884,11.592516625931788,14.490645782414736,False,1.5,60.0,40.5750357461915,3.612213889146695,1.077173688790099,6.727884015359383,-8.385561427567282,-0.0032313071741091,1.019945,70.15263,78.64284,2023-04-19T22:38:12.758,60.0,Green,data\RV_UMa\2023_04_19\Light\Green\reduced_images\RV_Uma_Light_Green_60_secs_006_reduced.fits,2,0.979925,792.0,63.92783501213644,1172.767610693996,937.136222495583,7.0,V* RV UMa,False,0.815903419747036,0.0030193567130076,1844.4348710951867,8.759045308385952,-8.164658311114488,-0.005156057695214,2023-04-19 22:38:12.758,0.008462603628004217,2023_04_19,6,"(-0.001, 0.0227]",-8.164658311114488,-0.005156057695214
