Unnamed: 0.1,Unnamed: 0,id,xcenter,ycenter,aperture_sum,Circ_sum_flux,Circ_area (reduced pixs),Max_Flux,FWHM_from_aperature (reduced pix),FWHM_from_aperature (arcsec),Annu_sum_flux,Annu_area (reduced pix),Annu_pix_flux_median,Annu_pix_flux_max,Circ_sum_flux_minus_back,Apperature_radius (reduced pix),Anulus_in_radius (reduced pix),Anulus_out_radius (reduced pix),Apperature_radius (arcsec),Anulus_in_radius (arcsec),Anulus_out_radius (arcsec),Saturated,Number_FWHM,Exposure_sec,Er1_source,Er2_sky,Er3_read,Circ_sum_flux_minus_back_ERROR,Source_Mag,Source_Mag_Error,Air mass,Azimuth,Altitude,Date Observation,Exposure time /s ,Filter,File,BINNED,Arcsec_per_pix_binned_image,max_dist,Distance_to_centre_pix,xcenter_transformed,ycenter_transformed,matched_id,matched_MAIN_ID,matched_Normilsation_star,Norm_multiply_factor,Norm_multiply_factor_ERROR,Circ_sum_flux_minus_back_norm,Circ_sum_flux_minus_back_ERROR_norm,Source_Mag_norm,Source_Mag_Error_norm,time,phase,epoch_folder,epoch,phase_bin,Source_Mag_norm_calibrated,Source_Mag_Error_norm_calibrated
0,0,1,1194.2404851513377,885.3451240246458,6011.051994050664,6011.051994050664,171.44260751137188,305.7069702148437,4.924852028639917,4.825985624164971,432.936618816486,171.442607511372,2.554916024208069,3.3025121688842773,5573.030528887845,7.387278042959875,9.849704057279832,12.312130071599793,7.238978436247456,9.65197124832994,12.064964060412429,False,1.5,18.0,333.9473330028147,23.75394726750473,8.296975573389847,19.13108088539979,-9.36522855528594,-0.003727111675733,1.097901,319.043,65.60289,2022-12-07T20:21:51.613,18.0,Red,data\RZ_Cep\2022_12_07\Light\Red\reduced_images\star_Light_Red_18_secs_001_reduced.fits,2,0.979925,792.0,30.709237910229984,1200.2412824048463,798.4609515360532,1.0,V* RZ Cep,True,0.9486856157331228,0.0030071466212783,5287.053898797456,24.703470136732253,-9.30803434459184,-0.0050730430262328,2022-12-07 20:21:51.613,0.0,2022_12_07,1,"(-0.001, 0.0345]",-9.30803434459184,-0.0050730430262328
0,0,1,1193.103617610478,884.0540489800435,5840.826615330939,5840.826615330939,168.1648152321639,294.1321716308594,4.877545976623367,4.779629241142652,418.0833499604829,168.16481523216387,2.4831619262695312,3.932380437850952,5423.246148808279,7.31631896493505,9.755091953246732,12.193864941558417,7.16944386171398,9.559258482285305,11.949073102856632,False,1.5,18.0,324.4903675183855,34.683702033971706,8.138346613704721,19.165396321653823,-9.335648291303984,-0.0038369205627021,1.102489,318.7182,65.08157,2022-12-07T20:27:00.052,18.0,Red,data\RZ_Cep\2022_12_07\Light\Red\reduced_images\star_Light_Red_18_secs_002_reduced.fits,2,0.979925,792.0,29.384619635951065,1200.2543316775211,798.4425185366096,1.0,V* RZ Cep,True,0.985192609010066,0.0039287986435075,5342.942022648221,28.46922191339961,-9.31945115397656,-0.0057852143672243,2022-12-07 20:27:00.052,0.011564138570712831,2022_12_07,1,"(-0.001, 0.0345]",-9.31945115397656,-0.0057852143672243
0,0,1,1194.7870085781462,883.789263902488,5602.908238796845,5602.908238796845,155.38988416549847,309.2199401855469,4.688621514680561,4.594497437773349,387.03636551534765,155.3898841654985,2.436902403831482,3.821669578552246,5224.238256542846,7.032932272020841,9.377243029361122,11.721553786701405,6.891746156660023,9.188994875546696,11.486243594433372,False,1.5,18.0,311.27267993315803,27.8800178562791,7.520103036157455,18.61915145288836,-9.295057437868106,-0.0038695568313634,1.107266,318.4286,64.55384,2022-12-07T20:32:08.792,18.0,Red,data\RZ_Cep\2022_12_07\Light\Red\reduced_images\star_Light_Red_18_secs_003_reduced.fits,2,0.979925,792.0,31.01932330199272,1200.2572437744548,798.4718700406837,1.0,V* RZ Cep,True,1.0265644785457624,0.003784138942817,5363.01742162673,27.49834155411176,-9.323523019400056,-0.0055670050363267,2022-12-07 20:32:08.792,0.023139562373545412,2022_12_07,1,"(-0.001, 0.0345]",-9.323523019400056,-0.0055670050363267
0,0,1,1196.1160248171875,883.1214900636429,5495.941420565137,5495.941420565137,163.75291156126707,300.55255126953125,4.813138068122905,4.716514321405338,389.67411126201125,163.75291156126696,2.393706798553467,3.41910982131958,5103.964962878008,7.219707102184357,9.62627613624581,12.032845170307262,7.074771482108007,9.433028642810676,11.791285803513343,False,1.5,18.0,305.3300789202854,32.03561565884238,7.924832263211936,18.5819946949282,-9.269769211069123,-0.0039528375573978,1.112207,318.178,64.0232,2022-12-07T20:37:17.359,18.0,Red,data\RZ_Cep\2022_12_07\Light\Red\reduced_images\star_Light_Red_18_secs_004_reduced.fits,2,0.979925,792.0,32.26736354702132,1200.2428666279852,798.4704546021561,1.0,V* RZ Cep,True,1.06320259996387,0.0032384078954513,5426.548818656395,25.758783566265347,-9.33630928597678,-0.005153780946791,2022-12-07 20:37:17.359,0.03470849997984405,2022_12_07,1,"(0.0345, 0.069]",-9.33630928597678,-0.005153780946791
0,0,1,1195.848788494357,882.0520495628574,5357.03675066633,5357.03675066633,172.3926048729742,252.20144653320312,4.938477967779304,4.839338022576134,385.67529842529575,172.39260487297415,2.219801425933838,3.483055830001831,4974.359400548853,7.407716951668956,9.876955935558607,12.34619491944826,7.259007033864202,9.678676045152269,12.098345056440335,False,1.5,18.0,297.6131528147961,31.66883684429943,8.342950754346404,18.374573203572428,-9.24184290028231,-0.0040105544790141,1.117281,317.9642,63.49321,2022-12-07T20:42:24.806,18.0,Red,data\RZ_Cep\2022_12_07\Light\Red\reduced_images\star_Light_Red_18_secs_005_reduced.fits,2,0.979925,792.0,31.91482783858797,1200.2016402782042,798.4599981106943,1.0,V* RZ Cep,True,1.0924207869805964,0.003284657777851,5434.093611071906,25.882060898864385,-9.337817788932044,-0.0051712562541057,2022-12-07 20:42:24.806,0.04623544602476686,2022_12_07,1,"(0.0345, 0.069]",-9.337817788932044,-0.0051712562541057
0,0,1,1195.6254978105617,881.1627456634569,5248.151732191091,5248.151732191091,179.68061951515102,235.698486328125,5.041786171467441,4.940572314075233,393.3501031961475,179.68061951515108,2.2047314643859863,3.3676648139953613,4852.004216805671,7.562679257201162,10.083572342934882,12.604465428668604,7.410858471112848,9.881144628150466,12.351430785188082,False,1.5,18.0,291.5639851217272,26.39875919553741,8.695654672832,18.07369356247075,-9.214802924084154,-0.0040443624072935,1.122532,317.7844,62.95995,2022-12-07T20:47:31.916,18.0,Red,data\RZ_Cep\2022_12_07\Light\Red\reduced_images\star_Light_Red_18_secs_006_reduced.fits,2,0.979925,792.0,31.64686539364886,1200.2126484785229,798.4829967374476,1.0,V* RZ Cep,True,1.135803090722007,0.0047481082072269,5510.921385644091,30.856884971167798,-9.35306053943789,-0.0060792805476281,2022-12-07 20:47:31.916,0.05774975710881142,2022_12_07,1,"(0.0345, 0.069]",-9.35306053943789,-0.0060792805476281
0,0,1,1197.5521457654916,880.2843550842489,5072.645879209262,5072.645879209262,184.00761535067107,234.6748046875,5.102132151223004,4.999706848287202,394.0979711338792,184.00761535067096,2.12994396686554,3.049558639526367,4680.719969035785,7.653198226834506,10.204264302446008,12.75533037805751,7.499560272430804,9.999413696574404,12.499267120718006,False,1.5,18.0,281.81365995607007,25.74426560914577,8.9050599033905,17.789406551895045,-9.175781648994436,-0.0041264170645381,1.127942,317.624,62.42549,2022-12-07T20:52:39.706,18.0,Red,data\RZ_Cep\2022_12_07\Light\Red\reduced_images\star_Light_Red_18_secs_007_reduced.fits,2,0.979925,792.0,33.5533507012747,1200.255982033295,798.4536531784422,1.0,V* RZ Cep,True,1.1867227015265056,0.0061289718175359,5554.716646743208,35.61852915781613,-9.361654774801355,-0.0069620700975895,2022-12-07 20:52:39.706,0.06928956306940559,2022_12_07,1,"(0.069, 0.103]",-9.361654774801355,-0.0069620700975895
0,0,1,1197.629089233085,879.8267199583744,4804.917986460414,4804.917986460414,178.55825510645954,214.322509765625,5.0260148940891485,4.925117645090309,371.6625589016028,178.5582551064595,2.119671106338501,3.282761812210083,4426.4332123130325,7.539022341133723,10.052029788178295,12.56503723522287,7.387676467635464,9.85023529018062,12.312794112725772,False,1.5,18.0,266.93988813668966,28.828150003338845,8.641337777991621,17.44733148415597,-9.115134789517006,-0.0042795629257593,1.133489,317.5016,61.89242,2022-12-07T20:57:46.776,18.0,Red,data\RZ_Cep\2022_12_07\Light\Red\reduced_images\star_Light_Red_18_secs_008_reduced.fits,2,0.979925,792.0,33.62953565869778,1200.235735685927,798.4582987153202,1.0,V* RZ Cep,True,1.2758501552106398,0.0093666343330028,5647.465500959113,47.05860203497494,-9.379633966493683,-0.0090471075858718,2022-12-07 20:57:46.776,0.08080237445482956,2022_12_07,1,"(0.069, 0.103]",-9.379633966493683,-0.0090471075858718
0,0,1,1199.0152461107828,878.8316261605646,4753.618049689729,4753.618049689729,210.44135088315488,175.02638244628906,5.456313873668852,5.34677837265495,427.1706926395998,210.4413508831548,2.050710201263428,2.8594322204589844,4322.063824665986,8.184470810503278,10.912627747337703,13.640784684172129,8.020167558982426,10.6935567453099,13.366945931637376,False,1.5,18.0,264.0898916494294,29.02978876748369,10.184322166197123,17.415625242382493,-9.089227939741251,-0.0043749411441455,1.1393,317.401,61.34912,2022-12-07T21:02:57.250,18.0,Red,data\RZ_Cep\2022_12_07\Light\Red\reduced_images\star_Light_Red_18_secs_009_reduced.fits,2,0.979925,792.0,35.03473358864548,1200.3091862997985,798.4147284279419,1.0,V* RZ Cep,True,1.3242427140694872,0.0058286748400827,5723.461529557234,34.154233290589445,-9.394146920099548,-0.0064790315157787,2022-12-07 21:02:57.250,0.09244281019286366,2022_12_07,1,"(0.069, 0.103]",-9.394146920099548,-0.0064790315157787
0,0,1,1199.8432092485027,878.3851458371062,4539.432416629654,4539.432416629654,185.2666650364904,215.80105590820312,5.119557752662962,5.016782630778253,374.9279065974222,185.26666503649045,2.002848505973816,3.184667587280273,4168.371353354568,7.679336628994442,10.239115505325923,12.798894381657403,7.52517394616738,10.033565261556506,12.541956576945632,False,1.5,18.0,252.1906898127585,29.59925437366829,8.965991690654842,17.051566962513494,-9.04991600649197,-0.0044414237671409,1.14521,317.3276,60.81161,2022-12-07T21:08:04.911,18.0,Red,data\RZ_Cep\2022_12_07\Light\Red\reduced_images\star_Light_Red_18_secs_010_reduced.fits,2,0.979925,792.0,35.87956804644346,1200.2339076083226,798.4484944323596,1.0,V* RZ Cep,True,1.4185400661603076,0.0096792648935416,5913.00177536832,47.0418669179352,-9.429520023488188,-0.0086377545606325,2022-12-07 21:08:04.911,0.10397777962540648,2022_12_07,1,"(0.103, 0.138]",-9.429520023488188,-0.0086377545606325
0,0,1,1200.4470580269676,877.1564132741145,4320.988646536601,4320.988646536601,174.30152001020548,199.490478515625,4.965744746476615,4.866057420691097,347.93509700530177,174.30152001020554,1.969526708126068,3.0943617820739746,3977.697147609531,7.448617119714922,9.93148949295323,12.414361866191538,7.299086131036645,9.732114841382192,12.165143551727745,False,1.5,18.0,240.0549248075889,26.084597613762583,8.43533282024698,16.570300396842494,-8.999079284748213,-0.0045229625074352,1.151299,317.2792,60.27275,2022-12-07T21:13:12.646,18.0,Red,data\RZ_Cep\2022_12_07\Light\Red\reduced_images\star_Light_Red_18_secs_011_reduced.fits,2,0.979925,792.0,36.55781755368853,1200.1978887084042,798.4936675766801,1.0,V* RZ Cep,True,1.5265601617968485,0.0066618378779569,6072.194001233668,36.63400574674146,-9.458364096085216,-0.0065503286549266,2022-12-07 21:13:12.646,0.11551552350039736,2022_12_07,1,"(0.103, 0.138]",-9.458364096085216,-0.0065503286549266
0,0,1,1200.0399160085435,876.8461132390128,4334.01364903735,4334.01364903735,184.727719686014,191.25909423828125,5.112105868676226,5.009480343362551,357.22755876309964,184.72771968601387,1.9139112830162048,2.867927074432373,3980.461182044433,7.668158803014339,10.224211737352451,12.780264671690563,7.514220515043826,10.018960686725102,12.523700858406375,False,1.5,18.0,240.77853605763053,24.807736893017164,8.939909397150304,16.568831653070713,-8.999833482454147,-0.0045194211357794,1.157578,317.2599,59.73197,2022-12-07T21:18:20.896,18.0,Red,data\RZ_Cep\2022_12_07\Light\Red\reduced_images\star_Light_Red_18_secs_012_reduced.fits,2,0.979925,792.0,36.17765259941559,1200.304339050921,798.4862564679291,1.0,V* RZ Cep,True,1.5701423901077982,0.0061073914867175,6249.890834106558,35.60603667058689,-9.489681079136512,-0.0061855101388707,2022-12-07 21:18:20.896,0.12707257599512803,2022_12_07,1,"(0.103, 0.138]",-9.489681079136512,-0.0061855101388707
0,0,1,1200.293650227822,875.0099505562904,4405.672017157516,4405.672017157516,193.8798432966444,182.128173828125,5.237211762552287,5.1320747364190495,385.7318497843848,193.8798432966444,2.010453462600708,3.016213893890381,4015.885614873295,7.85581764382843,10.474423525104571,13.093029406380715,7.698112104628574,10.2641494728381,12.830186841047624,False,1.5,18.0,244.7595565087509,24.682624817860944,9.382826984232668,16.698054027665755,-9.009453335580949,-0.0045144915830517,1.16401,317.2546,59.19281,2022-12-07T21:23:28.399,18.0,Red,data\RZ_Cep\2022_12_07\Light\Red\reduced_images\star_Light_Red_18_secs_013_reduced.fits,2,0.979925,792.0,36.63508755701506,1200.164128489843,798.4417921554641,1.0,V* RZ Cep,True,1.6045313610664649,0.0068107812339362,6443.614411519884,38.28753616366502,-9.522823860420283,-0.0064513736466847,2022-12-07 21:23:28.399,0.13860162161811965,2022_12_07,1,"(0.138, 0.172]",-9.522823860420283,-0.0064513736466847
0,0,1,1204.722582472636,873.403385629082,4470.770153011126,4470.770153011126,183.95792150841208,196.27720642089844,5.101443153459371,4.999031682153674,349.2436845667962,183.95792150841208,1.9258438348770144,2.72398042678833,4116.495923997361,7.652164730189057,10.202886306918742,12.753607883648428,7.498547523230512,9.998063364307349,12.497579205384186,False,1.5,18.0,248.3761196117292,21.26462324326706,8.902654966826855,16.689619463062158,-9.03631922431338,-0.0044019293178569,1.173532,317.281,58.4205,2022-12-07T21:30:50.555,18.0,Red,data\RZ_Cep\2022_12_07\Light\Red\reduced_images\star_Light_Red_18_secs_014_reduced.fits,2,0.979925,792.0,41.25341251822992,1200.2210437088893,798.5415608439989,1.0,V* RZ Cep,True,1.6465752890447136,0.0114975023099799,6778.120465907341,54.729003517727286,-9.577773207953715,-0.0087666279860927,2022-12-07 21:30:50.555,0.1551791401999854,2022_12_07,1,"(0.138, 0.172]",-9.577773207953715,-0.0087666279860927
0,0,1,1205.426092231476,872.8125672162804,4511.8617658778285,4511.8617658778285,173.55055780775962,211.96856689453125,4.955035970400724,4.8555636232949295,343.00769358754746,173.55055780775953,1.958899199962616,2.9708077907562256,4171.893717035143,7.432553955601086,9.910071940801448,12.387589926001809,7.283345434942395,9.71112724658986,12.138909058237322,False,1.5,18.0,250.6589869932127,27.25973249042332,8.398989958103922,16.920925194614505,-9.050833089574922,-0.0044036742898745,1.180404,317.3281,57.88097,2022-12-07T21:35:57.233,18.0,Red,data\RZ_Cep\2022_12_07\Light\Red\reduced_images\star_Light_Red_18_secs_015_reduced.fits,2,0.979925,792.0,42.04497957653486,1200.202501946637,798.4664977105222,1.0,V* RZ Cep,True,1.6945265201390132,0.0124241494127279,7069.384542717374,59.23443754406347,-9.62345401492492,-0.0090973935597161,2022-12-07 21:35:57.233,0.16667725453892787,2022_12_07,1,"(0.138, 0.172]",-9.62345401492492,-0.0090973935597161
0,0,1,1205.7558294532123,871.2866933545839,4612.384146098048,4612.384146098048,198.07384136105588,181.88092041015625,5.293554231311213,5.1872861301176405,365.4475709961512,198.0738413610559,1.8383044004440308,2.868895530700684,4248.264131911165,7.94033134696682,10.587108462622426,13.233885578278032,7.780929195176461,10.37457226023528,12.968215325294102,False,1.5,18.0,256.24356367211374,23.26119856317901,9.58579577944863,17.00266326240514,-9.070528776931068,-0.0043454000288347,1.187416,317.3988,57.34495,2022-12-07T21:41:04.945,18.0,Red,data\RZ_Cep\2022_12_07\Light\Red\reduced_images\star_Light_Red_18_secs_016_reduced.fits,2,0.979925,792.0,42.65525765978684,1200.1920456948903,798.4576338710233,1.0,V* RZ Cep,True,1.7106487066294598,0.0132646368244155,7267.287542674159,63.41516479405842,-9.653430860344908,-0.0094742556893898,2022-12-07 21:41:04.945,0.17821413608721193,2022_12_07,1,"(0.172, 0.207]",-9.653430860344908,-0.0094742556893898
0,0,1,1205.9912506257583,870.2840673984722,4557.981247642768,4557.981247642768,196.93525718074915,199.71139526367188,5.278317884359238,5.172355652830726,380.6101920464126,196.9352571807492,1.9303431510925293,2.968461751937866,4177.828622735263,7.917476826538857,10.556635768718476,13.195794710898095,7.75853347924609,10.344711305661452,12.930889132076816,False,1.5,18.0,253.2211804245982,27.335511574841576,9.53069392775971,17.031951911839098,-9.052376552414383,-0.0044262722333201,1.194639,317.4849,56.80736,2022-12-07T21:46:13.885,18.0,Red,data\RZ_Cep\2022_12_07\Light\Red\reduced_images\star_Light_Red_18_secs_017_reduced.fits,2,0.979925,792.0,43.1006319609432,1200.217893943289,798.4632422090864,1.0,V* RZ Cep,True,1.7878340851330494,0.0129606503238258,7469.264413570567,62.12213244653954,-9.683194584572869,-0.0090301058550617,2022-12-07 21:46:13.885,0.18979705838314734,2022_12_07,1,"(0.172, 0.207]",-9.683194584572869,-0.0090301058550617
0,0,1,1206.8087054159478,868.7666835406839,4431.677739025438,4431.677739025438,177.98354387008297,203.78298950195312,5.0179199582595455,4.9171852150974855,340.8359689914946,177.98354387008305,1.908711075782776,2.718855381011963,4091.958577533541,7.526879937389318,10.035839916519093,12.544799895648865,7.375777822646228,9.834370430194973,12.292963037743714,False,1.5,18.0,246.20431883474657,25.47246088367402,8.613524592231174,16.74187278385103,-9.029828071862486,-0.0044421899861553,1.202066,317.5806,56.26908,2022-12-07T21:51:20.811,18.0,Red,data\RZ_Cep\2022_12_07\Light\Red\reduced_images\star_Light_Red_18_secs_018_reduced.fits,2,0.979925,792.0,44.25802365746282,1200.190509985271,798.4514942971235,1.0,V* RZ Cep,True,1.8656364614422456,0.0051565056590069,7634.107120957919,37.69346131495652,-9.706895624071514,-0.005360830675266,2022-12-07 21:51:20.811,0.2013044708535373,2022_12_07,1,"(0.172, 0.207]",-9.706895624071514,-0.005360830675266
0,0,1,1207.9102477679369,868.0456725895446,4027.511764088281,4027.511764088281,184.276311605993,194.4007263183593,5.105855974539752,5.003355915850867,334.2048870727208,184.2763116059929,1.8343873023986816,2.6153640747070312,3689.4776379453847,7.658783961809628,10.211711949079504,12.76463993634938,7.5050338737763,10.006711831701734,12.508389789627168,False,1.5,18.0,223.75065356046005,24.420121958449453,8.918063475252993,16.03399011457106,-8.917412206036783,-0.0047184683802063,1.209762,317.7022,55.72597,2022-12-07T21:56:33.753,18.0,Red,data\RZ_Cep\2022_12_07\Light\Red\reduced_images\star_Light_Red_18_secs_019_reduced.fits,2,0.979925,792.0,45.50841463815205,1200.1661435098524,798.4505175273381,1.0,V* RZ Cep,True,2.1297164889254714,0.0114022503418811,7857.541361054086,54.18322386249714,-9.73821668941026,-0.0074869078169428,2022-12-07 21:56:33.753,0.21303743799646027,2022_12_07,1,"(0.207, 0.241]",-9.73821668941026,-0.0074869078169428
0,0,1,1209.8042894583766,867.5985815582204,3755.022925065111,3755.022925065111,169.1657877899963,194.1025390625,4.892040821925844,4.793833102425683,296.0104141644798,169.16578778999636,1.7386554479599,2.889093399047852,3460.9019065156053,7.338061232888767,9.784081643851689,12.230102054814612,7.190749653638525,9.587666204851368,11.98458275606421,False,1.5,18.0,208.6123847258395,23.170310498708822,8.18678874242945,15.490948452789382,-8.847973225292014,-0.0048597400433601,1.217583,317.8347,55.18853,2022-12-07T22:01:43.984,18.0,Red,data\RZ_Cep\2022_12_07\Light\Red\reduced_images\star_Light_Red_18_secs_020_reduced.fits,2,0.979925,792.0,47.453430984016975,1200.190574921807,798.4749339745657,1.0,V* RZ Cep,True,2.29509956791298,0.0109407533812944,7943.114470233175,51.94019295928575,-9.74997705330549,-0.0070996519299015,2022-12-07 22:01:43.984,0.22466876306537442,2022_12_07,1,"(0.207, 0.241]",-9.74997705330549,-0.0070996519299015
0,0,1,1210.201045341901,866.4827381845078,3633.098514605701,3633.098514605701,183.5433604232205,165.25872802734375,5.095691695108975,4.993395684329663,312.0077852978817,183.5433604232205,1.6959888935089111,2.808578491210937,3321.811013850616,7.643537542663463,10.19138339021795,12.739229237772438,7.490093526494494,9.986791368659324,12.483489210824157,False,1.5,18.0,201.8388063669834,23.039177154664944,8.882592257518821,15.28923071247102,-8.803437301793155,-0.004997295528919,1.225647,317.9852,54.64898,2022-12-07T22:06:55.178,18.0,Red,data\RZ_Cep\2022_12_07\Light\Red\reduced_images\star_Light_Red_18_secs_021_reduced.fits,2,0.979925,792.0,48.137853687850985,1200.1876162113876,798.4215617459244,1.0,V* RZ Cep,True,2.344950996261848,0.0227134185896224,7789.484046322581,83.5347613085714,-9.7287717304279,-0.0116434816695417,2022-12-07 22:06:55.178,0.23633619337857864,2022_12_07,1,"(0.207, 0.241]",-9.7287717304279,-0.0116434816695417
0,0,1,1209.5394668516878,864.675508394928,3591.4635843493343,3591.4635843493343,175.34762260378164,159.3031768798828,4.980623869606342,4.880637845423995,304.497320339595,175.3476226037816,1.720895528793335,2.881821155548096,3289.708644625945,7.470935804409513,9.961247739212684,12.451559674015854,7.320956768135993,9.76127569084799,12.201594613559989,False,1.5,18.0,199.52575468607407,25.560906808808586,8.485959019837333,15.283082821038432,-8.79289359013759,-0.0050440322021299,1.233771,318.1527,54.11951,2022-12-07T22:12:03.063,18.0,Red,data\RZ_Cep\2022_12_07\Light\Red\reduced_images\star_Light_Red_18_secs_022_reduced.fits,2,0.979925,792.0,48.04875736259886,1200.2039995583486,798.4801409259264,1.0,V* RZ Cep,True,2.383328782763632,0.015054602139416,7840.457299643352,61.47766393029564,-9.735853484810509,-0.0085133459646685,2022-12-07 22:12:03.063,0.24787956112339665,2022_12_07,1,"(0.241, 0.276]",-9.735853484810509,-0.0085133459646685
0,0,1,1210.9963277105164,864.9371711009361,3508.218880723206,3508.218880723206,183.2899967291389,158.40977478027344,5.092173428026783,4.989948046459145,284.7135772193377,183.2899967291389,1.5367287397384644,2.6348791122436523,3226.551875042969,7.638260142040174,10.184346856053564,12.730433570066957,7.484922069688718,9.97989609291829,12.474870116147864,False,1.5,18.0,194.901048929067,22.39270589210993,8.870330705904006,15.038752791607452,-8.77184662972424,-0.005060547300216,1.242125,318.3269,53.58905,2022-12-07T22:17:10.831,18.0,Red,data\RZ_Cep\2022_12_07\Light\Red\reduced_images\star_Light_Red_18_secs_023_reduced.fits,2,0.979925,792.0,49.35122726657088,1200.2161328521258,798.4272579519754,1.0,V* RZ Cep,True,2.432549303539445,0.017572194203321,7848.746516469667,67.47516042399828,-9.737000758280892,-0.0093340031354649,2022-12-07 22:17:10.831,0.2594185422497495,2022_12_07,1,"(0.241, 0.276]",-9.737000758280892,-0.0093340031354649
0,0,1,1210.9982942812826,863.2624534122127,3480.771920491148,3480.771920491148,192.17470349862737,165.33984375,5.214130714725633,5.109457040627516,297.734357449934,192.17470349862737,1.54359769821167,2.438516139984131,3184.1314905161566,7.8211960720884495,10.428261429451268,13.035326786814084,7.664185560941275,10.218914081255033,12.773642601568792,False,1.5,18.0,193.3762178050638,22.71333368390445,9.300306638452088,15.012989646550094,-8.757477484682349,-0.00511918130563,1.250701,318.5237,53.05863,2022-12-07T22:22:19.783,18.0,Red,data\RZ_Cep\2022_12_07\Light\Red\reduced_images\star_Light_Red_18_secs_024_reduced.fits,2,0.979925,792.0,49.88972971592841,1200.2306737288077,798.4899398346897,1.0,V* RZ Cep,True,2.461596909646348,0.0221126546580533,7838.048236962191,79.51888115035791,-9.735519829719856,-0.011015054464664,2022-12-07 22:22:19.783,0.27100191445527105,2022_12_07,1,"(0.241, 0.276]",-9.735519829719856,-0.011015054464664
0,0,1,1211.12706057064,862.7724090371879,3426.576921805057,3426.576921805057,209.25659501378624,135.31187438964844,5.440933046701369,5.331706315788839,309.4265722903882,209.25659501378607,1.4879331588745115,2.4980125427246094,3115.2170953708696,8.161399570052055,10.881866093402738,13.602332616753422,7.9975594736832605,10.663412631577678,13.329265789472098,False,1.5,18.0,190.36538454472537,23.856878046951483,10.12698583276595,14.97829257373626,-8.733720793648725,-0.0052203342607906,1.259445,318.7282,52.53173,2022-12-07T22:27:28.307,18.0,Red,data\RZ_Cep\2022_12_07\Light\Red\reduced_images\star_Light_Red_18_secs_025_reduced.fits,2,0.979925,792.0,50.17718334473083,1200.2076873012415,798.4911685240438,1.0,V* RZ Cep,True,2.4825158518543438,0.0211983605237158,7733.575821225828,75.78647218628755,-9.720950869448329,-0.0106398538768712,2022-12-07 22:27:28.307,0.2825692398855526,2022_12_07,1,"(0.276, 0.31]",-9.720950869448329,-0.0106398538768712
0,0,1,1212.6928775031986,861.597279451674,3416.131283876287,3416.131283876287,210.23416860115344,134.69979858398438,5.453627305824467,5.344145737660041,306.9480293949506,210.23416860115364,1.4385157823562622,2.764098644256592,3113.7061143529804,8.1804409587367,10.907254611648934,13.634068264561169,8.01621860649006,10.688291475320082,13.360364344150105,False,1.5,18.0,189.7850713264604,27.88256795700776,10.174295566870637,15.094433902943786,-8.733194048729011,-0.0052633655126312,1.268335,318.9493,52.00971,2022-12-07T22:32:35.710,18.0,Red,data\RZ_Cep\2022_12_07\Light\Red\reduced_images\star_Light_Red_18_secs_026_reduced.fits,2,0.979925,792.0,52.05436046212923,1200.283335723649,798.4699012516556,1.0,V* RZ Cep,True,2.527135385029607,0.0275200410385233,7868.756900164461,93.79633427297892,-9.739765320719451,-0.012942079325343,2022-12-07 22:32:35.710,0.2940945362619928,2022_12_07,1,"(0.276, 0.31]",-9.739765320719451,-0.012942079325343
0,0,1,1216.2062326590294,858.6242961640996,3435.765855037154,3435.765855037154,243.6220534391652,119.78275299072266,5.870729960370518,5.75287505641608,364.56126165312014,243.62205343916528,1.4834873676300049,2.532586097717285,3074.3556162840705,8.806094940555777,11.741459920741036,14.676824900926295,8.62931258462412,11.50575011283216,14.3821876410402,False,1.5,18.0,190.87588083539745,29.76404553120359,11.79010431458676,15.24565612498156,-8.71938525424731,-0.0053841399259439,1.290746,319.5209,50.75081,2022-12-07T22:45:01.866,18.0,Red,data\RZ_Cep\2022_12_07\Light\Red\reduced_images\star_Light_Red_18_secs_028_reduced.fits,2,0.979925,792.0,56.412865934366735,1200.4299132706185,798.448053768663,1.0,V* RZ Cep,True,2.5388811089077232,0.0266910719135026,7805.4233962479875,90.7287990700414,-9.730991164609776,-0.0126203969937007,2022-12-07 22:45:01.866,0.3220697643601542,2022_12_07,1,"(0.31, 0.345]",-9.730991164609776,-0.0126203969937007
0,0,1,1216.8870863845975,858.217036187078,3386.88167059617,3386.88167059617,202.5519268696968,145.95602416992188,5.353058556177671,5.245595905662404,313.3219228043233,202.5519268696968,1.5389719009399414,2.412292718887329,3075.159946662465,8.029587834266506,10.706117112355342,13.382646390444178,7.868393858493606,10.491191811324809,13.113989764156011,False,1.5,18.0,188.1600928108984,25.653882322348835,9.802513004064338,14.95381182633082,-8.719669273568329,-0.0052796911967485,1.300351,319.7779,50.23453,2022-12-07T22:50:10.770,18.0,Red,data\RZ_Cep\2022_12_07\Light\Red\reduced_images\star_Light_Red_18_secs_029_reduced.fits,2,0.979925,792.0,57.19738996428904,1200.2957879123298,798.534210724341,1.0,V* RZ Cep,True,2.616471007436852,0.0258818589326998,8046.066843673395,88.68802092768429,-9.763959090510404,-0.0119675609363409,2022-12-07 22:50:10.770,0.33365133692733107,2022_12_07,1,"(0.31, 0.345]",-9.763959090510404,-0.0119675609363409
0,0,1,1218.218345103836,856.7706613019218,3351.426796345867,3351.426796345867,221.6140240461907,128.47421264648438,5.599283079937797,5.486877472108046,339.7373744237016,221.6140240461908,1.5338289141654968,2.3939924240112305,3011.508798479252,8.398924619906694,11.198566159875591,13.998207699844492,8.230316208162067,10.973754944216092,13.717193680270116,False,1.5,18.0,186.1903775747704,22.476405613920026,10.725024373593426,14.811880622064296,-8.69696034087791,-0.0053401122586962,1.310205,320.0492,49.71826,2022-12-07T22:55:20.969,18.0,Red,data\RZ_Cep\2022_12_07\Light\Red\reduced_images\star_Light_Red_18_secs_030_reduced.fits,2,0.979925,792.0,58.98500760488785,1200.2838539496497,798.4593178874375,1.0,V* RZ Cep,True,2.5973964041747672,0.018164329982763,7822.082124310683,66.87625108377658,-9.733305928282077,-0.0092826904507283,2022-12-07 22:55:20.969,0.3452814622373488,2022_12_07,1,"(0.345, 0.379]",-9.733305928282077,-0.0092826904507283
0,0,1,1217.7156015565988,855.5972270895217,3309.2273640662142,3309.2273640662142,202.2221911604526,146.80613708496094,5.3486996406030185,5.2413244953179134,319.0824703561343,202.2221911604526,1.569129228591919,2.4739139080047607,2991.9146132464457,8.023049460904527,10.697399281206035,13.371749101507548,7.861986742976869,10.482648990635829,13.103311238294785,False,1.5,18.0,183.84596467034524,24.70003819188566,9.78655542406141,14.776080613149494,-8.689872987415342,-0.0053620934284328,1.320162,320.3291,49.20986,2022-12-07T23:00:28.951,18.0,Red,data\RZ_Cep\2022_12_07\Light\Red\reduced_images\star_Light_Red_18_secs_031_reduced.fits,2,0.979925,792.0,58.998823516301215,1200.289598582542,798.5264281639485,1.0,V* RZ Cep,True,2.676637238361504,0.0204032970588045,8008.270067813394,72.73720850039443,-9.758846776744893,-0.0098614831958935,2022-12-07 23:00:28.951,0.3568284667513217,2022_12_07,1,"(0.345, 0.379]",-9.758846776744893,-0.0098614831958935
0,0,1,1218.6921049842117,854.4859159122252,3243.7528217032727,3243.7528217032727,192.85969149280749,161.6156005859375,5.223415079067483,5.118555021355204,297.95911181553566,192.85969149280743,1.5457100868225098,2.8889689445495605,2945.647651221363,7.8351226186012255,10.446830158134969,13.058537697668708,7.677832532032807,10.237110042710407,12.796387553388008,False,1.5,18.0,180.20849009462623,21.5349619487732,9.333456674713643,14.52848611239702,-8.672951991804576,-0.0053550543854132,1.330273,320.6162,48.70656,2022-12-07T23:05:36.216,18.0,Red,data\RZ_Cep\2022_12_07\Light\Red\reduced_images\star_Light_Red_18_secs_032_reduced.fits,2,0.979925,792.0,60.35059928817653,1200.2774627067354,798.5312645564198,1.0,V* RZ Cep,True,2.671103482680385,0.0212243675430313,7868.129699926678,73.58450348852163,-9.739678775772733,-0.0101540470980522,2022-12-07 23:05:36.216,0.3683485891675209,2022_12_07,1,"(0.345, 0.379]",-9.739678775772733,-0.0101540470980522
0,0,1,1219.7030451706328,853.9464088929752,3256.175684789763,3256.175684789763,216.02441810661523,122.84148406982422,5.528218838747504,5.417239845559648,329.09453823817296,216.02441810661537,1.4960622787475586,2.5323076248168945,2932.989701572065,8.292328258121255,11.056437677495008,13.82054709686876,8.125859768339472,10.834479691119297,13.543099613899122,False,1.5,18.0,180.89864915498688,23.306884344087333,10.454515049110269,14.651281464369744,-8.668276345178727,-0.0054236217479528,1.340609,320.9117,48.20494,2022-12-07T23:10:41.892,18.0,Red,data\RZ_Cep\2022_12_07\Light\Red\reduced_images\star_Light_Red_18_secs_033_reduced.fits,2,0.979925,792.0,61.49486849204245,1200.300995072805,798.5048703430821,1.0,V* RZ Cep,True,2.654908282304386,0.0151684121105722,7786.818650617144,59.0956218466641,-9.728400151022704,-0.008239854947249,2022-12-07 23:10:41.892,0.37980913605601824,2022_12_07,1,"(0.379, 0.414]",-9.728400151022704,-0.008239854947249
0,0,1,1218.2845850087156,852.2915862423981,3278.6794647709858,3278.6794647709858,247.78054156354807,109.98474884033205,5.920622939584463,5.801766434072306,384.7022517066328,247.78054156354784,1.5671396255493164,2.529345989227295,2890.37275964668,8.880934409376696,11.841245879168929,14.801557348961158,8.702649651108459,11.603532868144612,14.504416085180765,False,1.5,18.0,182.14885915394365,25.85417088365821,11.991354604063066,14.832207679292551,-8.65238463891403,-0.0055715529494085,1.351114,321.2243,47.70782,2022-12-07T23:15:50.711,18.0,Red,data\RZ_Cep\2022_12_07\Light\Red\reduced_images\star_Light_Red_18_secs_034_reduced.fits,2,0.979925,792.0,60.94729167510996,1200.214634391002,798.3927516934943,1.0,V* RZ Cep,True,2.70072898527369,0.0284639658175312,7806.113490223293,91.50530151137616,-9.73108715259861,-0.0127272834173677,2022-12-07 23:15:50.711,0.3913875217636264,2022_12_07,1,"(0.379, 0.414]",-9.73108715259861,-0.0127272834173677
0,0,1,1220.4509574715291,851.9127616421008,3272.393089063812,3272.393089063812,253.4675402802507,106.984619140625,5.9881818386215055,5.867969088211179,396.2748759990543,253.4675402802508,1.5415860414505005,2.54736328125,2881.651067006985,8.982272757932257,11.976363677243013,14.970454596553765,8.801953632316767,11.735938176422358,14.669922720527948,False,1.5,18.0,181.79961605910069,34.65113306463641,12.266577258007192,15.123403267179787,-8.649103479668332,-0.0056981314130406,1.361945,321.537,47.20807,2022-12-07T23:21:00.206,18.0,Red,data\RZ_Cep\2022_12_07\Light\Red\reduced_images\star_Light_Red_18_secs_035_reduced.fits,2,0.979925,792.0,63.05238740940612,1200.225664386902,798.494713044673,1.0,V* RZ Cep,True,2.655534991894217,0.0228603955462708,7652.325242866355,77.15237908377259,-9.709483550859504,-0.0109466245351457,2022-12-07 23:21:00.206,0.4029912523779222,2022_12_07,1,"(0.379, 0.414]",-9.709483550859504,-0.0109466245351457
0,0,1,1219.5029743472592,850.9496999598614,3188.3256712243165,3188.3256712243165,217.29951574409824,116.4950714111328,5.54451016268632,5.433204121170393,342.6711776516871,217.2995157440984,1.5956978797912598,2.616481304168701,2841.5812946717915,8.31676524402948,11.08902032537264,13.8612754067158,8.149806181755588,10.866408242340786,13.583010302925985,False,1.5,18.0,177.12920395690648,25.475336430156567,10.516223477985989,14.598656234909056,-8.633900213174583,-0.0055779821062235,1.372833,321.8622,46.71823,2022-12-07T23:26:07.742,18.0,Red,data\RZ_Cep\2022_12_07\Light\Red\reduced_images\star_Light_Red_18_secs_036_reduced.fits,2,0.979925,792.0,62.64583061796361,1200.2964591808493,798.4821976844227,1.0,V* RZ Cep,True,2.656965574722632,0.0209946042174853,7549.9836777187165,71.15884207944619,-9.694865031826495,-0.0102330990942838,2022-12-07 23:26:07.742,0.41452153525227575,2022_12_07,1,"(0.414, 0.448]",-9.694865031826495,-0.0102330990942838
0,0,1,1220.6782033557945,850.2671002242408,3154.885798271288,3154.885798271288,202.56088699244225,138.70962524414062,5.353176954289314,5.245711926931956,324.7912212681989,202.56088699244225,1.611024260520935,2.568171262741089,2828.555295093824,8.02976543143397,10.706353908578627,13.382942385723284,7.868567890397934,10.491423853863912,13.11427981732989,False,1.5,18.0,175.27143323729376,27.648257114074823,9.802946629757695,14.58501412344624,-8.628911682827535,-0.0055984332030563,1.383992,322.1941,46.2287,2022-12-07T23:31:16.893,18.0,Red,data\RZ_Cep\2022_12_07\Light\Red\reduced_images\star_Light_Red_18_secs_037_reduced.fits,2,0.979925,792.0,64.00362540291084,1200.2096065457,798.51396074893,1.0,V* RZ Cep,True,2.682673071582224,0.0171804932452284,7588.089121629513,62.38972035630987,-9.70033105751989,-0.0089269876921311,2022-12-07 23:31:16.893,0.42611236845843464,2022_12_07,1,"(0.414, 0.448]",-9.70033105751989,-0.0089269876921311
0,0,1,1220.829463864491,848.4381460333785,3105.3628188125003,3105.3628188125003,191.7631006812146,148.29782104492188,5.208543867833918,5.103982349687152,300.0551926843472,191.76310068121447,1.5578712224960327,2.564276218414306,2806.6206027246267,7.812815801750878,10.417087735667836,13.021359669584797,7.655973524530729,10.207964699374305,12.75995587421788,False,1.5,18.0,172.52015660069446,22.24540279711888,9.280387094695817,14.284465215488789,-8.620459272341881,-0.0055259200459827,1.395368,322.5423,45.74198,2022-12-07T23:36:25.355,18.0,Red,data\RZ_Cep\2022_12_07\Light\Red\reduced_images\star_Light_Red_18_secs_038_reduced.fits,2,0.979925,792.0,65.0056812050748,1200.256691938525,798.5012805177275,1.0,V* RZ Cep,True,2.6750315572855663,0.0101948568935353,7507.798681616213,47.73698727169028,-9.688781546715507,-0.0069034583351127,2022-12-07 23:36:25.355,0.4376773693558543,2022_12_07,1,"(0.414, 0.448]",-9.688781546715507,-0.0069034583351127
0,0,1,1220.4188643217344,847.0181365838489,3130.4205554217624,3130.4205554217624,227.51401820216023,111.55061340332033,5.673327898122993,5.559435840568175,365.6212948512573,227.5140182021601,1.5918638706207275,2.54217267036438,2768.2492097859968,8.50999184718449,11.346655796245988,14.183319745307482,8.339153760852263,11.11887168113635,13.898589601420436,False,1.5,18.0,173.9122530789868,30.41014467071336,11.01055495496874,14.674227499417777,-8.605512961538265,-0.0057553850342133,1.406907,322.8906,45.26054,2022-12-07T23:41:33.615,18.0,Red,data\RZ_Cep\2022_12_07\Light\Red\reduced_images\star_Light_Red_18_secs_039_reduced.fits,2,0.979925,792.0,65.35205861911255,1200.306652911201,798.5085991340189,1.0,V* RZ Cep,True,2.663383005019671,0.0280096468192968,7372.907899003158,86.83075499216123,-9.669097022027334,-0.0127867180321374,2022-12-07 23:41:33.615,0.4492347967752401,2022_12_07,1,"(0.448, 0.483]",-9.669097022027334,-0.0127867180321374
0,0,1,1220.0914661801046,846.1635232063464,3089.454085952781,3089.454085952781,213.4490955813554,121.51133728027344,5.49516787006889,5.384852375077258,351.4340564792241,213.44909558135527,1.6496962904930117,2.4748101234436035,2737.327904763132,8.242751805103335,10.99033574013778,13.737919675172224,8.077278562615886,10.769704750154515,13.462130937693145,False,1.5,18.0,171.63633810848785,27.2068901432245,10.329882156529791,14.462818204217395,-8.593317061756391,-0.0057365452344345,1.418585,323.2463,44.78531,2022-12-07T23:46:40.655,18.0,Red,data\RZ_Cep\2022_12_07\Light\Red\reduced_images\star_Light_Red_18_secs_040_reduced.fits,2,0.979925,792.0,65.50694421236021,1200.193126234271,798.4807183890613,1.0,V* RZ Cep,True,2.669415945413085,0.0181369534067988,7307.066756798897,62.89137860868987,-9.659357687610669,-0.0093448505392496,2022-12-07 23:46:40.655,0.4607464833866986,2022_12_07,1,"(0.448, 0.483]",-9.659357687610669,-0.0093448505392496
0,0,1,1207.4722302939217,835.7525092038543,2974.1239421915325,2974.1239421915325,211.09896773480705,109.28927612304688,5.464832553831296,5.355126040313133,360.0781199591385,211.0989677348072,1.6850987672805786,2.369624137878418,2618.4013318874067,8.197248830746943,10.929665107662592,13.66208138457824,8.032689060469698,10.710252080626264,13.387815100782833,False,1.5,18.0,165.2291078995296,21.262078497416923,10.21614757432646,14.025239176972098,-8.54509053302531,-0.005815651622761,1.474205,325.1654,42.67204,2022-12-08T00:08:23.360,18.0,Red,data\RZ_Cep\2022_12_07\Light\Red\reduced_images\star_Light_Red_18_secs_041_reduced.fits,2,0.979925,792.0,62.02963201956597,1200.1779694876718,798.466746919609,1.0,V* RZ Cep,True,2.635941917054681,0.0293549123816047,6901.953826393821,85.29168595380511,-9.597430123910891,-0.0134171096669435,2022-12-08 00:08:23.360,0.5095881056742837,2022_12_07,1,"(0.483, 0.517]",-9.597430123910891,-0.0134171096669435
0,0,1,1205.2964694806408,833.9669299153736,2995.3645074847323,2995.3645074847323,229.144972005481,102.22125244140624,5.69362645454069,5.579326903465786,379.75041429236137,229.1449720054811,1.6512293815612793,2.907310485839844,2616.9935970722454,8.540439681811034,11.38725290908138,14.234066136351723,8.368990355198678,11.158653806931571,13.948317258664463,False,1.5,18.0,166.40913930470734,28.34301586457496,11.08948506495661,14.34718230992549,-8.54450665016142,-0.0059523474904862,1.48688,325.5637,42.2221,2022-12-08T00:13:32.757,18.0,Red,data\RZ_Cep\2022_12_07\Light\Red\reduced_images\star_Light_Red_18_secs_042_reduced.fits,2,0.979925,792.0,61.84207251525146,1200.1152244575524,798.3770545778251,1.0,V* RZ Cep,True,2.672995689627823,0.0158297199896368,6995.212604757724,56.45224081278901,-9.612002296236865,-0.0087620269966465,2022-12-08 00:13:32.757,0.5211881620269591,2022_12_07,1,"(0.517, 0.552]",-9.612002296236865,-0.0087620269966465
0,0,1,1206.4088023665372,833.9221244259239,2999.6213244006976,2999.6213244006976,251.2124413529573,87.82879638671875,5.961483917244172,5.841807127605495,424.4645623539362,251.21244135295743,1.6886515021324158,2.406141996383667,2575.411057955675,8.942225875866257,11.922967834488343,14.90370979311043,8.762710691408241,11.68361425521099,14.604517819013738,False,1.5,18.0,166.6456291333721,28.227117194002943,12.157441606217192,14.38854363490594,-8.527116390194916,-0.0060658910001575,1.499774,325.9674,41.77534,2022-12-08T00:18:39.972,18.0,Red,data\RZ_Cep\2022_12_07\Light\Red\reduced_images\star_Light_Red_18_secs_043_reduced.fits,2,0.979925,792.0,62.623295470488046,1200.1342444231936,798.4487378535005,1.0,V* RZ Cep,True,2.6189410497415047,0.0246425132245997,6744.8497396383145,73.80884128297005,-9.572430697483552,-0.0118812033337401,2022-12-08 00:18:39.972,0.5327064098198827,2022_12_07,1,"(0.517, 0.552]",-9.572430697483552,-0.0118812033337401
0,0,1,1206.0852568141015,833.339603381262,3022.231031652294,3022.231031652294,285.27202250254254,69.47735595703125,6.352773847845404,6.225241912849907,491.5528198589441,285.2720225025427,1.7388819456100464,2.516944408416748,2526.17666213496,9.529160771768105,12.705547695690807,15.88193461961351,9.33786286927486,12.450483825699814,15.56310478212477,False,1.5,18.0,167.901723980683,27.84957261788158,13.805757138394648,14.476085580603591,-8.506159296573198,-0.0062217383501418,1.512872,326.3786,41.33242,2022-12-08T00:23:48.666,18.0,Red,data\RZ_Cep\2022_12_07\Light\Red\reduced_images\star_Light_Red_18_secs_044_reduced.fits,2,0.979925,792.0,62.835988523511055,1200.1194234521556,798.4739495867254,1.0,V* RZ Cep,True,2.588314483040652,0.031492312870118,6538.539641323209,87.93703346279972,-9.538701902716005,-0.0146021017240888,2022-12-08 00:23:48.666,0.5442801089693016,2022_12_07,1,"(0.517, 0.552]",-9.538701902716005,-0.0146021017240888
0,0,1,1207.3615612304386,832.9010000152653,2938.008188356432,2938.008188356432,242.8108332842225,89.04369354248047,5.860947542160064,5.743289020251201,417.2976591872927,242.81083328422235,1.688788652420044,2.7482852935791016,2527.952008421382,8.791421313240097,11.721895084320128,14.65236885540016,8.614933530376803,11.4865780405024,14.358222550628,False,1.5,18.0,163.2226771309129,30.54336139903876,11.750845265112988,14.335860064714105,-8.506922062202678,-0.0061571431129842,1.526161,326.7956,40.89375,2022-12-08T00:28:57.709,18.0,Red,data\RZ_Cep\2022_12_07\Light\Red\reduced_images\star_Light_Red_18_secs_045_reduced.fits,2,0.979925,792.0,64.01984685941635,1200.1895746349546,798.3735394972227,1.0,V* RZ Cep,True,2.613077232467964,0.0304240787757834,6605.733837977575,85.54850583657654,-9.54980267716295,-0.0140609828261216,2022-12-08 00:28:57.709,0.5558668929891849,2022_12_07,1,"(0.552, 0.586]",-9.54980267716295,-0.0140609828261216
0,0,1,1208.3093515701148,832.7045927986378,2940.9702519405464,2940.9702519405464,242.60884204422152,94.60445404052734,5.858509211139996,5.74089963872636,423.2678517173954,242.60884204422152,1.744636058807373,2.8694748878479004,2517.706117924696,8.787763816709994,11.717018422279992,14.64627302784999,8.611349458089542,11.48179927745272,14.352249096815902,False,1.5,18.0,163.38723621891924,41.3951510108889,11.741069886584546,14.714736053235637,-8.50251258804726,-0.0063455863902124,1.539674,327.2202,40.4583,2022-12-08T00:34:07.850,18.0,Red,data\RZ_Cep\2022_12_07\Light\Red\reduced_images\star_Light_Red_18_secs_046_reduced.fits,2,0.979925,792.0,64.80875078958627,1200.2113935345485,798.4916694647047,1.0,V* RZ Cep,True,2.6179283886577847,0.0310736606443633,6591.174320412446,87.20416819680494,-9.54740699454273,-0.0143647729546263,2022-12-08 00:34:07.850,0.5674948437362027,2022_12_07,1,"(0.552, 0.586]",-9.54740699454273,-0.0143647729546263
0,0,1,1207.6594493544126,831.4935537212522,2882.8504689409983,2882.8504689409983,204.24069516011565,118.61724853515624,5.375327687396873,5.267417984072381,360.84829486836486,204.2406951601156,1.7434744834899902,2.7159218788146973,2526.762028439079,8.06299153109531,10.750655374793746,13.438319218492182,7.901126976108572,10.534835968144762,13.168544960180952,False,1.5,18.0,160.15835938561102,23.618958789330897,9.884241049724114,13.91623365802206,-8.50641085450065,-0.0059797315878306,1.553225,327.6541,40.03201,2022-12-08T00:39:16.268,18.0,Red,data\RZ_Cep\2022_12_07\Light\Red\reduced_images\star_Light_Red_18_secs_047_reduced.fits,2,0.979925,792.0,65.26118945072612,1200.154045380387,798.4671116098843,1.0,V* RZ Cep,True,2.636961408362844,0.0217155980904163,6662.97395711047,66.01038969032363,-9.559170289471812,-0.0107564385570641,2022-12-08 00:39:16.268,0.5790581949651399,2022_12_07,1,"(0.552, 0.586]",-9.559170289471812,-0.0107564385570641
0,0,1,1205.7638974720733,830.2006149846283,2950.435144818889,2950.435144818889,251.6796537238208,86.0231704711914,5.967025014624783,5.84723698745619,441.8974923821824,251.6796537238208,1.7321590185165403,2.8633463382720947,2514.485962844053,8.950537521937175,11.934050029249564,14.917562536561956,8.770855481184286,11.69447397491238,14.618092468640477,False,1.5,18.0,163.91306360104943,36.275288144181,12.1800523777454,14.572865336747466,-8.501123038770487,-0.0062924540987595,1.566857,328.09,39.61318,2022-12-08T00:44:25.496,18.0,Red,data\RZ_Cep\2022_12_07\Light\Red\reduced_images\star_Light_Red_18_secs_048_reduced.fits,2,0.979925,792.0,64.99386032516517,1200.161146057306,798.5074973107423,1.0,V* RZ Cep,True,2.6160218037519063,0.0153999406437439,6577.950104028148,54.339890671456985,-9.545226437222231,-0.0089691751581499,2022-12-08 00:44:25.496,0.5906519150911433,2022_12_07,1,"(0.586, 0.621]",-9.545226437222231,-0.0089691751581499
0,0,1,1206.9854998652074,830.2922572637507,2949.371540441459,2949.371540441459,244.3839392136643,92.05703735351562,5.87990264001966,5.761863594521265,451.76768617455855,244.3839392136641,1.845630407333374,2.845653533935547,2498.329111164809,8.81985396002949,11.75980528003932,14.699756600049149,8.642795391781899,11.52372718904253,14.404658986303165,False,1.5,18.0,163.85397446896994,31.22960306527571,11.82697582367363,14.384385748370324,-8.49412412127229,-0.0062512374051995,1.580822,328.5328,39.19414,2022-12-08T00:49:33.698,18.0,Red,data\RZ_Cep\2022_12_07\Light\Red\reduced_images\star_Light_Red_18_secs_049_reduced.fits,2,0.979925,792.0,65.71615392424373,1200.1125923646582,798.4536854653084,1.0,V* RZ Cep,True,2.5644080209898537,0.0138972096205677,6406.735211743488,50.65715691213521,-9.51659193778712,-0.0085847639198204,2022-12-08 00:49:33.698,0.6022071679475293,2022_12_07,1,"(0.586, 0.621]",-9.51659193778712,-0.0085847639198204
0,0,1,1207.370507047205,829.0517336460694,2952.434255105577,2952.434255105577,223.60143222241152,108.47207641601562,5.624333894041671,5.5114253911187845,431.2217366189674,223.6014322224114,1.894377768039704,3.2048568725585938,2528.848673001604,8.436500841062507,11.248667788083342,14.060834735104176,8.267138086678179,11.022850782237567,13.77856347779696,False,1.5,18.0,164.02412528364317,34.51997180760279,10.821205114961147,14.469461019893142,-8.507307104552497,-0.0062123201994477,1.594881,328.9759,38.78215,2022-12-08T00:54:42.634,18.0,Red,data\RZ_Cep\2022_12_07\Light\Red\reduced_images\star_Light_Red_18_secs_050_reduced.fits,2,0.979925,792.0,66.90834571264419,1200.176150392679,798.4249309600214,1.0,V* RZ Cep,True,2.474167698102343,0.0328699418797254,6256.795700129543,90.50459737119316,-9.490879936047389,-0.0157051824564013,2022-12-08 00:54:42.634,0.6137899402736027,2022_12_07,1,"(0.586, 0.621]",-9.490879936047389,-0.0157051824564013
0,0,1,1207.2983832022076,828.4483665186629,3150.492989506666,3150.492989506666,263.7356075769592,83.21151733398438,6.1082694850845805,5.985645975171508,524.1785428094527,263.7356075769591,1.9934850931167605,3.2335638999938965,2624.7399872779065,9.16240422762687,12.21653897016916,15.270673712711451,8.978468962757262,11.971291950343016,14.96411493792877,False,1.5,18.0,175.0273883059259,38.30579899011772,12.763501008662711,15.03651183967566,-8.547715719180268,-0.0062199247836892,1.609073,329.427,38.37585,2022-12-08T00:59:51.897,18.0,Red,data\RZ_Cep\2022_12_07\Light\Red\reduced_images\star_Light_Red_18_secs_051_reduced.fits,2,0.979925,792.0,67.32251408347234,1200.188959735656,798.4076645410347,1.0,V* RZ Cep,True,2.3905076648335752,0.0285966714428655,6274.461057783016,83.22177072629994,-9.493941070528969,-0.0144007411424671,2022-12-08 00:59:51.897,0.6253849726358991,2022_12_07,1,"(0.621, 0.655]",-9.493941070528969,-0.0144007411424671
0,0,1,1205.755195390224,827.928602109269,3397.0510961316068,3397.0510961316068,263.62417345985347,96.0580596923828,6.106978909386351,5.98438130778042,539.1864954889215,263.62417345985324,2.053797960281372,3.227060079574585,2855.620306398897,9.160468364079527,12.213957818772702,15.267447273465876,8.976571961670631,11.96876261556084,14.96095326945105,False,1.5,18.0,188.7250608962004,39.28644969062957,12.758108147686736,15.516752841188026,-8.639251153945514,-0.0058996289885634,1.623459,329.893,37.9735,2022-12-08T01:05:01.817,18.0,Red,data\RZ_Cep\2022_12_07\Light\Red\reduced_images\star_Light_Red_18_secs_052_reduced.fits,2,0.979925,792.0,66.74523818498676,1200.1998786825134,798.4911359447796,1.0,V* RZ Cep,True,2.199675824214169,0.0170780855617893,6281.438951120711,59.52605201525327,-9.495147858127511,-0.0102889784175559,2022-12-08 01:05:01.817,0.6370046375480385,2022_12_07,1,"(0.621, 0.655]",-9.495147858127511,-0.0102889784175559
0,0,1,1205.9340667526544,827.9024113682309,3692.426662777871,3692.426662777871,253.03488381578563,110.28215789794922,5.983068891758231,5.862958783756185,556.3493186975148,253.03488381578543,2.198351502418518,4.388497829437256,3136.167045777144,8.974603337637348,11.966137783516462,14.957672229395577,8.794438175634278,11.72591756751237,14.65739695939046,False,1.5,18.0,205.13481459877065,49.957910820771886,12.245638821702215,16.35048513779468,-8.740997967562189,-0.0056605127916789,1.637865,330.357,37.57983,2022-12-08T01:10:11.100,18.0,Red,data\RZ_Cep\2022_12_07\Light\Red\reduced_images\star_Light_Red_18_secs_053_reduced.fits,2,0.979925,792.0,66.87768458657277,1200.1119151300743,798.3789663112791,1.0,V* RZ Cep,True,1.9996840625720795,0.0151208590495289,6271.343259004315,57.60050413916429,-9.493401430821956,-0.0099721782357262,2022-12-08 01:10:11.100,0.6486004197596451,2022_12_07,1,"(0.621, 0.655]",-9.493401430821956,-0.0099721782357262
0,0,1,1205.2294948072556,827.5871168509518,3975.013732229909,3975.013732229909,241.02168357206105,135.02508544921875,5.839314444755703,5.722090207277232,572.3412041492785,241.02168357206105,2.3700531721115112,3.59144926071167,3403.7795265322893,8.758971667133554,11.678628889511408,14.59828611188926,8.583135310915848,11.444180414554465,14.305225518193083,False,1.5,18.0,220.8340962349949,41.42139314244601,11.664259254351592,16.550521098496944,-8.829903554272127,-0.005279278468003,1.652423,330.8256,37.19098,2022-12-08T01:15:20.200,18.0,Red,data\RZ_Cep\2022_12_07\Light\Red\reduced_images\star_Light_Red_18_secs_054_reduced.fits,2,0.979925,792.0,66.68569233394294,1200.1886355635468,798.3631769116639,1.0,V* RZ Cep,True,1.77406952293133,0.0124828727130513,6038.541520798566,51.64711430576825,-9.452330142100768,-0.009286206227102,2022-12-08 01:15:20.200,0.6601893408500628,2022_12_07,1,"(0.655, 0.69]",-9.452330142100768,-0.009286206227102
0,0,1,1167.24526661705,878.9509922528882,7875.751710607186,7875.751710607186,203.1098261949857,310.88458251953125,5.360425590853994,5.2528150471176005,567.5151767160758,203.1098261949856,2.7847142219543457,3.978654146194458,7310.1488889833345,8.040638386280992,10.720851181707989,13.401063977134983,7.879222570676402,10.5056300942352,13.132037617794,False,1.5,30.0,262.5250570202396,29.71494972600473,3.538624527485973,17.1982159328731,-9.65981555628158,-0.002554356413138,1.554411,327.6641,39.99518,2023-02-23T19:32:17.505,30.0,Red,data\RZ_Cep\2023_02_23\Light\Red\reduced_images\RZ_Cep_Light_Red_30_secs_001_reduced.fits,2,0.979925,792.0,3.410597113298435,1200.124371958584,798.4657366972373,1.0,V* RZ Cep,True,0.8751690505092607,0.0033987330081323,6397.616062252872,29.048738202942925,-9.515045433443296,-0.0049298467526932,2023-02-23 19:32:17.505,0.5577169512014848,2023_02_23,2,"(0.552, 0.586]",-9.515045433443296,-0.0049298467526932
0,0,1,1167.664234962762,878.1467092228967,7851.547484759263,7851.547484759263,196.72852780265555,320.14813232421875,5.275546745502855,5.169640144586886,540.8761480770986,196.72852780265544,2.7421646118164062,3.713757991790772,7312.0854776840815,7.913320118254283,10.55109349100571,13.188866863757138,7.754460216880329,10.339280289173772,12.924100361467216,False,1.5,30.0,261.7182494919754,23.80891865219441,3.4274481288284875,16.99866513209194,-9.660103149056486,-0.002524049564628,1.560302,327.8503,39.81334,2023-02-23T19:34:30.509,30.0,Red,data\RZ_Cep\2023_02_23\Light\Red\reduced_images\RZ_Cep_Light_Red_30_secs_002_reduced.fits,2,0.979925,792.0,4.10625188789292,1200.1091301292947,798.4667598117367,1.0,V* RZ Cep,True,0.8708671080484524,0.0036246028735746,6367.854733753822,30.357477879602104,-9.50998286882438,-0.0051760308922119,2023-02-23 19:34:30.509,0.562703599084756,2023_02_23,2,"(0.552, 0.586]",-9.50998286882438,-0.0051760308922119
0,0,1,1167.9934030951408,877.0570087799249,7778.051734266068,7778.051734266068,191.2158593842356,316.8626708984375,5.201106653059808,5.096694436999633,533.463192040571,191.2158593842357,2.7629165649414062,3.900470495223999,7249.738268893857,7.801659979589712,10.402213306119616,13.00276663264952,7.645041655499449,10.193388873999266,12.741736092499083,False,1.5,30.0,259.26839114220223,24.674626056647416,3.331405194605349,16.9491717317825,-9.650805819728536,-0.0025383439659907,1.566199,328.0347,39.63317,2023-02-23T19:36:43.646,30.0,Red,data\RZ_Cep\2023_02_23\Light\Red\reduced_images\RZ_Cep_Light_Red_30_secs_003_reduced.fits,2,0.979925,792.0,4.96069204866815,1200.1687136542612,798.4731390565714,1.0,V* RZ Cep,True,0.8740847571399591,0.0023585922400039,6336.885714094355,22.62446539415738,-9.504689686707785,-0.0038763838105994,2023-02-23 19:36:43.646,0.567695233465912,2023_02_23,2,"(0.552, 0.586]",-9.504689686707785,-0.0038763838105994
0,0,1,1167.587393663544,876.0323509783557,7769.206577621871,7769.206577621871,210.0705809202318,285.8369140625,5.451505101173917,5.342066136267851,576.7190600874126,210.07058092023183,2.735202074050904,3.6635117530822754,7194.621088991776,8.177257651760875,10.903010202347836,13.628762752934794,8.013099204401776,10.684132272535702,13.355165340669627,False,1.5,30.0,258.9735525873957,23.53609791966825,3.659896343143594,16.916546540302118,-9.642519815941029,-0.002552866483321,1.572312,328.2319,39.44831,2023-02-23T19:38:59.484,30.0,Red,data\RZ_Cep\2023_02_23\Light\Red\reduced_images\RZ_Cep_Light_Red_30_secs_004_reduced.fits,2,0.979925,792.0,5.3489842078838015,1200.1569782808697,798.417842205261,1.0,V* RZ Cep,True,0.8726265778472776,0.0027647088490473,6278.217579794747,24.77023913585354,-9.494590906662214,-0.0042836912051066,2023-02-23 19:38:59.484,0.572788134996415,2023_02_23,2,"(0.552, 0.586]",-9.494590906662214,-0.0042836912051066
0,0,1,1167.2195022215703,875.2844256132444,7798.639499105934,7798.639499105934,180.7416977004794,375.2843933105469,5.0566510315603015,4.955138762101729,501.769749457605,180.7416977004793,2.762973666191101,3.56345534324646,7299.254947976837,7.584976547340452,10.113302063120605,12.641627578900753,7.432708143152593,9.910277524203458,12.38784690525432,False,1.5,30.0,259.9546499701978,18.774059517408467,3.148922022159463,16.78921175963201,-9.65819633232316,-0.0024973309175665,1.578224,328.4203,39.27135,2023-02-23T19:41:11.201,30.0,Red,data\RZ_Cep\2023_02_23\Light\Red\reduced_images\RZ_Cep_Light_Red_30_secs_005_reduced.fits,2,0.979925,792.0,5.7098017786716655,1200.1412865877548,798.4501260909748,1.0,V* RZ Cep,True,0.8739223292034484,0.0017828588264238,6378.981885585713,19.612076418870743,-9.51187842221212,-0.0033380783642868,2023-02-23 19:41:11.201,0.5777265300765748,2023_02_23,2,"(0.552, 0.586]",-9.51187842221212,-0.0033380783642868
0,0,1,1167.224237453135,874.193531546964,7747.246556562533,7747.246556562533,181.57300718493548,379.63714599609375,5.068266556661291,4.966521105536316,508.64561350532057,181.5730071849356,2.782203435897827,3.997730493545532,7242.073512106305,7.602399834991936,10.136533113322582,12.670666391653228,7.449781658304474,9.933042211072632,12.41630276384079,False,1.5,30.0,258.2415518854178,22.617009143187072,3.163405280733097,16.85295126407651,-9.649657322239518,-0.0025266050273922,1.584136,328.6082,39.09614,2023-02-23T19:43:22.811,30.0,Red,data\RZ_Cep\2023_02_23\Light\Red\reduced_images\RZ_Cep_Light_Red_30_secs_006_reduced.fits,2,0.979925,792.0,6.641594917661014,1200.1966214832578,798.4701077233104,1.0,V* RZ Cep,True,0.8749745379185321,0.0033615146507398,6336.629924827255,28.46205136919116,-9.504645859931374,-0.004876768881853,2023-02-23 19:43:22.811,0.5826609134628598,2023_02_23,2,"(0.552, 0.586]",-9.504645859931374,-0.004876768881853
0,0,1,1167.9763018488743,873.370082133036,7742.672517021249,7742.672517021249,217.45581920173748,283.27276611328125,5.546503886237529,5.435157820721311,583.6703334811948,217.4558192017376,2.641022562980652,3.718642234802246,7168.366792058019,8.319755829356293,11.093007772475058,13.866259715593824,8.152736731081966,10.87031564144262,13.58789455180328,False,1.5,30.0,258.0890839007083,27.310638066027657,3.788563605648048,17.005536909265288,-9.638550548168132,-0.0025756950835992,1.590356,328.7967,38.91369,2023-02-23T19:45:36.304,30.0,Red,data\RZ_Cep\2023_02_23\Light\Red\reduced_images\RZ_Cep_Light_Red_30_secs_007_reduced.fits,2,0.979925,792.0,7.730898221814162,1200.1758127281691,798.4287442458251,1.0,V* RZ Cep,True,0.8697964096690091,0.0032516894360961,6235.019698922617,27.606299418546328,-9.487094574817029,-0.004807227595975,2023-02-23 19:45:36.304,0.587665895161706,2023_02_23,2,"(0.586, 0.621]",-9.487094574817029,-0.004807227595975
0,0,1,1167.8206794888176,872.210981238903,7759.856646683984,7759.856646683984,224.1499596833445,249.0840759277344,5.631228330772235,5.518181422031982,590.6687736796896,224.1499596833445,2.640287637710572,3.50374174118042,7168.036279138726,8.446842496158352,11.26245666154447,14.078070826930588,8.277272133047973,11.036362844063964,13.795453555079956,False,1.5,30.0,258.66188822279946,26.49578747087337,3.90519040870538,17.001848902468762,-9.638500486818586,-0.0025752552278454,1.596406,328.988,38.73802,2023-02-23T19:47:46.675,30.0,Red,data\RZ_Cep\2023_02_23\Light\Red\reduced_images\RZ_Cep_Light_Red_30_secs_008_reduced.fits,2,0.979925,792.0,8.675621304378934,1200.2071885938342,798.4057037967472,1.0,V* RZ Cep,True,0.8736238019913478,0.0027478278075163,6262.167106993088,24.669240192937803,-9.491811631643897,-0.00427715945035,2023-02-23 19:47:46.675,0.5925538253832485,2023_02_23,2,"(0.586, 0.621]",-9.491811631643897,-0.00427715945035
0,0,1,1167.1629861084498,871.2495860602295,7718.629162855685,7718.629162855685,216.64869369768152,288.4105834960937,5.536200904863509,5.425061671698374,577.4531859012393,216.6486936976816,2.677614688873291,3.785824775695801,7138.527438285562,8.304301357295262,11.072401809727015,13.840502262158772,8.137592507547561,10.850123343396747,13.562654179245936,False,1.5,30.0,257.28763876185616,22.43604840120234,3.7745016857551614,16.837404457006244,-9.634021582877365,-0.0025608894511047,1.602498,329.1807,38.56291,2023-02-23T19:49:57.339,30.0,Red,data\RZ_Cep\2023_02_23\Light\Red\reduced_images\RZ_Cep_Light_Red_30_secs_009_reduced.fits,2,0.979925,792.0,9.30452713680692,1200.1623790404506,798.416120076378,1.0,V* RZ Cep,True,0.8730409640079733,0.0027816167392625,6232.226876318196,24.70564540615661,-9.486608137230748,-0.0043040496136795,2023-02-23 19:49:57.339,0.5974527408972108,2023_02_23,2,"(0.586, 0.621]",-9.486608137230748,-0.0043040496136795
0,0,1,1167.160236480982,870.6103067841236,7619.362668979627,7619.362668979627,214.5282291899739,276.4007568359375,5.509041304646218,5.398447300455445,586.5278345264153,214.52822918997384,2.7394849061965942,3.748011112213135,7031.665823160611,8.263561956969328,11.018082609292437,13.772603261615544,8.097670950683169,10.79689460091089,13.496118251138611,False,1.5,30.0,253.97875563265424,22.692328464924422,3.737558481887545,16.745406611350656,-9.617645557252628,-0.0025856027118716,1.608621,329.3745,38.38863,2023-02-23T19:52:08.139,30.0,Red,data\RZ_Cep\2023_02_23\Light\Red\reduced_images\RZ_Cep_Light_Red_30_secs_010_reduced.fits,2,0.979925,792.0,9.907241457843105,1200.0954024582934,798.4490213609013,1.0,V* RZ Cep,True,0.8810224079746929,0.0032370473895539,6195.055155594312,27.12479454489397,-9.480112943311129,-0.0047538513773235,2023-02-23 19:52:08.139,0.6023567553864098,2023_02_23,2,"(0.586, 0.621]",-9.480112943311129,-0.0047538513773235
0,0,1,1166.861118936757,869.7111788724577,7619.209422724836,7619.209422724836,226.12744053947063,242.1185302734375,5.656013510165806,5.542469038949228,616.6165589839655,226.12744053947057,2.7002832889556885,3.904423236846924,7008.601273861783,8.48402026524871,11.312027020331612,14.140033775414516,8.313703558423843,11.084938077898457,13.85617259737307,False,1.5,30.0,253.9736474241612,27.46643691575208,3.939642519620999,16.893185811431017,-9.614078383127902,-0.0026170048391225,1.6148,329.5702,38.21456,2023-02-23T19:54:19.536,30.0,Red,data\RZ_Cep\2023_02_23\Light\Red\reduced_images\RZ_Cep_Light_Red_30_secs_011_reduced.fits,2,0.979925,792.0,10.679224773588697,1200.1004046939847,798.4697846359629,1.0,V* RZ Cep,True,0.8869478906323193,0.0023508420410316,6216.264116134694,22.2702467837128,-9.48382364613557,-0.0038897338932584,2023-02-23 19:54:19.536,0.6072831528776135,2023_02_23,2,"(0.586, 0.621]",-9.48382364613557,-0.0038897338932584
0,0,1,1167.7731759730318,868.6397444014145,7447.755623587675,7447.755623587675,212.1045345844473,287.8812866210937,5.47783291549339,5.36786541971486,588.9079911340464,212.1045345844473,2.7820417881011963,3.667102813720703,6857.671944927986,8.216749373240084,10.95566583098678,13.694582288733477,8.05179812957229,10.73573083942972,13.41966354928715,False,1.5,30.0,248.2585207862558,25.837830219025506,3.6953323358712593,16.667083828347195,-9.59044176409544,-0.0026388046097129,1.621046,329.7683,38.04034,2023-02-23T19:56:31.813,30.0,Red,data\RZ_Cep\2023_02_23\Light\Red\reduced_images\RZ_Cep_Light_Red_30_secs_012_reduced.fits,2,0.979925,792.0,11.970474685185089,1200.122205973723,798.4509453394041,1.0,V* RZ Cep,True,0.8888105192459277,0.0024219423466122,6095.170962189674,22.255473949665166,-9.46246472890335,-0.0039643799937848,2023-02-23 19:56:31.813,0.6122425437384607,2023_02_23,2,"(0.586, 0.621]",-9.46246472890335,-0.0039643799937848
0,0,1,1166.856192951777,868.3464102942329,7377.450662006238,7377.450662006238,186.6936517490685,349.995361328125,5.139236218197851,5.03606605111753,531.5887922148131,186.6936517490685,2.863797187805176,3.683881282806397,6842.797907146177,7.708854327296777,10.278472436395704,12.848090545494628,7.5540990766762945,10.07213210223506,12.590165127793824,False,1.5,30.0,245.91502206687463,24.39003859783113,3.2526182882504373,16.539579164929084,-9.588084284702422,-0.0026243095521019,1.627223,329.9643,37.86977,2023-02-23T19:58:42.088,30.0,Red,data\RZ_Cep\2023_02_23\Light\Red\reduced_images\RZ_Cep_Light_Red_30_secs_013_reduced.fits,2,0.979925,792.0,11.998499539865058,1200.058957374286,798.4906978057862,1.0,V* RZ Cep,True,0.8906407308304222,0.0031327341416737,6094.474528945554,26.01014837922774,-9.462340665773096,-0.0046337316945591,2023-02-23 19:58:42.088,0.6171268746832936,2023_02_23,2,"(0.586, 0.621]",-9.462340665773096,-0.0046337316945591
0,0,1,1167.2173047048284,867.3710500909774,7480.715917758815,7480.715917758815,222.6647845442349,263.4228515625,5.612541599961195,5.499869827341974,613.6741162117285,222.6647845442348,2.753877639770508,3.760906219482422,6867.524346438128,8.418812399941793,11.22508319992239,14.031353999902986,8.249804741012962,10.999739654683948,13.749674568354935,False,1.5,30.0,249.3571972586272,25.60868845344555,3.8793153573928927,16.698658660786666,-9.592000519341434,-0.0026400107759817,1.633713,330.1704,37.69235,2023-02-23T20:00:58.391,30.0,Red,data\RZ_Cep\2023_02_23\Light\Red\reduced_images\RZ_Cep_Light_Red_30_secs_014_reduced.fits,2,0.979925,792.0,13.032322332121495,1200.170674291098,798.4045579906814,1.0,V* RZ Cep,True,0.8857556053082614,0.0048992606812979,6082.948184448526,36.75338005162502,-9.460285292717426,-0.0065600551178954,2023-02-23 20:00:58.391,0.6222372102102725,2023_02_23,2,"(0.621, 0.655]",-9.460285292717426,-0.0065600551178954
0,0,1,1166.7536116379365,866.1343977056147,7415.724726164286,7415.724726164286,216.5462588023523,264.09503173828125,5.534891948876186,5.423778993002497,608.2271182944579,216.5462588023524,2.831569790840149,4.558661460876465,6802.558881420093,8.302337923314278,11.069783897752371,13.837229872190465,8.135668489503745,10.847557986004992,13.559447482506242,False,1.5,30.0,247.1908242054762,26.811554083534983,3.7727170422454255,16.66658619307675,-9.581680774058617,-0.0026601042864869,1.640134,330.3745,37.51863,2023-02-23T20:03:12.731,30.0,Red,data\RZ_Cep\2023_02_23\Light\Red\reduced_images\RZ_Cep_Light_Red_30_secs_015_reduced.fits,2,0.979925,792.0,14.136382282558776,1200.1232893227457,798.4381083719361,1.0,V* RZ Cep,True,0.8899508226406551,0.0036835538310974,6053.942872581306,29.118451997164343,-9.455095796160007,-0.0052222094303233,2023-02-23 20:03:12.731,0.6272739480274083,2023_02_23,2,"(0.621, 0.655]",-9.455095796160007,-0.0052222094303233
0,0,1,1166.4540742681422,865.6465539912937,7448.389056555875,7448.389056555875,213.7793481219727,272.07635498046875,5.499417341628115,5.389016538494931,597.4706292987153,213.7793481219728,2.7776927947998047,3.759570598602295,6854.575701600472,8.249126012442172,10.99883468325623,13.74854335407029,8.083524807742396,10.778033076989862,13.472541346237328,False,1.5,30.0,248.2796352185292,25.40721108247921,3.724511309502813,16.655670434134773,-9.589951442796815,-0.0026381887358304,1.646478,330.5763,37.34871,2023-02-23T20:05:24.924,30.0,Red,data\RZ_Cep\2023_02_23\Light\Red\reduced_images\RZ_Cep_Light_Red_30_secs_016_reduced.fits,2,0.979925,792.0,14.561726986810507,1200.1247770390469,798.4038420652016,1.0,V* RZ Cep,True,0.888005378951398,0.0031030921143657,6086.900093450771,25.907195310021034,-9.460990433937674,-0.0046211338250967,2023-02-23 20:05:24.924,0.632230189521124,2023_02_23,2,"(0.621, 0.655]",-9.460990433937674,-0.0046211338250967
0,0,1,1166.6831838015923,864.8859527818108,7340.866317129175,7340.866317129175,230.4966365435205,255.6951904296875,5.710394348862221,5.595758182308812,632.4618515791692,230.4966365435204,2.730806350708008,3.666001796722412,6711.424638239293,8.565591523293332,11.420788697724442,14.275985872155552,8.393637273463218,11.191516364617623,13.98939545577203,False,1.5,30.0,244.69554390430585,27.860843309505523,4.015763623336001,16.630458527567644,-9.567036794779463,-0.0026903812377226,1.652911,330.7812,37.17811,2023-02-23T20:07:38.508,30.0,Red,data\RZ_Cep\2023_02_23\Light\Red\reduced_images\RZ_Cep_Light_Red_30_secs_017_reduced.fits,2,0.979925,792.0,15.350371286284233,1200.1533382737375,798.4170994554673,1.0,V* RZ Cep,True,0.888407249449014,0.0060552665778742,5962.478302742514,43.24182620714063,-9.438567029170176,-0.0078741110473067,2023-02-23 20:07:38.508,0.6372385830343603,2023_02_23,2,"(0.621, 0.655]",-9.438567029170176,-0.0078741110473067
0,0,1,1166.674958762287,864.0193386243379,7342.293955658823,7342.293955658823,222.42525604940985,275.786376953125,5.609521981515522,5.496910827736598,616.2984895599077,222.4252560494097,2.7600451707839966,3.8960518836975098,6728.390201839255,8.414282972273284,11.219043963031044,14.023804953788805,8.245366241604899,10.993821655473196,13.742277069341496,False,1.5,30.0,244.74313185529408,27.13962432299952,3.875142238727496,16.605959725864118,-9.569777924272378,-0.0026796441865392,1.659478,330.9906,37.00571,2023-02-23T20:09:54.337,30.0,Red,data\RZ_Cep\2023_02_23\Light\Red\reduced_images\RZ_Cep_Light_Red_30_secs_018_reduced.fits,2,0.979925,792.0,16.202991772617576,1200.206833279873,798.4460932681899,1.0,V* RZ Cep,True,0.8901860145853738,0.004375549039268,5989.518858350565,32.94322955774339,-9.443479841634394,-0.0059717078914666,2023-02-23 20:09:54.337,0.6423311471327224,2023_02_23,2,"(0.621, 0.655]",-9.443479841634394,-0.0059717078914666
0,0,1,1166.0187543196607,862.5183619424143,7342.653311414478,7342.653311414478,255.4836386801805,210.9785003662109,6.011949875968655,5.8912599822085845,705.9461452480393,255.48363868018035,2.746021270751953,3.680837392807007,6641.089805269596,9.017924813952984,12.02389975193731,15.029874689921638,8.836889973312879,11.782519964417167,14.72814995552146,False,1.5,30.0,244.7551103804826,30.14684479762667,4.451092727228033,16.713857959948605,-9.555598382749393,-0.0027325094585984,1.665922,331.1963,36.83822,2023-02-23T20:12:07.205,30.0,Red,data\RZ_Cep\2023_02_23\Light\Red\reduced_images\RZ_Cep_Light_Red_30_secs_019_reduced.fits,2,0.979925,792.0,17.59781344882301,1200.1725952661004,798.4240893819854,1.0,V* RZ Cep,True,0.8914998974786317,0.0032591448432637,5920.530880544231,26.27730158730891,-9.430901626669534,-0.0048188613947516,2023-02-23 20:12:07.205,0.6473126960406148,2023_02_23,2,"(0.621, 0.655]",-9.430901626669534,-0.0048188613947516
0,0,1,1166.466800480608,862.2865385331456,7311.36145353838,7311.36145353838,236.2676684497277,239.13330078125,5.781439061654013,5.665376672491309,657.125758483093,236.26766844972764,2.76147723197937,4.056379318237305,6658.913666461607,8.67215859248102,11.562878123308026,14.453597654135033,8.498065008736964,11.330753344982618,14.163441681228273,False,1.5,30.0,243.7120484512793,26.51864662315129,4.116307823657477,16.56342364664045,-9.55850846063488,-0.0027006670500145,1.672457,331.4051,36.67008,2023-02-23T20:14:21.449,30.0,Red,data\RZ_Cep\2023_02_23\Light\Red\reduced_images\RZ_Cep_Light_Red_30_secs_020_reduced.fits,2,0.979925,792.0,17.884401632396393,1200.1826538547646,798.470088812912,1.0,V* RZ Cep,True,0.8939025835421645,0.0037054006170054,5952.420130034257,28.77540045917376,-9.436733941810056,-0.0052487044601065,2023-02-23 20:14:21.449,0.652345834581098,2023_02_23,2,"(0.621, 0.655]",-9.436733941810056,-0.0052487044601065
0,0,1,1165.9290923018586,861.7262826432678,7236.744528226693,7236.744528226693,239.9899144275616,232.43963623046875,5.826802528801034,5.709829468035354,657.9502938053403,239.98991442756147,2.7406930923461914,3.7621936798095694,6579.005827522321,8.740203793201552,11.653605057602068,14.567006322002584,8.564744202053031,11.419658936070707,14.274573670088383,False,1.5,30.0,241.2248176075564,25.907677344006363,4.181157620249072,16.47160139670129,-9.545400677711942,-0.0027183155716215,1.678923,331.612,36.50533,2023-02-23T20:16:33.869,30.0,Red,data\RZ_Cep\2023_02_23\Light\Red\reduced_images\RZ_Cep_Light_Red_30_secs_021_reduced.fits,2,0.979925,792.0,18.375258995258395,1200.1245855583709,798.4750984274323,1.0,V* RZ Cep,True,0.8913015904259718,0.004014974347957,5863.878357492381,30.220266307805385,-9.42046238139434,-0.0055954839523389,2023-02-23 20:16:33.869,0.6573105868644689,2023_02_23,2,"(0.655, 0.69]",-9.42046238139434,-0.0055954839523389
0,0,1,1165.1055898969942,860.6093076832497,7189.490304975947,7189.490304975947,227.9521491887701,256.78106689453125,5.67878792480805,5.564786257217529,632.4042120771123,227.95214918877,2.7750402688980103,3.764087438583374,6556.913911595263,8.518181887212076,11.3575758496161,14.196969812020123,8.347179385826294,11.129572514435058,13.91196564304382,False,1.5,30.0,239.64967683253155,25.90492012474596,3.9714329991999056,16.417247941006355,-9.541748704185135,-0.0027184740736827,1.685503,331.8228,36.33935,2023-02-23T20:18:48.178,30.0,Red,data\RZ_Cep\2023_02_23\Light\Red\reduced_images\RZ_Cep_Light_Red_30_secs_022_reduced.fits,2,0.979925,792.0,19.422185189705523,1200.2408799449067,798.4296843247469,1.0,V* RZ Cep,True,0.8890928361863402,0.0029331473464692,5829.705186289903,24.144183071069875,-9.41411648157812,-0.0044966619849351,2023-02-23 20:18:48.178,0.6623461624152185,2023_02_23,2,"(0.655, 0.69]",-9.41411648157812,-0.0044966619849351
0,0,1,1164.644497585523,860.0061178482955,7226.16696834223,7226.16696834223,232.7170840111536,229.3325958251953,5.737833448053907,5.622646441584225,644.1685946627099,232.71708401115333,2.8039822578430176,3.806261539459229,6573.632393677992,8.606750172080861,11.475666896107814,14.344583620134769,8.433969662376338,11.24529288316845,14.056616103960565,False,1.5,30.0,240.8722322780744,26.361811530001454,4.054448752549875,16.470837639920614,-9.54451353523982,-0.002720411437298,1.691905,332.0281,36.17942,2023-02-23T20:20:58.477,30.0,Red,data\RZ_Cep\2023_02_23\Light\Red\reduced_images\RZ_Cep_Light_Red_30_secs_023_reduced.fits,2,0.979925,792.0,20.00426706065464,1200.2531877616934,798.4610405720141,1.0,V* RZ Cep,True,0.8943777167330591,0.0042431835251018,5879.310330900196,31.54415020622258,-9.42331596100192,-0.0058252794970223,2023-02-23 20:20:58.477,0.6672313931792644,2023_02_23,2,"(0.655, 0.69]",-9.42331596100192,-0.0058252794970223
0,0,1,1164.6709174924872,859.7971426436213,7108.035808961288,7108.035808961288,220.5824079789149,264.53192138671875,5.586235511521547,5.474091833627752,602.9008373910999,220.5824079789149,2.708709836006165,3.88556718826294,6510.542070818877,8.37935326728232,11.172471023043094,13.965588778803868,8.211137750441628,10.948183667255504,13.68522958406938,False,1.5,30.0,236.93452696537628,24.39586216935421,3.84303573012154,16.284146427272507,-9.534042874095077,-0.0027156398265081,1.698393,332.2365,36.0189,2023-02-23T20:23:10.136,30.0,Red,data\RZ_Cep\2023_02_23\Light\Red\reduced_images\RZ_Cep_Light_Red_30_secs_024_reduced.fits,2,0.979925,792.0,20.21399454941821,1200.1021819929392,798.4414091146017,1.0,V* RZ Cep,True,0.8913254745919728,0.0033938101551614,5803.01200112364,26.43639587518126,-9.4091336718087,-0.0049462162269257,2023-02-23 20:23:10.136,0.6721676136963879,2023_02_23,2,"(0.655, 0.69]",-9.4091336718087,-0.0049462162269257
0,0,1,1163.7689387930277,859.0885860893311,7184.04001469736,7184.04001469736,265.5814245317676,195.8089599609375,6.129607310794819,6.006555444030614,720.5940383380766,265.5814245317674,2.7130918502807617,3.5934033393859863,6463.493216214266,9.19441096619223,12.259214621589638,15.324018276987047,9.00983316604592,12.013110888061227,15.016388610076532,False,1.5,30.0,239.468000489912,28.85198734957386,4.627018596286795,16.52110790582074,-9.526168243321848,-0.0027752121640767,1.704837,332.4438,35.86101,2023-02-23T20:25:20.547,30.0,Red,data\RZ_Cep\2023_02_23\Light\Red\reduced_images\RZ_Cep_Light_Red_30_secs_025_reduced.fits,2,0.979925,792.0,20.91269043008776,1200.0783722746787,798.4992286269022,1.0,V* RZ Cep,True,0.8977164579266902,0.002780427683915,5802.3842358930615,23.300929721655308,-9.40901621137466,-0.00436004614221,2023-02-23 20:25:20.547,0.6770570436165428,2023_02_23,2,"(0.655, 0.69]",-9.40901621137466,-0.00436004614221
0,0,1,1164.2719966276466,857.4030075225738,7047.312696744089,7047.312696744089,210.44575756892192,261.9911193847656,5.4563710015448965,5.346834353688883,602.8938161010935,210.4457575689217,2.856895923614502,3.8071680068969727,6446.09106980347,8.184556502317346,10.912742003089791,13.64092750386224,8.020251530533326,10.693668707377766,13.367085884222206,False,1.5,30.0,234.91042322480297,27.161441228665968,3.666432754089661,16.301481442113126,-9.523241092234043,-0.0027457118432294,1.716831,332.8304,35.57106,2023-02-23T20:29:22.405,30.0,Red,data\RZ_Cep\2023_02_23\Light\Red\reduced_images\RZ_Cep_Light_Red_30_secs_026_reduced.fits,2,0.979925,792.0,22.598629409552828,1200.083114749301,798.4374439983696,1.0,V* RZ Cep,True,0.8990010876226063,0.00352963644229,5795.04288266769,27.06363370842133,-9.407641635104964,-0.0050705348596176,2023-02-23 20:29:22.405,0.686124896340857,2023_02_23,2,"(0.655, 0.69]",-9.407641635104964,-0.0050705348596176
0,0,1,1211.1003756572286,879.3239625893623,10699.052283837256,10699.052283837256,198.3139835415529,475.3818054199219,5.296762177857793,5.190429677137297,329.671828656856,198.31398354155297,1.6327704191207886,3.117348909378052,10375.251077812602,7.945143266786689,10.593524355715584,13.241905444644482,7.785644515705946,10.380859354274596,12.976074192843244,False,1.5,12.0,891.5876903197714,51.19276573541575,21.594189318969097,31.054382063956066,-10.039996538252892,-0.0032497398540389,1.042597,332.3895,73.55422,2023-11-10T20:42:29.137,12.0,Red,data\RZ_Cep\2023_11_10\Light\Red\reduced_images\Light_Red_12_secs_001_reduced.fits,2,0.979925,792.0,47.10522703090002,1200.0226168085433,798.4367919334055,1.0,V* RZ Cep,True,0.7758719122213674,0.0024920955364909,8049.865893519266,35.342189424026905,-9.764471613283115,-0.0047668240838618,2023-11-10 20:42:29.137,0.9463667281424932,2023_11_10,3,"(0.931, 0.966]",-9.764471613283115,-0.0047668240838618
0,0,1,1211.7541061545455,879.3595857874702,10500.079678918892,10500.079678918892,201.09622487440976,458.1719970703125,5.33378816609581,5.226712368661437,340.80090933312096,201.09622487440973,1.671304702758789,3.318669080734253,10163.986612579254,8.000682249143715,10.66757633219162,13.334470415239526,7.840068552992155,10.453424737322877,13.066780921653592,False,1.5,12.0,875.0066399099078,46.8698537824662,21.897144486324617,30.720899045742435,-10.017660210877256,-0.0032816643319267,1.043171,331.9914,73.44744,2023-11-10T20:43:58.138,12.0,Red,data\RZ_Cep\2023_11_10\Light\Red\reduced_images\Light_Red_12_secs_002_reduced.fits,2,0.979925,792.0,47.75840015100184,1200.1517652728337,798.5125671450066,1.0,V* RZ Cep,True,0.7758768750672076,0.0021981058699555,7886.002171192925,32.66926626012366,-9.742142230770533,-0.0044978690585541,2023-11-10 20:43:58.138,0.9497035950655572,2023_11_10,3,"(0.931, 0.966]",-9.742142230770533,-0.0044978690585541
0,0,1,1210.6400962557334,878.669695337849,10513.379759119836,10513.379759119836,189.1852089870984,466.4382019042969,5.173415907431201,5.06955958308952,321.5786667727437,189.18520898709824,1.6809717416763306,2.902224540710449,10195.364768869393,7.760123861146801,10.3468318148624,12.933539768578,7.60433937463428,10.13911916617904,12.673898957723798,False,1.5,12.0,876.1149799266531,37.15861528893353,20.600167200817378,30.559348200123708,-10.021006921355331,-0.0032543603379444,1.043953,331.4424,73.30356,2023-11-10T20:45:58.778,12.0,Red,data\RZ_Cep\2023_11_10\Light\Red\reduced_images\Light_Red_12_secs_003_reduced.fits,2,0.979925,792.0,46.65906438451394,1200.033676133787,798.4495129427182,1.0,V* RZ Cep,True,0.7787193748205066,0.0020916203549088,7939.328078880992,31.953922119709176,-9.74945937194236,-0.004369832029196,2023-11-10 20:45:58.778,0.9542266861053577,2023_11_10,3,"(0.931, 0.966]",-9.74945937194236,-0.004369832029196
0,0,1,1211.390871219001,878.9311825637807,10499.589468547929,10499.589468547929,185.32210493715303,532.1487426757812,5.120323693321902,5.017533195178465,319.66787693608927,185.32210493715297,1.7020124197006226,2.8893775939941406,10184.168944299832,7.680485539982853,10.240647386643804,12.800809233304754,7.526299792767698,10.03506639035693,12.543832987946162,False,1.5,12.0,874.9657890456607,41.54085993856696,20.17951809315666,30.60532906337366,-10.019813987947606,-0.003262840002398,1.044757,330.9333,73.15685,2023-11-10T20:47:55.608,12.0,Red,data\RZ_Cep\2023_11_10\Light\Red\reduced_images\Light_Red_12_secs_004_reduced.fits,2,0.979925,792.0,47.40292233193959,1200.1257565683795,798.5128606898504,1.0,V* RZ Cep,True,0.783647459455919,0.0040212455576959,7980.798119870432,47.45918169958446,-9.755115812876582,-0.0064565161335355,2023-11-10 20:47:55.608,0.9586069308513743,2023_11_10,3,"(0.931, 0.966]",-9.755115812876582,-0.0064565161335355
0,0,1,1211.8633370840157,879.1141811127528,10505.47984438474,10505.47984438474,205.44134238530435,439.1758117675781,5.391104208152595,5.282877791173932,339.281684626912,205.44134238530432,1.600656270980835,3.371421813964844,10176.63887137698,8.086656312228893,10.78220841630519,13.477760520381487,7.924316686760898,10.565755582347863,13.207194477934827,False,1.5,12.0,875.4566536987282,42.58466029274064,22.37027950417758,30.666131048693547,-10.019010908497757,-0.0032717412065265,1.045361,330.57,73.04774,2023-11-10T20:49:21.452,12.0,Red,data\RZ_Cep\2023_11_10\Light\Red\reduced_images\Light_Red_12_secs_005_reduced.fits,2,0.979925,792.0,47.87153341934114,1200.1125113097153,798.5006292576429,1.0,V* RZ Cep,True,0.7757482416548473,0.0033748410687321,7894.509710427062,41.77886129380669,-9.74331290816352,-0.0057458694667689,2023-11-10 20:49:21.452,0.9618254340609838,2023_11_10,3,"(0.931, 0.966]",-9.74331290816352,-0.0057458694667689
0,0,1,1211.2636223705035,878.3212590688493,10480.681166390425,10480.681166390425,215.02949987257696,427.8133544921875,5.515473813860113,5.404750677046871,348.54801877154944,215.0294998725768,1.5785505771636963,2.986271619796753,10141.246225259343,8.27321072079017,11.030947627720224,13.78868453465028,8.107126015570307,10.809501354093742,13.511876692617175,False,1.5,12.0,873.3900971992019,45.59335602367309,23.414323319458376,30.69849795254376,-10.01522831833576,-0.0032866247321509,1.045921,330.2479,72.9473,2023-11-10T20:50:40.165,12.0,Red,data\RZ_Cep\2023_11_10\Light\Red\reduced_images\Light_Red_12_secs_006_reduced.fits,2,0.979925,792.0,47.29342629473447,1200.0557126560495,798.5048726232574,1.0,V* RZ Cep,True,0.7797962078849267,0.0021527176652796,7908.105349684562,32.39843019009085,-9.745181115590531,-0.0044481133064462,2023-11-10 20:50:40.165,0.9647765784989133,2023_11_10,3,"(0.931, 0.966]",-9.745181115590531,-0.0044481133064462
0,0,1,1211.6706744399803,877.8116334783725,10302.054622769592,10302.054622769592,181.49188335901528,503.58685302734375,5.067134221202792,4.965411501712146,322.0487739115829,181.49188335901528,1.7601062059402466,3.122945785522461,9982.609632541606,7.6007013318041885,10.134268442405585,12.66783555300698,7.4481172525682195,9.930823003424292,12.413528754280366,False,1.5,12.0,858.5045518974661,44.32674069030261,19.76244952131499,30.374228255366155,-9.998110221169544,-0.0033035849865284,1.047675,329.2793,72.63689,2023-11-10T20:54:39.427,12.0,Red,data\RZ_Cep\2023_11_10\Light\Red\reduced_images\Light_Red_12_secs_007_reduced.fits,2,0.979925,792.0,47.72087750236361,1200.1490020516003,798.4985854414023,1.0,V* RZ Cep,True,0.7886949953794025,0.0027379000715787,7873.23425801178,36.34411606481612,-9.740382933777257,-0.005011933005975,2023-11-10 20:54:39.427,0.9737471007827025,2023_11_10,3,"(0.966, 1.0]",-9.740382933777257,-0.005011933005975
0,0,1,1205.9263326292078,880.7769471103277,9210.926131079405,9210.926131079405,173.3596262492285,463.810791015625,4.952309580174864,4.852891965352854,287.34498179406603,173.35962624922843,1.6441292762756348,3.6536693572998047,8925.900494238844,7.428464370262296,9.904619160349728,12.38077395043716,7.279337948029281,9.705783930705708,12.132229913382137,False,1.5,15.0,614.0617420719602,31.672180750360187,12.081239731501787,25.64790756677477,-9.876630102563128,-0.003119781790029,1.034154,341.2446,75.22372,2023-11-10T20:14:54.807,15.0,Red,data\RZ_Cep\2023_11_10\Light\Red\reduced_images\Light_Red_15_secs_001_reduced.fits,2,0.979925,792.0,41.93353090961001,1200.1206200441827,798.4875680927479,1.0,V* RZ Cep,True,0.7595082771080329,0.0031346127640085,6779.295306017084,34.092528435589514,-9.577961380458948,-0.0054600796636505,2023-11-10 20:14:54.807,0.8843418176684281,2023_11_10,3,"(0.862, 0.897]",-9.577961380458948,-0.0054600796636505
0,0,1,1206.579758909244,880.9593340825859,9453.000281738628,9453.000281738628,168.3594232428639,470.9256896972656,4.880367420157564,4.782394044197901,282.22111759106417,168.3594232428639,1.6320106983184814,3.0794527530670166,9178.235901843544,7.320551130236346,9.760734840315129,12.200918550393911,7.173591066296852,9.564788088395805,11.955985110494757,False,1.5,15.0,630.2000187825751,29.411963603944844,11.732781139769358,25.91032156354469,-9.906898039681275,-0.0030650524239429,1.034728,340.3675,75.10354,2023-11-10T20:17:19.244,15.0,Red,data\RZ_Cep\2023_11_10\Light\Red\reduced_images\Light_Red_15_secs_002_reduced.fits,2,0.979925,792.0,42.59056457305249,1200.0873104924472,798.5010177212004,1.0,V* RZ Cep,True,0.7599684019486492,0.0016445190628819,6975.1692710317575,24.81045756504394,-9.608886878460156,-0.0038619295085578,2023-11-10 20:17:19.244,0.8897571169100047,2023_11_10,3,"(0.862, 0.897]",-9.608886878460156,-0.0038619295085578
0,0,1,1209.6511436356243,881.5470267162818,9561.62950966219,9561.62950966219,172.64870514033746,484.7841796875,4.942144819272955,4.842931262026051,269.7683462817746,172.64870514033743,1.548779845237732,3.073859453201294,9294.234674834444,7.413217228909433,9.88428963854591,12.355362048182387,7.264396893039077,9.6858625240521,12.107328155065126,False,1.5,15.0,637.4419673108127,31.80442755487348,12.031696429335517,26.101304398344187,-9.920534085006077,-0.0030491086321961,1.03552,339.2397,74.93949,2023-11-10T20:20:30.105,15.0,Red,data\RZ_Cep\2023_11_10\Light\Red\reduced_images\Light_Red_15_secs_003_reduced.fits,2,0.979925,792.0,45.67734894782413,1200.0537778537382,798.5047326981833,1.0,V* RZ Cep,True,0.7558882233087016,0.0016359317532788,7025.4025353747365,24.908708277175723,-9.616678032789276,-0.0038494999046834,2023-11-10 20:20:30.105,0.896912966370337,2023_11_10,3,"(0.897, 0.931]",-9.616678032789276,-0.0038494999046834
0,0,1,1208.7858451890904,880.5092320628548,9920.755366325053,9920.755366325053,179.9991401022763,474.6568603515625,5.046252990493079,4.94494946170893,289.17916502615026,179.9991401022764,1.589767575263977,3.130547523498535,9634.598569815054,7.569379485739618,10.092505980986155,12.615632476232696,7.417424192563395,9.88989892341786,12.362373654272329,False,1.5,15.0,661.3836910883367,32.6799795270842,12.543940074683077,26.58209191711789,-9.959584060699724,-0.0029955726108864,1.036646,337.8509,74.70961,2023-11-10T20:24:33.309,15.0,Red,data\RZ_Cep\2023_11_10\Light\Red\reduced_images\Light_Red_15_secs_005_reduced.fits,2,0.979925,792.0,44.788740176466376,1200.1134600561172,798.5115177277358,1.0,V* RZ Cep,True,0.7637304076120105,0.0018335889029935,7358.235892902945,26.91164776869427,-9.66693426620716,-0.0039709178582262,2023-11-10 20:24:33.309,0.9060312839533253,2023_11_10,3,"(0.897, 0.931]",-9.66693426620716,-0.0039709178582262
0,0,1,1208.904778641493,880.1494461888806,9928.84668041466,9928.84668041466,168.1532049517487,547.501953125,4.877377598196745,4.779464242912945,282.05804924083986,168.15320495174873,1.6658857464790344,2.881348133087158,9648.722653060771,7.316066397295117,9.75475519639349,12.193443995491862,7.169196364369418,9.55892848582589,11.948660607282363,False,1.5,15.0,661.9231120276439,32.067310750073844,11.718410016192976,26.565180834955942,-9.961174557596392,-0.0029892846603181,1.037076,337.344,74.62283,2023-11-10T20:26:04.179,15.0,Red,data\RZ_Cep\2023_11_10\Light\Red\reduced_images\Light_Red_15_secs_006_reduced.fits,2,0.979925,792.0,44.90502732439724,1200.087995414245,798.4815382105393,1.0,V* RZ Cep,True,0.764091652374469,0.0030905183190573,7372.508435280175,36.07248351959659,-9.669038195309009,-0.0053123304905759,2023-11-10 20:26:04.179,0.9094382242944903,2023_11_10,3,"(0.897, 0.931]",-9.669038195309009,-0.0053123304905759
0,0,1,1210.8035833929594,880.437086139993,10170.79054478505,10170.79054478505,205.5411213654204,423.9990539550781,5.392413227980202,5.2841605324285,325.5746933013763,205.5411213654205,1.565979778766632,2.580718517303467,9848.917305021783,8.088619841970303,10.784826455960404,13.481033069950506,7.926240798642749,10.568321064857,13.21040133107125,False,1.5,15.0,678.05270298567,35.41518473031305,14.323932368932407,26.977617020131994,-9.983471227437237,-0.0029739893847947,1.038038,336.2959,74.43059,2023-11-10T20:29:18.353,15.0,Red,data\RZ_Cep\2023_11_10\Light\Red\reduced_images\Light_Red_15_secs_007_reduced.fits,2,0.979925,792.0,46.80562426370868,1200.0897803676694,798.4597530925593,1.0,V* RZ Cep,True,0.7675010805125306,0.0011405823430931,7559.054673482779,23.55638079403006,-9.696168716345472,-0.0033834939137122,2023-11-10 20:29:18.353,0.9167182862931895,2023_11_10,3,"(0.897, 0.931]",-9.696168716345472,-0.0033834939137122
0,0,1,1209.0961762709123,879.4310295311815,10230.50075671064,10230.50075671064,173.008483014423,559.74365234375,4.947291539020845,4.847974661375002,290.62357101343935,173.00848301442306,1.6291751265525818,2.863435983657837,9948.639639500943,7.420937308531267,9.89458307804169,12.368228847552112,7.271961992062502,9.695949322750003,12.119936653437504,False,1.5,15.0,682.0333837807092,36.87871533106685,12.056768949627346,27.03643593488985,-9.99440925024406,-0.0029505981124878,1.038619,335.7422,74.31588,2023-11-10T20:31:04.474,15.0,Red,data\RZ_Cep\2023_11_10\Light\Red\reduced_images\Light_Red_15_secs_008_reduced.fits,2,0.979925,792.0,45.09976542789978,1200.0984021640038,798.4914882131661,1.0,V* RZ Cep,True,0.7673981425565521,0.0017370306151266,7634.56758031751,27.00191896969096,-9.70696110944041,-0.0038400290147303,2023-11-10 20:31:04.474,0.9206970242260013,2023_11_10,3,"(0.897, 0.931]",-9.70696110944041,-0.0038400290147303
0,0,1,1209.2224540039222,879.469223922649,10276.222372492271,10276.222372492271,177.82369764463527,503.5130310058594,5.015666166369558,4.914976668079689,294.14193992763387,177.82369764463525,1.6067370772361755,2.8566410541534424,9990.5064442754,7.523499249554336,10.031332332739115,12.539165415923891,7.372465002119534,9.829953336159376,12.287441670199222,False,1.5,15.0,685.0814914994847,33.25541798722543,12.39233590696836,27.03200409502925,-9.998968760699915,-0.0029377515240942,1.039102,335.2807,74.22106,2023-11-10T20:32:32.421,15.0,Red,data\RZ_Cep\2023_11_10\Light\Red\reduced_images\Light_Red_15_secs_009_reduced.fits,2,0.979925,792.0,45.22556875685638,1200.0668939523648,798.491758373732,1.0,V* RZ Cep,True,0.7672887639402256,0.0018952714299307,7665.603340764929,28.084290990467167,-9.711365856962573,-0.003977786243016,2023-11-10 20:32:32.421,0.9239943740906256,2023_11_10,3,"(0.897, 0.931]",-9.711365856962573,-0.003977786243016
0,0,1,1210.9673406453978,879.3484593566369,10465.471275991562,10465.471275991562,192.3239300012777,477.0405883789063,5.2161547467299885,5.1114404401893845,306.7133575974026,192.3239300012777,1.5797929763793943,2.8299267292022705,10161.63928218586,7.824232120094983,10.432309493459975,13.04038686682497,7.667160660284076,10.222880880378767,12.77860110047346,False,1.5,15.0,697.6980850661041,36.687554126166525,13.402840988533484,27.34572142366707,-10.017409435662053,-0.0029217962742443,1.040988,333.6116,73.85733,2023-11-10T20:38:06.748,15.0,Red,data\RZ_Cep\2023_11_10\Light\Red\reduced_images\Light_Red_15_secs_010_reduced.fits,2,0.979925,792.0,46.97185958114488,1200.1490373497013,798.450044833378,1.0,V* RZ Cep,True,0.7711603804623366,0.001915635743262,7836.253614971473,28.69888878766637,-9.735271207982684,-0.0039763162506079,2023-11-10 20:38:06.748,0.936529117608643,2023_11_10,3,"(0.931, 0.966]",-9.735271207982684,-0.0039763162506079
0,0,1,1213.2543261175392,878.0463576367334,9546.371882411528,9546.371882411528,171.69141656254573,510.7161560058594,4.928424371372333,4.829486252117033,285.0416856813352,171.69141656254578,1.648650884628296,3.3561105728149414,9263.3126766126,7.392636557058498,9.856848742744663,12.321060928430832,7.244229378175549,9.658972504234066,12.073715630292584,False,1.5,12.0,795.5309902009607,40.80605091381719,18.695287581254977,29.24093583823939,-9.916915809009918,-0.0034272774555846,1.050164,328.0333,72.20711,2023-11-10T21:00:03.315,12.0,Red,data\RZ_Cep\2023_11_10\Light\Red\reduced_images\star_Light_Red_12_secs_001_reduced.fits,2,0.979925,792.0,49.29305589813291,1200.0756835379705,798.4839519822102,1.0,V* RZ Cep,True,0.8492913173500675,0.0040181446764396,7867.251026145895,44.74548718291648,-9.739557519356564,-0.0061751932501679,2023-11-10 21:00:03.315,0.9858904604532199,2023_11_10,3,"(0.966, 1.0]",-9.739557519356564,-0.0061751932501679
0,0,1,1211.1051309727125,876.9530496151788,9247.098211461402,9247.098211461402,168.54464337733555,537.0408325195312,4.883051243289374,4.785023989580339,276.8845832167631,168.54464337733555,1.6387152671813965,3.259098052978516,8970.901531157318,7.324576864934061,9.766102486578747,12.207628108223432,7.17753598437051,9.57004797916068,11.96255997395085,False,1.5,12.0,770.5915176217835,40.68040455667199,18.35263894553209,28.80320400795696,-9.88209022420243,-0.0034860132279747,1.050744,327.7888,72.10864,2023-11-10T21:01:13.846,12.0,Red,data\RZ_Cep\2023_11_10\Light\Red\reduced_images\star_Light_Red_12_secs_002_reduced.fits,2,0.979925,792.0,47.20357264661179,1200.1356392607802,798.4486409020603,1.0,V* RZ Cep,True,0.8721206141808091,0.0052123821817672,7823.708153108481,53.07997366558545,-9.733531604110627,-0.0073661808478165,2023-11-10 21:01:13.846,0.9885348415382396,2023_11_10,3,"(0.966, 1.0]",-9.733531604110627,-0.0073661808478165
0,0,1,1212.610813240402,877.6440299773927,9391.090173936063,9391.090173936063,191.4059022600132,423.4328002929688,5.203690611833556,5.099226522800998,297.2791625913204,191.40590226001325,1.5392601490020752,3.2967262268066406,9096.46669630344,7.805535917750334,10.407381223667112,13.009226529583891,7.648839784201496,10.198453045601996,12.748066307002496,False,1.5,12.0,782.5908478280053,41.87498545726675,20.8419760238681,29.074177706499977,-9.897181834572397,-0.0034702361272148,1.051314,327.5268,72.01251,2023-11-10T21:02:24.585,12.0,Red,data\RZ_Cep\2023_11_10\Light\Red\reduced_images\star_Light_Red_12_secs_003_reduced.fits,2,0.979925,792.0,48.66787193457983,1200.1511420026898,798.4672353629779,1.0,V* RZ Cep,True,0.8621247873287884,0.0031371923151384,7842.28941599401,37.98241682321075,-9.73610716423266,-0.0052585262927263,2023-11-10 21:02:24.585,0.9911870210562483,2023_11_10,3,"(0.966, 1.0]",-9.73610716423266,-0.0052585262927263
0,0,1,1213.652268041904,878.05305152567,9611.088498715162,9611.088498715162,171.2101872601824,494.7258911132813,4.921512650047258,4.822713283597559,284.73796019158965,171.2101872601825,1.6152057647705078,3.510231733322144,9334.548817265077,7.382268975070886,9.843025300094515,12.303781625118145,7.234069925396338,9.645426567195118,12.0567832089939,False,1.5,12.0,800.9240415595968,41.70158626298507,18.64288705721986,29.3473766268776,-9.925233328233489,-0.0034135028850606,1.052506,327.0266,71.81344,2023-11-10T21:04:47.089,12.0,Red,data\RZ_Cep\2023_11_10\Light\Red\reduced_images\star_Light_Red_12_secs_005_reduced.fits,2,0.979925,792.0,49.69042493344936,1200.1052048466602,798.4997638101858,1.0,V* RZ Cep,True,0.8465477320125678,0.0029034035055805,7902.141130616348,36.76599566709659,-9.74436195456218,-0.005051564119133,2023-11-10 21:04:47.089,0.9965298473618986,2023_11_10,3,"(0.966, 1.0]",-9.74436195456218,-0.005051564119133
0,0,1,1212.4546692085476,877.223719408962,9859.154506753366,9859.154506753366,213.69390440652705,403.4395446777344,5.498318223271609,5.387939484939431,329.1343009946936,213.6939044065271,1.5374801754951477,3.1188669204711914,9530.604365104176,8.247477334907412,10.996636446543215,13.745795558179022,8.081909227409145,10.775878969878862,13.46984871234858,False,1.5,12.0,821.5962088961138,44.82477142769702,23.26889181315516,29.82766957267976,-9.947801103670194,-0.0033979986491934,1.053114,326.7851,71.71282,2023-11-10T21:05:58.771,12.0,Red,data\RZ_Cep\2023_11_10\Light\Red\reduced_images\star_Light_Red_12_secs_006_reduced.fits,2,0.979925,792.0,48.53413955176233,1200.1650801441674,798.4799195549681,1.0,V* RZ Cep,True,0.8206200417491212,0.0057743595406922,7821.004951986146,60.23104344537378,-9.733156402170296,-0.0083614605693856,2023-11-10 21:05:58.771,0.9992173822747645,2023_11_10,3,"(0.966, 1.0]",-9.733156402170296,-0.0083614605693856
0,0,1,1213.4207268297048,877.623157355896,10138.311707052966,10138.311707052966,174.2629261284724,582.8612060546875,4.96519495788247,4.865518669102979,296.2782094529718,174.26292612847243,1.658576250076294,3.0833230018615723,9849.283356507482,7.447792436823704,9.93038991576494,12.412987394706176,7.298278003654467,9.731037338205958,12.16379667275745,False,1.5,12.0,844.8593089210805,52.49086607975341,18.97529640065588,30.270868362197504,-9.983511579889491,-0.0033369105690913,1.053728,326.5495,71.61186,2023-11-10T21:07:09.753,12.0,Red,data\RZ_Cep\2023_11_10\Light\Red\reduced_images\star_Light_Red_12_secs_007_reduced.fits,2,0.979925,792.0,49.47784980505048,1200.0828572785244,798.4744830513644,1.0,V* RZ Cep,True,0.8085931692430105,0.0033097772064042,7964.06324401082,40.76524326021156,-9.75283675044263,-0.00555750238883,2023-11-10 21:07:09.753,0.0018786724619985762,2023_11_10,3,"(-0.001, 0.0345]",-9.75283675044263,-0.00555750238883
0,0,1,1212.9291819701564,877.2974228489913,10256.10696864395,10256.10696864395,221.7903904134924,378.4688415527344,5.601510666445347,5.489060339816457,312.5101874678309,221.79039041349228,1.4017351269721985,2.652144193649292,9945.21558757648,8.402265999668021,11.203021332890694,14.003776666113367,8.233590509724687,10.978120679632914,13.722650849541145,False,1.5,12.0,854.6755807203291,40.871482404471045,24.15050917835805,30.326515993485938,-9.994035504970896,-0.0033107976482114,1.054339,326.3294,71.51224,2023-11-10T21:08:19.884,12.0,Red,data\RZ_Cep\2023_11_10\Light\Red\reduced_images\star_Light_Red_12_secs_008_reduced.fits,2,0.979925,792.0,49.00376283027488,1200.1359655471288,798.4973874752195,1.0,V* RZ Cep,True,0.7913209150663814,0.003595098681572,7869.85709929346,43.06106217036557,-9.739917116300534,-0.0059407627894417,2023-11-10 21:08:19.884,0.004508056561007834,2023_11_10,3,"(-0.001, 0.0345]",-9.739917116300534,-0.0059407627894417
0,0,1,1212.4681010891331,876.4273916944385,9942.926596729149,9942.926596729149,205.9871677287192,363.0492248535156,5.398261115707127,5.289891023809306,314.95734428742463,205.98716772871933,1.4837408065795898,3.413436889648437,9637.295030338291,8.09739167356069,10.796522231414254,13.49565278926782,7.934836535713959,10.579782047618613,13.224727559523268,False,1.5,12.0,828.5772163940956,49.61389553656712,22.429713819349416,30.010345312075504,-9.959887886041916,-0.0033809609771249,1.054986,326.0806,71.40713,2023-11-10T21:09:34.021,12.0,Red,data\RZ_Cep\2023_11_10\Light\Red\reduced_images\star_Light_Red_12_secs_009_reduced.fits,2,0.979925,792.0,48.59959211033974,1200.0405867171255,798.4435766205161,1.0,V* RZ Cep,True,0.8091806769039455,0.0024548672890284,7798.312916172168,33.903049408221,-9.730001644403677,-0.0047202220005654,2023-11-10 21:09:34.021,0.007287635476814103,2023_11_10,3,"(-0.001, 0.0345]",-9.730001644403677,-0.0047202220005654
0,0,1,1212.3773009970978,876.3459665731701,9684.485447938903,9684.485447938903,172.2276751402042,516.817138671875,4.936115056806754,4.837022547041359,287.877955423729,172.2276751402042,1.6517817378044128,3.1044998168945312,9400.002919397804,7.404172585210131,9.872230113613508,12.340287642016886,7.255533820562038,9.674045094082718,12.092556367603397,False,1.5,12.0,807.0404539949086,52.45447899536753,18.753680181933348,29.63525962721112,-9.932819971200884,-0.003422985566129,1.055642,325.8562,71.30148,2023-11-10T21:10:46.395,12.0,Red,data\RZ_Cep\2023_11_10\Light\Red\reduced_images\star_Light_Red_12_secs_010_reduced.fits,2,0.979925,792.0,48.51510292731727,1200.1405353325922,798.4816115996002,1.0,V* RZ Cep,True,0.836173327033422,0.0035457374717475,7860.031715236742,41.53244588052821,-9.738560746054157,-0.0057370353960828,2023-11-10 21:10:46.395,0.01000111517600999,2023_11_10,3,"(-0.001, 0.0345]",-9.738560746054157,-0.0057370353960828
0,0,1,1213.1729193820602,876.4228606078004,9408.305320280131,9408.305320280131,183.1962712926183,464.0161743164063,5.090871318762554,4.988672077038396,298.5724471794921,183.19627129261823,1.6244070529937744,3.217771053314209,9110.72000511024,7.636306978143831,10.181742637525108,12.727178296906384,7.483008115557594,9.977344154076793,12.47168019259599,False,1.5,12.0,784.0254433566776,40.413090285937855,19.94803842964065,29.05833051075468,-9.898881749756905,-0.0034629185692961,1.05628,325.6252,71.19928,2023-11-10T21:11:57.294,12.0,Red,data\RZ_Cep\2023_11_10\Light\Red\reduced_images\star_Light_Red_12_secs_011_reduced.fits,2,0.979925,792.0,49.3028592151187,1200.1098087963308,798.4880151556575,1.0,V* RZ Cep,True,0.8699850363313288,0.0037260082613575,7926.190074650397,42.3257260483799,-9.74766120689362,-0.0057978136696939,2023-11-10 21:11:57.294,0.012659293488468393,2023_11_10,3,"(-0.001, 0.0345]",-9.74766120689362,-0.0057978136696939
0,0,1,1213.3307925325412,876.3621227490559,8567.412352370287,8567.412352370287,185.2668616406075,408.3514709472656,5.1195604690875935,5.016785292670661,290.0709869814806,185.2668616406075,1.5228075981140137,3.0576367378234863,8285.286567785233,7.67934070363139,10.239120938175189,12.798901172718985,7.5251779390059905,10.03357058534132,12.541963231676652,False,1.5,12.0,713.9510293641906,41.75838465369864,20.173502711977257,27.854674952866823,-9.795768835495965,-0.0036501850383409,1.056939,325.4129,71.09448,2023-11-10T21:13:07.631,12.0,Red,data\RZ_Cep\2023_11_10\Light\Red\reduced_images\star_Light_Red_12_secs_012_reduced.fits,2,0.979925,792.0,49.46474747516213,1200.14307229848,798.5245087205635,1.0,V* RZ Cep,True,0.956198790825952,0.0044494180773056,7922.380997762742,45.47976090941848,-9.74713931091393,-0.0062328513381322,2023-11-10 21:13:07.631,0.015296401035357121,2023_11_10,3,"(-0.001, 0.0345]",-9.74713931091393,-0.0062328513381322
0,0,1,1213.437851014433,876.5219636629647,9358.599543084882,9358.599543084882,201.07326427366527,363.3942260742188,5.333483658946193,5.226413974492848,287.4548848634733,201.07326427366533,1.4265247583389282,2.681229591369629,9071.763553358473,8.00022548841929,10.666967317892386,13.333709147365482,7.839620961739272,10.452827948985696,13.06603493623212,False,1.5,12.0,779.8832952570734,35.721528649940645,21.89464433202133,28.93958306954396,-9.89422930558893,-0.0034635771649468,1.058334,324.9568,70.87491,2023-11-10T21:15:38.630,12.0,Red,data\RZ_Cep\2023_11_10\Light\Red\reduced_images\star_Light_Red_12_secs_013_reduced.fits,2,0.979925,792.0,49.56004287414389,1200.0192622758786,798.4670947888029,1.0,V* RZ Cep,True,0.864309117902973,0.0039493972773589,7840.807954627602,43.69534184391569,-9.735902041965264,-0.006050602806975,2023-11-10 21:15:38.630,0.020957725835614838,2023_11_10,3,"(-0.001, 0.0345]",-9.735902041965264,-0.006050602806975
0,0,1,1212.5462064746196,875.6687732964001,10017.839461228945,10017.839461228945,217.3579395023092,332.8153381347656,5.545255468882017,5.433934465344211,321.0066750533749,217.3579395023093,1.4951942563056946,2.4948630332946777,9692.847118522652,8.317883203323024,11.090510937764034,13.863138672205045,8.150901698016314,10.867868930688422,13.584836163360528,False,1.5,12.0,834.8199551024121,37.09310184552888,23.66786452358477,29.926258059963423,-9.966128407086842,-0.0033521648955492,1.05902,324.7617,70.76796,2023-11-10T21:16:50.016,12.0,Red,data\RZ_Cep\2023_11_10\Light\Red\reduced_images\star_Light_Red_12_secs_014_reduced.fits,2,0.979925,792.0,48.73903659115937,1199.9722690667766,798.4109872041458,1.0,V* RZ Cep,True,0.8227574065464771,0.0035589102358197,7974.861757287191,42.38180636073448,-9.754307908455427,-0.0057700638568248,2023-11-10 21:16:50.016,0.023634162978851236,2023_11_10,3,"(-0.001, 0.0345]",-9.754307908455427,-0.0057700638568248
0,0,1,1214.619744503315,876.018091054117,9949.180724868034,9949.180724868034,232.46684468799376,320.1100158691406,5.734747688885138,5.619622629030769,349.74197767479995,232.4668446879936,1.4930807948112488,2.5769948959350586,9602.088943634022,8.602121533327708,11.469495377770276,14.336869222212844,8.429433943546154,11.23924525806154,14.04905657257692,False,1.5,12.0,829.0983937390029,49.30720077961448,25.313056421581543,30.06191362738239,-9.955914311245582,-0.003399188260092,1.059689,324.5496,70.66448,2023-11-10T21:18:00.723,12.0,Red,data\RZ_Cep\2023_11_10\Light\Red\reduced_images\star_Light_Red_12_secs_015_reduced.fits,2,0.979925,792.0,50.77611773692611,1200.0159029158776,798.4199867580566,1.0,V* RZ Cep,True,0.8269251675941733,0.00357054570499,7940.209008968723,42.348648394174006,-9.74957983612035,-0.0057907116465311,2023-11-10 21:18:00.723,0.026285142737833667,2023_11_10,3,"(-0.001, 0.0345]",-9.74957983612035,-0.0057907116465311
0,0,1,1213.5439963194667,874.8189763615151,10112.188438030767,10112.188438030767,232.7114846137779,318.7409973144531,5.737764418736723,5.622578798030584,335.1595820328861,232.71148461377803,1.4614965915679932,2.9178032875061035,9772.081396449004,8.606646628105084,11.475528837473446,14.344411046841808,8.433868197045875,11.245157596061167,14.05644699507646,False,1.5,12.0,842.6823698358972,42.96987976319142,25.33969499127804,30.18264310146424,-9.974967689419437,-0.0033534706723238,1.060398,324.3608,70.55538,2023-11-10T21:19:11.130,12.0,Red,data\RZ_Cep\2023_11_10\Light\Red\reduced_images\star_Light_Red_12_secs_016_reduced.fits,2,0.979925,792.0,49.81416040892259,1200.0400972035718,798.4235144592204,1.0,V* RZ Cep,True,0.8170668357649391,0.0044400052929273,7984.443625434015,49.90694561018014,-9.755611647203049,-0.0067864187236868,2023-11-10 21:19:11.130,0.028924874757422003,2023_11_10,3,"(-0.001, 0.0345]",-9.755611647203049,-0.0067864187236868
0,0,1,1212.8052036274862,874.557716850526,9365.232875509657,9365.232875509657,201.05171303269967,366.1363525390625,5.333197827132519,5.226133880752834,304.74584125701625,201.05171303269967,1.5294721722602844,2.646705150604248,9057.729875240882,7.999796740698779,10.666395654265038,13.332994567831298,7.839200821129251,10.452267761505668,13.065334701882083,False,1.5,12.0,780.4360729591381,37.933513472709066,21.892297641338416,28.98727106978485,-9.89254841190908,-0.0034746597780126,1.061164,324.1461,70.43847,2023-11-10T21:20:28.510,12.0,Red,data\RZ_Cep\2023_11_10\Light\Red\reduced_images\star_Light_Red_12_secs_017_reduced.fits,2,0.979925,792.0,49.10770150393358,1199.9941222660996,798.3757954364788,1.0,V* RZ Cep,True,0.8774617516744783,0.0023105010369058,7947.811522523118,32.938233997377544,-9.75061889883138,-0.0044996327693984,2023-11-10 21:20:28.510,0.03182604173866821,2023_11_10,3,"(-0.001, 0.0345]",-9.75061889883138,-0.0044996327693984
0,0,1,1216.1052402261116,875.1050542619769,9410.265054398127,9410.265054398127,241.0478702331956,278.89825439453125,5.839631652720482,5.722401047292118,331.4813176476239,241.0478702331956,1.3263301849365234,2.917482376098633,9090.55598809318,8.759447479080723,11.679263305440964,14.599079131801204,8.583601570938178,11.444802094584237,14.306002618230297,False,1.5,12.0,784.1887545331774,47.87801889820531,26.247434758725745,29.29699998617791,-9.896476114869184,-0.0034991054031739,1.061871,323.9393,70.33119,2023-11-10T21:21:40.449,12.0,Red,data\RZ_Cep\2023_11_10\Light\Red\reduced_images\star_Light_Red_12_secs_018_reduced.fits,2,0.979925,792.0,52.33465919253693,1199.9504668093875,798.4504033073885,1.0,V* RZ Cep,True,0.8730099001017656,0.0038352551397998,7936.145375034734,43.24004427421188,-9.749024036662284,-0.0059156277191621,2023-11-10 21:21:40.449,0.03452321221539023,2023_11_10,3,"(0.0345, 0.069]",-9.749024036662284,-0.0059156277191621
0,0,1,1214.0852958672715,874.1850176445057,8128.49875912634,8128.49875912634,200.76798050039667,337.72802734375,5.329433283293857,5.222444910131733,287.13657554006863,200.76798050039665,1.3763394355773926,2.9025821685791016,7852.173870162411,7.9941499249407855,10.658866566587712,13.32358320823464,7.833667365197599,10.444889820263466,13.056112275329331,False,1.5,12.0,677.3748965938616,40.25269297686575,21.8614023211543,27.193546879579387,-9.737474768970484,-0.003760107566535,1.063292,323.5826,70.11782,2023-11-10T21:24:01.570,12.0,Red,data\RZ_Cep\2023_11_10\Light\Red\reduced_images\star_Light_Red_12_secs_020_reduced.fits,2,0.979925,792.0,50.42173025498883,1199.977162406353,798.4143148405211,1.0,V* RZ Cep,True,1.0131218888094602,0.0075074050451975,7955.209222599231,65.06966211685646,-9.751629015275626,-0.0088807831465891,2023-11-10 21:24:01.570,0.03981418644093537,2023_11_10,3,"(0.0345, 0.069]",-9.751629015275626,-0.0088807831465891
0,0,1,1215.2666060018034,874.6242684959894,6845.300843992703,6845.300843992703,237.20368049526303,206.48355102539065,5.792879788185317,5.676587726437497,297.5746400799053,237.20368049526297,1.2724411487579346,2.6180968284606934,6543.4731202937,8.689319682277976,11.585759576370634,14.482199470463293,8.514881589656246,11.353175452874996,14.191469316093745,False,1.5,12.0,570.4417369993919,39.79280035076694,25.8288452094842,25.22029703551572,-9.539520806822766,-0.0041847179751209,1.064002,323.4003,70.01217,2023-11-10T21:25:11.072,12.0,Red,data\RZ_Cep\2023_11_10\Light\Red\reduced_images\star_Light_Red_12_secs_021_reduced.fits,2,0.979925,792.0,51.547680647603926,1200.0281245033948,798.4557838286197,1.0,V* RZ Cep,True,1.222446358965227,0.0080789794106937,7999.044890889867,61.19788875117983,-9.757595335173846,-0.0083065871461216,2023-11-10 21:25:11.072,0.04241998777933986,2023_11_10,3,"(0.0345, 0.069]",-9.757595335173846,-0.0083065871461216
0,0,1,1214.3788034903664,873.3205370066903,7013.782398922278,7013.782398922278,230.4200511277324,214.8305053710937,5.709445594760073,5.594828474445265,281.8105588217512,230.4200511277324,1.2186424732208252,2.303989887237549,6732.98273793631,8.56416839214011,11.418891189520146,14.273613986900182,8.392242711667897,11.18965694889053,13.987071186113162,False,1.5,12.0,584.4818665768565,38.01923876133033,25.09018334501974,25.447815008035693,-9.570518752556088,-0.0041036217025383,1.064729,323.2265,69.90463,2023-11-10T21:26:20.051,12.0,Red,data\RZ_Cep\2023_11_10\Light\Red\reduced_images\star_Light_Red_12_secs_022_reduced.fits,2,0.979925,792.0,50.81967204734746,1200.0369271517468,798.367276162706,1.0,V* RZ Cep,True,1.168452231789261,0.0031812113565127,7867.16870674025,36.645861411018245,-9.739546158637758,-0.0050574406081317,2023-11-10 21:26:20.051,0.0450061805581754,2023_11_10,3,"(0.0345, 0.069]",-9.739546158637758,-0.0050574406081317
0,0,1,1215.6851335925603,873.6352883157509,6496.254296500051,6496.254296500051,205.3692713664647,238.4413452148437,5.390158496713448,5.281951064891926,242.96212662579453,205.3692713664647,1.1821436285972595,2.213306427001953,6253.478320844523,8.085237745070172,10.780316993426895,13.47539624178362,7.922926597337889,10.563902129783852,13.204877662229814,False,1.5,12.0,541.3545247083376,28.434074651922177,22.36243177101504,24.33415359389504,-9.490304121501191,-0.0042249241483688,1.06549,323.0539,69.79294,2023-11-10T21:27:31.258,12.0,Red,data\RZ_Cep\2023_11_10\Light\Red\reduced_images\star_Light_Red_12_secs_023_reduced.fits,2,0.979925,792.0,52.07554694196138,1200.003413710603,798.433069133289,1.0,V* RZ Cep,True,1.283345697472506,0.0063496782463651,8025.37449729341,50.516830617555584,-9.761163268833451,-0.006834316824668,2023-11-10 21:27:31.258,0.04767590655001186,2023_11_10,3,"(0.0345, 0.069]",-9.761163268833451,-0.006834316824668
0,0,1,1214.7166460018143,873.4548809135218,6114.074446254945,6114.074446254945,187.9231554004591,269.0541687011719,5.156131116633821,5.052621784467397,217.0955221683299,187.9231554004592,1.1541621685028076,2.231365203857422,5897.180649706061,7.734196674950732,10.312262233267642,12.890327791584554,7.578932676701096,10.105243568934794,12.631554461168497,False,1.5,12.0,509.5062038545787,31.29787806097726,20.46274358804999,23.69107058584744,-9.426611079563568,-0.0043617882158344,1.066248,322.8838,69.68249,2023-11-10T21:28:41.620,12.0,Red,data\RZ_Cep\2023_11_10\Light\Red\reduced_images\star_Light_Red_12_secs_024_reduced.fits,2,0.979925,792.0,51.13723462927504,1200.078816116081,798.4597089486775,1.0,V* RZ Cep,True,1.3598979617009956,0.0074853667122394,8019.563945317825,54.6491439054259,-9.760376886642222,-0.0073987257289469,2023-11-10 21:28:41.620,0.050313951408497815,2023_11_10,3,"(0.0345, 0.069]",-9.760376886642222,-0.0073987257289469
0,0,1,1216.448990927379,873.7215969361597,5951.378371299656,5951.378371299656,195.50383470291817,242.5567321777344,5.259100192271192,5.153523755911348,221.240466523884,195.50383470291808,1.110034465789795,2.587106227874756,5734.362376585345,7.888650288406788,10.518200384542384,13.14775048067798,7.730285633867022,10.307047511822695,12.883809389778367,False,1.5,12.0,495.9481976083046,27.160622621523675,21.28819533431776,23.33231697804884,-9.396212835573346,-0.0044177084774759,1.066989,322.7123,69.57508,2023-11-10T21:29:50.682,12.0,Red,data\RZ_Cep\2023_11_10\Light\Red\reduced_images\star_Light_Red_12_secs_025_reduced.fits,2,0.979925,792.0,52.82343224680061,1199.976328607006,798.3890640838058,1.0,V* RZ Cep,True,1.386389573086476,0.007531217448039,7950.060207197308,53.95800321657538,-9.750926044142608,-0.0073690206239764,2023-11-10 21:29:50.682,0.05290325606165425,2023_11_10,3,"(0.0345, 0.069]",-9.750926044142608,-0.0073690206239764
0,0,1,1215.079469574865,873.549664399717,5799.16009528062,5799.16009528062,213.95826939329405,221.434814453125,5.501718211559417,5.391271218462363,235.68114285645544,213.958269393294,1.0720796585083008,2.13589096069336,5569.779786894431,8.252577317339126,11.003436423118837,13.754295528898544,8.086906827693543,10.782542436924723,13.478178046155906,False,1.5,12.0,483.263341273385,32.800443571703234,23.29767822282535,23.22415688605108,-9.364595061889808,-0.0045271642544108,1.067756,322.5526,69.46472,2023-11-10T21:31:02.113,12.0,Red,data\RZ_Cep\2023_11_10\Light\Red\reduced_images\star_Light_Red_12_secs_026_reduced.fits,2,0.979925,792.0,51.48513417876891,1199.942235700371,798.4263798666012,1.0,V* RZ Cep,True,1.4180270329803368,0.0065591438667146,7898.098305563763,49.18544015444675,-9.743806337459969,-0.0067614267456038,2023-11-10 21:31:02.113,0.055581380365765654,2023_11_10,3,"(0.0345, 0.069]",-9.743806337459969,-0.0067614267456038
0,0,1,1215.4091780448616,872.9236164983053,5705.723906979496,5705.723906979496,234.7208545213456,160.96731567382812,5.762482817044581,5.646800974492411,254.9125670744372,234.7208545213456,1.0476862788200378,2.353134155273437,5459.810088344568,8.64372422556687,11.524965634089162,14.406207042611452,8.470201461738617,11.293601948984822,14.117002436231028,False,1.5,12.0,475.4769922482913,35.87592044162756,25.55849304787985,23.171348811361817,-9.34294384164352,-0.0046078475094364,1.068538,322.3992,69.35289,2023-11-10T21:32:12.049,12.0,Red,data\RZ_Cep\2023_11_10\Light\Red\reduced_images\star_Light_Red_12_secs_027_reduced.fits,2,0.979925,792.0,51.89391862936677,1199.9930443319918,798.4112810991901,1.0,V* RZ Cep,True,1.4545462416914927,0.0050999057281193,7941.546244350888,43.717995545014574,-9.749762672947764,-0.0059769482040655,2023-11-10 21:32:12.049,0.05820345343408917,2023_11_10,3,"(0.0345, 0.069]",-9.749762672947764,-0.0059769482040655
0,0,1,1217.254235704146,873.6741902006659,5580.888961659402,5580.888961659402,200.9012668067718,220.4879150390625,5.331202047962245,5.224178166849403,215.7513536278149,200.90126680677173,1.051215648651123,2.36443829536438,5369.69840615829,7.996803071943368,10.66240409592449,13.328005119905612,7.836267250274105,10.448356333698806,13.060445417123509,False,1.5,12.0,465.07408013828353,29.302272406733632,21.8759157189596,22.721185450235133,-9.324874734630882,-0.0045941525561383,1.069277,322.2374,69.24783,2023-11-10T21:33:21.143,12.0,Red,data\RZ_Cep\2023_11_10\Light\Red\reduced_images\star_Light_Red_12_secs_028_reduced.fits,2,0.979925,792.0,53.62862565878488,1199.9523278038444,798.4048950709928,1.0,V* RZ Cep,True,1.4711569292838786,0.0059824400220571,7899.669018384367,46.36023132072114,-9.7440222388272,-0.0063717836138105,2023-11-10 21:33:21.143,0.060793957846499325,2023_11_10,3,"(0.0345, 0.069]",-9.7440222388272,-0.0063717836138105
0,0,1,1194.55189114341,788.8377118819569,6800.612622348919,6800.612622348919,169.68542557924022,356.5525817871094,4.899548664165168,4.801190224732052,248.7006246724997,169.68542557924013,1.419668674468994,2.721601963043213,6559.715539140132,7.349322996247752,9.799097328330337,12.248871660412918,7.201785337098078,9.602380449464103,12.00297556183013,False,1.5,24.0,283.3588592645383,20.262670913642133,4.619214362990427,17.556786281696628,-9.542212516708831,-0.0029059245620485,1.155103,317.3518,59.94338,2024-01-07T19:15:13.244,24.0,Red,data\RZ_Cep\2024_01_07\Light\Red\reduced_images\RZ_Cep_Light_Red_24_secs_001_reduced.fits,2,0.979925,792.0,96.14562302755058,1200.0824217048648,798.4735174984589,1.0,V* RZ Cep,True,0.7866262450126776,0.0018108544149202,5160.044402905114,18.216386637727084,-9.281633597020404,-0.0038329496702232,2024-01-07 19:15:13.244,0.6323033748137732,2024_01_07,4,"(0.621, 0.655]",-9.281633597020404,-0.0038329496702232
0,0,1,1196.7378896098653,787.1703078816416,6835.13359696406,6835.13359696406,172.93991340312658,399.5451049804688,4.946311045257593,4.847013851024047,237.28631327269923,172.93991340312667,1.3656030893325806,2.3437271118164062,6598.966316951841,7.419466567886389,9.892622090515186,12.365777613143983,7.27052077653607,9.694027702048094,12.11753462756012,False,1.5,24.0,284.7972332068358,18.581915577011987,4.707808753751778,17.552406032723823,-9.54868977900529,-0.0028879193793409,1.159094,317.3334,59.60358,2024-01-07T19:18:26.852,24.0,Red,data\RZ_Cep\2024_01_07\Light\Red\reduced_images\RZ_Cep_Light_Red_24_secs_002_reduced.fits,2,0.979925,792.0,98.43333355574693,1200.0747493503009,798.488737127347,1.0,V* RZ Cep,True,0.7900669153903033,0.0020593300808411,5213.624962798651,19.41604468998475,-9.292849468478405,-0.0040433868610683,2024-01-07 19:18:26.852,0.6395622160771381,2024_01_07,4,"(0.621, 0.655]",-9.292849468478405,-0.0040433868610683
0,0,1,1195.4524850280905,785.8473240784491,6842.182369062388,6842.182369062388,199.6089312818688,306.78857421875,5.314027399151534,5.207348299113567,252.0098142241777,199.6089312818688,1.2509537935256958,2.131111621856689,6592.480819253724,7.971041098727301,10.628054798303069,13.285068497878836,7.811022448670351,10.414696598227136,13.01837074778392,False,1.5,24.0,285.09093204426614,14.434284742551922,5.433798684895316,17.46307577352035,-9.547622187231411,-0.0028760483547211,1.161278,317.3385,59.42006,2024-01-07T19:20:12.737,24.0,Red,data\RZ_Cep\2024_01_07\Light\Red\reduced_images\RZ_Cep_Light_Red_24_secs_003_reduced.fits,2,0.979925,792.0,99.26724131167768,1200.038199951613,798.5388627697948,1.0,V* RZ Cep,True,0.7870011444464553,0.0016638387141053,5188.289949493986,17.58402193716723,-9.287560596993176,-0.0036797498652336,2024-01-07 19:20:12.737,0.6435321057881538,2024_01_07,4,"(0.621, 0.655]",-9.287560596993176,-0.0036797498652336
0,0,1,1195.9477195942002,784.8726324753009,6813.416995187117,6813.416995187117,187.44802881976685,372.5115966796875,5.149608861910276,5.046230464007428,241.3046129451232,187.448028819767,1.2906269431114197,2.184931516647339,6571.4915187592005,7.724413292865414,10.299217723820552,12.874022154775693,7.569345696011141,10.092460928014855,12.61557616001857,False,1.5,24.0,283.8923747994632,16.660660231982714,5.102751895649209,17.483014240316088,-9.5441598793222,-0.0028885286505851,1.163526,317.3359,59.2329,2024-01-07T19:22:00.144,24.0,Red,data\RZ_Cep\2024_01_07\Light\Red\reduced_images\RZ_Cep_Light_Red_24_secs_004_reduced.fits,2,0.979925,792.0,100.34875604335524,1200.1083771485976,798.4879680212276,1.0,V* RZ Cep,True,0.7888191321565047,0.0017782367872946,5183.718236801464,18.07608239893957,-9.286603468109297,-0.0037860578457732,2024-01-07 19:22:00.144,0.6475590590318916,2024_01_07,4,"(0.621, 0.655]",-9.286603468109297,-0.0037860578457732
0,0,1,1196.1170980916745,784.4925456112502,6906.987339354057,6906.987339354057,213.79522678770945,302.1034545898437,5.499621575079649,5.389216671959925,262.6125382867009,213.7952267877096,1.212384819984436,2.097714900970459,6647.785251811509,8.249432362619473,10.999243150159298,13.749053937699124,8.083825007939888,10.77843334391985,13.473041679899817,False,1.5,24.0,287.7911391397524,17.763745531710708,5.819981173665423,17.645817233699564,-9.556692454189072,-0.0028819677392484,1.165793,317.3372,59.04592,2024-01-07T19:23:46.311,24.0,Red,data\RZ_Cep\2024_01_07\Light\Red\reduced_images\RZ_Cep_Light_Red_24_secs_005_reduced.fits,2,0.979925,792.0,100.76299833594358,1200.1023384661244,798.4699484153227,1.0,V* RZ Cep,True,0.7894099412623622,0.0016990360483661,5247.827765157321,17.933543479540074,-9.299948932406604,-0.0037103156404289,2024-01-07 19:23:46.311,0.6515395216179058,2024_01_07,4,"(0.621, 0.655]",-9.299948932406604,-0.0037103156404289
0,0,1,1196.3830856463674,783.557291612075,6925.445177306849,6925.445177306849,205.3322193521971,313.8344116210937,5.38967223789528,5.281474567719532,259.0741033577492,205.33221935219711,1.2355449199676514,2.125693798065185,6671.7479967805575,8.08450835684292,10.77934447579056,13.4741805947382,7.922211851579298,10.562949135439064,13.20368641929883,False,1.5,24.0,288.5602157211187,17.83884321801052,5.589599304587587,17.663200679483797,-9.560599084753711,-0.0028744455694186,1.168093,317.341,58.85796,2024-01-07T19:25:33.495,24.0,Red,data\RZ_Cep\2024_01_07\Light\Red\reduced_images\RZ_Cep_Light_Red_24_secs_006_reduced.fits,2,0.979925,792.0,101.7342628477658,1200.0775489114174,798.4804387918938,1.0,V* RZ Cep,True,0.7865391828610693,0.0020900244632603,5247.591217642756,19.683705486232597,-9.299899991396977,-0.004072594606521,2024-01-07 19:25:33.495,0.6555581140414688,2024_01_07,4,"(0.655, 0.69]",-9.299899991396977,-0.004072594606521
0,0,1,1196.8453860287025,783.0185321538744,6904.821929425418,6904.821929425418,193.04287379491623,318.5263977050781,5.225895146554178,5.120985301487103,251.1698492231893,193.04287379491635,1.3186302185058594,2.088931083679199,6650.2697625722285,7.838842719831267,10.451790293108356,13.064737866385446,7.681477952230654,10.241970602974206,12.80246325371776,False,1.5,24.0,287.70091372605907,16.714612582211263,5.255056008861609,17.597459541568266,-9.55709815612255,-0.0028729960765767,1.170347,317.3519,58.67556,2024-01-07T19:27:18.580,24.0,Red,data\RZ_Cep\2024_01_07\Light\Red\reduced_images\RZ_Cep_Light_Red_24_secs_007_reduced.fits,2,0.979925,792.0,102.39250211301402,1200.09325669208,798.4842891543971,1.0,V* RZ Cep,True,0.7898011927715802,0.0019153346466823,5252.39099073232,18.85237001016657,-9.300892619322914,-0.0038970253169748,2024-01-07 19:27:18.580,0.6594980097800089,2024_01_07,4,"(0.655, 0.69]",-9.300892619322914,-0.0038970253169748
0,0,1,1196.100606275004,782.1452464969727,6927.526832494381,6927.526832494381,179.1659166421535,372.8200378417969,5.034559785870211,4.933490998168868,241.48310318207103,179.1659166421535,1.3432073593139648,2.224498748779297,6686.869854722408,7.551839678805317,10.069119571740424,12.586399464675528,7.4002364972533,9.866981996337737,12.333727495422169,False,1.5,24.0,288.64695135393254,13.127977314158027,4.877294397480844,17.51148831669003,-9.563057176727906,-0.0028433119348363,1.172644,317.3629,58.4913,2024-01-07T19:29:04.364,24.0,Red,data\RZ_Cep\2024_01_07\Light\Red\reduced_images\RZ_Cep_Light_Red_24_secs_008_reduced.fits,2,0.979925,792.0,102.98544414800106,1200.0743658759425,798.5998366106354,1.0,V* RZ Cep,True,0.7868219680754909,0.0019529597919635,5261.376099357357,18.98387078221569,-9.302748369032653,-0.0039175066418876,2024-01-07 19:29:04.364,0.6634641127520808,2024_01_07,4,"(0.655, 0.69]",-9.302748369032653,-0.0039175066418876
0,0,1,1197.1704587439608,781.2096054496318,6966.516767529427,6966.516767529427,221.1358787471229,244.06739807128903,5.593239426909328,5.480955145414123,275.3997050561459,221.1358787471229,1.2185430526733398,2.4543135166168213,6697.053178785306,8.389859140363992,11.186478853818656,13.98309856727332,8.221432718121186,10.961910290828246,13.702387863535307,False,1.5,24.0,290.2715319803928,18.263238819394527,6.019810032560568,17.735686646768087,-9.56470936879831,-0.0028753358521387,1.174947,317.3732,58.3082,2024-01-07T19:30:49.467,24.0,Red,data\RZ_Cep\2024_01_07\Light\Red\reduced_images\RZ_Cep_Light_Red_24_secs_009_reduced.fits,2,0.979925,792.0,104.21046679053993,1200.070500681972,798.4780812900642,1.0,V* RZ Cep,True,0.7809288741755241,0.0018464007534145,5229.922199202424,18.567048443365213,-9.29623807077794,-0.0038545347220526,2024-01-07 19:30:49.467,0.6674046833550165,2024_01_07,4,"(0.655, 0.69]",-9.29623807077794,-0.0038545347220526
0,0,1,1196.4606836801408,780.2548911488362,6961.219614350619,6961.219614350619,192.8053867788286,316.08282470703125,5.222679632406281,5.117834338785726,250.5852336219428,192.8053867788288,1.2742140293121338,2.2592990398406982,6715.544285590084,7.834019448609422,10.445359264812565,13.056699081015704,7.676751508178588,10.235668677571452,12.794585846964315,False,1.5,24.0,290.0508172646091,17.211659125606747,5.248591084534778,17.67798256235,-9.567703043498042,-0.0028580893638377,1.177326,317.3918,58.12086,2024-01-07T19:32:36.098,24.0,Red,data\RZ_Cep\2024_01_07\Light\Red\reduced_images\RZ_Cep_Light_Red_24_secs_010_reduced.fits,2,0.979925,792.0,104.8941500976707,1200.029229230083,798.4538942403753,1.0,V* RZ Cep,True,0.7872458256314695,0.0022831844047884,5286.784205674063,20.706910890113583,-9.307978959671924,-0.0042525365075365,2024-01-07 19:32:36.098,0.6714025424450938,2024_01_07,4,"(0.655, 0.69]",-9.307978959671924,-0.0042525365075365
0,0,1,1197.7928553932247,777.0028251987189,6968.822681261208,6968.822681261208,196.91199691306304,347.556640625,5.27800616081574,5.172050187137364,249.57502405392543,196.9119969130629,1.2357778549194336,2.3740553855896,6725.483196108081,7.91700924122361,10.55601232163148,13.195015402039347,7.758075280706047,10.344100374274728,12.93012546784341,False,1.5,24.0,290.367611719217,20.204787342612143,5.360382138188938,17.774498057611023,-9.569308729814315,-0.0028694467742806,1.19246,317.5347,56.96802,2024-01-07T19:43:37.843,24.0,Red,data\RZ_Cep\2024_01_07\Light\Red\reduced_images\RZ_Cep_Light_Red_24_secs_011_reduced.fits,2,0.979925,792.0,108.39914710307016,1200.074661154808,798.4875232248583,1.0,V* RZ Cep,True,0.7893457149289141,0.0012152489157899,5308.731341674332,16.23722072151505,-9.312476869022214,-0.003320819470295,2024-01-07 19:43:37.843,0.6962129940368413,2024_01_07,4,"(0.69, 0.724]",-9.312476869022214,-0.003320819470295
0,0,1,1198.2114911958,776.1408810130733,6962.698159905121,6962.698159905121,208.87705890133333,343.1580810546875,5.435996600656624,5.3268689688984425,261.3300941422765,208.8770589013332,1.2220799922943115,2.316133499145508,6707.433685372522,8.153994900984937,10.871993201313249,13.58999150164156,7.990303453347665,10.653737937796883,13.317172422246106,False,1.5,24.0,290.1124233293801,20.105816348600715,5.686097714536295,17.773697909903756,-9.56639096902556,-0.002877038852475,1.194993,317.5643,56.7814,2024-01-07T19:45:25.469,24.0,Red,data\RZ_Cep\2024_01_07\Light\Red\reduced_images\RZ_Cep_Light_Red_24_secs_012_reduced.fits,2,0.979925,792.0,109.34872073591396,1200.0712819311448,798.4510437273477,1.0,V* RZ Cep,True,0.7923028298206503,0.0019210398754667,5314.318689755002,19.087602940266013,-9.31361898670804,-0.0038996723350909,2024-01-07 19:45:25.469,0.7002481581303073,2024_01_07,4,"(0.69, 0.724]",-9.31361898670804,-0.0038996723350909
0,0,1,1198.102394528039,775.1819723357472,6982.193756888431,6982.193756888431,177.48142671067808,392.2623596191406,5.010836822373095,4.910244273163956,242.9999851959049,177.48142671067802,1.3353872299194336,2.2698378562927246,6745.187326111109,7.516255233559643,10.02167364474619,12.527092055932735,7.365366409745933,9.820488546327912,12.275610682909887,False,1.5,24.0,290.9247398703513,19.13410229304456,4.831438838235125,17.745148097483746,-9.572485038306196,-0.0028563402047635,1.197607,317.5972,56.59052,2024-01-07T19:47:14.109,24.0,Red,data\RZ_Cep\2024_01_07\Light\Red\reduced_images\RZ_Cep_Light_Red_24_secs_013_reduced.fits,2,0.979925,792.0,110.22609598443594,1200.083283783366,798.5190681847761,1.0,V* RZ Cep,True,0.7921211916896006,0.0021320051066504,5343.005822928722,20.109362157559627,-9.319464118717809,-0.0040863632331,2024-01-07 19:47:14.109,0.7043213395836574,2024_01_07,4,"(0.69, 0.724]",-9.319464118717809,-0.0040863632331
0,0,1,1198.4670923145093,774.6278771399371,7056.601931244457,7056.601931244457,208.53491328995364,294.9518127441406,5.431542629847817,5.322504411553623,259.9067744621675,208.5349132899537,1.2442355155944824,2.195492744445801,6797.135385887681,8.147313944771724,10.863085259695634,13.578856574619545,7.983756617330433,10.645008823107244,13.306261028884055,False,1.5,24.0,294.02508046851904,16.962747194683303,5.67678375067096,17.79507267234032,-9.58081480080182,-0.0028424848954422,1.200231,317.6348,56.40071,2024-01-07T19:49:02.316,24.0,Red,data\RZ_Cep\2024_01_07\Light\Red\reduced_images\RZ_Cep_Light_Red_24_secs_014_reduced.fits,2,0.979925,792.0,110.86597642492978,1200.0783796359117,798.5283132836257,1.0,V* RZ Cep,True,0.7870526182107935,0.002484673911013,5349.703201796132,21.940498520177787,-9.320824220755082,-0.0044528813459784,2024-01-07 19:49:02.316,0.7083782867996433,2024_01_07,4,"(0.69, 0.724]",-9.320824220755082,-0.0044528813459784
0,0,1,1198.525814255741,772.6702537801666,7043.438969510265,7043.438969510265,229.05023379549525,254.7933654785156,5.692449340029874,5.578173419528775,283.1950630531395,229.05023379549533,1.2173228859901428,2.1078128814697266,6764.610877869616,8.538674010044812,11.384898680059749,14.231123350074686,8.367260129293163,11.15634683905755,13.945433548821937,False,1.5,24.0,293.4766237295944,19.634794486686243,6.235256364432925,17.870273489253417,-9.575607049098906,-0.0028682215823657,1.208087,317.7596,55.84294,2024-01-07T19:54:26.270,24.0,Red,data\RZ_Cep\2024_01_07\Light\Red\reduced_images\RZ_Cep_Light_Red_24_secs_017_reduced.fits,2,0.979925,792.0,112.74620292336122,1200.067717818597,798.4691474924334,1.0,V* RZ Cep,True,0.7977621881203968,0.002706869664697,5396.550775712303,23.206245732015603,-9.330290669144311,-0.0046688824426816,2024-01-07 19:54:26.270,0.720524120972641,2024_01_07,4,"(0.69, 0.724]",-9.330290669144311,-0.0046688824426816
0,0,1,1200.3375424676751,771.1189884308279,7183.749508489732,7183.749508489732,234.7198216825531,246.6273956298828,5.762470138745599,5.646788550710281,296.2813569811248,234.71982168255303,1.2489261627197266,2.0331501960754395,6890.601782281482,8.643705208118398,11.524940277491195,14.406175346863996,8.470182826065422,11.293577101420562,14.116971376775702,False,1.5,24.0,299.32289618707216,18.4002727762484,6.389595145802833,18.003132063869426,-9.59564288035377,-0.0028367119300156,1.216533,317.8976,55.25985,2024-01-07T20:00:01.764,24.0,Red,data\RZ_Cep\2024_01_07\Light\Red\reduced_images\RZ_Cep_Light_Red_24_secs_020_reduced.fits,2,0.979925,792.0,114.78454457337136,1200.0761127535184,798.5097638369137,1.0,V* RZ Cep,True,0.789374418895914,0.0037519996487439,5439.264777731594,29.50192943040229,-9.338850500829473,-0.0058889048799285,2024-01-07 20:00:01.764,0.7331026181980178,2024_01_07,4,"(0.724, 0.759]",-9.338850500829473,-0.0058889048799285
0,0,1,1201.678272780059,769.2829415784311,6471.500682406762,6471.500682406762,259.7130871675304,198.16314697265625,6.061508547721892,5.939823763626375,342.6966177107266,259.7130871675305,1.298041582107544,2.3637804985046387,6134.382295845787,9.092262821582835,12.123017095443783,15.15377136930473,8.909735645439563,11.87964752725275,14.849559409065938,False,1.5,24.0,269.6458617669484,18.039114882744204,7.069967372893881,17.168428699871942,-9.469427094506896,-0.0030386734506068,1.222128,318.0027,54.88263,2024-01-07T20:03:39.882,24.0,Red,data\RZ_Cep\2024_01_07\Light\Red\reduced_images\RZ_Cep_Light_Red_24_secs_022_reduced.fits,2,0.979925,792.0,116.95263684591998,1200.088676756685,798.4356934767873,1.0,V* RZ Cep,True,0.8910542389705277,0.0027660338310492,5466.067348179146,22.845979391454502,-9.344187445981424,-0.0045379438961218,2024-01-07 20:03:39.882,0.7412803997908668,2024_01_07,4,"(0.724, 0.759]",-9.344187445981424,-0.0045379438961218
0,0,1,1200.4845457445165,797.8217640286588,7164.7656748314175,7164.7656748314175,177.8214281883616,349.7503356933594,5.015634160310981,4.914945304542738,363.20347712826816,177.8214281883616,1.9820106029510496,3.087414264678955,6812.321718730186,7.523451240466471,10.031268320621962,12.539085400777452,7.3724179568141075,9.829890609085476,12.287363261356845,False,1.5,24.0,298.53190311797573,25.06353688551569,4.84069443401651,18.122807024230763,-9.583237874419146,-0.0028883820421975,1.37942,322.2582,46.42778,2024-01-18T20:43:41.290,24.0,Red,data\RZ_Cep\2024_01_18\Light\Red\reduced_images\RZ_Cep_Light_Red_24_secs_001_reduced.fits,2,0.979925,792.0,89.91320562378563,1199.959448927515,798.4185299163489,1.0,V* RZ Cep,True,0.8055935268148647,0.0018688641258775,5487.962279189352,19.370980392349043,-9.348527794102688,-0.0038323468099237,2024-01-18 20:43:41.290,0.46415433104584736,2024_01_18,5,"(0.448, 0.483]",-9.348527794102688,-0.0038323468099237
0,0,1,1198.4004521372356,808.50883860418,7176.877533750068,7176.877533750068,179.249632110983,372.3790893554688,5.0357358502665,4.9346434530724,370.2867051608048,179.24963211098293,2.087841987609864,3.237459659576416,6802.632625565137,7.55360377539975,10.071471700533,12.589339625666248,7.4019651796086,9.8692869061448,12.336608632681,False,1.5,24.0,299.03656390625287,22.25065539511687,4.879573318576759,18.060088389040253,-9.581692544078631,-0.0028824857822575,1.3833,322.3748,46.25868,2024-01-18T20:45:26.692,24.0,Red,data\RZ_Cep\2024_01_18\Light\Red\reduced_images\RZ_Cep_Light_Red_24_secs_002_reduced.fits,2,0.979925,792.0,79.33711152398614,1199.9648096987826,798.4588650652813,1.0,V* RZ Cep,True,0.8071917915845307,0.0020568931983748,5491.029216521302,20.206457389797585,-9.349134386244952,-0.0039954044119809,2024-01-18 20:45:26.692,0.468106111896077,2024_01_18,5,"(0.448, 0.483]",-9.349134386244952,-0.0039954044119809
0,0,1,1196.779137818892,818.1773299950162,7141.187558142279,7141.187558142279,162.62252080542788,421.24798583984375,4.796496688602672,4.700207017578974,336.0743327478235,162.622520805428,2.022263884544373,3.0595836639404297,6812.321907503897,7.194745032904008,9.592993377205344,11.99124172150668,7.0503105263684605,9.400414035157947,11.750517543947437,False,1.5,24.0,297.54948158926163,21.63595521425467,4.426946399703314,17.9892296445184,-9.583237904505577,-0.0028670926280285,1.38719,322.4919,46.09064,2024-01-18T20:47:12.674,24.0,Red,data\RZ_Cep\2024_01_18\Light\Red\reduced_images\RZ_Cep_Light_Red_24_secs_003_reduced.fits,2,0.979925,792.0,69.97509844719792,1199.9785643312146,798.4625092463591,1.0,V* RZ Cep,True,0.8077693723344189,0.0014367799029906,5502.784991364434,17.52014422416762,-9.351456360217874,-0.0034568413860644,2024-01-18 20:47:12.674,0.472079638375817,2024_01_18,5,"(0.448, 0.483]",-9.351456360217874,-0.0034568413860644
0,0,1,1196.1884760879268,822.3094483626207,7129.278264940567,7129.278264940567,178.4186175957725,375.1164855957031,5.024049268158089,4.923191479099816,362.1167561003346,178.4186175957725,2.005836009979248,3.1154274940490723,6771.39977691625,7.536073902237134,10.04809853631618,12.560123170395222,7.384787218649723,9.846382958199632,12.307978697749538,False,1.5,24.0,297.0532610391903,22.024884813020257,4.856951256773806,17.998197051621155,-9.576696137204909,-0.0028858574007005,1.391076,322.6092,45.92418,2024-01-18T20:48:57.987,24.0,Red,data\RZ_Cep\2024_01_18\Light\Red\reduced_images\RZ_Cep_Light_Red_24_secs_004_reduced.fits,2,0.979925,792.0,66.06283176710001,1199.9317492656148,798.4184753792406,1.0,V* RZ Cep,True,0.8091592273056657,0.0025130242524929,5479.140611267309,22.39778184960372,-9.34678111470874,-0.0044383023517194,2024-01-18 20:48:57.987,0.4760280823966241,2024_01_18,5,"(0.448, 0.483]",-9.34678111470874,-0.0044383023517194
0,0,1,1195.5038383034278,823.2230066038073,7161.736595970158,7161.736595970158,182.3931286480457,357.67901611328125,5.079699729562541,4.977724757491573,361.5808761225152,182.39312864804583,1.955271601676941,3.2000885009765625,6805.108491183626,7.619549594343811,10.159399459125082,12.699249323906352,7.466587136237359,9.955449514983146,12.444311893728932,False,1.5,24.0,298.4056914987566,22.289337784846143,4.9651462798634665,18.04605706417516,-9.582087633454114,-0.0028791984041239,1.394988,322.7275,45.75807,2024-01-18T20:50:42.598,24.0,Red,data\RZ_Cep\2024_01_18\Light\Red\reduced_images\RZ_Cep_Light_Red_24_secs_005_reduced.fits,2,0.979925,792.0,64.93164719117965,1199.9470015273837,798.440639829302,1.0,V* RZ Cep,True,0.8045213288737025,0.0020706928351808,5474.854926456767,20.232386741840127,-9.34593153915754,-0.0040123501150926,2024-01-18 20:50:42.598,0.47995020670646227,2024_01_18,5,"(0.448, 0.483]",-9.34593153915754,-0.0040123501150926
0,0,1,1194.6997575528685,828.3580808223071,7131.059829785713,7131.059829785713,197.3101100681691,287.3987121582031,5.283338955989021,5.177275926447542,385.58554992502536,197.31011006816908,1.978298544883728,2.969606399536133,6740.721526147006,7.925008433983532,10.566677911978042,13.208347389972552,7.765913889671313,10.354551852895083,12.943189816118853,False,1.5,24.0,297.12749290773803,21.29444804037107,5.371219662966825,17.99425354414781,-9.571765964651677,-0.0028983562775431,1.398976,322.8484,45.59015,2024-01-18T20:52:29.880,24.0,Red,data\RZ_Cep\2024_01_18\Light\Red\reduced_images\RZ_Cep_Light_Red_24_secs_006_reduced.fits,2,0.979925,792.0,60.07797375211866,1199.951145361051,798.3874045575317,1.0,V* RZ Cep,True,0.8035978099235689,0.0020497637007927,5416.829055716391,20.000051877625072,-9.33436282584704,-0.0040087623584249,2024-01-18 20:52:29.880,0.4839724733917592,2024_01_18,5,"(0.483, 0.517]",-9.33436282584704,-0.0040087623584249
0,0,1,1192.1304548661085,840.665917018388,7102.921410910267,7102.921410910267,180.89156102899287,344.0377502441406,5.058746977167236,4.957192631600604,360.01218821783846,180.8915610289929,1.9898604154586792,2.879154682159424,6742.972454128146,7.588120465750855,10.117493954334472,12.64686744291809,7.435788947400907,9.914385263201208,12.39298157900151,False,1.5,24.0,295.9550587879278,21.7315762396635,4.924270272455918,17.961372589533553,-9.57212846383472,-0.0028920943456721,1.403052,322.9722,45.42003,2024-01-18T20:54:17.879,24.0,Red,data\RZ_Cep\2024_01_18\Light\Red\reduced_images\RZ_Cep_Light_Red_24_secs_007_reduced.fits,2,0.979925,792.0,48.35796289111554,1199.9372406983784,798.4237217892586,1.0,V* RZ Cep,True,0.8029363112160136,0.0025791052340392,5414.177428948844,22.59271076380904,-9.333831210018978,-0.0045306465038879,2024-01-18 20:54:17.879,0.48802162217498335,2024_01_18,5,"(0.483, 0.517]",-9.333831210018978,-0.0045306465038879
0,0,1,1189.844568150713,848.1633819247701,6992.084744302253,6992.084744302253,172.7199808577131,353.2947692871094,4.943164863323234,4.84393082869202,351.7776754061972,172.71998085771307,1.9833074808120728,3.1966922283172607,6649.527914181433,7.414747294984851,9.886329726646467,12.357912158308084,7.26589624303803,9.68786165738404,12.109827071730049,False,1.5,24.0,291.3368643459272,27.796203494324253,4.701821701126634,17.99541301391491,-9.556977033730051,-0.0029382945196927,1.407016,323.0928,45.25605,2024-01-18T20:56:02.970,24.0,Red,data\RZ_Cep\2024_01_18\Light\Red\reduced_images\RZ_Cep_Light_Red_24_secs_008_reduced.fits,2,0.979925,792.0,41.00624285843445,1199.9151385561825,798.4463143146025,1.0,V* RZ Cep,True,0.8043948668337473,0.0025587286663043,5348.846121035259,22.338876631391354,-9.320650260045756,-0.0045344596915853,2024-01-18 20:56:02.970,0.4919617428681704,2024_01_18,5,"(0.483, 0.517]",-9.320650260045756,-0.0045344596915853
0,0,1,1188.802718243349,851.7487430010582,6962.852205540372,6962.852205540372,170.25732756753968,348.708251953125,4.90779835499834,4.809274303021748,348.9633606710149,170.2573275675398,2.0167081356048584,2.823405742645264,6619.4928678885735,7.36169753249751,9.81559670999668,12.26949588749585,7.213911454532623,9.618548606043497,12.023185757554373,False,1.5,24.0,290.1188418975155,19.45936535963572,4.634782806005246,17.726053990190724,-9.552061796441372,-0.0029074460791414,1.411091,323.217,45.08893,2024-01-18T20:57:48.958,24.0,Red,data\RZ_Cep\2024_01_18\Light\Red\reduced_images\RZ_Cep_Light_Red_24_secs_009_reduced.fits,2,0.979925,792.0,37.593993593115805,1199.9526539999465,798.530069965152,1.0,V* RZ Cep,True,0.808680217604441,0.0020948733316321,5353.052932835177,19.944361389085117,-9.32150384464603,-0.0040452271839279,2024-01-18 20:57:48.958,0.4959354943030121,2024_01_18,5,"(0.483, 0.517]",-9.32150384464603,-0.0040452271839279
0,0,1,1187.0240841337456,856.4245528855779,6927.907037997296,6927.907037997296,164.25403723250372,421.1593933105469,4.82049715724225,4.723725676810612,338.35884674894925,164.2540372325038,2.046918630599976,3.0439467430114746,6591.692389034823,7.230745735863374,9.6409943144845,12.051242893105623,7.0855885152159175,9.447451353621224,11.80931419202653,False,1.5,24.0,288.66279324988733,22.64038961577557,4.471359902440379,17.770046223015385,-9.547492330437048,-0.0029269543246052,1.415243,323.3438,44.92012,2024-01-18T20:59:37.807,24.0,Red,data\RZ_Cep\2024_01_18\Light\Red\reduced_images\RZ_Cep_Light_Red_24_secs_010_reduced.fits,2,0.979925,792.0,32.95315093951884,1199.9831627324256,798.4666282935563,1.0,V* RZ Cep,True,0.8086515267189346,0.0018056814421227,5330.382114054591,18.65904229992565,-9.316895857499391,-0.0038006276731505,2024-01-18 20:59:37.807,0.5000165116819062,2024_01_18,5,"(0.483, 0.517]",-9.316895857499391,-0.0038006276731505
0,0,1,1184.964532473524,867.8791308890764,6972.309140982681,6972.309140982681,183.5095876229624,321.9818420410156,5.09522285849531,4.992936259611017,368.5820717521033,183.5095876229624,1.9893428087234497,2.918453454971313,6607.245662513135,7.642834287742965,10.19044571699062,12.738057146238276,7.489404389416525,9.985872519222037,12.482340649027543,False,1.5,24.0,290.5128808742784,19.578428014243848,4.995538774180642,17.7506858364037,-9.55005113628462,-0.0029168829579344,1.419295,323.4677,44.75677,2024-01-18T21:01:23.255,24.0,Red,data\RZ_Cep\2024_01_18\Light\Red\reduced_images\RZ_Cep_Light_Red_24_secs_011_reduced.fits,2,0.979925,792.0,24.216256726372634,1199.9912869850684,798.434290247538,1.0,V* RZ Cep,True,0.8123298324384267,0.0026291731253996,5367.262761908817,22.57635192630688,-9.324382143264009,-0.0045669391913718,2024-01-18 21:01:23.255,0.5039700171853383,2024_01_18,5,"(0.483, 0.517]",-9.324382143264009,-0.0045669391913718
0,0,1,1180.7156580250612,881.5392229017339,6955.01650616277,6955.01650616277,187.2633518765814,283.0814819335937,5.147071496264422,5.043744035976914,386.8051491421148,187.26335187658148,2.076286792755127,3.059788942337036,6566.204081894369,7.720607244396633,10.294142992528844,12.867678740661056,7.565616053965371,10.087488071953828,12.609360089942284,False,1.5,24.0,289.7923544234488,23.286964646994395,5.097724578862493,17.837517866825127,-9.543285941895274,-0.0029494725886504,1.423417,323.594,44.59203,2024-01-18T21:03:08.916,24.0,Red,data\RZ_Cep\2024_01_18\Light\Red\reduced_images\RZ_Cep_Light_Red_24_secs_012_reduced.fits,2,0.979925,792.0,16.786376331776165,1199.938164499715,798.5008110893768,1.0,V* RZ Cep,True,0.809028738924392,0.0010537013584142,5312.247807895196,16.003926699635137,-9.313195814945097,-0.0032709397724753,2024-01-18 21:03:08.916,0.5079315085843064,2024_01_18,5,"(0.483, 0.517]",-9.313195814945097,-0.0032709397724753
0,0,1,1203.792805686313,790.8329259451148,6885.2265748103655,6885.2265748103655,169.94688621195803,347.6901550292969,4.903321958174795,4.804887769864436,348.5784790709275,169.94688621195792,2.006319999694824,3.1463990211486816,6544.2587381174535,7.354982937262192,9.80664391634959,12.258304895436986,7.207331654796654,9.609775539728872,12.012219424661088,False,1.5,24.0,286.88444061709856,25.148694167267145,4.626331902436635,17.79492811693271,-9.539651153887425,-0.0029522973480691,1.433644,323.9109,44.18938,2024-01-18T21:07:31.731,24.0,Red,data\RZ_Cep\2024_01_18\Light\Red\reduced_images\RZ_Cep_Light_Red_24_secs_013_reduced.fits,2,0.979925,792.0,97.64340469226812,1199.9622263547185,798.4468642723888,1.0,V* RZ Cep,True,0.8084810566024466,0.0028399278954937,5290.909219272993,23.503027855621173,-9.308825775070442,-0.0048230062559631,2024-01-18 21:07:31.731,0.5177850909080917,2024_01_18,5,"(0.517, 0.552]",-9.308825775070442,-0.0048230062559631
0,0,1,1204.482626735636,790.979135088507,6941.688376952565,6941.688376952565,183.93821072112456,312.4007568359375,5.101169840536199,4.998763855987435,364.8593499933327,183.93821072112465,1.9602341651916504,2.9501752853393555,6581.126412012795,7.651754760804299,10.2023396810724,12.7529246013405,7.498145783981153,9.99752771197487,12.496909639968589,False,1.5,24.0,289.2370157063569,22.00328026563509,5.00720684740839,17.78334903271598,-9.54575058230782,-0.0029338482013392,1.437457,324.0265,44.04145,2024-01-18T21:09:09.690,24.0,Red,data\RZ_Cep\2024_01_18\Light\Red\reduced_images\RZ_Cep_Light_Red_24_secs_014_reduced.fits,2,0.979925,792.0,97.79344281191412,1199.960754559305,798.4503063100749,1.0,V* RZ Cep,True,0.8059184475208565,0.0016432535080123,5303.851180907856,17.954295167367942,-9.311478324588489,-0.0036753724094476,2024-01-18 21:09:09.690,0.5214578153374987,2024_01_18,5,"(0.517, 0.552]",-9.311478324588489,-0.0036753724094476
0,0,1,1204.301122471588,790.1670085616431,6886.341758320525,6886.341758320525,174.59748275366846,371.4768371582031,4.9699588580142215,4.8701869339395865,352.9117620785937,174.59748275366854,2.009173393249512,3.161632537841797,6535.545141443514,7.454938287021332,9.939917716028445,12.424897145035557,7.305280400909379,9.740373867879171,12.175467334848966,False,1.5,24.0,286.93090659668854,21.58463357361874,4.752931474960974,17.699391843938262,-9.538204546756424,-0.0029403622974471,1.441259,324.1471,43.89505,2024-01-18T21:10:48.373,24.0,Red,data\RZ_Cep\2024_01_18\Light\Red\reduced_images\RZ_Cep_Light_Red_24_secs_015_reduced.fits,2,0.979925,792.0,98.45885853103226,1199.9991102732768,798.4909665945717,1.0,V* RZ Cep,True,0.807007921112634,0.002075163798371,5274.236697934105,19.69661110254586,-9.305399040558576,-0.0040546765361235,2024-01-18 21:10:48.373,0.5251576843118073,2024_01_18,5,"(0.517, 0.552]",-9.305399040558576,-0.0040546765361235
0,0,1,1204.536520082548,789.8140375969956,6832.075926906924,6832.075926906924,171.881866525097,361.3477478027344,4.931157059201832,4.832164081238355,345.0644271022607,171.88186652509694,1.9624526500701904,3.115105152130127,6494.765902445737,7.3967355888027475,9.862314118403663,12.327892648004578,7.248246121857533,9.66432816247671,12.080410203095887,False,1.5,24.0,284.6698302877885,21.99832996174037,4.6790063665165285,17.645032349532414,-9.531408754916662,-0.0029497368717787,1.445117,324.2659,43.74766,2024-01-18T21:12:25.603,24.0,Red,data\RZ_Cep\2024_01_18\Light\Red\reduced_images\RZ_Cep_Light_Red_24_secs_016_reduced.fits,2,0.979925,792.0,98.87728391778846,1200.0382435527783,798.4677031717947,1.0,V* RZ Cep,True,0.8096716661221887,0.0017903958799936,5258.62792930682,18.420759705704683,-9.302181109214036,-0.0038032897555217,2024-01-18 21:12:25.603,0.5288030767337659,2024_01_18,5,"(0.517, 0.552]",-9.302181109214036,-0.0038032897555217
0,0,1,1204.676190180022,789.1302230278004,6846.088259020694,6846.088259020694,178.48829674137667,342.5543518066406,5.025030211999228,4.924152730493344,350.39233387390345,178.4882967413768,1.9294776320457456,2.9475417137146,6501.699082876264,7.537545317998842,10.050060423998456,12.562575529998073,7.386229095740016,9.848305460986689,12.31038182623336,False,1.5,24.0,285.2536774591956,21.925371645916,4.858848077959697,17.664594452833363,-9.532567163103831,-0.0029498581056024,1.448974,324.3852,43.60144,2024-01-18T21:14:03.023,24.0,Red,data\RZ_Cep\2024_01_18\Light\Red\reduced_images\RZ_Cep_Light_Red_24_secs_017_reduced.fits,2,0.979925,792.0,99.55836888247327,1199.958446863728,798.5031185969614,1.0,V* RZ Cep,True,0.8106509024559124,0.0019258516661202,5270.608229030421,19.02210248522001,-9.304651839392635,-0.0039185203037984,2024-01-18 21:14:03.023,0.5324555927240908,2024_01_18,5,"(0.517, 0.552]",-9.304651839392635,-0.0039185203037984
0,0,1,1205.4182855614897,789.4751933766793,6860.609956118509,6860.609956118509,194.40126427024137,302.7633361816406,5.244249519610156,5.138971210503982,382.2224328578802,194.4012642702413,1.9645606875419617,3.071931838989258,6478.696874724737,7.866374279415234,10.488499039220311,13.11062379902539,7.708456815755973,10.277942421007964,12.847428026259957,False,1.5,24.0,285.85874817160453,23.993747201449896,5.292034416245459,17.75231054790615,-9.528719151625149,-0.0029750313454494,1.452929,324.5059,43.45267,2024-01-18T21:15:40.673,24.0,Red,data\RZ_Cep\2024_01_18\Light\Red\reduced_images\RZ_Cep_Light_Red_24_secs_018_reduced.fits,2,0.979925,792.0,99.55006274755792,1199.9482245609042,798.4682419013942,1.0,V* RZ Cep,True,0.8092114055934749,0.0021797017352935,5242.635404410058,20.144087511293133,-9.298874140107978,-0.0041717883155538,2024-01-18 21:15:40.673,0.5361167319817923,2024_01_18,5,"(0.517, 0.552]",-9.298874140107978,-0.0041717883155538
0,0,1,1190.5028859293946,798.5788384154808,6696.489929995821,6696.489929995821,178.91705332110232,336.076171875,5.0310620429037,4.930063472392408,320.85770617575986,178.9170533211023,1.781895101070404,2.7340688705444336,6377.678509184996,7.54659306435555,10.0621240858074,12.577655107259249,7.395095208588613,9.860126944784817,12.32515868098102,False,1.5,24.0,279.0204137498259,23.10212332100702,4.870519784852229,17.521217333726703,-9.511656558039553,-0.0029828126305309,1.495518,325.8308,41.92164,2024-01-18T21:32:39.966,24.0,Red,data\RZ_Cep\2024_01_18\Light\Red\reduced_images\RZ_Cep_Light_Red_24_secs_019_reduced.fits,2,0.979925,792.0,85.62598038188455,1200.0334786499109,798.530985434535,1.0,V* RZ Cep,True,0.8130395590487449,0.0024739461505728,5185.304922862426,21.257445109270847,-9.286935750618245,-0.0044510357865421,2024-01-18 21:32:39.966,0.5743325396329055,2024_01_18,5,"(0.552, 0.586]",-9.286935750618245,-0.0044510357865421
0,0,1,1191.426235389312,798.8246986684729,6693.075164391759,6693.075164391759,191.47338330270875,312.725341796875,5.204607823684724,5.100125321624254,351.38144678283174,191.47338330270875,1.8393510580062864,2.690146923065185,6340.888394233879,7.806911735527086,10.409215647369448,13.011519559211813,7.65018798243638,10.200250643248507,12.750313304060636,False,1.5,24.0,278.87813184965665,21.98002663134195,5.21233098990707,17.494870375938934,-9.505375273128683,-0.0029956077104243,1.499622,325.9598,41.78057,2024-01-18T21:34:16.845,24.0,Red,data\RZ_Cep\2024_01_18\Light\Red\reduced_images\RZ_Cep_Light_Red_24_secs_020_reduced.fits,2,0.979925,792.0,85.68330020426485,1199.9834613767207,798.479806548171,1.0,V* RZ Cep,True,0.8224388266191048,0.0015257650025517,5214.992810676411,17.338619572032712,-9.293134285125111,-0.0036098164836093,2024-01-18 21:34:16.845,0.5779647721994934,2024_01_18,5,"(0.552, 0.586]",-9.293134285125111,-0.0036098164836093
0,0,1,1191.6366477468111,799.150242777742,6681.854907317737,6681.854907317737,205.93479675716105,273.2533569335937,5.397574834726096,5.28921851991897,373.26089587848935,205.9347967571611,1.7715097665786743,2.9021806716918945,6317.039403584033,8.096362252089143,10.795149669452192,13.49393708681524,7.933827779878454,10.57843703983794,13.223046299797424,False,1.5,24.0,278.41062113823904,21.20388285620102,5.606002800611606,17.47056114711407,-9.501283964717215,-0.0030027390274153,1.503846,326.0874,41.6365,2024-01-18T21:35:54.830,24.0,Red,data\RZ_Cep\2024_01_18\Light\Red\reduced_images\RZ_Cep_Light_Red_24_secs_021_reduced.fits,2,0.979925,792.0,85.44277348950801,1200.012989081327,798.4492059491255,1.0,V* RZ Cep,True,0.8193984390265393,0.0026503586228431,5176.172226565897,22.028115748984725,-9.285021795408774,-0.0046205423128169,2024-01-18 21:35:54.830,0.5816384714328251,2024_01_18,5,"(0.552, 0.586]",-9.285021795408774,-0.0046205423128169
0,0,1,1191.5830332680434,799.0031042105113,6664.204510247295,6664.204510247295,182.81636866738685,325.3953857421875,5.085589991034573,4.983496771964554,334.66145060201154,182.8163686673869,1.8466911911964417,3.006803035736084,6326.59913262271,7.628384986551859,10.171179982069146,12.713974977586432,7.475245157946831,9.966993543929108,12.458741929911389,False,1.5,24.0,277.67518792697064,25.40743501299477,4.976667813723307,17.551617895615454,-9.502925793669082,-0.0030121122900117,1.50796,326.2204,41.49728,2024-01-18T21:37:31.067,24.0,Red,data\RZ_Cep\2024_01_18\Light\Red\reduced_images\RZ_Cep_Light_Red_24_secs_022_reduced.fits,2,0.979925,792.0,85.56471733021317,1199.9704184805653,798.475106505857,1.0,V* RZ Cep,True,0.8205978274064444,0.0021397378066247,5191.593503101692,19.766099993647,-9.288251700683064,-0.0041337539961767,2024-01-18 21:37:31.067,0.5852466338367321,2024_01_18,5,"(0.552, 0.586]",-9.288251700683064,-0.0041337539961767
0,0,1,1233.0542497653378,779.9040862401962,6708.143004574511,6708.143004574511,216.9783669539368,265.4619140625,5.540411508561531,5.429187747527159,383.99820957441614,216.97836695393684,1.7740485072135923,2.596571207046509,6323.212856582237,8.310617262842296,11.080823017123064,13.85102877140383,8.143781621290737,10.858375495054318,13.572969368817898,False,1.5,24.0,279.505958523938,22.618051094821507,5.906633322634944,17.550801774887507,-9.502344503988663,-0.0030135852361339,1.513312,326.4598,41.31773,2024-01-18T21:39:57.173,24.0,Red,data\RZ_Cep\2024_01_18\Light\Red\reduced_images\RZ_Cep_Light_Red_24_secs_023_reduced.fits,2,0.979925,792.0,121.60461077633418,1199.9914785511826,798.485198273212,1.0,V* RZ Cep,True,0.8157838570811349,0.002015025382676,5158.374973287678,19.16610447005529,-9.281282271855826,-0.0040340870206364,2024-01-18 21:39:57.173,0.5907245080029497,2024_01_18,5,"(0.586, 0.621]",-9.281282271855826,-0.0040340870206364
0,0,1,1164.4259635509643,764.1248776699742,6642.928932885682,6642.928932885682,171.0463499303312,376.6183471679688,4.919157298132207,4.820405215372204,321.2668035078202,171.04634993033108,1.855421245098114,3.026193380355835,6325.565901328459,7.378735947198311,9.838314596264414,12.297893245330515,7.230607823058305,9.640810430744407,12.051013038430508,False,1.5,24.0,276.7887055369034,23.45039991558249,4.65626174810346,17.46125331127721,-9.50274846170676,-0.0029970938879199,1.526016,326.7735,40.89846,2024-01-18T21:44:28.741,24.0,Red,data\RZ_Cep\2024_01_18\Light\Red\reduced_images\RZ_Cep_Light_Red_24_secs_024_reduced.fits,2,0.979925,792.0,115.87590526052075,1200.0030190113978,798.4649511998089,1.0,V* RZ Cep,True,0.8259754910857477,0.002666752544759,5224.762401745035,22.193785761117976,-9.29516636377244,-0.0046119985692446,2024-01-18 21:44:28.741,0.6009062618777534,2024_01_18,5,"(0.586, 0.621]",-9.29516636377244,-0.0046119985692446
0,0,1,1238.5690831657057,783.0072902382394,6677.8257742309725,6677.8257742309725,181.7026349632812,343.3694152832031,5.070075390824826,4.968293627354018,339.1600656409376,181.7026349632812,1.836830735206604,2.9608960151672363,6344.068789662391,7.605113086237239,10.140150781649652,12.675188477062065,7.452440441031027,9.936587254708035,12.420734068385045,False,1.5,24.0,278.2427405929572,20.598811421779125,4.946349507333765,17.42951237189584,-9.505919708633586,-0.0029829204633284,1.536872,327.142,40.54776,2024-01-18T21:48:42.697,24.0,Red,data\RZ_Cep\2024_01_18\Light\Red\reduced_images\RZ_Cep_Light_Red_24_secs_025_reduced.fits,2,0.979925,792.0,122.3443252100524,1199.9804169764434,798.5309476018631,1.0,V* RZ Cep,True,0.8230329180626326,0.0016763035459381,5221.377448345911,17.857077430160675,-9.294462722688133,-0.0037132108660783,2024-01-18 21:48:42.697,0.6104276984497119,2024_01_18,5,"(0.586, 0.621]",-9.294462722688133,-0.0037132108660783
0,0,1,1158.8586702091789,742.3315700782495,6683.764597428008,6683.764597428008,171.36413209633244,392.0671691894531,4.9237247591440205,4.824880984604205,323.06245107885854,171.36413209633255,1.85498195886612,3.244749069213867,6365.88722399256,7.385587138716031,9.84744951828804,12.309311897860052,7.237321476906307,9.64976196920841,12.062202461510513,False,1.5,24.0,278.4901915595003,24.893069836396645,4.664912484844605,17.551301201926357,-9.509647351329976,-0.0029934685433517,1.547984,327.459,40.1957,2024-01-18T21:52:46.992,24.0,Red,data\RZ_Cep\2024_01_18\Light\Red\reduced_images\RZ_Cep_Light_Red_24_secs_026_reduced.fits,2,0.979925,792.0,137.76439986127738,1199.9788434438046,798.5040779443202,1.0,V* RZ Cep,True,0.8232375235850925,0.0028206740125984,5240.637233701615,23.04759593202638,-9.298460245252317,-0.0047749172896598,2024-01-18 21:52:46.992,0.6195869203127131,2024_01_18,5,"(0.586, 0.621]",-9.298460245252317,-0.0047749172896598
0,0,1,1211.3788638575347,776.3961118135511,6746.623461620974,6746.623461620974,203.2248081379323,292.24835205078125,5.361942664043734,5.254301665063056,362.2209134275277,203.2248081379323,1.7444313168525696,2.72156286239624,6392.11174194381,8.0429139960656,10.723885328087468,13.404856660109337,7.881452497594584,10.508603330126112,13.13575416265764,False,1.5,24.0,281.10931090087394,22.73925001555263,5.532230888199268,17.589223740819996,-9.51411089592966,-0.0029876287837221,1.558053,327.8558,39.88255,2024-01-18T21:56:49.742,24.0,Red,data\RZ_Cep\2024_01_18\Light\Red\reduced_images\RZ_Cep_Light_Red_24_secs_027_reduced.fits,2,0.979925,792.0,113.92331801602784,1199.9457137302802,798.4400700917164,1.0,V* RZ Cep,True,0.8190632394453874,0.0019752279837014,5235.543750253395,19.156341327918444,-9.297404482692984,-0.0039726023356062,2024-01-18 21:56:49.742,0.6286882163160499,2024_01_18,5,"(0.621, 0.655]",-9.297404482692984,-0.0039726023356062
0,0,1,1200.923747514843,854.9569289323343,7001.867619179482,7001.867619179482,331.41817188312456,161.04075622558594,6.847341108338083,6.709880735588196,509.49261365796895,331.4181718831244,1.528544843196869,2.262480974197388,6495.280081605799,10.271011662507124,13.694682216676163,17.118352770845206,10.064821103382297,13.419761471176392,16.77470183897049,False,1.5,24.0,291.7444841324784,26.01455035700342,9.021939123485057,18.077084212144584,-9.531494707334504,-0.0030217241687805,1.571396,328.2145,39.47589,2024-01-18T22:01:14.467,24.0,Red,data\RZ_Cep\2024_01_18\Light\Red\reduced_images\RZ_Cep_Light_Red_24_secs_028_reduced.fits,2,0.979925,792.0,44.61522765872683,1200.0612541302717,798.558067367173,1.0,V* RZ Cep,True,0.815804437210071,0.0027648060350169,5298.8783114962025,23.237499050763518,-9.310459865188664,-0.0047613461839101,2024-01-18 22:01:14.467,0.6386134092495013,2024_01_18,5,"(0.621, 0.655]",-9.310459865188664,-0.0047613461839101
0,0,1,1225.395929355323,842.8690370499695,6845.026667117443,6845.026667117443,229.0691012814632,244.77810668945312,5.692683786410052,5.57840315939787,389.3974420003015,229.06910128146305,1.683950424194336,2.4425652027130127,6459.285656844708,8.539025679615078,11.385367572820105,14.231709466025128,8.367604739096805,11.15680631879574,13.946007898494674,False,1.5,24.0,285.2094444632268,23.19831993876232,6.235769979328718,17.73819422549313,-9.525461228252178,-0.0029815990034813,1.581625,328.6071,39.17036,2024-01-18T22:05:21.402,24.0,Red,data\RZ_Cep\2024_01_18\Light\Red\reduced_images\RZ_Cep_Light_Red_24_secs_029_reduced.fits,2,0.979925,792.0,71.75073902755531,1199.9200332700154,798.507734216386,1.0,V* RZ Cep,True,0.8200213695344157,0.0025124334242291,5296.752270539805,21.793172536773483,-9.310024153571076,-0.0044671971108258,2024-01-18 22:05:21.402,0.647871611221035,2024_01_18,5,"(0.621, 0.655]",-9.310024153571076,-0.0044671971108258
0,0,1,1176.1750793237024,798.5479275922035,6677.519985333358,6677.519985333358,207.20504633072096,282.170166015625,5.414195937604478,5.305505954157068,366.6673806172248,207.20504633072105,1.7630156874656675,2.6585965156555176,6312.214238130247,8.121293906406716,10.828391875208956,13.535489844011195,7.958258931235602,10.611011908314136,13.263764885392671,False,1.5,24.0,278.2299993888899,18.01129713698246,5.640581816780736,17.37474829580714,-9.500454326287164,-0.0029885540258382,1.593415,328.8995,38.82466,2024-01-18T22:09:18.314,24.0,Red,data\RZ_Cep\2024_01_18\Light\Red\reduced_images\RZ_Cep_Light_Red_24_secs_030_reduced.fits,2,0.979925,792.0,82.35698304371876,1199.9368568692505,798.4625514796913,1.0,V* RZ Cep,True,0.8293951139759631,0.002835258571608,5235.319647474734,22.97732393182148,-9.297358007728851,-0.0047651937534067,2024-01-18 22:09:18.314,0.6567540262108196,2024_01_18,5,"(0.655, 0.69]",-9.297358007728851,-0.0047651937534067
0,0,1,1158.417893667232,817.0538459135804,6802.302129729375,6802.302129729375,181.7252747892101,352.3867492675781,5.070391242185539,4.968603137998665,329.2039843770792,181.7252747892101,1.7976462244987488,2.806469202041626,6475.624375608554,7.605586863278308,10.140782484371078,12.675978105463848,7.452904706997996,9.93720627599733,12.42150784499666,False,1.5,24.0,283.4292554053906,17.365529190755492,4.946965813706276,17.48547255323265,-9.528204122928912,-0.0029317034940843,1.60415,329.2894,38.51571,2024-01-18T22:13:21.392,24.0,Red,data\RZ_Cep\2024_01_18\Light\Red\reduced_images\RZ_Cep_Light_Red_24_secs_031_reduced.fits,2,0.979925,792.0,63.19318179504501,1199.9662340023517,798.4601219985166,1.0,V* RZ Cep,True,0.826820531415219,0.0029876413274735,5354.179187486011,24.15191994551175,-9.321732253900812,-0.0048975973685286,2024-01-18 22:13:21.392,0.6658676197432669,2024_01_18,5,"(0.655, 0.69]",-9.321732253900812,-0.0048975973685286
0,0,1,1174.1550851931004,810.0480230335991,6810.88987684348,6810.88987684348,203.3418919776408,295.26287841796875,5.363487028740392,5.2558150266384285,353.6090643920563,203.3418919776407,1.7138769626617432,2.52427339553833,6462.386892638949,8.045230543110588,10.726974057480785,13.408717571850978,7.883722539957643,10.511630053276855,13.13953756659607,False,1.5,24.0,283.78707820181165,20.4925166523536,5.535418170502442,17.601562800634145,-9.525982387418386,-0.0029572129169085,1.616643,329.6833,38.16297,2024-01-18T22:17:48.291,24.0,Red,data\RZ_Cep\2024_01_18\Light\Red\reduced_images\RZ_Cep_Light_Red_24_secs_032_reduced.fits,2,0.979925,792.0,70.6852519043896,1199.942338059332,798.4685832491876,1.0,V* RZ Cep,True,0.8234717853699061,0.000988770870196,5321.593272232474,15.84036457804872,-9.315104196219016,-0.0032318248387556,2024-01-18 22:17:48.291,0.6758743212965328,2024_01_18,5,"(0.655, 0.69]",-9.315104196219016,-0.0032318248387556
0,0,1,1179.2512614118104,793.5601473663081,6849.166506722673,6849.166506722673,231.3530285585105,233.73245239257807,5.720992772771552,5.606143842858164,380.9936333523697,231.3530285585105,1.6441195011138916,2.7544331550598145,6468.794480827867,8.581489159157329,11.441985545543105,14.30248193192888,8.409215764287245,11.212287685716328,14.01535960714541,False,1.5,24.0,285.3819377801114,24.04455907381701,6.297943555203896,17.768636425149015,-9.52705838362482,-0.0029823256764681,1.62831,330.0152,37.83993,2024-01-18T22:21:47.196,24.0,Red,data\RZ_Cep\2024_01_18\Light\Red\reduced_images\RZ_Cep_Light_Red_24_secs_033_reduced.fits,2,0.979925,792.0,87.77499130154186,1199.9360355499246,798.4863271966295,1.0,V* RZ Cep,True,0.8257075086738598,0.0022873785252509,5341.332174887592,20.837406390367963,-9.31912396843662,-0.00423563369409,2024-01-18 22:21:47.196,0.684831458770077,2024_01_18,5,"(0.655, 0.69]",-9.31912396843662,-0.00423563369409
0,0,1,1162.387766403892,786.1878024580407,6812.571162865971,6812.571162865971,193.13745963882803,335.3911437988281,5.227175264177343,5.122239720748983,344.7474466879298,193.13745963882803,1.7585312128067017,3.135473728179932,6472.932911728897,7.840762896266014,10.454350528354686,13.067938160443358,7.683359581123474,10.244479441497964,12.80559930187246,False,1.5,24.0,283.8571317860821,21.810939968150315,5.257630845723651,17.63308545320291,-9.527752764564395,-0.0029576823271945,1.642312,330.4406,37.4601,2024-01-18T22:26:33.291,24.0,Red,data\RZ_Cep\2024_01_18\Light\Red\reduced_images\RZ_Cep_Light_Red_24_secs_034_reduced.fits,2,0.979925,792.0,93.82605024629363,1199.9897493844005,798.4665845863483,1.0,V* RZ Cep,True,0.8244891301139433,0.0022317487803229,5336.862825677273,20.495061876665314,-9.31821510049921,-0.0041695339425235,2024-01-18 22:26:33.291,0.6955578656913985,2024_01_18,5,"(0.69, 0.724]",-9.31821510049921,-0.0041695339425235
0,0,1,1184.5455762000404,761.7916812270287,6886.898808736571,6886.898808736571,208.17014017960537,279.854248046875,5.42679007343031,5.317847262706197,351.44936823230285,208.17014017960548,1.656233012676239,2.8086178302764893,6542.120550317668,8.140185110145465,10.85358014686062,13.566975183575776,7.976770894059295,10.635694525412394,13.294618156765493,False,1.5,24.0,286.95411703069044,23.70702088862309,5.666853816000367,17.785611930302366,-9.539296356295775,-0.0029517161366844,1.652594,330.831,37.18647,2024-01-18T22:30:33.426,24.0,Red,data\RZ_Cep\2024_01_18\Light\Red\reduced_images\RZ_Cep_Light_Red_24_secs_035_reduced.fits,2,0.979925,792.0,119.9805289558438,1200.0266354778892,798.5363853641875,1.0,V* RZ Cep,True,0.8291839075604889,0.0024754522478541,5424.62108164418,21.903391653511942,-9.33592351856024,-0.0043839569561247,2024-01-18 22:30:33.426,0.7045611188975727,2024_01_18,5,"(0.69, 0.724]",-9.33592351856024,-0.0043839569561247
0,0,1,1170.2031680559633,767.0323118627426,6862.201455937897,6862.201455937897,208.3118531875052,295.8424987792969,5.428636918288023,5.319657032153391,360.1724530881645,208.31185318750528,1.7223668694496157,2.665294647216797,6503.412021494086,8.142955377432035,10.857273836576049,13.57159229572006,7.979485548230087,10.639314064306785,13.29914258038348,False,1.5,24.0,285.925060664079,25.408322209265545,5.6707115589931965,17.80460879750908,-9.532853173653027,-0.0029724563535449,1.664486,331.148,36.8754,2024-01-18T22:34:17.724,24.0,Red,data\RZ_Cep\2024_01_18\Light\Red\reduced_images\RZ_Cep_Light_Red_24_secs_036_reduced.fits,2,0.979925,792.0,113.1378710114662,1199.9622358048018,798.4960832344556,1.0,V* RZ Cep,True,0.8317204895797485,0.0024794402697772,5409.021030455883,21.89292808660501,-9.332796674992288,-0.0043945003204747,2024-01-18 22:34:17.724,0.7129706039277153,2024_01_18,5,"(0.69, 0.724]",-9.332796674992288,-0.0043945003204747
0,0,1,1192.4821915128257,766.9475789866522,6932.821322077076,6932.821322077076,211.373353150123,276.9721069335937,5.468382981934598,5.358605193572261,360.66729440036136,211.37335315012288,1.691249132156372,2.597287893295288,6575.336322000948,8.202574472901897,10.936765963869195,13.670957454836492,8.037907790358393,10.717210387144522,13.396512983930652,False,1.5,24.0,288.8675550865448,21.012096652747623,5.754052391308903,17.7660829709478,-9.544794928666317,-0.0029335806647263,1.683613,331.8326,36.38686,2024-01-18T22:41:15.076,24.0,Red,data\RZ_Cep\2024_01_18\Light\Red\reduced_images\RZ_Cep_Light_Red_24_secs_037_reduced.fits,2,0.979925,792.0,116.58509823451938,1199.9654083233188,798.58392862718,1.0,V* RZ Cep,True,0.8337632590499016,0.0028037518074109,5482.273841180703,23.649271706671428,-9.34740181220398,-0.0046836169173492,2024-01-18 22:41:15.076,0.7286181593947276,2024_01_18,5,"(0.724, 0.759]",-9.34740181220398,-0.0046836169173492
0,0,1,1134.1736719897715,817.3899037546311,7098.013358837734,7098.013358837734,244.4405794131066,228.4579620361328,5.880583985047207,5.762531261547385,393.1401540149624,244.4405794131065,1.5878912210464478,2.4590282440185547,6709.868308720155,8.820875977570811,11.761167970094414,14.701459962618015,8.643796892321078,11.52506252309477,14.40632815386846,False,1.5,24.0,295.75055661823893,20.33339413849925,6.6542157729123455,17.964914876771626,-9.56678499142196,-0.0029069361125552,1.697815,332.2085,36.03314,2024-01-18T22:45:30.633,24.0,Red,data\RZ_Cep\2024_01_18\Light\Red\reduced_images\RZ_Cep_Light_Red_24_secs_038_reduced.fits,2,0.979925,792.0,69.35152481689283,1199.9239411241588,798.4554718194053,1.0,V* RZ Cep,True,0.829055818132429,0.0023328003933172,5562.855360246846,21.60644345287452,-9.363244420001587,-0.004217060554996,2024-01-18 22:45:30.633,0.7381996214041919,2024_01_18,5,"(0.724, 0.759]",-9.363244420001587,-0.004217060554996
0,0,1,1207.766275534961,841.1352773958394,7055.294480685273,7055.294480685273,209.9011229954081,307.87188720703125,5.449305871006496,5.3399110556460405,351.9673018994061,209.9011229954081,1.6599894762039185,2.530174016952514,6706.860825469511,8.173958806509745,10.898611742012992,13.62326467751624,8.009866583469062,10.67982211129208,13.349777639115102,False,1.5,24.0,293.9706033618864,21.689032845390084,5.713975014874998,17.926896307563993,-9.566298235898694,-0.0029020850240625,1.708093,332.6266,35.78178,2024-01-18T22:49:25.282,24.0,Red,data\RZ_Cep\2024_01_18\Light\Red\reduced_images\RZ_Cep_Light_Red_24_secs_039_reduced.fits,2,0.979925,792.0,58.531645605608,1199.9733282268933,798.4925457518162,1.0,V* RZ Cep,True,0.8262021705939493,0.0024523538890918,5541.222971874437,22.13360049890932,-9.359014064944244,-0.0043368136466072,2024-01-18 22:49:25.282,0.7469971909445121,2024_01_18,5,"(0.724, 0.759]",-9.359014064944244,-0.0043368136466072
0,0,1,1204.0527854331208,762.6049133768782,7056.629924258024,7056.629924258024,201.7614923566008,320.02947998046875,5.342603512990912,5.235350747467619,355.43430852385444,201.76149235660083,1.7096915245056152,3.039896011352539,6711.68001080434,8.013905269486367,10.685207025981825,13.35650878247728,7.853026121201428,10.470701494935238,13.088376868669048,False,1.5,24.0,294.0262468440844,25.95556926570961,5.492396180818577,18.040903865677365,-9.567078106718371,-0.0029184440351737,1.71963,332.9934,35.50414,2024-01-18T22:53:30.364,24.0,Red,data\RZ_Cep\2024_01_18\Light\Red\reduced_images\RZ_Cep_Light_Red_24_secs_040_reduced.fits,2,0.979925,792.0,124.03963876197751,1199.946185878366,798.513983268144,1.0,V* RZ Cep,True,0.8356472484916725,0.0023207435112208,5608.596933785206,21.677066520626983,-9.372135575544023,-0.0041963393362466,2024-01-18 22:53:30.364,0.7561859193776854,2024_01_18,5,"(0.724, 0.759]",-9.372135575544023,-0.0041963393362466
0,0,1,1139.0486049408378,788.6188324765623,7255.0910592253,7255.0910592253,221.9177374527834,264.12286376953125,5.603118566209746,5.490635960993085,378.1589061749616,221.91773745278329,1.6729167103767395,2.561215877532959,6883.841167911541,8.40467784931462,11.206237132419492,14.007796415524364,8.23595394148963,10.98127192198617,13.726589902482711,False,1.5,24.0,302.29546080105416,23.965253094736305,6.041093963992436,18.229147206048417,-9.594577103043749,-0.0028751455213306,1.73363,333.414,35.17343,2024-01-18T22:57:53.071,24.0,Red,data\RZ_Cep\2024_01_18\Light\Red\reduced_images\RZ_Cep_Light_Red_24_secs_041_reduced.fits,2,0.979925,792.0,94.72639491369328,1199.9675620694193,798.4818205092,1.0,V* RZ Cep,True,0.8326585791151093,0.0027605608893566,5731.889405727318,24.321093424225623,-9.39574450571517,-0.0046069087871097,2024-01-18 22:57:53.071,0.7660354525155526,2024_01_18,5,"(0.759, 0.793]",-9.39574450571517,-0.0046069087871097
0,0,1,1153.7522107873456,718.5742607445678,7241.297427646083,7241.297427646083,186.78800063790868,363.8439025878906,5.140534655442004,5.037338422234005,336.6454131631364,186.78800063790868,1.7715933322906494,2.7166192531585693,6910.385051164062,7.710801983163005,10.281069310884009,12.851336638605009,7.556007633351008,10.07467684446801,12.593346055585014,False,1.5,24.0,301.72072615192013,24.486566358443884,5.084784461809736,18.201430629820663,-9.59875561805082,-0.0028597468978752,1.745559,333.7444,34.89684,2024-01-18T23:01:43.358,24.0,Red,data\RZ_Cep\2024_01_18\Light\Red\reduced_images\RZ_Cep_Light_Red_24_secs_042_reduced.fits,2,0.979925,792.0,161.75069235681735,1199.9672628678318,798.5265791902734,1.0,V* RZ Cep,True,0.8417087200192129,0.0053136207800241,5816.531356255206,39.7870431555375,-9.411660184168689,-0.0074268031217239,2024-01-18 23:01:43.358,0.7746694799211582,2024_01_18,5,"(0.759, 0.793]",-9.411660184168689,-0.0074268031217239
0,0,1,1212.4397144911052,753.3260843723845,7482.923422219111,7482.923422219111,215.66331690484628,313.5253601074219,5.52359648771625,5.412710288225346,366.07380900943946,215.6633169048463,1.6866912841796875,2.91629958152771,7119.165985278425,8.285394731574375,11.0471929754325,13.808991219290624,8.119065432338019,10.825420576450693,13.531775720563369,False,1.5,24.0,311.78847592579626,26.47532608300192,5.870834737965259,18.550866199365554,-9.631072796870573,-0.0028291722800009,1.757081,334.1527,34.63411,2024-01-18T23:05:39.787,24.0,Red,data\RZ_Cep\2024_01_18\Light\Red\reduced_images\RZ_Cep_Light_Red_24_secs_043_reduced.fits,2,0.979925,792.0,135.61964031957925,1199.9439846306204,798.4604539936616,1.0,V* RZ Cep,True,0.8333021202034271,0.002999332759907,5932.416109612632,26.36103794347808,-9.433079013919642,-0.0048245323256843,2024-01-18 23:05:39.787,0.7835337860506115,2024_01_18,5,"(0.759, 0.793]",-9.433079013919642,-0.0048245323256843
0,0,1,1186.1786364069192,791.03361106721,7548.797114635837,7548.797114635837,209.895032264365,318.9082946777344,5.449226808787263,5.339833580600859,360.6271780601606,209.89503226436503,1.6905584335327148,2.639253616333008,7193.957297684693,8.173840213180895,10.898453617574528,13.623067021968158,8.009750370901289,10.67966716120172,13.349583951502147,False,1.5,24.0,314.53321310982653,21.72627821820452,5.713809211641046,18.49252012408455,-9.642419638948466,-0.0027909532660694,1.768442,334.5791,34.3792,2024-01-18T23:09:40.376,24.0,Red,data\RZ_Cep\2024_01_18\Light\Red\reduced_images\RZ_Cep_Light_Red_24_secs_044_reduced.fits,2,0.979925,792.0,91.68920477684806,1199.9278837860827,798.4669131458488,1.0,V* RZ Cep,True,0.8373242127675766,0.0022829890774845,6023.674630967398,22.572113383911063,-9.449653763479745,-0.0040685067206031,2024-01-18 23:09:40.376,0.7925540608359825,2024_01_18,5,"(0.759, 0.793]",-9.449653763479745,-0.0040685067206031
0,0,1,1201.0409086038371,756.0238103474712,7681.035897914872,7681.035897914872,203.84909774196663,334.37225341796875,5.370172068458383,5.262365864184082,364.7942284633929,203.84909774196663,1.7406394481658936,2.857388734817505,7326.20811691218,8.055258102687574,10.740344136916766,13.425430171145958,7.8935487962761215,10.524731728368163,13.155914660460205,False,1.5,24.0,320.04316241311966,24.262900862487538,5.549225438531313,18.704418962216884,-9.662198128963125,-0.0027719748787047,1.780785,334.9886,34.1068,2024-01-18T23:13:51.352,24.0,Red,data\RZ_Cep\2024_01_18\Light\Red\reduced_images\RZ_Cep_Light_Red_24_secs_045_reduced.fits,2,0.979925,792.0,129.39136180965713,1199.967067706856,798.4304189587646,1.0,V* RZ Cep,True,0.8344752920379772,0.0024028018354318,6113.5396578912905,23.52662327769783,-9.465731834435909,-0.0041782188548217,2024-01-18 23:13:51.352,0.801963769861004,2024_01_18,5,"(0.793, 0.828]",-9.465731834435909,-0.0041782188548217
0,0,1,1200.2765877983115,755.1663658334397,7789.610788725111,7789.610788725111,207.69937660465348,343.90020751953125,5.4206504295034765,5.311830872131194,364.7351565791272,207.6993766046533,1.7542572021484375,3.150002956390381,7425.252661434657,8.130975644255216,10.841300859006951,13.55162607375869,7.967746308196792,10.623661744262389,13.279577180327983,False,1.5,24.0,324.5671161968796,25.346853742601738,5.6540385853489,18.85651103796326,-9.67677809029297,-0.0027572390681965,1.791626,335.3418,33.87134,2024-01-18T23:17:25.366,24.0,Red,data\RZ_Cep\2024_01_18\Light\Red\reduced_images\RZ_Cep_Light_Red_24_secs_046_reduced.fits,2,0.979925,792.0,129.9977962948573,1199.938587749287,798.4319015962252,1.0,V* RZ Cep,True,0.8378918897582107,0.0016765056828375,6221.558984421668,20.114564125426764,-9.484748057183932,-0.0035102312087032,2024-01-18 23:17:25.366,0.809987682375322,2024_01_18,5,"(0.793, 0.828]",-9.484748057183932,-0.0035102312087032
0,0,1,1166.9755810200263,745.1265943720271,8024.764273097935,8024.764273097935,203.5308676622816,353.0757751464844,5.365978726941266,5.258256703997921,361.9843352839749,203.5308676622814,1.7648061513900757,3.000827074050904,7665.571745849781,8.0489680904119,10.731957453882533,13.414946817353163,7.887385055996882,10.51651340799584,13.1456417599948,False,1.5,24.0,334.3651780457473,23.605873330013768,5.54056250858433,19.06598053823473,-9.711361381931392,-0.0027004672366132,1.8066,335.749,33.55179,2024-01-18T23:21:47.603,24.0,Red,data\RZ_Cep\2024_01_18\Light\Red\reduced_images\RZ_Cep_Light_Red_24_secs_047_reduced.fits,2,0.979925,792.0,134.90622531260175,1199.930756048998,798.4625916350982,1.0,V* RZ Cep,True,0.8442286094585213,0.0022131949492979,6471.49497570329,23.38605696033924,-9.527511545837214,-0.0039235275347821,2024-01-18 23:21:47.603,0.8198195940544792,2024_01_18,5,"(0.793, 0.828]",-9.527511545837214,-0.0039235275347821
0,0,1,1196.125015802288,751.6035867546126,8405.369055047824,8405.369055047824,243.7817141895288,250.590576171875,5.872653373328819,5.754759856859243,400.6662215151646,243.7817141895288,1.647721767425537,3.671329259872437,8003.684618077426,8.808980059993228,11.745306746657638,14.681633433322048,8.632139785288864,11.509519713718486,14.386899642148109,False,1.5,24.0,350.22371062699267,25.90022988023351,6.636279997381616,19.56425875172908,-9.758224917761751,-0.0026539806426194,1.818085,336.2276,33.31104,2024-01-18T23:26:11.167,24.0,Red,data\RZ_Cep\2024_01_18\Light\Red\reduced_images\RZ_Cep_Light_Red_24_secs_048_reduced.fits,2,0.979925,792.0,132.3542805298625,1200.013053731069,798.422629674729,1.0,V* RZ Cep,True,0.835615915190643,0.0017917775753444,6688.006247032041,21.74679360754108,-9.563241675225978,-0.0035303916122369,2024-01-18 23:26:11.167,0.8297012582349907,2024_01_18,5,"(0.828, 0.862]",-9.563241675225978,-0.0035303916122369
0,0,1,1149.9506316801994,769.3196853857924,8532.570021034608,8532.570021034608,231.736235068937,328.9765930175781,5.725728856445691,5.6107848496525445,395.2736676117604,231.73623506893705,1.6778275966644287,2.711923360824585,8143.75657068883,8.588593284668537,11.451457712891385,14.314322141114229,8.416177274478816,11.221569699305087,14.02696212413136,False,1.5,24.0,355.523750876442,25.752358949607167,6.308375287987729,19.68716549211788,-9.777061958654771,-0.0026247184770712,1.831271,336.5685,33.03915,2024-01-18T23:29:46.920,24.0,Red,data\RZ_Cep\2024_01_18\Light\Red\reduced_images\RZ_Cep_Light_Red_24_secs_049_reduced.fits,2,0.979925,792.0,111.56843995183137,1199.959982877695,798.4811764291992,1.0,V* RZ Cep,True,0.842761107065226,0.0023338096204843,6863.241303183427,25.22910260502812,-9.591323171056908,-0.0039911390116986,2024-01-18 23:29:46.920,0.8377903701471041,2024_01_18,5,"(0.828, 0.862]",-9.591323171056908,-0.0039911390116986
0,0,1,1176.4545459670626,768.9497236143695,8723.393927549441,8723.393927549441,241.0066589307288,292.13458251953125,5.8391324383669625,5.721911854666746,404.3687048160676,241.0066589307288,1.649111270904541,2.500385046005249,8325.94712994373,8.758698657550443,11.678264876733923,14.597831095917408,8.582867782000118,11.443823709333492,14.304779636666863,False,1.5,24.0,363.4747469812267,22.01913341577738,6.560736826447616,19.80036911836372,-9.801084121935808,-0.002582045896264,1.844527,337.0327,32.77056,2024-01-18T23:34:17.323,24.0,Red,data\RZ_Cep\2024_01_18\Light\Red\reduced_images\RZ_Cep_Light_Red_24_secs_050_reduced.fits,2,0.979925,792.0,111.74649703937295,1199.9242959751095,798.4102902672124,1.0,V* RZ Cep,True,0.8434568355882739,0.002739763194107,7022.577019497609,28.27123324409274,-9.61624127746595,-0.0043709170296104,2024-01-18 23:34:17.323,0.847928445299658,2024_01_18,5,"(0.828, 0.862]",-9.61624127746595,-0.0043709170296104
0,0,1,1162.713033660938,781.5349483354164,9024.891989306354,9024.891989306354,278.7393095181885,257.65869140625,6.279613501471177,6.153550260429143,458.383736188818,278.7393095181883,1.62139630317688,2.975391387939453,8572.945103303487,9.419420252206766,12.559227002942354,15.69903375367794,9.230325390643715,12.307100520858286,15.383875651072858,False,1.5,24.0,376.03716622109806,27.198678516742856,7.587903425772909,20.26878753560789,-9.832825106847247,-0.0025669774142703,1.85674,337.5199,32.52717,2024-01-18T23:38:43.413,24.0,Red,data\RZ_Cep\2024_01_18\Light\Red\reduced_images\RZ_Cep_Light_Red_24_secs_051_reduced.fits,2,0.979925,792.0,98.47346181417102,1199.9564288436536,798.4442144366161,1.0,V* RZ Cep,True,0.849132520539378,0.0042553966435946,7279.566484013809,40.33730955742144,-9.65526379196165,-0.0060162480121866,2024-01-18 23:38:43.413,0.857904815448137,2024_01_18,5,"(0.828, 0.862]",-9.65526379196165,-0.0060162480121866
0,0,1,1211.940312141238,788.554132227495,9078.389236881005,9078.389236881005,215.57393629678705,386.26568603515625,5.522451755307481,5.411588536319683,383.8118901391088,215.5739362967869,1.7368770837783811,2.711374521255493,8703.963807067215,8.283677632961222,11.044903510614962,13.8061293882687,8.117382804479526,10.823177072639366,13.528971340799208,False,1.5,24.0,378.2662182033752,30.06373833047934,5.868401599190314,20.35186375084712,-9.84929269117258,-0.0025387002747711,1.869398,337.9793,32.27896,2024-01-18T23:43:05.394,24.0,Red,data\RZ_Cep\2024_01_18\Light\Red\reduced_images\RZ_Cep_Light_Red_24_secs_052_reduced.fits,2,0.979925,792.0,103.25027971325704,1199.911847610389,798.4680060091197,1.0,V* RZ Cep,True,0.8492008245071144,0.0031096401284638,7391.413241441562,32.11346708109638,-9.671818709072332,-0.0047171972032042,2024-01-18 23:43:05.394,0.8677271290564477,2024_01_18,5,"(0.862, 0.897]",-9.671818709072332,-0.0047171972032042
0,0,1,1228.6654255029391,746.3711025012303,9278.467586788633,9278.467586788633,228.55901795904708,337.2016906738281,5.686342116288556,5.572188798304063,403.0840464550346,228.5590179590472,1.746813178062439,2.8413782119750977,8879.21768225276,8.529513174432832,11.372684232577113,14.21585529072139,8.358283197456094,11.144377596608123,13.930471995760158,False,1.5,24.0,386.602816116193,25.755667640003303,6.221884377774058,20.4592367436806,-9.870936758126776,-0.0025017219815131,1.881073,338.3788,32.05356,2024-01-18T23:47:01.454,24.0,Red,data\RZ_Cep\2024_01_18\Light\Red\reduced_images\RZ_Cep_Light_Red_24_secs_053_reduced.fits,2,0.979925,792.0,148.45302119597588,1199.9418278558935,798.4962398177817,1.0,V* RZ Cep,True,0.8501115816922699,0.0017692743593456,7548.325788049864,23.437164142834572,-9.694626590450223,-0.0033711551887466,2024-01-18 23:47:01.454,0.8765776004654526,2024_01_18,5,"(0.862, 0.897]",-9.694626590450223,-0.0033711551887466
0,0,1,1229.468752004497,760.9068523352544,8552.498810017938,8552.498810017938,281.0385662662123,256.2938232421875,6.305459857807667,6.178877751162178,834.3584772693862,281.0385662662121,1.7183083295822144,26.58077621459961,8069.587900668862,9.4581897867115,12.610919715615331,15.763649644519166,9.268316626743268,12.357755502324355,15.447194377905443,False,1.5,24.0,356.3541170840808,6152.100170944801,7.650494303913557,80.72239331395468,-9.767128391626944,-0.0108609294594116,1.89245,338.7935,31.83712,2024-01-18T23:50:54.391,24.0,Red,data\RZ_Cep\2024_01_18\Light\Red\reduced_images\RZ_Cep_Light_Red_24_secs_054_reduced.fits,2,0.979925,792.0,135.90193269311234,1199.8973069543977,798.44094774744,1.0,V* RZ Cep,True,0.9549192564039104,0.0035475999949943,7705.804877592702,82.22766615051562,-9.71704501958966,-0.0115857532847716,2024-01-18 23:50:54.391,0.8853109829049117,2024_01_18,5,"(0.862, 0.897]",-9.71704501958966,-0.0115857532847716
0,0,1,1215.389842147965,790.3610837829895,9403.173219389131,9403.173219389131,262.37335180994245,287.3599853515625,6.092473745068398,5.97016733463615,450.6381910362289,262.3733518099424,1.6883695125579834,2.606107234954834,8960.190051285575,9.138710617602598,12.184947490136796,15.231184362670994,8.955251001954226,11.9403346692723,14.925418336590376,False,1.5,24.0,391.7988841412139,28.196968801628422,7.142385688159544,20.66732296721087,-9.880793053549636,-0.0025043286662999,1.908898,339.3619,31.5296,2024-01-18T23:56:15.741,24.0,Red,data\RZ_Cep\2024_01_18\Light\Red\reduced_images\RZ_Cep_Light_Red_24_secs_055_reduced.fits,2,0.979925,792.0,103.3249784735182,1199.7936552323292,798.4033389591286,1.0,V* RZ Cep,True,0.857830345744638,0.0021792360045555,7686.322929631971,26.374202025696142,-9.714296566900009,-0.0037255038947829,2024-01-18 23:56:15.741,0.8973591866979405,2024_01_18,5,"(0.897, 0.931]",-9.714296566900009,-0.0037255038947829
