Unnamed: 0.1,Unnamed: 0,id,xcenter,ycenter,aperture_sum,Circ_sum_flux,Circ_area (reduced pixs),Max_Flux,FWHM_from_aperature (reduced pix),FWHM_from_aperature (arcsec),Annu_sum_flux,Annu_area (reduced pix),Annu_pix_flux_median,Annu_pix_flux_max,Circ_sum_flux_minus_back,Apperature_radius (reduced pix),Anulus_in_radius (reduced pix),Anulus_out_radius (reduced pix),Apperature_radius (arcsec),Anulus_in_radius (arcsec),Anulus_out_radius (arcsec),Saturated,Number_FWHM,Exposure_sec,Er1_source,Er2_sky,Er3_read,Circ_sum_flux_minus_back_ERROR,Source_Mag,Source_Mag_Error,Air mass,Azimuth,Altitude,Date Observation,Exposure time /s ,Filter,File,BINNED,Arcsec_per_pix_binned_image,max_dist,Distance_to_centre_pix,xcenter_transformed,ycenter_transformed,matched_id,matched_MAIN_ID,matched_Normilsation_star,Norm_multiply_factor,Norm_multiply_factor_ERROR,Circ_sum_flux_minus_back_norm,Circ_sum_flux_minus_back_ERROR_norm,Source_Mag_norm,Source_Mag_Error_norm,time,phase,epoch_folder,epoch,phase_bin,Source_Mag_norm_calibrated,Source_Mag_Error_norm_calibrated
0,0,1,1192.3002778122743,885.4371411925646,7522.903932441432,7522.903932441432,145.35972415671984,396.6188659667969,4.534776106296402,4.443740475962501,825.0386298065769,145.3597241567198,5.656182765960693,7.172940254211426,6700.722765801393,6.802164159444603,9.069552212592804,11.336940265741005,6.665610713943753,8.887480951925003,11.109351189906254,False,1.5,18.0,417.9391073578573,54.991696704217205,7.034692823386934,21.90811486380016,-9.565304124763175,-0.003549831013309,1.098686,318.984,65.51264,2022-12-07T20:22:44.359,18.0,Blue,data\RZ_Cep\2022_12_07\Light\Blue\reduced_images\star_Light_Blue_18_secs_001_reduced.fits,2,0.979925,792.0,28.817845662016246,1200.1723330075704,798.4700831327859,1.0,V* RZ Cep,True,0.8763173770681624,0.0046695674365158,5871.959798587999,36.70983919751161,-9.4219576839802,-0.0067877170237391,2022-12-07 20:22:44.359,0.0,2022_12_07,1,"(-0.001, 0.0345]",-9.4219576839802,-0.0067877170237391
0,0,1,1194.5448205413743,884.6239317316258,7628.805259441537,7628.805259441537,183.9119859177681,287.654296875,5.100806180522173,4.99840749644819,1000.566762776462,183.9119859177681,5.454130411148071,7.375798225402832,6625.725304072802,7.651209270783259,10.201612361044344,12.752015451305432,7.497611244672285,9.99681499289638,12.496018741120476,False,1.5,18.0,423.82251441341873,67.34291786448097,8.900431911082109,22.36215249453821,-9.553083566263602,-0.0036644137004469,1.103271,318.6668,64.99407,2022-12-07T20:27:51.231,18.0,Blue,data\RZ_Cep\2022_12_07\Light\Blue\reduced_images\star_Light_Blue_18_secs_002_reduced.fits,2,0.979925,792.0,30.89282775278911,1200.228703759905,798.4715269707501,1.0,V* RZ Cep,True,0.8965071037328675,0.0055913001051103,5940.00980248388,42.12306447179019,-9.434467904187471,-0.0076994041547303,2022-12-07 20:27:51.231,0.011505387877252188,2022_12_07,1,"(-0.001, 0.0345]",-9.434467904187471,-0.0076994041547303
0,0,1,1194.468339385444,884.2760094401565,7512.818321537614,7512.818321537614,208.3066733528721,234.155029296875,5.428569424249892,5.319590893058075,1092.7250940278805,208.30667335287228,5.169313907623291,6.753045082092285,6436.01573792387,8.142854136374837,10.857138848499783,13.57142356062473,7.979386339587112,10.63918178611615,13.29897723264519,False,1.5,18.0,417.3787956409785,69.30235870801756,10.08101431534887,22.288162074615865,-9.521542743510432,-0.003759944892511,1.108065,318.3894,64.46697,2022-12-07T20:33:00.346,18.0,Blue,data\RZ_Cep\2022_12_07\Light\Blue\reduced_images\star_Light_Blue_18_secs_003_reduced.fits,2,0.979925,792.0,30.766929675203173,1200.2030274750527,798.4637755219336,1.0,V* RZ Cep,True,0.9227133664563024,0.0049646479175306,5938.597748105477,37.998800987803584,-9.43420977316287,-0.0069472080312257,2022-12-07 20:33:00.346,0.023094871354652567,2022_12_07,1,"(-0.001, 0.0345]",-9.43420977316287,-0.0069472080312257
0,0,1,1196.7438745340346,883.7795122357286,7098.188327721038,7098.188327721038,168.04415938908937,300.9306030273437,4.875795878007647,4.777914275756644,889.7214025867501,168.04415938908934,5.32697868347168,6.936403274536133,6203.020672773442,7.313693817011471,9.751591756015294,12.189489695019118,7.166871413634966,9.555828551513288,11.94478568939161,False,1.5,18.0,394.3437959845021,66.64275875303413,8.132507466731237,21.65915654415627,-9.481508071345624,-0.0037910772291526,1.113064,318.1391,63.93259,2022-12-07T20:38:09.114,18.0,Blue,data\RZ_Cep\2022_12_07\Light\Blue\reduced_images\star_Light_Blue_18_secs_004_reduced.fits,2,0.979925,792.0,32.96128080400732,1200.2006550170895,798.4966767340549,1.0,V* RZ Cep,True,0.9815447347591756,0.004053462868237,6088.542280963091,32.926733231859515,-9.46128331568983,-0.005871642952373,2022-12-07 20:38:09.114,0.03467134494651955,2022_12_07,1,"(0.0345, 0.069]",-9.46128331568983,-0.005871642952373
0,0,1,1195.4288386306248,882.6476578808241,7164.469326022255,7164.469326022255,203.0908668535939,226.94580078125,5.360175399830571,5.2525698786789725,1050.4747627299876,203.09086685359384,5.159287929534912,6.84057092666626,6116.665068065726,8.040263099745857,10.720350799661142,13.400438499576428,7.87885481801846,10.505139757357943,13.131424696697431,False,1.5,18.0,398.0260736679031,63.57177300941637,9.828595037852937,21.712356889918063,-9.466286750912126,-0.0038540432905325,1.118164,317.9358,63.40257,2022-12-07T20:43:17.192,18.0,Blue,data\RZ_Cep\2022_12_07\Light\Blue\reduced_images\star_Light_Blue_18_secs_005_reduced.fits,2,0.979925,792.0,31.540164709838525,1200.2147998670732,798.4832297382975,1.0,V* RZ Cep,True,1.0070632357890286,0.0088006604102231,6159.868515683988,58.10209089019025,-9.473928605280244,-0.0102410536022005,2022-12-07 20:43:17.192,0.04622194873718178,2022_12_07,1,"(0.0345, 0.069]",-9.473928605280244,-0.0102410536022005
0,0,1,1197.1495988352688,882.2386432714704,6855.655461857361,6855.655461857361,164.9935066389211,314.2874755859375,4.831335877801616,4.734346810054748,857.5025129471927,164.99350663892108,5.249145746231079,6.589364528656006,5989.580498327919,7.247003816702423,9.662671755603233,12.078339694504038,7.101520215082123,9.468693620109496,11.83586702513687,False,1.5,18.0,380.8697478809645,50.36358868712188,7.984870938574947,20.95753343088497,-9.443491015221504,-0.0037989893974532,1.12342,317.7488,62.87123,2022-12-07T20:48:23.987,18.0,Blue,data\RZ_Cep\2022_12_07\Light\Blue\reduced_images\star_Light_Blue_18_secs_006_reduced.fits,2,0.979925,792.0,33.22510235704552,1200.1591973926036,798.4508233977218,1.0,V* RZ Cep,True,1.046416995634883,0.0062984867563046,6267.598830173586,43.63641443010691,-9.492752977062525,-0.0075591364853332,2022-12-07 20:48:23.987,0.05772444969458937,2022_12_07,1,"(0.0345, 0.069]",-9.492752977062525,-0.0075591364853332
0,0,1,1197.406601588698,881.0097743164966,6656.110976497841,6656.110976497841,158.61895577706758,290.491943359375,4.737086857270926,4.641989838611212,814.649308312522,158.61895577706753,5.122168302536011,6.625913143157959,5843.637989035184,7.105630285906389,9.474173714541852,11.842717143177314,6.962984757916819,9.283979677222424,11.604974596528027,False,1.5,18.0,369.78394313876896,55.57546704663166,7.676374156124751,20.809511871774536,-9.416708259328583,-0.0038663655217732,1.128864,317.6053,62.33584,2022-12-07T20:53:31.349,18.0,Blue,data\RZ_Cep\2022_12_07\Light\Blue\reduced_images\star_Light_Blue_18_secs_007_reduced.fits,2,0.979925,792.0,33.421859222315305,1200.1356221777348,798.483132158077,1.0,V* RZ Cep,True,1.079512248743585,0.005732013816264,6308.278786386813,40.33120820111826,-9.499777195438137,-0.0069415215161524,2022-12-07 20:53:31.349,0.06924820887994348,2022_12_07,1,"(0.069, 0.103]",-9.499777195438137,-0.0069415215161524
0,0,1,1198.2907783715189,880.5721312199988,6494.782752088926,6494.782752088926,172.49107267867151,269.7353515625,4.939888154922263,4.840719900212199,865.3576376313779,172.4910726786716,4.969115257263184,6.375223159790039,5637.654731099647,7.409832232383395,9.879776309844528,12.34972038730566,7.261079850318299,9.681439800424398,12.101799750530498,False,1.5,18.0,360.8212640049403,42.63531042512376,8.347716109881386,20.292961601007026,-9.377746186745233,-0.0039081504921608,1.134455,317.4834,61.80099,2022-12-07T20:58:38.932,18.0,Blue,data\RZ_Cep\2022_12_07\Light\Blue\reduced_images\star_Light_Blue_18_secs_008_reduced.fits,2,0.979925,792.0,34.29555095719447,1200.1375431501729,798.4747044498906,1.0,V* RZ Cep,True,1.1557121023925998,0.0110244207603932,6515.50580184276,66.42959241839452,-9.534870339615985,-0.011069748957261,2022-12-07 20:58:38.932,0.08078025390017622,2022_12_07,1,"(0.069, 0.103]",-9.534870339615985,-0.011069748957261
0,0,1,1199.7009084324543,880.3404105994197,6555.184944394862,6555.184944394862,190.47091971808223,238.45083618164065,5.190965518273484,5.086756885494144,942.8122501018051,190.4709197180821,4.956267356872559,6.742666721343994,5611.160142562638,7.786448277410226,10.381931036546968,12.97741379568371,7.630135328241216,10.173513770988288,12.71689221373536,False,1.5,18.0,364.1769413552701,62.66618155517221,9.217851917220768,20.882073049093165,-9.372631659122211,-0.0040405944873727,1.140269,317.3838,61.25994,2022-12-07T21:03:48.243,18.0,Blue,data\RZ_Cep\2022_12_07\Light\Blue\reduced_images\star_Light_Blue_18_secs_009_reduced.fits,2,0.979925,792.0,35.70253131472193,1200.1784100670006,798.49227072118,1.0,V* RZ Cep,True,1.1754031745208695,0.0097417770186892,6595.3754443131,59.92042637776662,-9.548098807421052,-0.0098641505509715,2022-12-07 21:03:48.243,0.09237708590081738,2022_12_07,1,"(0.069, 0.103]",-9.548098807421052,-0.0098641505509715
0,0,1,1199.7659847693442,879.0736181826055,6295.062342462968,6295.062342462968,185.55602540161087,240.868392944336,5.12355420587889,5.020698855195872,901.0461928370124,185.55602540161087,4.81454348564148,6.518291473388672,5401.694789144117,7.685331308818336,10.24710841175778,12.808885514697224,7.531048282793808,10.041397710391744,12.55174713798968,False,1.5,18.0,349.72568569238706,57.16354042331776,8.979995303386602,20.39287182863393,-9.331325104230942,-0.0040989504456708,1.146219,317.3196,60.72126,2022-12-07T21:08:56.060,18.0,Blue,data\RZ_Cep\2022_12_07\Light\Blue\reduced_images\star_Light_Blue_18_secs_010_reduced.fits,2,0.979925,792.0,35.77797995684719,1200.1731023026516,798.5090146746396,1.0,V* RZ Cep,True,1.2648412531380244,0.0079952266237918,6832.286406170181,50.30408663633941,-9.586415158697465,-0.0079939517844332,2022-12-07 21:08:56.060,0.10391790415798043,2022_12_07,1,"(0.103, 0.138]",-9.586415158697465,-0.0079939517844332
0,0,1,1199.1160376090963,878.2540081862584,6024.04935193188,6024.04935193188,173.39116674781394,209.865478515625,4.95276006340668,4.853333405133792,807.8158224792114,173.39116674781388,4.644310235977173,6.286189079284668,5218.766981376983,7.429140095110021,9.90552012681336,12.3819001585167,7.280000107700687,9.706666810267585,12.133333512834476,False,1.5,18.0,334.66940844066,49.57634180769546,8.391276217918895,19.8150706904183,-9.293919764958448,-0.0041224181353949,1.152333,317.2805,60.18267,2022-12-07T21:14:03.933,18.0,Blue,data\RZ_Cep\2022_12_07\Light\Blue\reduced_images\star_Light_Blue_18_secs_011_reduced.fits,2,0.979925,792.0,35.159416729762754,1200.1165744262607,798.5215285484429,1.0,V* RZ Cep,True,1.3958240770600046,0.0100924175780597,7284.480605171752,59.490426195928144,-9.65599647834004,-0.0088669203829787,2022-12-07 21:14:03.933,0.11546082199321224,2022_12_07,1,"(0.103, 0.138]",-9.65599647834004,-0.0088669203829787
0,0,1,1200.9181548107272,877.2298085637414,6104.342479036797,6104.342479036797,161.21442677605808,283.0370788574219,4.775685911795386,4.679814017116094,767.3682485351069,161.21442677605805,4.723326206207275,6.311239242553711,5342.874152226758,7.16352886769308,9.551371823590772,11.939214779488465,7.019721025674142,9.359628034232188,11.699535042790234,False,1.5,18.0,339.1301377242665,55.54867525930784,7.801982135335156,20.06192401338689,-9.319437361979276,-0.0040768239374237,1.158658,317.2566,59.64044,2022-12-07T21:19:12.085,18.0,Blue,data\RZ_Cep\2022_12_07\Light\Blue\reduced_images\star_Light_Blue_18_secs_012_reduced.fits,2,0.979925,792.0,37.02194099749956,1200.1033964533003,798.558321301527,1.0,V* RZ Cep,True,1.4128335097835587,0.013450424610765,7548.591640822387,77.25163545600864,-9.694664829512158,-0.0111113306272622,2022-12-07 21:19:12.085,0.12701420022632254,2022_12_07,1,"(0.103, 0.138]",-9.694664829512158,-0.0111113306272622
0,0,1,1202.0156197654776,876.2788470794741,6124.860377797917,6124.860377797917,143.28824902956123,343.70166015625,4.502348337383962,4.41196369451098,684.6694704418194,143.28824902956126,4.779770135879517,6.368553638458252,5439.975484263953,6.753522506075943,9.004696674767924,11.255870843459906,6.617945541766469,8.823927389021959,11.02990923627745,False,1.5,18.0,340.2700209887732,43.73259737810417,6.934443656739258,19.772128414098887,-9.338992356289165,-0.0039462155163036,1.16511,317.2498,59.10208,2022-12-07T21:24:20.450,18.0,Blue,data\RZ_Cep\2022_12_07\Light\Blue\reduced_images\star_Light_Blue_18_secs_013_reduced.fits,2,0.979925,792.0,38.19730782674755,1200.1752098823224,798.5011528114952,1.0,V* RZ Cep,True,1.459691306360705,0.0110564186715422,7940.6849211954595,66.7127287773994,-9.749644909930083,-0.009121684800576,2022-12-07 21:24:20.450,0.13857556435458732,2022_12_07,1,"(0.138, 0.172]",-9.749644909930083,-0.009121684800576
0,0,1,1204.6672926064534,874.0445613213101,6602.771136247724,6602.771136247724,185.3638368802336,252.5352325439453,5.120900173469413,5.018098102487015,858.9956425866203,185.36383688023352,4.615585803985596,6.242648124694824,5747.208442171016,7.68135026020412,10.241800346938826,12.802250433673532,7.527147153730523,10.03619620497403,12.545245256217536,False,1.5,18.0,366.8206186804291,50.08890470667691,8.970694328031056,20.63686550121256,-9.398642371485298,-0.0038986217835743,1.174698,317.2897,58.32792,2022-12-07T21:31:42.206,18.0,Blue,data\RZ_Cep\2022_12_07\Light\Blue\reduced_images\star_Light_Blue_18_secs_014_reduced.fits,2,0.979925,792.0,41.10104545865637,1200.2384749405603,798.4616530304133,1.0,V* RZ Cep,True,1.4865523165886891,0.0133088721071225,8543.526023627395,82.41160251455666,-9.829092866582169,-0.0104731068056371,2022-12-07 21:31:42.206,0.15513808595024745,2022_12_07,1,"(0.138, 0.172]",-9.829092866582169,-0.0104731068056371
0,0,1,1205.7162105757436,873.2940917689593,6831.257149136127,6831.257149136127,185.45375828513795,276.9420166015625,5.122142116649526,5.019315113657787,859.6051394808258,185.45375828513804,4.625890493392944,6.230799674987793,5973.368371720914,7.683213174974289,10.244284233299052,12.805355291623815,7.52897267048668,10.038630227315574,12.548287784144469,False,1.5,18.0,379.51428606311816,47.93946867131481,8.975046079972106,20.8908784117472,-9.44054824521048,-0.0037971847087507,1.181544,317.3377,57.79287,2022-12-07T21:36:48.895,18.0,Blue,data\RZ_Cep\2022_12_07\Light\Blue\reduced_images\star_Light_Blue_18_secs_015_reduced.fits,2,0.979925,792.0,42.25176244848163,1200.118531382532,798.5169234593347,1.0,V* RZ Cep,True,1.5205328552163415,0.0160839260608032,9082.702865511792,101.19031163117856,-9.895537766925491,-0.0120961773753387,2022-12-07 21:36:48.895,0.16663661270631056,2022_12_07,1,"(0.138, 0.172]",-9.895537766925491,-0.0120961773753387
0,0,1,1205.919647348992,872.206744165245,7012.666598493288,7012.666598493288,195.0713169107946,262.225341796875,5.253279554868439,5.147819967804455,900.3817107328823,195.0713169107945,4.608909606933594,6.124408721923828,6113.600531945939,7.879919332302659,10.506559109736878,13.133198887171098,7.721729951706684,10.29563993560891,12.869549919511138,False,1.5,18.0,389.5925888051827,62.088451339662775,9.440488423337218,21.47374044194869,-9.465742645331025,-0.0038135984396712,1.188653,317.4102,57.25186,2022-12-07T21:41:56.833,18.0,Blue,data\RZ_Cep\2022_12_07\Light\Blue\reduced_images\star_Light_Blue_18_secs_016_reduced.fits,2,0.979925,792.0,42.63791353208772,1200.163978604712,798.5258306826418,1.0,V* RZ Cep,True,1.5548345908627863,0.015256861043051,9505.637581786676,99.07003209935054,-9.944953130190704,-0.0113158028308288,2022-12-07 21:41:56.833,0.1781819675518008,2022_12_07,1,"(0.172, 0.207]",-9.944953130190704,-0.0113158028308288
0,0,1,1206.035232524962,870.9880433161422,6924.594165003863,6924.594165003863,175.8717250311376,290.84686279296875,4.988061693354926,4.887926354860826,817.2539041803253,175.87172503113754,4.640329837799072,6.381615161895752,6108.4913517166815,7.48209254003239,9.976123386709853,12.470154233387316,7.33188953229124,9.775852709721653,12.219815887152066,False,1.5,18.0,384.69967583354793,47.63250347836341,8.511322989161226,20.99627353367908,-9.464834908369548,-0.0037319221765147,1.195883,317.5011,56.71618,2022-12-07T21:47:05.595,18.0,Blue,data\RZ_Cep\2022_12_07\Light\Blue\reduced_images\star_Light_Blue_18_secs_017_reduced.fits,2,0.979925,792.0,42.99041912681663,1200.1268374784634,798.4962459267379,1.0,V* RZ Cep,True,1.669016838286749,0.0165316925602848,10195.174922544124,106.89120225653956,-10.020986703839585,-0.0113833896075113,2022-12-07 21:47:05.595,0.1897582161888747,2022_12_07,1,"(0.172, 0.207]",-10.020986703839585,-0.0113833896075113
0,0,1,1206.7184877269358,870.0826360829095,6675.2161892695385,6675.2161892695385,165.4803140828432,297.54248046875,4.838457970210837,4.741325926458854,769.995964258542,165.48031408284314,4.675137519836426,6.142712593078613,5901.572964106523,7.257686955316256,9.676915940421674,12.096144925527092,7.111988889688282,9.482651852917709,11.853314816147137,False,1.5,18.0,370.8453438483077,50.069328177466346,8.008430014873397,20.7104587597824,-9.427419452234725,-0.0038101867128317,1.203453,317.605,56.1701,2022-12-07T21:52:18.086,18.0,Blue,data\RZ_Cep\2022_12_07\Light\Blue\reduced_images\star_Light_Blue_18_secs_018_reduced.fits,2,0.979925,792.0,43.85456989574031,1200.1119798471068,798.4549729814296,1.0,V* RZ Cep,True,1.722101067770219,0.02437886020549,10163.1051030117,148.22836200869426,-10.01756604228036,-0.0158354063618944,2022-12-07 21:52:18.086,0.20147427422985079,2022_12_07,1,"(0.172, 0.207]",-10.01756604228036,-0.0158354063618944
0,0,1,1207.983931368444,868.6495949379196,5972.839160396426,5972.839160396426,151.84142335961195,290.1986694335937,4.634778009191084,4.541734840656574,672.2706185254631,151.84142335961195,4.403169631958008,6.20329475402832,5304.255616186104,6.952167013786626,9.269556018382168,11.58694502297771,6.81260226098486,9.083469681313147,11.354337101641434,False,1.5,18.0,331.8243977998015,50.81048307610237,7.348375056415787,19.747993719168527,-9.311561112221137,-0.0040422470755008,1.211089,317.7277,55.63372,2022-12-07T21:57:26.889,18.0,Blue,data\RZ_Cep\2022_12_07\Light\Blue\reduced_images\star_Light_Blue_18_secs_019_reduced.fits,2,0.979925,792.0,45.42486008450984,1200.1680549340608,798.5230763768402,1.0,V* RZ Cep,True,2.0059056001566224,0.0348041524917236,10639.836045169925,188.8122238088084,-10.067337339346212,-0.0192672393089346,2022-12-07 21:57:26.889,0.21305206005801075,2022_12_07,1,"(0.207, 0.241]",-10.067337339346212,-0.0192672393089346
0,0,1,1209.6622813292076,868.6368729801324,5833.635793450406,5833.635793450406,180.8178615854752,213.40809631347656,5.057716346392314,4.956182690738489,768.3174709141787,180.81786158547527,4.273877143859863,5.634518146514893,5060.842467618627,7.586574519588471,10.115432692784628,12.644290865980786,7.434274036107732,9.912365381476976,12.390456726846224,False,1.5,18.0,324.0908774139114,45.100331889725126,8.750691573025467,19.440727889579183,-9.26055704732811,-0.0041707486948313,1.218956,317.8598,55.09567,2022-12-07T22:02:37.614,18.0,Blue,data\RZ_Cep\2022_12_07\Light\Blue\reduced_images\star_Light_Blue_18_secs_020_reduced.fits,2,0.979925,792.0,47.05491039049327,1200.1406142854285,798.478881035435,1.0,V* RZ Cep,True,2.0995265600309314,0.0113826741112661,10625.373176897789,70.60038548597805,-10.065860479940325,-0.0072141837576745,2022-12-07 22:02:37.614,0.2247019064048889,2022_12_07,1,"(0.207, 0.241]",-10.065860479940325,-0.0072141837576745
0,0,1,1209.7770064825215,867.698026554431,5643.377829712037,5643.377829712037,180.02795055446995,213.2710418701172,5.046656823015254,4.945345187293222,759.3588994951749,180.02795055447,4.203207969665527,5.948884010314941,4886.682913178937,7.56998523452288,10.093313646030508,12.616642057538137,7.4180177809398335,9.890690374586445,12.363362968233057,False,1.5,18.0,313.5209905395576,42.90610878065347,8.712463779920027,19.1086253587256,-9.222535398662918,-0.004245605197582,1.227017,318.0128,54.55867,2022-12-07T22:07:47.118,18.0,Blue,data\RZ_Cep\2022_12_07\Light\Blue\reduced_images\star_Light_Blue_18_secs_021_reduced.fits,2,0.979925,792.0,47.40119063015511,1200.0750284122676,798.524128183666,1.0,V* RZ Cep,True,2.173490944963466,0.0463903727055323,10621.161062702113,230.4681847052393,-10.065429986675948,-0.023559350122095,2022-12-07 22:07:47.118,0.23630597445137427,2022_12_07,1,"(0.207, 0.241]",-10.065429986675948,-0.023559350122095
0,0,1,1208.8136962788822,865.7077115898437,5478.6649205892745,5478.6649205892745,180.06268139958385,207.29635620117188,5.047143597994577,4.945822190264836,767.3912756474297,180.06268139958377,4.219696044921875,6.047477722167969,4718.855136049423,7.570715396991865,10.094287195989152,12.617858994986442,7.418733285397254,9.891644380529671,12.36455547566209,False,1.5,18.0,304.3702733660708,54.20992004137485,8.714144581313192,19.16492467996571,-9.184591612895389,-0.0044095552812247,1.235174,318.1841,54.02941,2022-12-07T22:12:55.183,18.0,Blue,data\RZ_Cep\2022_12_07\Light\Blue\reduced_images\star_Light_Blue_18_secs_022_reduced.fits,2,0.979925,792.0,47.03761135702987,1200.1854658997793,798.5201138397161,1.0,V* RZ Cep,True,2.158761621761718,0.0362053027133351,10186.883366356664,175.78560581542584,-10.020103334445237,-0.0187355435068075,2022-12-07 22:12:55.183,0.2478560908399848,2022_12_07,1,"(0.241, 0.276]",-10.020103334445237,-0.0187355435068075
0,0,1,1210.5771750454194,865.9721801846488,5337.0046050059245,5337.0046050059245,193.0324204432441,178.6818084716797,5.225753652443962,5.12084664787115,717.6755931844002,193.0324204432441,3.6554884910583496,5.275450706481934,4631.376813674509,7.838630478665943,10.451507304887924,13.064384131109906,7.681269971806724,10.2416932957423,12.802116619677877,False,1.5,18.0,296.5002558336625,44.46536213916073,9.341815902932307,18.716501646294788,-9.164275292714745,-0.0043877197389332,1.243539,318.3614,53.50066,2022-12-07T22:18:02.366,18.0,Blue,data\RZ_Cep\2022_12_07\Light\Blue\reduced_images\star_Light_Blue_18_secs_023_reduced.fits,2,0.979925,792.0,48.64373509490815,1200.1295577256533,798.5422119796375,1.0,V* RZ Cep,True,2.205824652799852,0.0223685944529982,10216.005152008858,111.52083600192547,-10.023202758183537,-0.0118522071426691,2022-12-07 22:18:02.366,0.2593731388740119,2022_12_07,1,"(0.241, 0.276]",-10.023202758183537,-0.0118522071426691
0,0,1,1210.4640147328803,864.4925888358475,5275.08929616592,5275.08929616592,192.56904878876367,194.98927307128903,5.219477709182627,5.114696694170786,718.6713666145849,192.56904878876367,3.715669751167298,5.437460422515869,4559.566306570451,7.82921656377394,10.438955418365254,13.048694272956569,7.672045041256179,10.229393388341572,12.786741735426965,False,1.5,18.0,293.0605164536622,49.1395268430128,9.31939100311054,18.74885154615572,-9.147308839325174,-0.0044645270081855,1.252185,318.5567,52.9682,2022-12-07T22:23:11.480,18.0,Blue,data\RZ_Cep\2022_12_07\Light\Blue\reduced_images\star_Light_Blue_18_secs_024_reduced.fits,2,0.979925,792.0,48.98351218636121,1200.1673195795172,798.5604604406035,1.0,V* RZ Cep,True,2.258418044315842,0.034688311585082,10297.406821013245,163.73347347337858,-10.03181967702565,-0.0172637017426645,2022-12-07 22:23:11.480,0.27096258485894675,2022_12_07,1,"(0.241, 0.276]",-10.03181967702565,-0.0172637017426645
0,0,1,1210.9162577435018,864.3878716002911,5269.857237684706,5269.857237684706,207.46984854910056,179.123046875,5.417654428019257,5.308895015376771,773.1570444209219,207.46984854910056,3.669390201568604,5.2631707191467285,4508.569408297714,8.126481642028885,10.835308856038514,13.544136070048143,7.9633425230651556,10.61779003075354,13.272237538441928,False,1.5,18.0,292.76984653803925,50.38284664096401,10.040516127314495,18.79343527156006,-9.13509689979344,-0.0045257622181789,1.26088,318.7616,52.44653,2022-12-07T22:28:19.051,18.0,Blue,data\RZ_Cep\2022_12_07\Light\Blue\reduced_images\star_Light_Blue_18_secs_025_reduced.fits,2,0.979925,792.0,49.44566506604687,1200.1746575728755,798.5357445389401,1.0,V* RZ Cep,True,2.33082166452703,0.0423412912997446,10508.671252884124,195.85989389988563,-10.053869515089213,-0.0202358769010714,2022-12-07 22:28:19.051,0.28249417996959336,2022_12_07,1,"(0.276, 0.31]",-10.053869515089213,-0.0202358769010714
0,0,1,1212.9968294330113,862.1559507897653,5084.581524875704,5084.581524875704,181.69966453081665,219.3312225341797,5.070033948448129,4.9682530169330335,682.0265748707288,181.69966453081656,3.722466945648194,5.248536109924316,4408.2105296243735,7.605050922672194,10.14006789689626,12.675084871120324,7.45237952539955,9.936506033866069,12.420632542332582,False,1.5,18.0,282.47675138198355,44.89014929665522,8.793366480997545,18.33467390382595,-9.110655819005183,-0.0045158050247464,1.269865,318.9821,51.92125,2022-12-07T22:33:27.057,18.0,Blue,data\RZ_Cep\2022_12_07\Light\Blue\reduced_images\star_Light_Blue_18_secs_026_reduced.fits,2,0.979925,792.0,52.14498429096397,1200.15624298081,798.5295675650873,1.0,V* RZ Cep,True,2.369178141828368,0.0238513396928004,10443.83603136372,113.76138181868606,-10.047150111909978,-0.0118265789096013,2022-12-07 22:33:27.057,0.29404208430273854,2022_12_07,1,"(0.276, 0.31]",-10.047150111909978,-0.0118265789096013
0,0,1,1212.4166332688171,862.1452295190026,5409.629886337303,5409.629886337303,253.088223687938,148.785888671875,5.983699475392024,5.86357670842353,939.2800251315248,253.08822368793776,3.738460302352905,5.052828788757324,4463.469609086935,8.975549213088037,11.967398950784048,14.95924868848006,8.795365062635295,11.72715341684706,14.658941771058824,False,1.5,18.0,300.5349936854057,69.96276298804763,12.248220208107616,19.563894726806343,-9.124181455229175,-0.0047589052175299,1.279082,319.2164,51.39621,2022-12-07T22:38:37.782,18.0,Blue,data\RZ_Cep\2022_12_07\Light\Blue\reduced_images\star_Light_Blue_18_secs_027_reduced.fits,2,0.979925,792.0,51.60390688713623,1200.0853325435485,798.5708449661545,1.0,V* RZ Cep,True,2.3349990049526705,0.0338484268709275,10422.197095854475,157.83666329674497,-10.044898204803928,-0.0164426922848789,2022-12-07 22:38:37.782,0.3056919306496167,2022_12_07,1,"(0.276, 0.31]",-10.044898204803928,-0.0164426922848789
0,0,1,1216.136129038034,859.4704033163212,5226.603404277516,5226.603404277516,215.01117413433724,174.22406005859375,5.515238782659635,5.404520364097743,820.4606600418203,215.01117413433727,3.810925960540772,5.050690174102783,4407.211738962618,8.272858173989452,11.03047756531927,13.788096956649088,8.106780546146613,10.809040728195486,13.511300910244358,False,1.5,18.0,290.3668557931953,40.09196736576653,10.405479044525949,18.46251072317868,-9.110409790362642,-0.0045483215942805,1.292401,319.5659,50.66093,2022-12-07T22:45:53.909,18.0,Blue,data\RZ_Cep\2022_12_07\Light\Blue\reduced_images\star_Light_Blue_18_secs_028_reduced.fits,2,0.979925,792.0,56.032493171953725,1200.1451570255083,798.4805272139296,1.0,V* RZ Cep,True,2.325392208541988,0.0390347382414788,10248.495839178458,177.31053594353563,-10.026650322825612,-0.0187844608008736,2022-12-07 22:45:53.909,0.3220434071568978,2022_12_07,1,"(0.31, 0.345]",-10.026650322825612,-0.0187844608008736
0,0,1,1216.0096150517943,858.8646675922364,5249.745001622401,5249.745001622401,222.36146087530653,173.65493774414062,5.608717472842521,5.496122469575208,858.5810309162981,222.36146087530648,3.88277816772461,5.348498821258545,4386.364775992411,8.413076209263782,11.217434945685042,14.021793682106305,8.244183704362811,10.992244939150416,13.74030617393802,False,1.5,18.0,291.6525000901334,58.47551641069624,10.76119662507656,18.997084332231253,-9.105261863390943,-0.0047022587718278,1.301951,319.8282,50.14979,2022-12-07T22:51:03.393,18.0,Blue,data\RZ_Cep\2022_12_07\Light\Blue\reduced_images\star_Light_Blue_18_secs_029_reduced.fits,2,0.979925,792.0,56.14002434825366,1200.2216695942432,798.5059701282194,1.0,V* RZ Cep,True,2.4064665183124263,0.0338445725710499,10555.63997053072,155.3342175195902,-10.05871142244754,-0.0159774285850632,2022-12-07 22:51:03.393,0.33364672535407286,2022_12_07,1,"(0.31, 0.345]",-10.05871142244754,-0.0159774285850632
0,0,1,1218.4960262898055,858.0684158046553,5160.214465513948,5160.214465513948,203.39332696333645,194.94601440429688,5.364165328309797,5.256479709343978,788.0784997570063,203.3933269633363,3.8591388463974,5.475416660308838,4375.291376331728,8.046247992464696,10.728330656619594,13.410413320774492,7.884719564015968,10.512959418687956,13.141199273359945,False,1.5,18.0,286.6785814174416,54.694813580968486,9.843232613534306,18.740774466706128,-9.10251745134972,-0.0046505559501203,1.311922,320.0959,49.62969,2022-12-07T22:56:13.191,18.0,Blue,data\RZ_Cep\2022_12_07\Light\Blue\reduced_images\star_Light_Blue_18_secs_030_reduced.fits,2,0.979925,792.0,58.74360617715509,1200.1681209042515,798.5392574090915,1.0,V* RZ Cep,True,2.3691974813565317,0.0353641350008609,10365.929309006082,160.97294519257005,-10.039020607049524,-0.0168604424525906,2022-12-07 22:56:13.191,0.3452618161854194,2022_12_07,1,"(0.345, 0.379]",-10.039020607049524,-0.0168604424525906
0,0,1,1218.0840697818546,857.3121222028648,5095.732679588393,5095.732679588393,205.35976774024545,190.13504028320312,5.3900337783368375,5.281828850236725,790.0706882783559,205.35976774024533,3.875094413757324,5.1203813552856445,4299.944190807666,8.085050667505257,10.780067556673677,13.475084445842093,7.9227432753550895,10.56365770047345,13.204572125591811,False,1.5,18.0,283.09625997713295,49.56775134362126,9.93839863631805,18.50952214286129,-9.0836570472155,-0.004673655617726,1.321826,320.3724,49.12617,2022-12-07T23:01:19.947,18.0,Blue,data\RZ_Cep\2022_12_07\Light\Blue\reduced_images\star_Light_Blue_18_secs_031_reduced.fits,2,0.979925,792.0,58.65003327455375,1200.1762563736124,798.5619449533126,1.0,V* RZ Cep,True,2.435638057954702,0.018698287283777,10473.107718212386,92.17834592780892,-10.050188925927284,-0.0095560334297434,2022-12-07 23:01:19.947,0.3567628549366719,2022_12_07,1,"(0.345, 0.379]",-10.050188925927284,-0.0095560334297434
0,0,1,1216.5025578584475,855.3449953998501,5130.687390151117,5130.687390151117,222.7467630321992,172.49639892578125,5.613574689529623,5.500882177637315,874.6213513570037,222.74676303219903,3.942713499069214,5.078037738800049,4252.460720670094,8.420362034294435,11.227149379059243,14.033936723824056,8.251323266455975,11.00176435527463,13.752205444093288,False,1.5,18.0,285.0381883417288,54.87183895533857,10.779843346743464,18.726715425931232,-9.071600776978409,-0.0047812958824772,1.331969,320.6683,48.62336,2022-12-07T23:06:26.959,18.0,Blue,data\RZ_Cep\2022_12_07\Light\Blue\reduced_images\star_Light_Blue_18_secs_032_reduced.fits,2,0.979925,792.0,58.003343295995165,1200.1450348484454,798.5076617417523,1.0,V* RZ Cep,True,2.391132285878086,0.0369211731123792,10168.196123622654,163.26636948930033,-10.018109785688656,-0.0174332011517886,2022-12-07 23:06:26.959,0.3682734917590961,2022_12_07,1,"(0.345, 0.379]",-10.018109785688656,-0.0174332011517886
0,0,1,1219.904419776214,854.7959416974545,4918.176285966458,4918.176285966458,206.80687608971783,173.2782440185547,5.408991411021852,5.300405908445589,813.807864756151,206.8068760897179,3.950479030609131,5.261073112487793,4101.190058588247,8.113487116532779,10.817982822043705,13.52247852755463,7.950608862668384,10.600811816891175,13.251014771113972,False,1.5,18.0,273.23201588702545,53.24983945669872,10.008431534218442,18.343671575721764,-9.032274739899709,-0.0048562461318385,1.342361,320.9633,48.12112,2022-12-07T23:11:33.940,18.0,Blue,data\RZ_Cep\2022_12_07\Light\Blue\reduced_images\star_Light_Blue_18_secs_033_reduced.fits,2,0.979925,792.0,61.32331290327744,1200.2676783795937,798.5458782996733,1.0,V* RZ Cep,True,2.5058525849365405,0.0294907627128191,10276.9777096294,129.3876084703972,-10.029663536401667,-0.0136694673212875,2022-12-07 23:11:33.940,0.37978296631508934,2022_12_07,1,"(0.379, 0.414]",-10.029663536401667,-0.0136694673212875
0,0,1,1219.247964188071,854.0587687566375,5024.211009132114,5024.211009132114,237.06312138612,150.8641815185547,5.791163198713095,5.67490559749893,919.7658222614072,237.06312138611983,3.8525424003601074,5.2685136795043945,4110.915282430372,8.686744798069643,11.58232639742619,14.477907996782736,8.512358396248395,11.34981119499786,14.187263993747324,False,1.5,18.0,279.12283384067297,65.28301264974918,11.472684393007286,18.86474306433643,-9.034846317375276,-0.0049823781642858,1.352958,321.2706,47.6218,2022-12-07T23:16:42.317,18.0,Blue,data\RZ_Cep\2022_12_07\Light\Blue\reduced_images\star_Light_Blue_18_secs_034_reduced.fits,2,0.979925,792.0,61.035113052635296,1200.1845145910445,798.5332675998545,1.0,V* RZ Cep,True,2.4757946941113844,0.0296327001995903,10177.782244182516,130.46412069386014,-10.019132887034484,-0.0139175329026343,2022-12-07 23:16:42.317,0.39134478035294035,2022_12_07,1,"(0.379, 0.414]",-10.019132887034484,-0.0139175329026343
0,0,1,1217.9496724275932,852.9803061585396,4953.123260338943,4953.123260338943,236.83336247459653,152.96315002441406,5.788356153283102,5.672154903505944,925.6948255090464,236.83336247459675,3.89359188079834,5.283998012542725,4030.9908031056834,8.682534229924652,11.576712306566204,14.470890383207756,8.508232355258915,11.344309807011888,14.180387258764862,False,1.5,18.0,275.1735144632746,64.9574670962714,11.46156519630146,18.750801229703423,-9.01352951822745,-0.005050476361203,1.363729,321.5945,47.12699,2022-12-07T23:21:51.791,18.0,Blue,data\RZ_Cep\2022_12_07\Light\Blue\reduced_images\star_Light_Blue_18_secs_035_reduced.fits,2,0.979925,792.0,60.33764173657156,1200.2670043455755,798.5234796741593,1.0,V* RZ Cep,True,2.5112733080398773,0.0304909633719778,10122.91960879353,131.6202398388273,-10.013264469777123,-0.0141169608368543,2022-12-07 23:21:51.791,0.4029477236254603,2022_12_07,1,"(0.379, 0.414]",-10.013264469777123,-0.0141169608368543
0,0,1,1220.282115547881,851.6773118062058,4772.116041458323,4772.116041458323,189.88372256818388,194.2867889404297,5.182957804996126,5.0789099270608284,764.0881465185558,189.8837225681838,3.977940320968628,5.565825939178467,4016.769925158724,7.774436707494189,10.365915609992252,12.957394512490314,7.618364890591244,10.157819854121655,12.697274817652072,False,1.5,18.0,265.1175578587957,43.80814086454898,9.1894344749047,17.835782382565935,-9.0096923916919,-0.0048210266043987,1.374703,321.9219,46.63532,2022-12-07T23:26:59.091,18.0,Blue,data\RZ_Cep\2022_12_07\Light\Blue\reduced_images\star_Light_Blue_18_secs_036_reduced.fits,2,0.979925,792.0,63.00675517012372,1200.1658130950168,798.5684305730092,1.0,V* RZ Cep,True,2.4898690071416443,0.0322963973199408,10001.230945471369,137.1177737541124,-10.000133639981428,-0.0148855407991638,2022-12-07 23:26:59.091,0.4144691582779525,2022_12_07,1,"(0.414, 0.448]",-10.000133639981428,-0.0148855407991638
0,0,1,1219.3743563065862,850.6492800037904,4660.642192163134,4660.642192163134,199.3294116582553,172.0554656982422,5.310305383058752,5.203701002493848,792.4109535393511,199.32941165825545,4.027523040771484,5.521821975708008,3857.838394006086,7.965458074588128,10.620610766117505,13.275763457646882,7.805551503740772,10.407402004987697,13.00925250623462,False,1.5,18.0,258.9245662312852,39.125665330488125,9.646559181485935,17.54128817228824,-8.965860077410797,-0.004936757246322,1.385848,322.2559,46.14843,2022-12-07T23:32:09.126,18.0,Blue,data\RZ_Cep\2022_12_07\Light\Blue\reduced_images\star_Light_Blue_18_secs_037_reduced.fits,2,0.979925,792.0,62.672036034140895,1200.1467727654444,798.5889192593354,1.0,V* RZ Cep,True,2.4944913667554216,0.0289722200981317,9623.344568185785,120.03001380368252,-9.958315090455011,-0.013542166210603,2022-12-07 23:32:09.126,0.42609313482362593,2022_12_07,1,"(0.414, 0.448]",-9.958315090455011,-0.013542166210603
0,0,1,1220.0949868699306,849.7732823874533,4605.181752567627,4605.181752567627,194.86841547830124,176.63829040527344,5.250546771600234,5.14514204516036,777.5629644677823,194.86841547830127,4.045101165771484,5.519491672515869,3816.9192979443087,7.875820157400351,10.501093543200469,13.126366929000586,7.71771306774054,10.29028409032072,12.8628551129009,False,1.5,18.0,255.8434306982015,50.00820906216283,9.430668995986924,17.756190716376956,-8.95428244413003,-0.0050508112995062,1.397304,322.6002,45.66037,2022-12-07T23:37:17.526,18.0,Blue,data\RZ_Cep\2022_12_07\Light\Blue\reduced_images\star_Light_Blue_18_secs_038_reduced.fits,2,0.979925,792.0,63.72049913149088,1200.2163441594398,798.5033541015749,1.0,V* RZ Cep,True,2.466473888048709,0.017592499082971,9414.331781168848,80.16873519051755,-9.934473749264608,-0.0092457011617244,2022-12-07 23:37:17.526,0.43765581118818364,2022_12_07,1,"(0.414, 0.448]",-9.934473749264608,-0.0092457011617244
0,0,1,1219.6153757499965,848.5955360802634,4546.880223512175,4546.880223512175,191.2002606779213,174.73477172851562,5.200894504888355,5.096486547702722,766.7834120824728,191.2002606779213,4.011749982833862,5.362228870391846,3779.832581019694,7.801341757332531,10.40178900977671,13.002236262220888,7.644729821554082,10.192973095405444,12.741216369256804,False,1.5,18.0,252.6044568617875,48.1282804485118,9.253148417993229,17.606416038714197,-8.943681410473003,-0.0050573465674792,1.408801,322.9506,45.18267,2022-12-07T23:42:24.487,18.0,Blue,data\RZ_Cep\2022_12_07\Light\Blue\reduced_images\star_Light_Blue_18_secs_039_reduced.fits,2,0.979925,792.0,63.86947920485444,1200.1652388638477,798.5814608994381,1.0,V* RZ Cep,True,2.465027476386194,0.0201859911009379,9317.391168353292,87.77941181975108,-9.92323582171343,-0.0102287522035979,2022-12-07 23:42:24.487,0.4491645358948666,2022_12_07,1,"(0.448, 0.483]",-9.92323582171343,-0.0102287522035979
0,0,1,1218.9967013426474,846.9114337805352,4576.168871522352,4576.168871522352,213.0687759722872,171.86532592773438,5.490270093702467,5.38005292157139,871.2407117253482,213.0687759722871,4.077068328857422,5.384117603302002,3707.4729131373215,8.2354051405537,10.980540187404934,13.725675234256167,8.070079382357084,10.76010584314278,13.450132303928475,False,1.5,18.0,254.231603973464,56.51473468400702,10.311476565572413,17.91808626006258,-8.922694966872111,-0.0052473249106131,1.42054,323.3125,44.70686,2022-12-07T23:47:32.786,18.0,Blue,data\RZ_Cep\2022_12_07\Light\Blue\reduced_images\star_Light_Blue_18_secs_040_reduced.fits,2,0.979925,792.0,64.18325617349328,1200.1011497673555,798.5395070421779,1.0,V* RZ Cep,True,2.428748729443163,0.0417446103165493,9004.520127227212,160.7690592000173,-9.88615143290821,-0.0193850183809975,2022-12-07 23:47:32.786,0.4607234255204074,2022_12_07,1,"(0.448, 0.483]",-9.88615143290821,-0.0193850183809975
0,0,1,1204.7569282487225,837.0783059127706,4373.701171846894,4373.701171846894,223.5101070429864,127.52571105957033,5.623185207840832,5.510299764793428,918.8695229722535,223.5101070429864,4.088046550750732,5.860102653503418,3459.9814496918866,8.434777811761247,11.246370415681664,14.05796301960208,8.26544964719014,11.020599529586857,13.77574941198357,False,1.5,18.0,242.9833984359385,61.19719668092581,10.816785427265511,17.74816555433631,-8.84768442594289,-0.0055693437061924,1.476265,325.2338,42.59817,2022-12-08T00:09:15.290,18.0,Blue,data\RZ_Cep\2022_12_07\Light\Blue\reduced_images\star_Light_Blue_18_secs_041_reduced.fits,2,0.979925,792.0,59.18951785231248,1200.0851870796737,798.4756421831908,1.0,V* RZ Cep,True,2.472763110667753,0.0314578618731557,8555.71449239283,117.35843752769028,-9.830640708902775,-0.0148930056830381,2022-12-08 00:09:15.290,0.5095575118224241,2022_12_07,1,"(0.483, 0.517]",-9.830640708902775,-0.0148930056830381
0,0,1,1206.0802542249746,836.125012148989,4515.114798956191,4515.114798956191,250.78520447580155,112.1632843017578,5.956412413647481,5.836837434443508,1053.978842821267,250.78520447580155,4.200478553771973,5.325989723205566,3461.696925952267,8.934618620471221,11.912824827294962,14.891031034118702,8.755256151665263,11.673674868887016,14.59209358610877,False,1.5,18.0,250.8397110531217,56.77274297535702,12.136765451174591,17.881532917500483,-8.848222606026203,-0.0056084134747769,1.489013,325.6329,42.14744,2022-12-08T00:14:24.018,18.0,Blue,data\RZ_Cep\2022_12_07\Light\Blue\reduced_images\star_Light_Blue_18_secs_042_reduced.fits,2,0.979925,792.0,60.79278209265357,1200.1253759306608,798.534133612434,1.0,V* RZ Cep,True,2.4591559817327355,0.0389120307932959,8512.85270240134,141.69757698791796,-9.825187797187102,-0.018072225003833,2022-12-08 00:14:24.018,0.5211324857156706,2022_12_07,1,"(0.517, 0.552]",-9.825187797187102,-0.018072225003833
0,0,1,1206.1296363774509,835.1036140286794,4309.068532933576,4309.068532933576,227.1297036344817,129.95986938476562,5.668534206490735,5.554738382295434,944.2788042408088,227.12970363448164,4.102518558502197,5.800069808959961,3377.2647085860103,8.502801309736103,11.33706841298147,14.171335516226836,8.332107573443151,11.109476764590868,13.886845955738584,False,1.5,18.0,239.3926962740876,62.68468023665047,10.991956027742816,17.69376535784514,-8.821412754470364,-0.0056882605614739,1.501859,326.0374,41.70413,2022-12-08T00:19:31.641,18.0,Blue,data\RZ_Cep\2022_12_07\Light\Blue\reduced_images\star_Light_Blue_18_secs_043_reduced.fits,2,0.979925,792.0,61.56778162790993,1200.133197003402,798.5098450150077,1.0,V* RZ Cep,True,2.472537382932512,0.0273522715688698,8350.413244037587,102.2116955636599,-9.80426992079414,-0.0132897540732394,2022-12-08 00:19:31.641,0.5326660304345239,2022_12_07,1,"(0.517, 0.552]",-9.80426992079414,-0.0132897540732394
0,0,1,1206.7639071315416,834.1142015890902,4151.142263307789,4151.142263307789,199.1437045404357,138.52105712890625,5.307831108695676,5.20127639918861,858.6427421397314,199.1437045404357,4.269848346710205,5.987528800964356,3300.8288457180643,7.961746663043513,10.615662217391352,13.26957777173919,7.801914598782915,10.40255279837722,13.003190997971526,False,1.5,18.0,230.6190146282105,49.91237855838194,9.637571874055652,17.03434662852227,-8.796557514788763,-0.0056030796274027,1.515111,326.4474,41.25777,2022-12-08T00:24:39.532,18.0,Blue,data\RZ_Cep\2022_12_07\Light\Blue\reduced_images\star_Light_Blue_18_secs_044_reduced.fits,2,0.979925,792.0,62.72366578064272,1199.9967114143046,798.4736998644837,1.0,V* RZ Cep,True,2.4131786383978207,0.0458748052461192,7965.489659494168,156.90530075797798,-9.753031195440151,-0.0213869797129606,2022-12-08 00:24:39.532,0.544209623134135,2022_12_07,1,"(0.517, 0.552]",-9.753031195440151,-0.0213869797129606
0,0,1,1206.7021065946817,834.0152809848657,4346.51317452382,4346.51317452382,247.8024608918638,106.66664123535156,5.920884810850202,5.8020230482723845,1074.0911488511522,247.802460891864,4.321010589599609,5.793552875518799,3275.756116881234,8.881327216275302,11.841769621700404,14.802212027125506,8.703034572408576,11.604046096544767,14.505057620680962,False,1.5,18.0,241.47295414021224,57.88126585046453,11.99241539130995,17.6450172961657,-8.788278901649962,-0.0058483700948623,1.528436,326.8664,40.81971,2022-12-08T00:29:50.116,18.0,Blue,data\RZ_Cep\2022_12_07\Light\Blue\reduced_images\star_Light_Blue_18_secs_045_reduced.fits,2,0.979925,792.0,62.75399820349624,1200.0613132887468,798.5067502901818,1.0,V* RZ Cep,True,2.462118596601619,0.0292362262297806,8065.300053304792,105.16381497168456,-9.766551322700712,-0.0141569638563486,2022-12-08 00:29:50.116,0.5558541830433756,2022_12_07,1,"(0.552, 0.586]",-9.766551322700712,-0.0141569638563486
0,0,1,1206.6657107116228,833.1821779061333,4251.213485135372,4251.213485135372,235.13004521650004,120.82720947265624,5.76750352044409,5.651720887271175,1018.2539699796114,235.1300452165001,4.310403823852539,5.860569953918457,3237.70803913155,8.651255280666135,11.53500704088818,14.418758801110226,8.477581330906762,11.30344177454235,14.12930221817794,False,1.5,18.0,236.17852695196515,64.45335029577916,11.37913305245284,17.663833397657406,-8.77559420901212,-0.005923407300121,1.541851,327.2968,40.38915,2022-12-08T00:34:58.768,18.0,Blue,data\RZ_Cep\2022_12_07\Light\Blue\reduced_images\star_Light_Blue_18_secs_046_reduced.fits,2,0.979925,792.0,63.342492342351264,1200.0608153409305,798.5254895570025,1.0,V* RZ Cep,True,2.5118918854825782,0.0268040437768219,8132.77255105625,97.46830237877673,-9.775596566431403,-0.0130121510277828,2022-12-08 00:34:58.768,0.5674263075092429,2022_12_07,1,"(0.552, 0.586]",-9.775596566431403,-0.0130121510277828
0,0,1,1208.4425772746808,833.1694351575081,4256.768029601364,4256.768029601364,241.6881080126965,119.8576202392578,5.847381718094846,5.729995530104093,1048.792521287301,241.6881080126964,4.31141996383667,5.696989059448242,3214.7490956935108,8.77107257714227,11.694763436189692,14.618454295237116,8.59499329515614,11.459991060208186,14.32498882526023,False,1.5,18.0,236.48711275563133,66.09150855201028,11.69651090629346,17.72780675137043,-8.767867707063527,-0.005987316909647,1.555623,327.7302,39.95762,2022-12-08T00:40:09.620,18.0,Blue,data\RZ_Cep\2022_12_07\Light\Blue\reduced_images\star_Light_Blue_18_secs_047_reduced.fits,2,0.979925,792.0,64.56194295622471,1200.0610026153977,798.4532838249373,1.0,V* RZ Cep,True,2.563020022768628,0.0503108125889567,8239.466300439808,167.99772718971457,-9.789747704521757,-0.0221375035804462,2022-12-08 00:40:09.620,0.5790809153992414,2022_12_07,1,"(0.552, 0.586]",-9.789747704521757,-0.0221375035804462
0,0,1,1206.0351291226978,831.8310237912101,4224.212215068545,4224.212215068545,251.8041411017049,116.2154769897461,5.968500555962884,5.84868290730193,1104.0718439647214,251.8041411017048,4.418184757232666,5.694458484649658,3111.6949970449296,8.952750833944327,11.937001111925769,14.92125138990721,8.773024360952896,11.69736581460386,14.621707268254823,False,1.5,18.0,234.67845639269697,61.92197820251642,12.186076952082503,17.572322315143662,-8.732492554026821,-0.006131354955209,1.56923,328.1624,39.54126,2022-12-08T00:45:16.660,18.0,Blue,data\RZ_Cep\2022_12_07\Light\Blue\reduced_images\star_Light_Blue_18_secs_048_reduced.fits,2,0.979925,792.0,63.93123140816889,1200.1327685465758,798.5324373992586,1.0,V* RZ Cep,True,2.5782159119811303,0.0495763272733108,8022.6215546133135,160.78149762106696,-9.760790765057022,-0.0217592580971295,2022-12-08 00:45:16.660,0.5905926020107,2022_12_07,1,"(0.586, 0.621]",-9.760790765057022,-0.0217592580971295
0,0,1,1205.2767008265382,830.9989117958785,4221.828471156177,4221.828471156177,244.20374499636984,106.55164337158205,5.877734494606647,5.759738974627419,1109.7642805802852,244.20374499636992,4.561360359191895,5.996215343475342,3107.92718916353,8.81660174190997,11.755468989213297,14.69433623651662,8.639608461941128,11.519477949254838,14.399347436568547,False,1.5,18.0,234.5460261753432,62.66435920327698,11.818255313404563,17.579210468392052,-8.73117708957983,-0.0061411944665709,1.583084,328.6065,39.12719,2022-12-08T00:50:25.848,18.0,Blue,data\RZ_Cep\2022_12_07\Light\Blue\reduced_images\star_Light_Blue_18_secs_049_reduced.fits,2,0.979925,792.0,64.06928028557553,1200.1572786085635,798.5615971379306,1.0,V* RZ Cep,True,2.474197892204013,0.0282644719944165,7689.626900551949,98.02204468745184,-9.714763171037262,-0.0138402141167533,2022-12-08 00:50:25.848,0.6021848224380829,2022_12_07,1,"(0.586, 0.621]",-9.714763171037262,-0.0138402141167533
0,0,1,1207.2508458967295,830.9647859983485,4214.979526349354,4214.979526349354,230.3831211582823,116.49474334716795,5.708988043215882,5.594380108248323,1087.2816862992922,230.38312115828225,4.734249591827393,6.659509658813477,3124.288329041836,8.563482064823823,11.417976086431764,14.272470108039704,8.391570162372485,11.188760216496648,13.985950270620808,False,1.5,18.0,234.1655292416308,68.74216328132009,11.14940536963539,17.72165618368064,-8.73687776622509,-0.0061585365051114,1.597324,329.0526,38.71151,2022-12-08T00:55:34.586,18.0,Blue,data\RZ_Cep\2022_12_07\Light\Blue\reduced_images\star_Light_Blue_18_secs_050_reduced.fits,2,0.979925,792.0,65.38415620752788,1200.0256167156178,798.5246738728868,1.0,V* RZ Cep,True,2.5124103994362588,0.0588418683042114,7849.49448872204,189.15379245319568,-9.737104222172787,-0.0261636110489422,2022-12-08 00:55:34.586,0.6137601712559845,2022_12_07,1,"(0.586, 0.621]",-9.737104222172787,-0.0261636110489422
0,0,1,1205.4781319721494,830.4160503312213,4533.135908870154,4533.135908870154,266.0427967261236,103.3345718383789,6.134929225197476,6.011770521001638,1285.046436562252,266.04279672612336,4.83978796005249,6.600292205810547,3245.545184416369,9.202393837796215,12.269858450394953,15.33732306299369,9.017655781502455,12.023541042003275,15.029426302504092,False,1.5,18.0,251.8408838261197,80.25731851116333,12.875157569955608,18.573458479971865,-8.778219149371214,-0.0062134018087638,1.611361,329.5082,38.31122,2022-12-08T01:00:43.670,18.0,Blue,data\RZ_Cep\2022_12_07\Light\Blue\reduced_images\star_Light_Blue_18_secs_051_reduced.fits,2,0.979925,792.0,64.64521248054663,1200.0736119590915,798.5349174728551,1.0,V* RZ Cep,True,2.2667721343591043,0.0277193774371266,7356.911384838406,99.3286022147928,-9.666738812320643,-0.0146589586242498,2022-12-08 01:00:43.670,0.625348492466954,2022_12_07,1,"(0.621, 0.655]",-9.666738812320643,-0.0146589586242498
0,0,1,1205.7136715444196,829.3832881345687,4675.451349158329,4675.451349158329,246.52521562933265,119.6001434326172,5.905606124820244,5.787051081864478,1235.3185811621197,246.5252156293328,4.952653408050537,6.591253280639648,3454.497399801321,8.858409187230365,11.811212249640487,14.76401531205061,8.680576622796716,11.574102163728956,14.467627704661195,False,1.5,18.0,259.74729717546273,72.32558084581137,11.930603027987454,18.547330833552884,-8.845962175316922,-0.0058293598914775,1.625863,329.9657,37.90719,2022-12-08T01:05:52.743,18.0,Blue,data\RZ_Cep\2022_12_07\Light\Blue\reduced_images\star_Light_Blue_18_secs_052_reduced.fits,2,0.979925,792.0,65.59025776579794,1200.0045720946068,798.5091726888436,1.0,V* RZ Cep,True,2.1265318768898,0.0234872368258473,7346.098839310436,90.2151804090532,-9.665141918340076,-0.0133335923912085,2022-12-08 01:05:52.743,0.6369364012608025,2022_12_07,1,"(0.621, 0.655]",-9.665141918340076,-0.0133335923912085
0,0,1,1204.8870463705227,829.1045435249553,5036.158154883689,5036.158154883689,230.4846611572123,143.765625,5.710246005989266,5.595612817419031,1231.807532306491,230.48466115721232,5.354752540588379,6.753078460693359,3801.969829985456,8.565369008983899,11.420492011978531,14.275615014973164,8.393419226128547,11.191225634838062,13.989032043547578,False,1.5,18.0,279.786564160205,77.23810734237178,11.154319404151508,19.187990799109954,-8.950021665645744,-0.005479553294414,1.64034,330.4332,37.51308,2022-12-08T01:11:01.740,18.0,Blue,data\RZ_Cep\2022_12_07\Light\Blue\reduced_images\star_Light_Blue_18_secs_053_reduced.fits,2,0.979925,792.0,65.28474592665924,1200.1514432749366,798.5314069765468,1.0,V* RZ Cep,True,1.8929482275918468,0.0229330157965371,7196.932051028643,94.45361378835248,-9.642868505918878,-0.0142493645115905,2022-12-08 01:11:01.740,0.6485214606272725,2022_12_07,1,"(0.621, 0.655]",-9.642868505918878,-0.0142493645115905
0,0,1,1204.7345163054067,828.6568466958266,5357.392004511151,5357.392004511151,225.7881487187217,164.24179077148438,5.651768648261262,5.538309392647418,1262.2755043682948,225.78814871872163,5.580859184265137,7.437189102172852,4097.30014103605,8.477652972391894,11.303537296522524,14.129421620653154,8.307464088971127,11.076618785294835,13.845773481618544,False,1.5,18.0,297.6328891395084,89.37097337722277,10.92703139478258,19.948205280463547,-9.031244446630083,-0.005286039086087,1.65494,330.9018,37.12465,2022-12-08T01:16:12.090,18.0,Blue,data\RZ_Cep\2022_12_07\Light\Blue\reduced_images\star_Light_Blue_18_secs_054_reduced.fits,2,0.979925,792.0,65.53945536736855,1200.1481596752988,798.4511408474937,1.0,V* RZ Cep,True,1.7535194908091671,0.0161164727699823,7184.695657001864,74.72658630747648,-9.64102094047133,-0.0112925256803246,2022-12-08 01:16:12.090,0.6601572472995827,2022_12_07,1,"(0.655, 0.69]",-9.64102094047133,-0.0112925256803246
0,0,1,1196.3467673814605,808.9544187922107,6112.482181450956,6112.482181450956,272.59807280636005,113.18707275390624,6.210051405366523,6.08538462340379,1987.1357764254324,272.5980728063598,7.247016191482544,9.082204818725586,4136.959534056327,9.315077108049785,12.420102810733043,15.525128513416306,9.128076935105684,12.17076924680758,15.213461558509474,False,1.5,18.0,339.582343413942,121.2477179304509,13.192400560505323,21.772056905696765,-9.041703182090126,-0.0057140298907858,1.95444,341.0163,30.71005,2022-12-08T02:56:39.513,18.0,Blue,data\RZ_Cep\2022_12_07\Light\Blue\reduced_images\star_Light_Blue_18_secs_072_reduced.fits,2,0.979925,792.0,78.0627181770074,1200.01669587016,798.2811495380333,1.0,V* RZ Cep,True,1.3438482345476086,0.0105750112266676,5559.445766236493,52.6305273451545,-9.362578744844184,-0.0102785190137451,2022-12-08 02:56:39.513,0.8861401962661583,2022_12_07,1,"(0.862, 0.897]",-9.362578744844184,-0.0102785190137451
0,0,1,1186.2418898390538,876.2778397940876,9568.79235190967,9568.79235190967,229.9425655351852,325.09637451171875,5.703526856810758,5.589028555160283,562.2917263714328,229.9425655351852,2.4045945405960083,4.109301090240479,9015.873714173124,8.555290285216138,11.407053713621517,14.258817142026896,8.383542832740424,11.178057110320566,13.972571387900706,False,1.5,30.0,318.95974506365565,29.13606833569052,4.006110475101892,18.764379123073805,-9.887519549736355,-0.002259699549884,1.468408,324.9873,42.88152,2023-01-23T21:01:05.326,30.0,Blue,data\RZ_Cep\2023_01_23\Light\Blue\reduced_images\star_Light_Blue_30_secs_003_reduced.fits,2,0.979925,792.0,22.551189330301,1199.892325856036,798.4599519726089,1.0,V* RZ Cep,True,1.160985141295806,0.00664642003165,10467.295417954429,63.76043721165524,-10.049586203530394,-0.0066136487361536,2023-01-23 21:01:05.326,0.33567288567689957,2023_01_23,2,"(0.31, 0.345]",-10.049586203530394,-0.0066136487361536
0,0,1,1186.6589058312256,875.680834985115,9047.560213724577,9047.560213724577,221.4084936281658,287.867919921875,5.596686019696776,5.484332547851364,531.1473925457176,221.4084936281659,2.365602374076844,3.6431052684783936,8523.79575555701,8.395029029545164,11.193372039393552,13.99171504924194,8.226498821777046,10.968665095702727,13.710831369628409,False,1.5,30.0,301.58534045748587,28.56595168546673,3.857427977877377,18.27590545283133,-9.826582586856563,-0.0023279314514239,1.473877,325.157,42.68383,2023-01-23T21:03:19.106,30.0,Blue,data\RZ_Cep\2023_01_23\Light\Blue\reduced_images\star_Light_Blue_30_secs_004_reduced.fits,2,0.979925,792.0,23.066885353123816,1199.830072813142,798.4777429613969,1.0,V* RZ Cep,True,1.2235155175335863,0.0058766604604636,10428.996375210922,54.85582467414894,-10.045606291277297,-0.0057108999512317,2023-01-23 21:03:19.106,0.3406886277134049,2023_01_23,2,"(0.31, 0.345]",-10.045606291277297,-0.0057108999512317
0,0,1,1185.8977048698532,875.8800746552738,8401.750558252686,8401.750558252686,243.0629480431189,250.20462036132807,5.863989515190787,5.7462699256733325,544.9794103342242,243.0629480431191,2.243822932243347,3.225961685180664,7856.360341454863,8.79598427278618,11.727979030381574,14.659973787976968,8.619404888509997,11.492539851346663,14.36567481418333,False,1.5,30.0,280.0583519417562,21.59790435255486,4.234696694795672,17.48973850545247,-9.738053486691534,-0.0024170533786394,1.479218,325.3265,42.49279,2023-01-23T21:05:30.506,30.0,Blue,data\RZ_Cep\2023_01_23\Light\Blue\reduced_images\star_Light_Blue_30_secs_005_reduced.fits,2,0.979925,792.0,22.281904393774568,1200.071863725682,798.5106671033367,1.0,V* RZ Cep,True,1.310693131221464,0.0082867482054803,10297.277535945605,69.02162164859715,-10.031806045403409,-0.0072775812124517,2023-01-23 21:05:30.506,0.3456151376819321,2023_01_23,2,"(0.345, 0.379]",-10.031806045403409,-0.0072775812124517
0,0,1,1186.1287633209752,875.5597577960029,7794.05107350199,7794.05107350199,209.7147370447077,294.5074157714844,5.446885922953877,5.337539688050578,437.8875017913268,209.7147370447076,2.040627956390381,2.9488024711608887,7366.101318221502,8.170328884430816,10.893771845907754,13.617214807384691,8.006309532075868,10.675079376101156,13.343849220126444,False,1.5,30.0,259.8017024500664,19.843661486443764,3.653696752067796,16.831490150565333,-9.668094220332634,-0.0024808996573659,1.484696,325.4959,42.29886,2023-01-23T21:07:42.481,30.0,Blue,data\RZ_Cep\2023_01_23\Light\Blue\reduced_images\star_Light_Blue_30_secs_006_reduced.fits,2,0.979925,792.0,22.5698453017714,1199.9124784155956,798.4288080558615,1.0,V* RZ Cep,True,1.388379964155896,0.0030361496362253,10226.947484161068,32.345968288064284,-10.024365064581067,-0.0034339854490013,2023-01-23 21:07:42.481,0.3505632058181902,2023_01_23,2,"(0.345, 0.379]",-10.024365064581067,-0.0034339854490013
0,0,1,1184.7531758580762,875.0648575703176,7384.089576637121,7384.089576637121,208.44717297403787,254.694091796875,5.430399858602554,5.321384581441108,278.58034220577355,208.44717297403795,1.325533926486969,2.246727228164673,7107.7857769797365,8.14559978790383,10.860799717205108,13.575999646506386,7.982076872161661,10.642769162882216,13.30346145360277,False,1.5,30.0,246.1363192212374,17.212836777263245,3.6316129691476817,16.339546167738206,-9.62933582509906,-0.0024959160841744,1.490305,325.6761,42.10237,2023-01-23T21:09:57.659,30.0,Blue,data\RZ_Cep\2023_01_23\Light\Blue\reduced_images\star_Light_Blue_30_secs_007_reduced.fits,2,0.979925,792.0,21.331899563739988,1200.008418652981,798.5412284147711,1.0,V* RZ Cep,True,1.427586999180364,0.0045630166796431,10146.982568175374,39.95001841042449,-10.015842285717165,-0.0042746876795661,2023-01-23 21:09:57.659,0.355631362321418,2023_01_23,2,"(0.345, 0.379]",-10.015842285717165,-0.0042746876795661
0,0,1,1184.963945956121,874.9133967124245,7280.736370894559,7280.736370894559,206.7865630308595,243.35675048828125,5.408725762555258,5.300145592871961,273.31140558187826,206.78656303085944,1.2882009744644165,2.384315490722656,7014.353718892059,8.113088643832887,10.817451525110515,13.521814406388144,7.950218389307942,10.600291185743922,13.250363982179902,False,1.5,30.0,242.691212363152,15.239955138748511,3.6026814536931964,16.172008191798373,-9.614969156604507,-0.0025032291642477,1.495837,325.8478,41.91064,2023-01-23T21:12:09.501,30.0,Blue,data\RZ_Cep\2023_01_23\Light\Blue\reduced_images\star_Light_Blue_30_secs_008_reduced.fits,2,0.979925,792.0,21.572217388491566,1200.0629464767928,798.5953711086938,1.0,V* RZ Cep,True,1.4533127306120464,0.00796846033731,10194.04955668178,60.63402325408351,-10.0208668512711,-0.0064579394009276,2023-01-23 21:12:09.501,0.3605744439597629,2023_01_23,2,"(0.345, 0.379]",-10.0208668512711,-0.0064579394009276
0,0,1,1185.4410134496586,874.5724790698041,7120.718452926544,7120.718452926544,228.7683341322204,222.0780639648437,5.688945319167788,5.574739741885495,293.5592760091165,228.76833413222016,1.2729347944259644,1.930692672729492,6829.511280546776,8.533417978751682,11.377890638335575,14.222363297919468,8.362109612828243,11.149479483770987,13.936849354713736,False,1.5,30.0,237.35728176421813,15.019202239562532,3.985652754659128,16.01131277436175,-9.58597406676028,-0.0025454327917061,1.501345,326.0167,41.72165,2023-01-23T21:14:20.434,30.0,Blue,data\RZ_Cep\2023_01_23\Light\Blue\reduced_images\star_Light_Blue_30_secs_009_reduced.fits,2,0.979925,792.0,22.11730185163091,1199.9376552096005,798.5230443144699,1.0,V* RZ Cep,True,1.4622200136669796,0.0063022191188137,9986.2480779799,48.99651944939615,-9.998505876448618,-0.0053270552321494,2023-01-23 21:14:20.434,0.36548344494693197,2023_01_23,2,"(0.345, 0.379]",-9.998505876448618,-0.0053270552321494
0,0,1,1184.9517658800216,873.572909753734,6959.470002619226,6959.470002619226,234.61970058663405,210.194580078125,5.761241000193796,5.645584087114906,290.8133998400463,234.619700586634,1.2159025073051453,2.3065013885498047,6674.195320412755,8.641861500290695,11.522482000387592,14.40310250048449,8.46837613067236,11.291168174229812,14.113960217787264,False,1.5,30.0,231.98233342064088,18.802149477579704,4.087596561331579,15.9647135727376,-9.560997280346015,-0.0025970872430869,1.506886,326.1913,41.53353,2023-01-23T21:16:31.389,30.0,Blue,data\RZ_Cep\2023_01_23\Light\Blue\reduced_images\star_Light_Blue_30_secs_010_reduced.fits,2,0.979925,792.0,21.91538232668748,1199.9698556131011,798.5663893519164,1.0,V* RZ Cep,True,1.4977951783661194,0.005929250567062,9996.577570387944,46.236328093590885,-9.999628350825413,-0.0050217642020797,2023-01-23 21:16:31.389,0.37039327076831796,2023_01_23,2,"(0.345, 0.379]",-9.999628350825413,-0.0050217642020797
0,0,1,1185.405671050643,873.726725282647,6516.488112274066,6516.488112274066,209.9211106682402,233.0391845703125,5.449565317808282,5.340165294053281,266.54013468819943,209.9211106682402,1.25895094871521,2.139526844024658,6252.207730842934,8.174347976712422,10.899130635616563,13.623913294520705,8.010247941079921,10.680330588106562,13.3504132351332,False,1.5,30.0,217.21627040913555,16.65919987901671,3.657292239197784,15.412097927516228,-9.49008349776809,-0.0026764102268441,1.518264,326.5514,41.15315,2023-01-23T21:20:58.316,30.0,Blue,data\RZ_Cep\2023_01_23\Light\Blue\reduced_images\star_Light_Blue_30_secs_012_reduced.fits,2,0.979925,792.0,22.305979664827845,1200.0243155472654,798.4542538276614,1.0,V* RZ Cep,True,1.5804143496009064,0.0090503130445599,9881.078814509896,61.60427235856708,-9.987010908435437,-0.0067690978002581,2023-01-23 21:20:58.316,0.3804010221106182,2023_01_23,2,"(0.379, 0.414]",-9.987010908435437,-0.0067690978002581
0,0,1,1184.3873910968732,872.9420932226943,6382.740381068355,6382.740381068355,205.59146159721945,229.13067626953125,5.393073530675769,5.284807579547453,250.94916826811195,205.5914615972196,1.222869634628296,1.9877675771713257,6131.328825542267,8.089610296013653,10.78614706135154,13.482683826689424,7.92721136932118,10.569615159094909,13.212018948868634,False,1.5,30.0,212.7580127022785,14.390245942634587,3.5818601309382228,15.18980311840319,-9.468886520333191,-0.0026898115658214,1.523932,326.7305,40.96658,2023-01-23T21:23:10.435,30.0,Blue,data\RZ_Cep\2023_01_23\Light\Blue\reduced_images\star_Light_Blue_30_secs_013_reduced.fits,2,0.979925,792.0,21.574516537202,1199.9617981670967,798.4986267728602,1.0,V* RZ Cep,True,1.5964008630472066,0.0046602794749871,9788.05862872189,37.47627765489292,-9.976741405084685,-0.004157040023247,2023-01-23 21:23:10.435,0.38535448916186965,2023_01_23,2,"(0.379, 0.414]",-9.976741405084685,-0.004157040023247
0,0,1,1185.5607516732289,872.176082822951,6301.505620270076,6301.505620270076,219.9945552788756,229.01754760742188,5.578786879356182,5.466792732753107,268.06961663887773,219.9945552788755,1.2233281135559082,2.0002152919769287,6032.380095968199,8.368180319034273,11.157573758712363,13.946967198390452,8.20018909912966,10.933585465506214,13.666981831882763,False,1.5,30.0,210.05018734233587,15.339857980897111,3.832794029747521,15.140106979575162,-9.451221745773694,-0.002724987820748,1.529683,326.9125,40.77924,2023-01-23T21:25:22.220,30.0,Blue,data\RZ_Cep\2023_01_23\Light\Blue\reduced_images\star_Light_Blue_30_secs_014_reduced.fits,2,0.979925,792.0,22.936427200153787,1199.9480251881555,798.4366207928164,1.0,V* RZ Cep,True,1.6041830287189731,0.0059553274633629,9677.041772734316,43.36443195404022,-9.964356539415734,-0.0048653643207296,2023-01-23 21:25:22.220,0.3902954337296478,2023_01_23,2,"(0.379, 0.414]",-9.964356539415734,-0.0048653643207296
0,0,1,1186.492456094116,872.3815404835689,6269.349166242972,6269.349166242972,243.0663214927842,180.5713653564453,5.864030207951631,5.746309801527002,283.2189127007731,243.0663214927841,1.141534447669983,1.9489727020263672,5991.880587190532,8.796045311927447,11.72806041590326,14.660075519879076,8.619464702290504,11.492619603054004,14.365774503817503,False,1.5,30.0,208.9783055414324,13.23603875087466,4.234755467785395,15.048225801073444,-9.443907874194736,-0.0027267572061648,1.535438,327.0888,40.59369,2023-01-23T21:27:33.112,30.0,Blue,data\RZ_Cep\2023_01_23\Light\Blue\reduced_images\star_Light_Blue_30_secs_015_reduced.fits,2,0.979925,792.0,23.74766318081083,1199.9974584857664,798.3826910823806,1.0,V* RZ Cep,True,1.6083930240285758,0.0109649325195432,9637.2989372495,70.01694049648007,-9.959888326193854,-0.00788809475958,2023-01-23 21:27:33.112,0.3952028975257349,2023_01_23,2,"(0.379, 0.414]",-9.959888326193854,-0.00788809475958
0,0,1,1184.2502426268616,871.5880138535144,6102.509043697632,6102.509043697632,234.4114495697976,169.7227783203125,5.7586835622481045,5.643077989735974,273.6307193046379,234.41144956979767,1.1611661911010742,1.7799314260482788,5830.318393650188,8.638025343372156,11.517367124496207,14.396708905620262,8.46461698460396,11.286155979471948,14.107694974339935,False,1.5,30.0,203.4169681232544,13.3968623082638,4.083968365838251,14.862630951394722,-9.414230680563762,-0.002767755623683,1.541069,327.2728,40.41398,2023-01-23T21:29:44.355,30.0,Blue,data\RZ_Cep\2023_01_23\Light\Blue\reduced_images\star_Light_Blue_30_secs_016_reduced.fits,2,0.979925,792.0,21.927923690478,1200.112188799348,798.5199345363313,1.0,V* RZ Cep,True,1.6509903285509986,0.0065052793763759,9625.799280289457,45.17342351871568,-9.958592003531107,-0.0050953089690508,2023-01-23 21:29:44.355,0.40012352117719274,2023_01_23,2,"(0.379, 0.414]",-9.958592003531107,-0.0050953089690508
0,0,1,1185.5257750584024,871.5275252385904,6039.625068885634,6039.625068885634,243.09267268459587,170.2650146484375,5.864348063580553,5.7466212762041735,282.06045367987105,243.0926726845959,1.157173931598663,1.8833452463150024,5758.324565092374,8.796522095370829,11.728696127161106,14.660870158951385,8.61993191430626,11.493242552408349,14.366553190510434,False,1.5,30.0,201.3208356295212,13.65331804894587,4.235214564104959,14.805720794428485,-9.400740350059603,-0.0027916292182452,1.546857,327.4556,40.23108,2023-01-23T21:31:56.773,30.0,Blue,data\RZ_Cep\2023_01_23\Light\Blue\reduced_images\star_Light_Blue_30_secs_017_reduced.fits,2,0.979925,792.0,23.13313252561484,1199.9377808838665,798.4290361610872,1.0,V* RZ Cep,True,1.6620848993886668,0.0149996791748171,9570.824305418846,89.81019091971089,-9.95237335956176,-0.0101882735202401,2023-01-23 21:31:56.773,0.4050881984756245,2023_01_23,2,"(0.379, 0.414]",-9.95237335956176,-0.0101882735202401
0,0,1,1183.6664978038173,871.1799465197893,5913.859849400164,5913.859849400164,234.0085498736836,200.8433532714844,5.753732503585096,5.638226323575625,273.2973509455149,234.0085498736836,1.1385087966918943,1.8936879634857176,5647.439056867862,8.630598755377644,11.507465007170191,14.38433125896274,8.457339485363438,11.27645264715125,14.095565808939062,False,1.5,30.0,197.12866164667216,15.09609183226316,4.076948957799288,14.707199000378507,-9.379628882553908,-0.0028275007954047,1.55282,327.6434,40.0446,2023-01-23T21:34:09.624,30.0,Blue,data\RZ_Cep\2023_01_23\Light\Blue\reduced_images\star_Light_Blue_30_secs_018_reduced.fits,2,0.979925,792.0,21.5537578918695,1199.8602141985248,798.5300958579791,1.0,V* RZ Cep,True,1.6829362515786723,0.0079050465751974,9504.279917384194,51.04554071836366,-9.94479804636162,-0.0058312667694067,2023-01-23 21:34:09.624,0.4100691100116478,2023_01_23,2,"(0.379, 0.414]",-9.94479804636162,-0.0058312667694067
0,0,1,1185.5242376587428,871.8722277751976,5840.131279482861,5840.131279482861,255.0389308445625,160.1094970703125,6.006715243960743,5.886130435438231,276.39609890642936,255.0389308445624,1.080891191959381,1.772728681564331,5564.461945526236,9.010072865941115,12.013430487921486,15.016788109901857,8.829195653157347,11.772260870876462,14.715326088595578,False,1.5,30.0,194.6710426494287,12.775984994362563,4.443344928491932,14.556454670429996,-9.363557941719009,-0.0028402512234472,1.558674,327.8268,39.86341,2023-01-23T21:36:21.895,30.0,Blue,data\RZ_Cep\2023_01_23\Light\Blue\reduced_images\star_Light_Blue_30_secs_019_reduced.fits,2,0.979925,792.0,23.007683241219866,1199.9666769971795,798.5696447184034,1.0,V* RZ Cep,True,1.694044791735197,0.0050554776003816,9426.447777627423,37.40901326918091,-9.935870164713778,-0.0043087620118179,2023-01-23 21:36:21.895,0.41502827591767755,2023_01_23,2,"(0.414, 0.448]",-9.935870164713778,-0.0043087620118179
0,0,1,1184.054596611098,871.2392414558491,5793.853693379679,5793.853693379679,211.61163170173327,195.8154754638672,5.471464333842347,5.361624687340462,248.7186264248013,211.61163170173347,1.1808621883392334,1.8844940662384035,5543.969518890334,8.20719650076352,10.942928667684694,13.678660834605868,8.042437031010692,10.723249374680924,13.404061718351157,False,1.5,30.0,193.1284564459893,13.35284887851348,3.6867448723146414,14.49717386930354,-9.3595520845766,-0.0028391401653533,1.564461,328.0131,39.68608,2023-01-23T21:38:33.492,30.0,Blue,data\RZ_Cep\2023_01_23\Light\Blue\reduced_images\star_Light_Blue_30_secs_020_reduced.fits,2,0.979925,792.0,21.88464611326352,1199.9032570347229,798.4775096477557,1.0,V* RZ Cep,True,1.6948830780788746,0.0042194585981819,9396.380122952309,33.92559727789767,-9.932401443731724,-0.0039200467361556,2023-01-23 21:38:33.492,0.4199621719019433,2023_01_23,2,"(0.414, 0.448]",-9.932401443731724,-0.0039200467361556
0,0,1,1185.4375749323203,870.7873979279099,5757.92569027253,5757.92569027253,239.19969889211507,176.897216796875,5.817201653698992,5.700421330500984,274.0737316439005,239.199698892115,1.1440992951393127,1.6458956003189087,5484.257483372526,8.725802480548488,11.634403307397983,14.54300413424748,8.550631995751477,11.400842661001969,14.251053326252462,False,1.5,30.0,191.93085634241768,13.514836319195764,4.167390309587071,14.478020685549543,-9.347794591306997,-0.0028662606158075,1.570365,328.1941,39.50697,2023-01-23T21:40:43.536,30.0,Blue,data\RZ_Cep\2023_01_23\Light\Blue\reduced_images\star_Light_Blue_30_secs_021_reduced.fits,2,0.979925,792.0,23.333273579108624,1200.0979395961435,798.5297016993125,1.0,V* RZ Cep,True,1.6775533043421509,0.0094637053058562,9200.134263094747,57.30309752660309,-9.909485413281198,-0.0067625151818698,2023-01-23 21:40:43.536,0.42483784208727116,2023_01_23,2,"(0.414, 0.448]",-9.909485413281198,-0.0067625151818698
0,0,1,1185.112381266733,870.1067695353012,5686.231518480841,5686.231518480841,236.60868893705367,191.0998687744141,5.785609920623926,5.669463801467401,266.6457461909141,236.60868893705367,1.101840615272522,2.005640745162964,5425.526455083614,8.67841488093589,11.571219841247853,14.464024801559816,8.504195702201102,11.338927602934804,14.173659503668503,False,1.5,30.0,189.54105061602803,12.833467282143774,4.122249158370002,14.36999537427002,-9.336104713649242,-0.0028756701067106,1.576394,328.3838,39.32593,2023-01-23T21:42:56.040,30.0,Blue,data\RZ_Cep\2023_01_23\Light\Blue\reduced_images\star_Light_Blue_30_secs_022_reduced.fits,2,0.979925,792.0,23.31541661175172,1199.9825101614545,798.3990670339152,1.0,V* RZ Cep,True,1.683106087587354,0.0101161218323093,9131.736604917469,59.978064735787534,-9.901383440608615,-0.0071312127355823,2023-01-23 21:42:56.040,0.42980574373774516,2023_01_23,2,"(0.414, 0.448]",-9.901383440608615,-0.0071312127355823
0,0,1,1184.191599154128,870.2220095887128,5715.489216964091,5715.489216964091,244.580231555154,152.51132202148438,5.882263572965247,5.76417713173797,278.39706754123495,244.58023155515383,1.116235435009003,1.8945796489715576,5442.480095799521,8.82339535944787,11.764527145930494,14.705658932413115,8.646265697606955,11.52835426347594,14.410442829344923,False,1.5,30.0,190.5163072321364,10.513249238957735,4.261131145316459,14.327968719131494,-9.33949212354317,-0.002858328207945,1.582187,328.5755,39.15373,2023-01-23T21:45:07.456,30.0,Blue,data\RZ_Cep\2023_01_23\Light\Blue\reduced_images\star_Light_Blue_30_secs_023_reduced.fits,2,0.979925,792.0,22.43456647417564,1199.918394599582,798.4878078851065,1.0,V* RZ Cep,True,1.6801441221767983,0.0095761097437082,9144.150943021785,57.40884549482133,-9.90285846592552,-0.0068164734391944,2023-01-23 21:45:07.456,0.4347328535857571,2023_01_23,2,"(0.414, 0.448]",-9.90285846592552,-0.0068164734391944
0,0,1,1184.482355144643,870.0975223982963,5667.449839128292,5667.449839128292,218.25307194852007,177.6302947998047,5.556662087228511,5.445112095827398,253.9666625117877,218.25307194852,1.1467106342315674,1.869627594947815,5417.176720571217,8.334993130842767,11.113324174457022,13.891655218071277,8.167668143741098,10.890224191654797,13.612780239568496,False,1.5,30.0,188.9149946376097,11.867055939141116,3.802453520169772,14.30330395737015,-9.334432508719274,-0.0028667358949551,1.588146,328.7624,38.97829,2023-01-23T21:47:18.674,30.0,Blue,data\RZ_Cep\2023_01_23\Light\Blue\reduced_images\star_Light_Blue_30_secs_024_reduced.fits,2,0.979925,792.0,22.750515047434096,1199.9947825942052,798.6164997856639,1.0,V* RZ Cep,True,1.6876490886244733,0.0114352644062512,9142.293355389727,66.48384226105742,-9.902637881746369,-0.0078956025330015,2023-01-23 21:47:18.674,0.4396525399255893,2023_01_23,2,"(0.414, 0.448]",-9.902637881746369,-0.0078956025330015
0,0,1,1184.2217629684692,868.6998804725287,5715.20083379301,5715.20083379301,226.3438800512974,175.02801513671875,5.6587197098333135,5.54512091165841,272.03536815312765,226.34388005129736,1.19049471616745,1.910533428192139,5445.739640555102,8.48807956474997,11.317439419666629,14.146799274583284,8.317681367487616,11.09024182331682,13.862802279146026,False,1.5,30.0,190.506694459767,14.725584194059964,3.943413376893714,14.462907454267992,-9.340142184975356,-0.0028835205657324,1.594217,328.9512,38.80139,2023-01-23T21:49:30.680,30.0,Blue,data\RZ_Cep\2023_01_23\Light\Blue\reduced_images\star_Light_Blue_30_secs_025_reduced.fits,2,0.979925,792.0,23.16489583158299,1199.8044919662398,798.5155618134798,1.0,V* RZ Cep,True,1.6586294405347397,0.0151354033918398,9032.46409331176,85.84335100324526,-9.88951560948956,-0.0103186941192489,2023-01-23 21:49:30.680,0.4446017703282621,2023_01_23,2,"(0.414, 0.448]",-9.88951560948956,-0.0103186941192489
0,0,1,1183.899069289532,868.1237249820866,5885.962019950197,5885.962019950197,223.1324420370321,190.77224731445312,5.61843245156191,5.505642420096805,276.6234479759401,223.132442037032,1.2391265630722046,2.129251003265381,5609.472683938941,8.427648677342866,11.23686490312382,14.046081128904774,8.258463630145208,11.01128484019361,13.764106050242011,False,1.5,30.0,196.1987339983399,12.756754017383502,3.887462990156292,14.589138117307671,-9.372305093773551,-0.0028237868945383,1.600193,329.1456,38.62895,2023-01-23T21:51:41.782,30.0,Blue,data\RZ_Cep\2023_01_23\Light\Blue\reduced_images\star_Light_Blue_30_secs_026_reduced.fits,2,0.979925,792.0,23.173667532151857,1199.8455025032658,798.570425566295,1.0,V* RZ Cep,True,1.5981737437414183,0.0082074416647299,8964.911959705922,51.60681140752044,-9.881365072279902,-0.0062500762761654,2023-01-23 21:51:41.782,0.4495171075420785,2023_01_23,2,"(0.448, 0.483]",-9.881365072279902,-0.0062500762761654
0,0,1,1183.9322797697205,867.6229500568833,5960.069969792348,5960.069969792348,226.692581854129,165.35655212402344,5.6630768993816405,5.549390630626554,277.86512334808333,226.6925818541289,1.225332736968994,1.909783244132996,5682.296128018461,8.494615349072461,11.32615379876328,14.1576922484541,8.324085945939832,11.098781261253109,13.873476576566386,False,1.5,30.0,198.66899899307828,12.069505449818838,3.949488537191936,14.652235084794713,-9.386309657158414,-0.0027996538289771,1.606252,329.3416,38.45585,2023-01-23T21:53:55.096,30.0,Blue,data\RZ_Cep\2023_01_23\Light\Blue\reduced_images\star_Light_Blue_30_secs_027_reduced.fits,2,0.979925,792.0,23.462462405144205,1199.8864950330358,798.5443175195842,1.0,V* RZ Cep,True,1.5518598999667683,0.0056388615082278,8818.127500808283,39.28989419706798,-9.863440934937811,-0.0048375871869581,2023-01-23 21:53:55.096,0.4545153780896385,2023_01_23,2,"(0.448, 0.483]",-9.863440934937811,-0.0048375871869581
0,0,1,1180.045812407597,858.7680655665749,5972.545148855018,5972.545148855018,255.9504027310448,151.94729614257812,6.017439232468474,5.89663913987667,313.0187867200398,255.9504027310448,1.1957087516784668,2.252103805541992,5666.50301231388,9.02615884870271,12.034878464936948,15.043598081171186,8.844958709815003,11.79327827975334,14.741597849691676,False,1.5,30.0,199.0848382951673,15.991701945733451,4.459224794247534,14.816739352338905,-9.38328780993681,-0.0028389767580357,1.756233,334.2097,34.65331,2023-01-23T22:46:02.187,30.0,Blue,data\RZ_Cep\2023_01_23\Light\Blue\reduced_images\star_Light_Blue_30_secs_043_reduced.fits,2,0.979925,792.0,26.61321355276459,1200.0140242991158,798.5250741644251,1.0,V* RZ Cep,True,1.3599633304227516,0.0053903661437933,7706.2363084769395,36.59234240335688,-9.717105805844424,-0.0051555168273944,2023-01-23 22:46:02.187,0.5717577295666842,2023_01_23,2,"(0.552, 0.586]",-9.717105805844424,-0.0051555168273944
0,0,1,1180.8034992037988,859.3533841005964,5777.109756985118,5777.109756985118,265.04181372929014,158.87542724609375,6.123377048006391,6.000450253767663,323.51296846263693,265.0418137292901,1.2172703742980957,1.9565083980560305,5454.482209182219,9.185065572009586,12.24675409601278,15.308442620015976,9.000675380651494,12.000900507535324,15.001125634419155,False,1.5,30.0,192.5703252328373,14.09113354444721,4.617617376972521,14.535442069447251,-9.341883823897442,-0.0028933370944717,1.769377,334.6373,34.3584,2023-01-23T22:50:26.563,30.0,Blue,data\RZ_Cep\2023_01_23\Light\Blue\reduced_images\star_Light_Blue_30_secs_045_reduced.fits,2,0.979925,792.0,26.62029927685961,1199.893869786722,798.40610545058,1.0,V* RZ Cep,True,1.3905974030291592,0.006041881165537,7584.988794957545,38.66028015050065,-9.699887358887391,-0.005533939070997,2023-01-23 22:50:26.563,0.5816698376294482,2023_01_23,2,"(0.552, 0.586]",-9.699887358887391,-0.005533939070997
0,0,1,1180.410370313087,858.4078876964431,5747.283126905048,5747.283126905048,252.38209892445488,157.2093963623047,5.975346282237799,5.855391205621876,298.329240731917,252.38209892445505,1.1725103855133057,2.0751919746398926,5451.362494798478,8.963019423356698,11.9506925644756,14.9383657055945,8.783086808432813,11.710782411243752,14.63847801405469,False,1.5,30.0,191.57610423016823,13.9695071211688,4.397057012372724,14.489398481776592,-9.341262654783216,-0.002885822495173,1.775844,334.8519,34.21529,2023-01-23T22:52:37.384,30.0,Blue,data\RZ_Cep\2023_01_23\Light\Blue\reduced_images\star_Light_Blue_30_secs_046_reduced.fits,2,0.979925,792.0,27.12046399938724,1199.9220207532337,798.376344719513,1.0,V* RZ Cep,True,1.3966328474587657,0.0075888025840994,7613.55192364032,46.053564339068586,-9.703968284815312,-0.0065675026140987,2023-01-23 22:52:37.384,0.5865746394604514,2023_01_23,2,"(0.586, 0.621]",-9.703968284815312,-0.0065675026140987
0,0,1,1179.1339359307235,857.9832167099926,5671.51277771459,5671.51277771459,230.9119940143464,189.4906616210937,5.715537129737919,5.600797721858431,280.9787942588921,230.91199401434628,1.214216709136963,2.096000909805298,5391.135576242236,8.57330569460688,11.43107425947584,14.288842824344798,8.401196582787648,11.201595443716862,14.001994304646075,False,1.5,30.0,189.0504259238197,11.514200028085291,4.02300007349439,14.303413090077465,-9.3292006340019,-0.0028806052498373,1.782374,335.0719,34.07207,2023-01-23T22:54:48.917,30.0,Blue,data\RZ_Cep\2023_01_23\Light\Blue\reduced_images\star_Light_Blue_30_secs_047_reduced.fits,2,0.979925,792.0,26.71656346153813,1199.902585591473,798.4702376741785,1.0,V* RZ Cep,True,1.3853019219461795,0.0117053463368126,7468.350475240794,66.1428076939923,-9.683061725887974,-0.0096157299039191,2023-01-23 22:54:48.917,0.5915061359269487,2023_01_23,2,"(0.586, 0.621]",-9.683061725887974,-0.0096157299039191
0,0,1,1178.0756951618896,857.7780517259447,5739.094042191159,5739.094042191159,237.12232690908704,173.24288940429688,5.791886312959884,5.675614195227214,294.69338281269665,237.1223269090869,1.2375209331512451,1.8719336986541748,5445.650198923631,8.687829469439826,11.583772625919767,14.479715782399708,8.513421292840823,11.351228390454429,14.189035488068034,False,1.5,30.0,191.3031347397053,11.205748489113883,4.131197873260539,14.37498108179902,-9.340124352537266,-0.0028660374488077,1.788826,335.298,33.93183,2023-01-23T22:57:03.425,30.0,Blue,data\RZ_Cep\2023_01_23\Light\Blue\reduced_images\star_Light_Blue_30_secs_048_reduced.fits,2,0.979925,792.0,26.304755832077817,1200.0380818574904,798.5221868680096,1.0,V* RZ Cep,True,1.3719081366589791,0.0093127606236906,7470.931817301918,54.41357752018752,-9.683436932207211,-0.0079078209504281,2023-01-23 22:57:03.425,0.5965491724783192,2023_01_23,2,"(0.586, 0.621]",-9.683436932207211,-0.0079078209504281
0,0,1,1175.701618089422,861.3445383274337,5779.135672766106,5779.135672766106,293.9278726015386,115.1826629638672,6.448432976710595,6.31898068470313,345.4589877020021,293.9278726015386,1.165718913078308,1.799173355102539,5436.498392593621,9.672649465065891,12.89686595342119,16.121082441776487,9.478471027054692,12.63796136940626,15.797451711757825,False,1.5,30.0,192.6378557588702,13.890359087145496,5.120876713769027,14.54816454264196,-9.338298159900685,-0.0029054490254689,1.795649,335.5203,33.78485,2023-01-23T22:59:19.077,30.0,Blue,data\RZ_Cep\2023_01_23\Light\Blue\reduced_images\star_Light_Blue_30_secs_049_reduced.fits,2,0.979925,792.0,22.02167378123829,1199.964803244696,798.4463287595788,1.0,V* RZ Cep,True,1.3533178789974505,0.0078433574183009,7357.310473837849,46.96629133313129,-9.666797708452547,-0.006930929866957,2023-01-23 22:59:19.077,0.6016351004102205,2023_01_23,2,"(0.586, 0.621]",-9.666797708452547,-0.006930929866957
0,0,1,1167.3417165340663,865.5312908280918,5708.259457812853,5708.259457812853,262.65611513002585,141.705078125,6.095755831815923,5.9733835334922185,313.3494757687262,262.65611513002574,1.1881116032600405,1.9628313779830933,5396.194679759664,9.143633747723886,12.191511663631848,15.239389579539807,8.96007530023833,11.946767066984435,14.933458833730546,False,1.5,30.0,190.2753152604284,15.194069709642555,4.576053205820895,14.492944427406456,-9.33021902356166,-0.0029160390631206,1.802308,335.7417,33.64272,2023-01-23T23:01:31.060,30.0,Blue,data\RZ_Cep\2023_01_23\Light\Blue\reduced_images\star_Light_Blue_30_secs_050_reduced.fits,2,0.979925,792.0,14.849599809264696,1199.9299980693845,798.3543667585525,1.0,V* RZ Cep,True,1.387086779530955,0.0069599808401107,7484.990300069905,42.59916234222596,-9.685478104674017,-0.0061792268250356,2023-01-23 23:01:31.060,0.6065834684861784,2023_01_23,2,"(0.586, 0.621]",-9.685478104674017,-0.0061792268250356
0,0,1,1159.013676092034,863.0348869208193,5520.314901220727,5520.314901220727,262.05814936772225,140.00328063964844,6.088813046117153,5.966580124216351,309.1722792991717,262.0581493677222,1.178600192070007,1.8610060214996336,5211.4531160424185,9.13321956917573,12.177626092234306,15.222032615292882,8.949870186324526,11.933160248432705,14.916450310540878,False,1.5,30.0,184.0104967073576,13.98029824679504,4.565635313428761,14.232232090138966,-9.292397087657717,-0.0029650942473639,1.815236,336.1739,33.37043,2023-01-23T23:05:51.319,30.0,Blue,data\RZ_Cep\2023_01_23\Light\Blue\reduced_images\star_Light_Blue_30_secs_051_reduced.fits,2,0.979925,792.0,17.68271720931318,1199.8771574424363,798.1585552920218,1.0,V* RZ Cep,True,1.3788545444608575,0.0073765592665666,7185.835812299785,43.161803685244045,-9.641193224689385,-0.0065214867341554,2023-01-23 23:05:51.319,0.6163412200684206,2023_01_23,2,"(0.586, 0.621]",-9.641193224689385,-0.0065214867341554
0,0,1,1158.139774282942,862.2708319166766,5539.522907102073,5539.522907102073,242.21307424750088,167.54507446289062,5.85372876781014,5.736215162796352,297.62340758844766,242.21307424750083,1.228171467781067,2.151385307312012,5242.043720187756,8.78059315171521,11.70745753562028,14.63432191952535,8.604322744194528,11.472430325592704,14.34053790699088,False,1.5,30.0,184.6507635700691,16.52187107176863,4.219890004667571,14.331522063148258,-9.29875159692378,-0.0029683560847319,1.822004,336.4049,33.22974,2023-01-23T23:08:09.098,30.0,Blue,data\RZ_Cep\2023_01_23\Light\Blue\reduced_images\star_Light_Blue_30_secs_052_reduced.fits,2,0.979925,792.0,18.67259077850748,1199.828908649013,798.3554672239186,1.0,V* RZ Cep,True,1.3786349816443335,0.008322846595964,7226.86484795984,47.89406862519506,-9.647374832265438,-0.0071954195067345,2023-01-23 23:08:09.098,0.6215068944744928,2023_01_23,2,"(0.621, 0.655]",-9.647374832265438,-0.0071954195067345
0,0,1,1157.9728348442984,861.4871339377019,5652.009207164594,5652.009207164594,267.6907491436689,141.20651245117188,6.153900728350178,6.030361171228548,321.9999309086305,267.6907491436689,1.1746010780334473,1.8543496131896973,5337.579364640859,9.230851092525269,12.307801456700355,15.384751820875444,9.045541756842823,12.060722342457096,15.07590292807137,False,1.5,30.0,188.40030690548647,16.29404703116681,4.6637677184141415,14.46921288996286,-9.3183608640496,-0.0029432346042582,1.828481,336.629,33.09628,2023-01-23T23:10:20.026,30.0,Blue,data\RZ_Cep\2023_01_23\Light\Blue\reduced_images\star_Light_Blue_30_secs_053_reduced.fits,2,0.979925,792.0,19.46928169334179,1199.7720904069502,798.3160818404451,1.0,V* RZ Cep,True,1.3530107655424548,0.0069034241175729,7221.802342296339,41.72532419120872,-9.646613994488748,-0.0062730455615405,2023-01-23 23:10:20.026,0.626415707999314,2023_01_23,2,"(0.621, 0.655]",-9.646613994488748,-0.0062730455615405
0,0,1,1157.688557571052,860.8375439296169,5931.092106194641,5931.092106194641,237.28127372426505,190.3812866210937,5.793827183888256,5.677516103171699,305.7463412419356,237.28127372426496,1.264926791191101,2.3673152923583984,5630.94866601287,8.690740775832385,11.587654367776512,14.48456795972064,8.51627415475755,11.3550322063434,14.193790257929248,False,1.5,30.0,197.70307020648804,15.512486348610231,4.133967079996083,14.742778694503093,-9.376453920390809,-0.0028426415399543,1.84141,337.0765,32.83329,2023-01-23T23:14:43.304,30.0,Blue,data\RZ_Cep\2023_01_23\Light\Blue\reduced_images\star_Light_Blue_30_secs_055_reduced.fits,2,0.979925,792.0,20.17508434141689,1200.031009075124,798.4910424717406,1.0,V* RZ Cep,True,1.2808975254098147,0.0052960046851595,7212.668212005582,35.297715413268705,-9.64523988696716,-0.0053134299877601,2023-01-23 23:14:43.304,0.6362866493349486,2023_01_23,2,"(0.621, 0.655]",-9.64523988696716,-0.0053134299877601
0,0,1,1156.699698461185,859.8894466754526,5944.860011263607,5944.860011263607,237.71689443952025,181.71885681152344,5.799143140269676,5.682725341728762,314.1569515915966,237.71689443952027,1.3134591579437256,2.4227914810180664,5632.628579264077,8.698714710404513,11.598286280539352,14.49785785067419,8.524088012593143,11.365450683457524,14.206813354321907,False,1.5,30.0,198.1620003754536,18.91939498119582,4.141556560901862,14.873565541508574,-9.376777785999662,-0.002867003988459,1.860958,337.7586,32.44401,2023-01-23T23:21:20.572,30.0,Blue,data\RZ_Cep\2023_01_23\Light\Blue\reduced_images\star_Light_Blue_30_secs_058_reduced.fits,2,0.979925,792.0,21.39459645744885,1199.7711288402572,798.3092864908796,1.0,V* RZ Cep,True,1.2244186619659578,0.0059994239920466,6896.695548373736,38.38740115569333,-9.596602636677558,-0.0060432697005362,2023-01-23 23:21:20.572,0.6511812061248463,2023_01_23,2,"(0.621, 0.655]",-9.596602636677558,-0.0060432697005362
0,0,1,1157.2505314543853,859.6138175878008,6103.615553503876,6103.615553503876,305.3556857611492,122.68118286132812,6.572594061884031,6.440649236091709,382.9358795645667,305.35568576114923,1.2522399425506592,1.9364702701568604,5721.236967108817,9.858891092826044,13.145188123768062,16.431485154710078,9.660973854137564,12.88129847218342,16.101623090229275,False,1.5,30.0,203.4538517834625,18.80905501273669,5.319974614149798,15.08585037080605,-9.393724840300573,-0.0028628868234809,1.867556,337.9817,32.31484,2023-01-23T23:23:32.249,30.0,Blue,data\RZ_Cep\2023_01_23\Light\Blue\reduced_images\star_Light_Blue_30_secs_059_reduced.fits,2,0.979925,792.0,21.47444432323461,1200.0094147854145,798.3482360373667,1.0,V* RZ Cep,True,1.2159012296911285,0.0109381188020405,6956.459063661953,65.2124578911505,-9.60597058450438,-0.0101780986398007,2023-01-23 23:23:32.249,0.6561181015063369,2023_01_23,2,"(0.655, 0.69]",-9.60597058450438,-0.0101780986398007
0,0,1,1157.2825776010268,858.9687689465937,6082.725126247058,6082.725126247058,268.0707169987294,152.927734375,6.1582666903772605,6.034639486567937,350.2820063945911,268.0707169987295,1.2866140604019165,2.1344172954559326,5737.82157257447,9.23740003556589,12.31653338075452,15.395666725943151,9.051959229851906,12.069278973135876,15.086598716419845,False,1.5,30.0,202.75750420823528,16.36380819906868,4.670387602822308,14.959669114326234,-9.396867597466148,-0.0028307353519426,1.873946,338.2092,32.19076,2023-01-23T23:25:42.915,30.0,Blue,data\RZ_Cep\2023_01_23\Light\Blue\reduced_images\star_Light_Blue_30_secs_060_reduced.fits,2,0.979925,792.0,22.07796284325134,1199.8544055692755,798.3533858654259,1.0,V* RZ Cep,True,1.2138307335406562,0.0047556183382617,6964.744168363471,32.77660267933781,-9.607262920956448,-0.0051095551161201,2023-01-23 23:25:42.915,0.6610170920052099,2023_01_23,2,"(0.655, 0.69]",-9.607262920956448,-0.0051095551161201
0,0,1,1157.851095517277,858.9433959246556,5832.750242175025,5832.750242175025,245.37228643408133,181.16357421875,5.891780510639431,5.773503016888345,325.03044066677546,245.3722864340814,1.3021912574768066,2.008245944976806,5513.228595953469,8.837670765959146,11.783561021278862,14.729451276598578,8.660254525332517,11.54700603377669,14.433757542220862,False,1.5,30.0,194.42500807250084,18.1961495641352,4.274930501429328,14.727392441911276,-9.353515000200058,-0.0029003083941776,1.880385,338.4401,32.06676,2023-01-23T23:27:55.205,30.0,Blue,data\RZ_Cep\2023_01_23\Light\Blue\reduced_images\star_Light_Blue_30_secs_061_reduced.fits,2,0.979925,792.0,21.936034316244594,1199.9741698973337,798.4745139782846,1.0,V* RZ Cep,True,1.252912385289244,0.0077331855084782,6907.59239080093,46.45652830580378,-9.59831675606572,-0.0073020427198561,2023-01-23 23:27:55.205,0.6659769702680762,2023_01_23,2,"(0.655, 0.69]",-9.59831675606572,-0.0073020427198561
0,0,1,1156.7846135771774,858.4041914868361,5558.383907721965,5558.383907721965,252.66021310698247,161.77688598632812,5.978637662628722,5.858616511551451,322.9929462795807,252.66021310698244,1.2351546883583069,1.9296627044677728,5246.309460941267,8.967956493943083,11.957275325257443,14.946594156571804,8.787924767327176,11.7172330231029,14.646541278878626,False,1.5,30.0,185.2794635907321,16.552485488138856,4.401902379463874,14.36084438528372,-9.299634761201638,-0.0029720108575529,1.886886,338.6725,31.94259,2023-01-23T23:30:09.337,30.0,Blue,data\RZ_Cep\2023_01_23\Light\Blue\reduced_images\star_Light_Blue_30_secs_062_reduced.fits,2,0.979925,792.0,22.76929394091732,1199.7585547116676,798.4479439455323,1.0,V* RZ Cep,True,1.2859647370569505,0.0091118003821196,6746.568966458728,51.246539906012906,-9.572707410682346,-0.008247188166483,2023-01-23 23:30:09.337,0.6710059096523935,2023_01_23,2,"(0.655, 0.69]",-9.572707410682346,-0.008247188166483
0,0,1,1157.2721582853758,857.8224350306504,5408.883114648801,5408.883114648801,242.7038976434107,162.87786865234375,5.859656798263736,5.742024188038592,305.4912194637335,242.7038976434108,1.255453109741211,1.9994239807128904,5104.179751606069,8.789485197395605,11.719313596527472,14.64914199565934,8.61303628205789,11.484048376077183,14.35506047009648,False,1.5,30.0,180.2961038216267,16.538182532725124,4.2284412389429775,14.17965893783397,-9.269814900840377,-0.0030162278425018,1.893412,338.9025,31.81896,2023-01-23T23:32:21.451,30.0,Blue,data\RZ_Cep\2023_01_23\Light\Blue\reduced_images\star_Light_Blue_30_secs_063_reduced.fits,2,0.979925,792.0,23.175595830674176,1199.9668137132276,798.4408033897391,1.0,V* RZ Cep,True,1.319182409163165,0.008242858825394,6733.344141525538,46.04386999809546,-9.570577029614856,-0.007424467785005,2023-01-23 23:32:21.451,0.6759591892413539,2023_01_23,2,"(0.655, 0.69]",-9.570577029614856,-0.007424467785005
0,0,1,1156.7649657406764,857.3827579253679,5480.27067405546,5480.27067405546,263.5636985093191,140.289306640625,6.106278403766271,5.983694864810663,325.33199252411816,263.56369850931924,1.2302317023277285,1.976352334022522,5156.026256566549,9.159417605649406,12.21255680753254,15.265696009415676,8.975542297215995,11.967389729621326,14.95923716202666,False,1.5,30.0,182.675689135182,15.179821360428402,4.5918653251401365,14.2284003254319,-9.280787800724424,-0.002996161889098,1.906236,339.367,31.57895,2023-01-23T23:36:44.660,30.0,Blue,data\RZ_Cep\2023_01_23\Light\Blue\reduced_images\star_Light_Blue_30_secs_065_reduced.fits,2,0.979925,792.0,23.746270439715296,1199.750795368907,798.5269734483965,1.0,V* RZ Cep,True,1.3064345612943051,0.0032723046289868,6736.010900519438,25.103759411319142,-9.57100695321815,-0.0040463207187365,2023-01-23 23:36:44.660,0.6858275435968721,2023_01_23,2,"(0.655, 0.69]",-9.57100695321815,-0.0040463207187365
0,0,1,1156.2639173626997,857.1770475116253,5509.520819064524,5509.520819064524,279.4252173721726,130.59542846679688,6.287335034765162,6.161116783942251,340.1438147644181,279.4252173721727,1.2018911242485046,1.8964900970458984,5173.682130413701,9.431002552147742,12.574670069530324,15.718337586912906,9.241675175913375,12.322233567884505,15.40279195985563,False,1.5,30.0,183.65069396881748,14.073097260901148,4.8682082315507405,14.233481635259496,-9.284499355671038,-0.0029870034419616,1.912532,339.6007,31.46251,2023-01-23T23:38:58.190,30.0,Blue,data\RZ_Cep\2023_01_23\Light\Blue\reduced_images\star_Light_Blue_30_secs_066_reduced.fits,2,0.979925,792.0,24.09842598299205,1199.8861000440756,798.371508342668,1.0,V* RZ Cep,True,1.2931218546622285,0.0043889297878959,6690.201431913395,29.229636269601464,-9.563597984797546,-0.0047436052072263,2023-01-23 23:38:58.190,0.6908339125169505,2023_01_23,2,"(0.69, 0.724]",-9.563597984797546,-0.0047436052072263
0,0,1,1155.8653068221847,856.487954815196,5469.664286953828,5469.664286953828,279.0218621553511,128.07855224609375,6.282795456569707,6.15666833777907,339.65765566097343,279.0218621553512,1.2210510969161987,1.798569917678833,5128.964336105437,9.42419318485456,12.565590913139411,15.706988641424267,9.235002506668604,12.31333667555814,15.391670844447676,False,1.5,30.0,182.32214289846087,14.031639255108889,4.861180887328783,14.185026014812191,-9.275074198099915,-0.003002788730914,1.9189,339.8333,31.34566,2023-01-23T23:41:09.870,30.0,Blue,data\RZ_Cep\2023_01_23\Light\Blue\reduced_images\star_Light_Blue_30_secs_067_reduced.fits,2,0.979925,792.0,24.879499630608755,1199.894609211315,798.4013754052496,1.0,V* RZ Cep,True,1.2827806723134203,0.0048748802432097,6579.336319340889,30.92343543774066,-9.545455217551211,-0.0051030517062272,2023-01-23 23:41:09.870,0.6957709203758498,2023_01_23,2,"(0.69, 0.724]",-9.545455217551211,-0.0051030517062272
0,0,1,1156.220979904609,856.1819430241209,5217.419039032129,5217.419039032129,238.78649034722,168.17520141601562,5.812174982632021,5.695495569855683,302.6395109058777,238.78649034722008,1.229912042617798,2.10347318649292,4923.732658939644,8.71826247394803,11.624349965264042,14.530437456580051,8.543243354783524,11.390991139711366,14.23873892463921,False,1.5,30.0,173.91396796773765,16.782019313095766,4.160191298493788,13.959089460968691,-9.23073616065872,-0.0030781299195263,1.925238,340.0678,31.23029,2023-01-23T23:43:21.609,30.0,Blue,data\RZ_Cep\2023_01_23\Light\Blue\reduced_images\star_Light_Blue_30_secs_068_reduced.fits,2,0.979925,792.0,25.05619667369173,1199.8815684074148,798.3286747162643,1.0,V* RZ Cep,True,1.3431048824666365,0.0055820110885155,6613.089374182271,33.27003846622717,-9.551010980301426,-0.0054622708468906,2023-01-23 23:43:21.609,0.7007101402902265,2023_01_23,2,"(0.69, 0.724]",-9.551010980301426,-0.0054622708468906
0,0,1,1156.0075331809262,856.488137334694,5100.299170887063,5100.299170887063,308.02022476285794,112.00374603271484,6.6012080607036,6.468688808884975,383.893923559704,308.02022476285777,1.2489205598831177,1.8431830406188965,4715.606379320911,9.9018120910554,13.2024161214072,16.503020151759,9.703033213327464,12.93737761776995,16.17172202221244,False,1.5,30.0,170.00997236290212,16.45977478497252,5.366396804757347,13.850492552708442,-9.183843866363322,-0.0031889814391959,1.931609,340.3017,31.1152,2023-01-23T23:45:33.438,30.0,Blue,data\RZ_Cep\2023_01_23\Light\Blue\reduced_images\star_Light_Blue_30_secs_069_reduced.fits,2,0.979925,792.0,24.833187710123045,1199.901444512066,798.3540550580346,1.0,V* RZ Cep,True,1.3547158399705757,0.0149392081699699,6388.306657132333,72.9034154339267,-9.51346438838428,-0.0123904317427786,2023-01-23 23:45:33.438,0.7056527345264669,2023_01_23,2,"(0.69, 0.724]",-9.51346438838428,-0.0123904317427786
0,0,1,1156.5732730885643,856.1281772862071,4907.265903665907,4907.265903665907,259.2769149463714,149.0060272216797,6.056416442699937,5.934833882612736,303.74850344919366,259.27691494637145,1.1550071239471436,2.028012275695801,4607.799219827811,9.084624664049905,12.112832885399872,15.141041106749842,8.902250823919104,11.869667765225472,14.83708470653184,False,1.5,30.0,163.5755301221969,12.89885335261908,4.517180029287892,13.453310503519344,-9.158733867215943,-0.0031700049395966,1.937746,340.5342,31.0052,2023-01-23T23:47:44.895,30.0,Blue,data\RZ_Cep\2023_01_23\Light\Blue\reduced_images\star_Light_Blue_30_secs_070_reduced.fits,2,0.979925,792.0,25.000403842654244,1199.8980670014164,798.3244712321106,1.0,V* RZ Cep,True,1.3984121257720623,0.0109577033408605,6443.60230213026,53.881999721095546,-9.522821820010314,-0.0090790267832979,2023-01-23 23:47:44.895,0.7105813815655608,2023_01_23,2,"(0.69, 0.724]",-9.522821820010314,-0.0090790267832979
0,0,1,1155.566578553291,854.8163982102898,4680.765678288877,4680.765678288877,256.3294028895466,128.1297149658203,6.021892764805232,5.901003267551767,286.4760859275543,256.3294028895465,1.110060691833496,1.92551589012146,4396.22448398004,9.032839147207849,12.043785529610464,15.05473191201308,8.851504901327651,11.802006535103532,14.752508168879416,False,1.5,30.0,156.02552260962923,16.531742713413486,4.465827819231211,13.305002560776677,-9.107699651635595,-0.0032859384313233,1.94407,340.768,30.89267,2023-01-23T23:49:56.883,30.0,Blue,data\RZ_Cep\2023_01_23\Light\Blue\reduced_images\star_Light_Blue_30_secs_071_reduced.fits,2,0.979925,792.0,26.558170049920733,1199.8979114827005,798.2850492659044,1.0,V* RZ Cep,True,1.4440571050249478,0.0063870943968139,6348.399201376011,34.02326144608689,-9.506660570846472,-0.0058188348880078,2023-01-23 23:49:56.883,0.7155299371038666,2023_01_23,2,"(0.69, 0.724]",-9.506660570846472,-0.0058188348880078
0,0,1,1154.6467849997034,854.8161807625394,4598.969129440864,4598.969129440864,229.38443607214748,152.44888305664062,5.696600691580444,5.582241432696967,259.8680972556701,229.38443607214745,1.10236918926239,2.0060667991638184,4346.1027946186005,8.544901037370666,11.393201383160887,14.241501728951109,8.37336214904545,11.164482865393934,13.955603581742416,False,1.5,30.0,153.29897098136215,15.804984975416302,3.99638661956808,13.156760337421463,-9.095249985246394,-0.0032868000852054,1.95033,341.0087,30.78216,2023-01-23T23:52:09.735,30.0,Blue,data\RZ_Cep\2023_01_23\Light\Blue\reduced_images\star_Light_Blue_30_secs_072_reduced.fits,2,0.979925,792.0,26.86461208033469,1199.9870024321324,798.3492098981459,1.0,V* RZ Cep,True,1.4639401691041052,0.0048030035337801,6362.434460097778,28.40269906098535,-9.50905830417167,-0.0048468615082421,2023-01-23 23:52:09.735,0.720510886132331,2023_01_23,2,"(0.69, 0.724]",-9.50905830417167,-0.0048468615082421
0,0,1,1154.0589922546978,854.3621748933103,4602.665797634178,4602.665797634178,236.07120142005496,151.50814819335938,5.779034800429275,5.663020676810658,268.41893819221616,236.071201420055,1.1247637271881104,1.7994723320007324,4337.141473243181,8.668552200643912,11.55806960085855,14.447587001073188,8.494531015215985,11.326041353621315,14.157551692026644,False,1.5,30.0,153.42219325447255,11.376585458046945,4.112884931407179,12.996602003751851,-9.093008971585167,-0.0032534980519677,1.956551,341.2458,30.67314,2023-01-23T23:54:22.975,30.0,Blue,data\RZ_Cep\2023_01_23\Light\Blue\reduced_images\star_Light_Blue_30_secs_073_reduced.fits,2,0.979925,792.0,27.497667377313377,1199.8977290912983,798.3761645298871,1.0,V* RZ Cep,True,1.4535462736274138,0.0043743941808514,6304.235826627538,26.77361957122071,-9.499081126799952,-0.0046110407193389,2023-01-23 23:54:22.975,0.7255063822374268,2023_01_23,2,"(0.724, 0.759]",-9.499081126799952,-0.0046110407193389
0,0,1,1154.6407106788092,853.8489458916561,4707.582315148554,4707.582315148554,274.6550125849966,114.88735961914062,6.233436925903463,6.108300679615952,301.26274538803176,274.6550125849965,1.1124013662338257,1.6710684299468994,4402.055703906035,9.350155388855196,12.466873851806929,15.583592314758658,9.162451019423928,12.216601359231904,15.27075169903988,False,1.5,30.0,156.9194105049518,14.459573440179836,4.785100663703052,13.27268189209832,-9.10913883460849,-0.0032736140189461,1.962787,341.4789,30.56469,2023-01-23T23:56:34.782,30.0,Blue,data\RZ_Cep\2023_01_23\Light\Blue\reduced_images\star_Light_Blue_30_secs_074_reduced.fits,2,0.979925,792.0,27.775419485136283,1200.063369716503,798.4554761008225,1.0,V* RZ Cep,True,1.428320556606049,0.0081850866542945,6287.546653213901,40.71412760906203,-9.496203051286477,-0.0070305327066966,2023-01-23 23:56:34.782,0.7304481516394503,2023_01_23,2,"(0.724, 0.759]",-9.496203051286477,-0.0070305327066966
0,0,1,1153.6758799486606,853.1692655479713,4805.462101668658,4805.462101668658,246.4556296467173,134.3764190673828,5.904772586540148,5.786234276865354,298.8879080213508,246.4556296467173,1.185509443283081,1.926705241203308,4513.286625372197,8.857158879810221,11.809545173080297,14.761931466350369,8.679351415298031,11.572468553730708,14.465585692163383,False,1.5,30.0,160.18207005562192,15.073932619064106,4.293804747622808,13.399619674539602,-9.136232287857956,-0.0032234718107311,1.968828,341.7194,30.46039,2023-01-23T23:58:46.575,30.0,Blue,data\RZ_Cep\2023_01_23\Light\Blue\reduced_images\star_Light_Blue_30_secs_075_reduced.fits,2,0.979925,792.0,28.748491544248807,1199.830626195998,798.3081475941581,1.0,V* RZ Cep,True,1.369952434856499,0.0079925562378625,6182.988001633914,40.47484545595366,-9.477996009329331,-0.0071074058500365,2023-01-23 23:58:46.575,0.7353893961469851,2023_01_23,2,"(0.724, 0.759]",-9.477996009329331,-0.0071074058500365
0,0,1,1153.9793397411236,852.7924961532842,4862.845153100208,4862.845153100208,260.44833159787675,145.04501342773438,6.070082510428716,5.94822560403186,312.3993945675802,260.44833159787675,1.1846249103546145,2.584266424179077,4554.311571629065,9.105123765643077,12.140165020857433,15.17520627607179,8.92233840604779,11.89645120806372,14.87056401007965,False,1.5,30.0,162.0948384366736,17.51018372475105,4.53758871050523,13.569915654562111,-9.14605684611642,-0.0032350331087256,1.975036,341.9573,30.35397,2023-01-24T00:00:58.539,30.0,Blue,data\RZ_Cep\2023_01_23\Light\Blue\reduced_images\star_Light_Blue_30_secs_076_reduced.fits,2,0.979925,792.0,28.994170062150072,1199.896878957179,798.351127130111,1.0,V* RZ Cep,True,1.3546743510375103,0.0082970406256141,6169.609072719228,42.02152549617536,-9.475644116347452,-0.0073950052706103,2023-01-24 00:00:58.539,0.7403370518660779,2023_01_23,2,"(0.724, 0.759]",-9.475644116347452,-0.0073950052706103
0,0,1,1153.8506093460956,852.3159340352456,4900.539492733364,4900.539492733364,253.71462999211963,149.96730041503906,5.991099880320776,5.8708285502233375,314.0071142875827,253.7146299921196,1.2305049896240234,1.860891580581665,4588.342374587448,8.986649820481166,11.982199760641551,14.97774970080194,8.806242825335007,11.741657100446677,14.677071375558342,False,1.5,30.0,163.35131642444546,15.44964858834667,4.420272664751595,13.535923968371856,-9.15413954195188,-0.0032029960969588,1.981054,342.1942,30.25157,2023-01-24T00:03:10.653,30.0,Blue,data\RZ_Cep\2023_01_23\Light\Blue\reduced_images\star_Light_Blue_30_secs_077_reduced.fits,2,0.979925,792.0,29.48588881119976,1199.9184759896384,798.3633139972354,1.0,V* RZ Cep,True,1.3460031555986136,0.0093135942632102,6175.923315161541,46.455760403792524,-9.47675473709796,-0.0081669895197925,2023-01-24 00:03:10.653,0.7452903314550099,2023_01_23,2,"(0.724, 0.759]",-9.47675473709796,-0.0081669895197925
0,0,1,1177.3577215128823,878.6988487041582,8773.269148859976,8773.269148859976,241.0298277934943,235.96356201171875,5.839413100336019,5.722186882346774,516.8869936240852,241.0298277934941,2.1349663734436035,2.983607292175293,8258.678571523964,8.75911965050403,11.678826200672038,14.598532750840048,8.583280323520162,11.444373764693548,14.305467205866933,False,1.5,45.0,194.9615366413328,16.292070386394574,1.866344543112094,14.598628414027102,-9.792276409158877,-0.001919224640074,1.201217,317.6856,56.32983,2023-01-23T18:45:01.054,45.0,Blue,data\RZ_Cep\2023_01_23\Light\Blue\reduced_images\star_Light_Blue_45_secs_001_reduced.fits,2,0.979925,792.0,13.420943286907606,1199.9896522866152,798.5130946799947,1.0,V* RZ Cep,True,0.764448985110782,0.0034573907729846,6313.338452357657,30.65688642301384,-9.500647680213405,-0.0052722171899708,2023-01-23 18:45:01.054,0.029574199268921575,2023_01_23,2,"(-0.001, 0.0345]",-9.500647680213405,-0.0052722171899708
0,0,1,1178.1344404680767,878.0098516539191,8818.181107821938,8818.181107821938,252.7240544154036,222.14654541015625,5.979392945660147,5.85935663227602,533.9443031986971,252.72405441540369,2.137247562408448,2.909712314605713,8278.047238560637,8.96908941849022,11.958785891320296,14.948482364150369,8.789034948414029,11.71871326455204,14.64839158069005,False,1.5,45.0,195.95958017382085,16.421441011964294,1.9568953941893965,14.640284033446022,-9.794819750917975,-0.0019201975979323,1.205734,317.7576,56.00836,2023-01-23T18:48:07.291,45.0,Blue,data\RZ_Cep\2023_01_23\Light\Blue\reduced_images\star_Light_Blue_45_secs_002_reduced.fits,2,0.979925,792.0,14.27386064752677,1200.056220462712,798.4983200278122,1.0,V* RZ Cep,True,0.7672357459513113,0.0028281860021847,6351.213748097263,25.967002635839417,-9.507141822572402,-0.0044390436236265,2023-01-23 18:48:07.291,0.036556683568875314,2023_01_23,2,"(0.0345, 0.069]",-9.507141822572402,-0.0044390436236265
0,0,1,1178.8981120545689,877.045428740094,8862.53787640413,8862.53787640413,229.17909329343985,247.69509887695312,5.694050349148631,5.579742288389472,499.37969073171325,229.17909329344,2.157134413719177,2.847391366958618,8368.167767355893,8.541075523722945,11.38810069829726,14.235125872871578,8.369613432584208,11.159484576778944,13.94935572097368,False,1.5,45.0,196.945286142314,14.080049336434351,1.7745818186869808,14.587663188373776,-9.806575946167742,-0.0018926907904762,1.210347,317.8334,55.68526,2023-01-23T18:51:14.632,45.0,Blue,data\RZ_Cep\2023_01_23\Light\Blue\reduced_images\star_Light_Blue_45_secs_003_reduced.fits,2,0.979925,792.0,15.188259746276136,1200.1019770885232,798.5026434509804,1.0,V* RZ Cep,True,0.7694811621270603,0.0020288218676255,6439.14745849922,20.35277239038619,-9.522070926715108,-0.003431780681195,2023-01-23 18:51:14.632,0.043580559550747466,2023_01_23,2,"(0.0345, 0.069]",-9.522070926715108,-0.003431780681195
0,0,1,1178.9144399173354,875.8977428001436,8947.188256456062,8947.188256456062,263.37869074766854,217.6959228515625,6.104134885473623,5.98159437764774,555.5592893052979,263.37869074766854,2.089005947113037,2.8879473209381104,8396.988605141338,9.156202328210432,12.208269770947243,15.260337213684055,8.97239156647161,11.96318875529548,14.953985944119353,False,1.5,45.0,198.8264056990236,13.362882868682004,2.0393964794683668,14.636553045275855,-9.810308909602767,-0.0018925160318055,1.215009,317.9131,55.36384,2023-01-23T18:54:19.720,45.0,Blue,data\RZ_Cep\2023_01_23\Light\Blue\reduced_images\star_Light_Blue_45_secs_004_reduced.fits,2,0.979925,792.0,15.468323509080731,1200.0880418979234,798.5178236974356,1.0,V* RZ Cep,True,0.779090234724218,0.0013482892039302,6542.011823356149,16.068938831533252,-9.539278311721604,-0.0026668598487015,2023-01-23 18:54:19.720,0.05051996500785094,2023_01_23,2,"(0.0345, 0.069]",-9.539278311721604,-0.0026668598487015
0,0,1,1179.1321710696866,874.7650439328451,9035.880872507609,9035.880872507609,249.34911449015004,240.5082855224609,5.939333604721385,5.820101482606604,529.1014179907141,249.34911449015,2.120222568511963,2.863417148590088,8507.20525252712,8.909000407082079,11.87866720944277,14.848334011803464,8.730152223909906,11.640202965213208,14.550253706516507,False,1.5,45.0,200.7973527223913,16.611624009622208,1.9307625260274333,14.810122864380329,-9.824467277781793,-0.0018901491281166,1.219381,317.99,55.06696,2023-01-23T18:57:12.110,45.0,Blue,data\RZ_Cep\2023_01_23\Light\Blue\reduced_images\star_Light_Blue_45_secs_005_reduced.fits,2,0.979925,792.0,16.012100621320805,1200.1073406676644,798.4791975207341,1.0,V* RZ Cep,True,0.7805346949003567,0.0020775315201399,6640.168856235967,21.11869160805316,-9.555447808510063,-0.0034531242461479,2023-01-23 18:57:12.110,0.05698329113783984,2023_01_23,2,"(0.0345, 0.069]",-9.555447808510063,-0.0034531242461479
0,0,1,1179.170741452382,873.7986467577616,8973.27392322815,8973.27392322815,226.2960601614354,259.59619140625,5.658121916671909,5.544535119194721,499.1161001303446,226.2960601614353,2.1960177421569824,2.935915470123291,8476.323760133413,8.487182875007864,11.31624383334382,14.145304791679774,8.316802678792081,11.089070238389445,13.861337797986804,True,1.5,45.0,199.40608718284776,14.624234906436223,1.752257888064843,14.689539815029905,-9.820518841473149,-0.0018815899038008,1.223882,318.0644,54.76585,2023-01-23T19:00:05.377,45.0,Blue,data\RZ_Cep\2023_01_23\Light\Blue\reduced_images\star_Light_Blue_45_secs_006_reduced.fits,2,0.979925,792.0,16.389270217127994,1200.085654466264,798.5317909903473,1.0,V* RZ Cep,True,0.7956853672813018,0.0035962662124914,6744.48678427698,32.64713829035938,-9.572372270032224,-0.0052555785424952,2023-01-23 19:00:05.377,0.06347949816006349,2023_01_23,2,"(0.0345, 0.069]",-9.572372270032224,-0.0052555785424952
0,0,1,1179.595646879162,872.2982011551239,9143.451773230572,9143.451773230572,243.69734164198184,223.81842041015625,5.871637026374297,5.753763913069833,530.2460948056257,243.69734164198192,2.1751255989074707,2.878206253051758,8613.379447039399,8.807455539561445,11.743274052748594,14.679092565935743,8.63064586960475,11.507527826139668,14.384409782674584,False,1.5,45.0,203.1878171829016,17.275337686087834,1.8869996626895185,14.911410212708889,-9.837933949262274,-0.0018796174058607,1.228836,318.1657,54.43947,2023-01-23T19:03:14.871,45.0,Blue,data\RZ_Cep\2023_01_23\Light\Blue\reduced_images\star_Light_Blue_45_secs_007_reduced.fits,2,0.979925,792.0,17.393731831509125,1200.0431974285625,798.4834695128634,1.0,V* RZ Cep,True,0.8044624959008759,0.0031949620436263,6929.140728106621,30.02023658442128,-9.601698454430188,-0.0047039104867504,2023-01-23 19:03:14.871,0.07058409542020172,2023_01_23,2,"(0.069, 0.103]",-9.601698454430188,-0.0047039104867504
0,0,1,1179.9684891301358,871.1856971819925,9052.491780812534,9052.491780812534,220.41039931006028,260.11248779296875,5.584057032425604,5.471957087499661,497.4136254956704,220.4103993100603,2.231755256652832,3.280845642089844,8560.589713531357,8.376085548638406,11.168114064851208,13.96014258106401,8.207935631249489,10.94391417499932,13.679892718749151,False,1.5,45.0,201.1664840180563,18.727722214716582,1.7066839808304912,14.886265153274792,-9.83125920740289,-0.0018880191168363,1.233668,318.2688,54.12613,2023-01-23T19:06:16.235,45.0,Blue,data\RZ_Cep\2023_01_23\Light\Blue\reduced_images\star_Light_Blue_45_secs_008_reduced.fits,2,0.979925,792.0,18.23964306851428,1200.0379982951652,798.5243406873523,1.0,V* RZ Cep,True,0.8227436636045562,0.0025049894727029,7043.170943526267,24.69527049551872,-9.619420573007393,-0.0038068860571848,2023-01-23 19:06:16.235,0.07738387893570575,2023_01_23,2,"(0.069, 0.103]",-9.619420573007393,-0.0038068860571848
0,0,1,1180.475261033792,870.297235776858,9217.019269665068,9217.019269665068,209.84428774557577,312.04278564453125,5.448568062593769,5.339188058737199,479.42060301882657,209.84428774557568,2.249303340911865,3.320112466812134,8745.015812167674,8.172852093890654,10.897136125187538,13.621420156484422,8.0087820881058,10.678376117474398,13.347970146842998,True,1.5,45.0,204.8226504370016,18.13898211300523,1.6248683614077175,14.98621035857346,-9.85440149769596,-0.0018606108334058,1.238637,318.376,53.80886,2023-01-23T19:09:19.173,45.0,Blue,data\RZ_Cep\2023_01_23\Light\Blue\reduced_images\star_Light_Blue_45_secs_009_reduced.fits,2,0.979925,792.0,19.12009047315063,1200.058650154656,798.4294418644436,1.0,V* RZ Cep,True,0.8268072083426613,0.0026463181035014,7230.442110570785,26.25044976182912,-9.647912133385354,-0.0039418147966269,2023-01-23 19:09:19.173,0.08424267559192344,2023_01_23,2,"(0.069, 0.103]",-9.647912133385354,-0.0039418147966269
0,0,1,1180.5156287431198,869.4387956191802,9381.910231300102,9381.910231300102,222.0447971074688,271.66925048828125,5.60472237770104,5.492207575968692,506.4578963343895,222.04479710746887,2.2540225982666016,3.270704746246338,8881.416240792345,8.40708356655156,11.20944475540208,14.0118059442526,8.238311363953038,10.984415151937384,13.73051893992173,True,1.5,45.0,208.4868940288912,14.908137700022872,1.7193394659975854,15.003811888813845,-9.871205560989022,-0.0018341874015818,1.243702,318.4886,53.49048,2023-01-23T19:12:23.156,45.0,Blue,data\RZ_Cep\2023_01_23\Light\Blue\reduced_images\star_Light_Blue_45_secs_010_reduced.fits,2,0.979925,792.0,19.603699415008723,1200.0720632372793,798.4969778682994,1.0,V* RZ Cep,True,0.83681412247635,0.0029556967629302,7432.09453788585,29.09881796005836,-9.677778063356396,-0.0042509739366002,2023-01-23 19:12:23.156,0.09114065187461051,2023_01_23,2,"(0.069, 0.103]",-9.677778063356396,-0.0042509739366002
0,0,1,1181.4072156144846,868.5508716706735,9624.33291275822,9624.33291275822,219.5471425203662,310.858642578125,5.573111078009969,5.461230873118919,506.2952492875948,219.5471425203662,2.277451992034912,2.998983383178711,9124.32483567964,8.359666617014954,11.146222156019938,13.932777695024924,8.191846309678379,10.922461746237838,13.6530771827973,True,1.5,45.0,213.87406472796044,15.742426376730768,1.699999602330539,15.209092369599896,-9.900501845564564,-0.0018097845620985,1.248834,318.6061,53.1729,2023-01-23T19:15:27.092,45.0,Blue,data\RZ_Cep\2023_01_23\Light\Blue\reduced_images\star_Light_Blue_45_secs_011_reduced.fits,2,0.979925,792.0,20.834915285417967,1200.107158204181,798.5025641644061,1.0,V* RZ Cep,True,0.8374891126684202,0.0021467788349285,7641.52271033177,23.36511784418842,-9.707949770392707,-0.0033198035697225,2023-01-23 19:15:27.092,0.09803686601142658,2023_01_23,2,"(0.069, 0.103]",-9.707949770392707,-0.0033198035697225
0,0,1,1181.3063504160568,867.1178373921754,9581.223076321803,9581.223076321803,210.23838900622405,327.75946044921875,5.453682045738953,5.344199378670743,502.8273599843245,210.238389006224,2.3605124950408936,3.3290345668792725,9084.952732135343,8.18052306860843,10.907364091477906,13.63420511434738,8.016299068006116,10.688398757341488,13.36049844667686,True,1.5,45.0,212.9160683627068,18.095592287655904,1.6279199701815272,15.25252702408831,-9.895806680176122,-0.001822818598222,1.253971,318.7266,52.85996,2023-01-23T19:18:28.753,45.0,Blue,data\RZ_Cep\2023_01_23\Light\Blue\reduced_images\star_Light_Blue_45_secs_012_reduced.fits,2,0.979925,792.0,21.574519187638582,1200.0317279944773,798.4784288886736,1.0,V* RZ Cep,True,0.8634766952072528,0.0029260068822374,7844.644961258328,29.666321864250317,-9.736433231867435,-0.0041059601637927,2023-01-23 19:18:28.753,0.10484778478917178,2023_01_23,2,"(0.103, 0.138]",-9.736433231867435,-0.0041059601637927
0,0,1,1181.370623391838,865.7953464012369,9496.682027601662,9496.682027601662,201.5790657058457,313.74517822265625,5.340187656372412,5.232983389170736,490.1282044297213,201.5790657058457,2.4270989894866943,3.1669437885284424,9007.429680925332,8.010281484558618,10.680375312744824,13.350469140931027,7.849475083756104,10.465966778341471,13.08245847292684,True,1.5,45.0,211.03737839114805,18.46793444983596,1.5608690124778577,15.2008612207816,-9.886502200909549,-0.0018322791246271,1.259191,318.852,52.54682,2023-01-23T19:21:30.998,45.0,Blue,data\RZ_Cep\2023_01_23\Light\Blue\reduced_images\star_Light_Blue_45_secs_013_reduced.fits,2,0.979925,792.0,22.43904500824236,1200.080778678824,798.4526864653534,1.0,V* RZ Cep,True,0.9011851889248798,0.0035683451632585,8117.362218732264,34.93909688263051,-9.773537314494831,-0.0046732721079617,2023-01-23 19:21:30.998,0.11168059916681727,2023_01_23,2,"(0.103, 0.138]",-9.773537314494831,-0.0046732721079617
0,0,1,1181.6689728960894,865.0992635628396,9803.864569618145,9803.864569618145,218.1669389730781,303.59796142578125,5.555565518312306,5.444037540532186,515.8367317714115,218.16693897307823,2.3656013011932373,3.212261915206909,9287.768574906086,8.333348277468458,11.111131036624611,13.888913795780764,8.166056310798279,10.888075081064372,13.610093851330468,True,1.5,45.0,217.86365710262544,16.76788099628225,1.6893123965915384,15.37273074295843,-9.919778463668074,-0.0017970656997983,1.264495,318.9822,52.23354,2023-01-23T19:24:33.776,45.0,Blue,data\RZ_Cep\2023_01_23\Light\Blue\reduced_images\star_Light_Blue_45_secs_014_reduced.fits,2,0.979925,792.0,23.113298111097432,1200.029206875338,798.5480299759926,1.0,V* RZ Cep,True,0.8982603783513904,0.00493644371667,8342.834514135295,47.88287641671646,-9.803284072848244,-0.0062314759360867,2023-01-23 19:24:33.776,0.1185333970285285,2023_01_23,2,"(0.103, 0.138]",-9.803284072848244,-0.0062314759360867
0,0,1,1181.9259867277524,864.1792070627004,10152.802313533191,10152.802313533191,211.72469954291995,333.034912109375,5.472925888764889,5.363056901547934,522.5187408566059,211.7246995429201,2.45117449760437,3.336446762084961,9633.82812950064,8.209388833147333,10.94585177752978,13.682314721912224,8.044585352321901,10.726113803095869,13.407642253869836,True,1.5,45.0,225.6178291896265,21.78489713426559,1.639428784608881,15.781069517257093,-9.9594972352462,-0.0017785327176663,1.269817,319.1154,51.92399,2023-01-23T19:27:34.863,45.0,Blue,data\RZ_Cep\2023_01_23\Light\Blue\reduced_images\star_Light_Blue_45_secs_015_reduced.fits,2,0.979925,792.0,23.908962531412044,1200.0501442163802,798.5317890518571,1.0,V* RZ Cep,True,0.8959082572840443,0.0031500174348263,8631.026170474923,33.47861853879385,-9.840156083633538,-0.0042114283417651,2023-01-23 19:27:34.863,0.12532279513109756,2023_01_23,2,"(0.103, 0.138]",-9.840156083633538,-0.0042114283417651
0,0,1,1181.9107704657529,863.0336754069023,10290.308542873954,10290.308542873954,225.929018719042,320.58306884765625,5.653531452270392,5.540036808366064,541.8774848452905,225.9290187190421,2.3787708282470703,3.397698879241944,9752.87518389061,8.480297178405587,11.307062904540784,14.13382863067598,8.310055212549095,11.080073616732127,13.85009202091516,True,1.5,45.0,228.6735231749768,21.32339859475769,1.7494158091430017,15.866516239517654,-9.972831665508604,-0.0017663356497252,1.275336,319.256,51.60795,2023-01-23T19:30:40.251,45.0,Blue,data\RZ_Cep\2023_01_23\Light\Blue\reduced_images\star_Light_Blue_45_secs_016_reduced.fits,2,0.979925,792.0,24.670870857657995,1200.009551569292,798.5006137746938,1.0,V* RZ Cep,True,0.9246959218074337,0.0059677382469523,9018.443908440571,60.02334745257946,-9.887829021161528,-0.0072262490205265,2023-01-23 19:30:40.251,0.13227344832785093,2023_01_23,2,"(0.103, 0.138]",-9.887829021161528,-0.0072262490205265
0,0,1,1182.557466625632,861.581319485973,10491.530636179965,10491.530636179965,229.53271322041184,327.0126342773437,5.698441573336655,5.584045358751922,554.7619425006975,229.5327132204117,2.3966991901397705,3.6233198642730713,9941.40976829402,8.547662360004983,11.39688314667331,14.246103933341638,8.376068038127883,11.168090717503844,13.960113396879803,True,1.5,45.0,233.1451252484437,22.244737738780305,1.7773199719980528,16.036432987395358,-9.993619937647608,-0.0017513950531565,1.280863,319.3993,51.29634,2023-01-23T19:33:43.558,45.0,Blue,data\RZ_Cep\2023_01_23\Light\Blue\reduced_images\star_Light_Blue_45_secs_017_reduced.fits,2,0.979925,792.0,26.14626855670316,1200.018775262929,798.531049254186,1.0,V* RZ Cep,True,0.9366122750547196,0.0033937039354391,9311.246420333076,36.93053254031037,-9.922519550799374,-0.0043062780673974,2023-01-23 19:33:43.558,0.13914607970383486,2023_01_23,2,"(0.138, 0.172]",-9.922519550799374,-0.0043062780673974
0,0,1,1183.7115922446571,859.6611018488437,10886.73031704569,10886.73031704569,216.20637055649144,338.1385498046875,5.530546495160502,5.419520774270155,526.8591278811444,216.2063705564913,2.404604434967041,3.5441694259643555,10366.839519537423,8.295819742740754,11.061092990321004,13.826366237901254,8.129281161405233,10.83904154854031,13.548801935675389,True,1.5,45.0,241.9273403787932,21.389890096577744,1.6741313038645855,16.27855527309581,-10.039115939085166,-0.0017048799480157,1.290574,319.6562,50.76022,2023-01-23T19:39:00.234,45.0,Blue,data\RZ_Cep\2023_01_23\Light\Blue\reduced_images\star_Light_Blue_45_secs_018_reduced.fits,2,0.979925,792.0,28.32344694458526,1200.1140845624352,798.5229692332622,1.0,V* RZ Cep,True,0.93854552825927,0.0036311493188924,9729.750873243329,40.625836699895785,-9.970254301143427,-0.0045334091620955,2023-01-23 19:39:00.234,0.15101904371300634,2023_01_23,2,"(0.138, 0.172]",-9.970254301143427,-0.0045334091620955
0,0,1,1184.0794519258602,859.0690358149949,10979.6014661121,10979.6014661121,227.5673967170728,340.000732421875,5.673993386913194,5.560087969670912,540.591265337924,227.56739671707288,2.338661193847656,3.190800428390503,10447.398426424948,8.51099008036979,11.347986773826388,14.184983467282986,8.340131954506367,11.120175939341824,13.90021992417728,True,1.5,45.0,243.99114369138,19.02574142098816,1.7621021138388644,16.27203082673478,-10.047520393650766,-0.0016910557320031,1.296247,319.8092,50.45352,2023-01-23T19:42:02.177,45.0,Blue,data\RZ_Cep\2023_01_23\Light\Blue\reduced_images\star_Light_Blue_45_secs_019_reduced.fits,2,0.979925,792.0,29.00499355898736,1200.02964651053,798.5332125295055,1.0,V* RZ Cep,True,0.9610557571749642,0.0029495550279709,10040.532405216358,34.55622139782507,-10.004391855358454,-0.0037367481281932,2023-01-23 19:42:02.177,0.15784053536603437,2023_01_23,2,"(0.138, 0.172]",-10.004391855358454,-0.0037367481281932
0,0,1,1184.253242388766,858.1230593000656,11096.241195477942,11096.241195477942,243.54682492316329,324.8188171386719,5.869823473465912,5.751986767236084,579.4225500000391,243.5468249231634,2.378167152404785,3.698091506958008,10517.046136373196,8.804735210198867,11.739646946931824,14.67455868366478,8.627980150854125,11.503973534472168,14.379966918090211,True,1.5,45.0,246.5831376772876,23.024347165273927,1.8858341801457776,16.477054318739963,-10.054734447735957,-0.0017010227196542,1.301949,319.9648,50.14991,2023-01-23T19:45:02.855,45.0,Blue,data\RZ_Cep\2023_01_23\Light\Blue\reduced_images\star_Light_Blue_45_secs_020_reduced.fits,2,0.979925,792.0,29.8126543878024,1200.0358519117851,798.4863304777467,1.0,V* RZ Cep,True,0.9776236912725482,0.0037341920987799,10281.713465124854,42.44787242883229,-10.030163741521296,-0.0044824427433485,2023-01-23 19:45:02.855,0.16461459905019638,2023_01_23,2,"(0.138, 0.172]",-10.030163741521296,-0.0044824427433485
0,0,1,1184.5154796112713,857.0437733621275,10855.872664968763,10855.872664968763,258.35676024579084,288.319580078125,6.045660002519735,5.924293377969152,616.5009631690766,258.35676024579084,2.3699008226394653,3.3840060234069824,10243.592766327798,9.068490003779605,12.09132000503947,15.114150006299338,8.886440066953728,11.848586755938303,14.81073344492288,True,1.5,45.0,241.24161477708367,20.46842493974608,2.0005106176069134,16.239167168744725,-10.026130761944083,-0.0017212175583729,1.307766,320.1254,49.8448,2023-01-23T19:48:05.008,45.0,Blue,data\RZ_Cep\2023_01_23\Light\Blue\reduced_images\star_Light_Blue_45_secs_021_reduced.fits,2,0.979925,792.0,30.78755016447163,1199.970415952193,798.4858803619438,1.0,V* RZ Cep,True,1.022151336622729,0.0044215307119743,10470.502037920878,48.238168565533286,-10.04991876414734,-0.0050020453530444,2023-01-23 19:48:05.008,0.17144396412098217,2023_01_23,2,"(0.138, 0.172]",-10.04991876414734,-0.0050020453530444
0,0,1,1184.517137029562,856.1863258638315,10749.727093303234,10749.727093303234,239.9969275054013,337.3439025878906,5.826887664714471,5.709912894845329,575.1897681614095,239.9969275054012,2.3857078552246094,3.3816635608673096,10177.164538123829,8.740331497071708,11.653775329428942,14.567219161786175,8.564869342267993,11.419825789690655,14.27478223711332,True,1.5,45.0,238.88282429562744,21.746003138852924,1.858346579399848,16.201455922659548,-10.019066989949202,-0.0017284290923203,1.313676,320.2902,49.53957,2023-01-23T19:51:07.868,45.0,Blue,data\RZ_Cep\2023_01_23\Light\Blue\reduced_images\star_Light_Blue_45_secs_022_reduced.fits,2,0.979925,792.0,31.43316700164728,1200.0382479596942,798.5132248661066,1.0,V* RZ Cep,True,1.0425725109010515,0.0046582721806636,10610.431986364902,50.327239967482704,-10.064332664625024,-0.0051498474886286,2023-01-23 19:51:07.868,0.17829983636488578,2023_01_23,2,"(0.172, 0.207]",-10.064332664625024,-0.0051498474886286
0,0,1,1185.5748635700663,855.2981508459287,10822.169235542784,10822.169235542784,218.1333544216788,326.5321960449219,5.555137890831956,5.443618497673505,541.1927673624414,218.1333544216789,2.449239134788513,3.487912178039551,10287.908487290517,8.332706836247933,11.110275781663912,13.88784472707989,8.165427746510256,10.88723699534701,13.609046244183762,True,1.5,45.0,240.49264967872853,19.74674584175755,1.6890523443614434,16.184203652476928,-10.03081773118367,-0.0017080027366476,1.319601,320.4571,49.23819,2023-01-23T19:54:09.050,45.0,Blue,data\RZ_Cep\2023_01_23\Light\Blue\reduced_images\star_Light_Blue_45_secs_023_reduced.fits,2,0.979925,792.0,32.79719636946834,1200.048774753453,798.5300765976882,1.0,V* RZ Cep,True,1.0396449391268097,0.0053319934261099,10695.771993011338,57.37757449626241,-10.073030340713249,-0.0058244425939991,2023-01-23 19:54:09.050,0.18509279625169484,2023_01_23,2,"(0.172, 0.207]",-10.073030340713249,-0.0058244425939991
0,0,1,1184.985259964439,854.0071537760059,10667.794540047364,10667.794540047364,226.13967191770087,324.7250061035156,5.656166476795752,5.542618934774078,542.2260491532705,226.13967191770104,2.3774996995925903,3.213079929351806,10130.147537997063,8.484249715193627,11.312332953591504,14.14041619198938,8.313928402161116,11.085237869548155,13.856547336935195,True,1.5,45.0,237.06210088994143,20.66396406528341,1.7510469410713825,16.108293264536012,-10.01403942644892,-0.0017264661870488,1.325615,320.6281,48.93684,2023-01-23T19:57:10.839,45.0,Blue,data\RZ_Cep\2023_01_23\Light\Blue\reduced_images\star_Light_Blue_45_secs_024_reduced.fits,2,0.979925,792.0,33.40672373339365,1200.0820269116796,798.4626882471628,1.0,V* RZ Cep,True,1.049945778478849,0.0041897017086657,10636.105642887924,45.68799075337041,-10.066956605753614,-0.0046638410099619,2023-01-23 19:57:10.839,0.19190851406503384,2023_01_23,2,"(0.172, 0.207]",-10.066956605753614,-0.0046638410099619
0,0,1,1185.42531218474,853.5078999589891,10413.960465522565,10413.960465522565,201.1833129089632,339.4115600585937,5.334942983518299,5.227844003124169,485.85746771377904,201.1833129089632,2.3912957906723022,3.1725430488586426,9932.87165620985,8.002414475277448,10.669885967036596,13.337357458795749,7.841766004686253,10.455688006248335,13.069610007810423,True,1.5,45.0,231.4213436782792,18.07317375719493,1.5578046155123668,15.844630700997309,-9.992687059846157,-0.0017319351138842,1.331737,320.8036,48.63472,2023-01-23T20:00:13.805,45.0,Blue,data\RZ_Cep\2023_01_23\Light\Blue\reduced_images\star_Light_Blue_45_secs_025_reduced.fits,2,0.979925,792.0,34.071621135433205,1199.999348107455,798.4898100621854,1.0,V* RZ Cep,True,1.0605606952527986,0.0065453904408532,10534.413269566736,67.15109167242214,-10.056525879787795,-0.0069209712541284,2023-01-23 20:00:13.805,0.1987683605102859,2023_01_23,2,"(0.172, 0.207]",-10.056525879787795,-0.0069209712541284
0,0,1,1185.4876710652827,852.7162588680534,10259.49016111438,10259.49016111438,210.2165069918296,328.3298034667969,5.453398223514635,5.343921254177579,494.2133820575039,210.2165069918296,2.36030387878418,3.124588966369629,9763.315324277102,8.180097335271952,10.90679644702927,13.633495558786588,8.015881881266369,10.68784250835516,13.359803135443949,True,1.5,45.0,227.9886702469862,18.50837155316349,1.627750533151549,15.751977410258728,-9.973993289697184,-0.0017517094964989,1.337882,320.981,48.33606,2023-01-23T20:03:15.327,45.0,Blue,data\RZ_Cep\2023_01_23\Light\Blue\reduced_images\star_Light_Blue_45_secs_026_reduced.fits,2,0.979925,792.0,34.72927494153691,1200.0858671448168,798.5446128371065,1.0,V* RZ Cep,True,1.076772861709487,0.002782562805784,10512.872981493943,32.02707786716072,-10.054303543044924,-0.0033076551038137,2023-01-23 20:03:15.327,0.20557406783532883,2023_01_23,2,"(0.172, 0.207]",-10.054303543044924,-0.0033076551038137
0,0,1,1185.607492704773,851.9794035005439,10059.29584513551,10059.29584513551,212.4563101214769,325.3464660644531,5.48237352871487,5.372314880125919,505.6177868020596,212.4563101214769,2.3725357055664062,3.2376134395599365,9555.235663499416,8.223560293072305,10.96474705742974,13.705933821787175,8.058472320188878,10.744629760251838,13.430787200314798,True,1.5,45.0,223.539907669678,18.923642955071,1.645093798866547,15.623976588039792,-9.95060350662914,-0.0017753112158947,1.344092,321.1617,48.03869,2023-01-23T20:06:16.779,45.0,Blue,data\RZ_Cep\2023_01_23\Light\Blue\reduced_images\star_Light_Blue_45_secs_027_reduced.fits,2,0.979925,792.0,35.384142905716274,1200.0210766884964,798.5096381135506,1.0,V* RZ Cep,True,1.0922228053646788,0.0038094470664456,10436.44630230796,40.20176042039607,-10.046381607290552,-0.0041823150830358,2023-01-23 20:06:16.779,0.21237715068778584,2023_01_23,2,"(0.207, 0.241]",-10.046381607290552,-0.0041823150830358
0,0,1,1185.7936972553955,851.3145124462064,9869.90222401041,9869.90222401041,222.0177247136148,310.63330078125,5.604380694673879,5.491872752228302,518.0289425563742,222.0177247136146,2.313903570175171,3.1210193634033203,9356.174618153407,8.40657104201082,11.208761389347758,14.010951736684698,8.237809128342452,10.983745504456603,13.729681880570752,True,1.5,45.0,219.33116053356463,17.226907017415513,1.719129838770113,15.436230025163212,-9.927745796575362,-0.0017912955334091,1.350352,321.345,47.74346,2023-01-23T20:09:17.635,45.0,Blue,data\RZ_Cep\2023_01_23\Light\Blue\reduced_images\star_Light_Blue_45_secs_028_reduced.fits,2,0.979925,792.0,36.02530272265146,1199.9991853200734,798.5303440610223,1.0,V* RZ Cep,True,1.1069114427430164,0.0047248676890741,10356.45674513578,47.393892281737934,-10.038027989091791,-0.0049686167770514,2023-01-23 20:09:17.635,0.21915788803082137,2023_01_23,2,"(0.207, 0.241]",-10.038027989091791,-0.0049686167770514
0,0,1,1185.6580073209736,850.2221009498136,9826.20095688511,9826.20095688511,203.33894233560287,337.76593017578125,5.36344812769539,5.2557769065319055,484.4903103999855,203.33894233560315,2.371811866760254,3.4227328300476074,9343.919240479048,8.045172191543084,10.72689625539078,13.408620319238477,7.883665359797858,10.511553813063813,13.139442266329764,True,1.5,45.0,218.3600212641136,17.6064798567266,1.574496106578891,15.41236507572472,-9.926322690440214,-0.0017908719385299,1.35671,321.5324,47.448,2023-01-23T20:12:19.368,45.0,Blue,data\RZ_Cep\2023_01_23\Light\Blue\reduced_images\star_Light_Blue_45_secs_029_reduced.fits,2,0.979925,792.0,36.82108842712884,1200.006288843841,798.4814768348674,1.0,V* RZ Cep,True,1.0922723187746306,0.0049295243217085,10206.104335240936,49.04103598250703,-10.022150009340864,-0.0052170374254553,2023-01-23 20:12:19.368,0.22597150626612006,2023_01_23,2,"(0.207, 0.241]",-10.022150009340864,-0.0052170374254553
0,0,1,1186.244984398308,849.6879327507118,10084.432884820964,10084.432884820964,244.9923188470852,278.68975830078125,5.887216928910698,5.769031049062816,556.1993473738004,244.99231884708493,2.2707505226135254,3.188934803009033,9528.116448762648,8.830825393366048,11.774433857821396,14.718042322276744,8.653546573594225,11.538062098125632,14.42257762265704,True,1.5,45.0,224.098508551577,17.823131555620474,1.8970269429739728,15.614693946734,-9.947517640694045,-0.0017793063965321,1.36316,321.7234,47.15282,2023-01-23T20:15:21.689,45.0,Blue,data\RZ_Cep\2023_01_23\Light\Blue\reduced_images\star_Light_Blue_45_secs_030_reduced.fits,2,0.979925,792.0,37.59868018702712,1200.1262222892565,798.4763605938057,1.0,V* RZ Cep,True,1.070232687807238,0.0028039105886087,10197.301676699606,31.512114418084508,-10.021213169122731,-0.0033551859694778,2023-01-23 20:15:21.689,0.23280717007111207,2023_01_23,2,"(0.207, 0.241]",-10.021213169122731,-0.0033551859694778
0,0,1,1186.189128137774,848.8906054142448,10607.789029975618,10607.789029975618,215.9284505503192,335.272216796875,5.526990763256032,5.416036423683668,533.80163422666,215.9284505503192,2.4439733028411865,3.559367179870605,10080.065661506776,8.29048614488405,11.053981526512064,13.81747690814008,8.124054635525502,10.832072847367336,13.540091059209168,True,1.5,45.0,235.7286451105693,17.370165124429523,1.6719793109279035,15.961540951484812,-10.00865840277803,-0.0017192371038747,1.369656,321.9169,46.85991,2023-01-23T20:18:23.368,45.0,Blue,data\RZ_Cep\2023_01_23\Light\Blue\reduced_images\star_Light_Blue_45_secs_031_reduced.fits,2,0.979925,792.0,38.2119332016422,1200.059255779288,798.56088547116,1.0,V* RZ Cep,True,1.0079591234706908,0.0019762761048983,10160.29414869938,25.606413088216875,-10.017265703262415,-0.0027363193778625,2023-01-23 20:18:23.368,0.23961876371325275,2023_01_23,2,"(0.207, 0.241]",-10.017265703262415,-0.0027363193778625
0,0,1,1187.3821434495233,847.7759590016569,10840.90087791385,10840.90087791385,228.65276595376088,332.2090148925781,5.687508179485227,5.573331452782061,568.974534306947,228.65276595376093,2.457798957824707,3.1925199031829834,10278.91834804896,8.53126226922784,11.375016358970454,14.218770448713068,8.359997179173092,11.146662905564122,13.933328631955154,True,1.5,45.0,240.9089083980856,16.318780870086716,1.770506355632084,16.09342088009272,-10.029868540493222,-0.0016999074334746,1.37623,322.1137,46.56788,2023-01-23T20:21:25.293,45.0,Blue,data\RZ_Cep\2023_01_23\Light\Blue\reduced_images\star_Light_Blue_45_secs_032_reduced.fits,2,0.979925,792.0,39.813483275857415,1200.0965648547267,798.5688380212729,1.0,V* RZ Cep,True,0.9950140570967348,0.0024091389795105,10227.668248058262,29.489745393408626,-10.024441581243014,-0.003130536058285,2023-01-23 20:21:25.293,0.24643958050191372,2023_01_23,2,"(0.241, 0.276]",-10.024441581243014,-0.003130536058285
0,0,1,1187.602171887224,847.1317379500088,10564.699883318754,10564.699883318754,210.737600973541,332.9540405273437,5.460153102474241,5.35054052894207,529.1153625366198,210.737600973541,2.5212031602859497,3.445395469665528,10033.387577753185,8.190229653711361,10.92030620494848,13.650382756185602,8.025810793413106,10.70108105788414,13.376351322355177,True,1.5,45.0,234.77110851819447,18.895019216098103,1.6317854732173445,15.97804472416791,-10.00361897211615,-0.0017290213802503,1.382813,322.3115,46.27984,2023-01-23T20:24:25.537,45.0,Blue,data\RZ_Cep\2023_01_23\Light\Blue\reduced_images\star_Light_Blue_45_secs_033_reduced.fits,2,0.979925,792.0,40.464616246554925,1199.9530157270024,798.4889352164695,1.0,V* RZ Cep,True,1.0243718204220482,0.00409045477806,10277.919498022997,44.18446656813932,-10.02976302935914,-0.0046675472648118,2023-01-23 20:24:25.537,0.253197372456043,2023_01_23,2,"(0.241, 0.276]",-10.02976302935914,-0.0046675472648118
0,0,1,1187.9389553252076,845.9569159998732,10787.175995077365,10787.175995077365,227.156478359688,321.64422607421875,5.668868308483253,5.555065777190452,566.5460454752476,227.156478359688,2.4705119132995605,3.5926523208618164,10225.98320910658,8.503302462724879,11.337736616966506,14.172170771208132,8.332598665785676,11.110131554380905,13.887664442976131,True,1.5,45.0,239.7150221128303,20.471559888340234,1.7589202867555096,16.18473052873992,-10.024262688217068,-0.0017184017947201,1.389571,322.5155,45.98848,2023-01-23T20:27:28.679,45.0,Blue,data\RZ_Cep\2023_01_23\Light\Blue\reduced_images\star_Light_Blue_45_secs_034_reduced.fits,2,0.979925,792.0,41.61736597025304,1199.973115325837,798.4890384106737,1.0,V* RZ Cep,True,1.015284087243685,0.0055062066837162,10382.278028627024,58.65511052627171,-10.04073163684392,-0.0061339117404549,2023-01-23 20:27:28.679,0.26006381757522945,2023_01_23,2,"(0.241, 0.276]",-10.04073163684392,-0.0061339117404549
0,0,1,1188.0323021979511,845.154911112478,11167.174709022493,11167.174709022493,247.09542477992963,313.6785888671875,5.912431969568109,5.793739897779029,606.0100103436366,247.09542477992963,2.453061580657959,3.1688761711120605,10561.034415738488,8.868647954352163,11.824863939136218,14.781079923920274,8.690609846668544,11.58747979555806,14.484349744447576,True,1.5,45.0,248.1594379782776,19.597773773787296,1.9133117336045904,16.421648013694288,-10.059266144700382,-0.0016882416142581,1.396349,322.7209,45.70057,2023-01-23T20:30:30.499,45.0,Blue,data\RZ_Cep\2023_01_23\Light\Blue\reduced_images\star_Light_Blue_45_secs_035_reduced.fits,2,0.979925,792.0,42.32885267182372,1200.0184837576996,798.4378622983941,1.0,V* RZ Cep,True,0.9870836039619182,0.0023572639117315,10424.623912652998,29.707194926317985,-10.045150989904476,-0.0030940374773771,2023-01-23 20:30:30.499,0.26688069765501155,2023_01_23,2,"(0.241, 0.276]",-10.045150989904476,-0.0030940374773771
0,0,1,1166.8544116161297,879.7438036811227,9815.58953666496,9815.58953666496,197.9599539310585,353.67413330078125,5.292032182850981,5.1857946367802485,647.9020977995071,197.9599539310585,3.2654905319213867,4.5943121910095215,9169.153181403495,7.938048274276472,10.584064365701964,13.230080457127452,7.778691955170372,10.371589273560495,12.96448659195062,False,1.5,30.0,327.186317888832,26.99414416125111,3.4489023084877743,18.911091040936025,-9.905823070465734,-0.0022392968912619,1.557804,327.7706,39.89022,2023-02-23T19:33:34.241,30.0,Blue,data\RZ_Cep\2023_02_23\Light\Blue\reduced_images\RZ_Cep_Light_Blue_30_secs_001_reduced.fits,2,0.979925,792.0,2.8658859412232727,1200.032050211357,798.5034824373485,1.0,V* RZ Cep,True,0.8361132769608216,0.0035490386718634,7666.450713459019,36.179750669947175,-9.7114858700033,-0.0051238397857983,2023-02-23 19:33:34.241,0.5586163954491781,2023_02_23,3,"(0.552, 0.586]",-9.7114858700033,-0.0051238397857983
0,0,1,1167.120805951629,879.0679555977072,9832.14969651706,9832.14969651706,188.2611914329511,402.7171020507813,5.160766455472697,5.057164068879082,606.8490973682898,188.2611914329512,3.220335960388184,4.348875045776367,9225.885411800004,7.741149683209045,10.321532910945391,12.901916138681742,7.585746103318623,10.114328137758164,12.642910172197706,False,1.5,30.0,327.7383232172353,25.46160176221409,3.279928312965192,18.88067406880418,-9.91252014060258,-0.0022219473244833,1.563657,327.955,39.7106,2023-02-23T19:35:46.458,30.0,Blue,data\RZ_Cep\2023_02_23\Light\Blue\reduced_images\RZ_Cep_Light_Blue_30_secs_002_reduced.fits,2,0.979925,792.0,3.257013441109672,1200.0453994863706,798.4564946068815,1.0,V* RZ Cep,True,0.8365876426531045,0.0049824755835713,7718.261728045431,48.60582940015149,-9.71879875377924,-0.0068374344640688,2023-02-23 19:35:46.458,0.5635735367621066,2023_02_23,3,"(0.552, 0.586]",-9.71879875377924,-0.0068374344640688
0,0,1,1166.9208894160708,877.5924223645602,9766.560270309785,9766.560270309785,197.8378644619941,355.7491455078125,5.290400031912796,5.184195251272147,644.8336159153766,197.8378644619941,3.252083778381348,4.229594230651856,9123.174960543323,7.935600047869194,10.580800063825592,13.22600007978199,7.7762928769082205,10.368390502544294,12.960488128180367,False,1.5,30.0,325.5520090103261,27.16372683200105,3.4467752386267416,18.872268307783088,-9.900365009167023,-0.0022459620752959,1.569699,328.1465,39.52709,2023-02-23T19:38:00.933,30.0,Blue,data\RZ_Cep\2023_02_23\Light\Blue\reduced_images\RZ_Cep_Light_Blue_30_secs_003_reduced.fits,2,0.979925,792.0,3.7852377800588135,1200.049880158024,798.5514593460646,1.0,V* RZ Cep,True,0.8321498874626465,0.0020158653326354,7591.849016718161,24.183989479520417,-9.700868906129037,-0.0034586347667851,2023-02-23 19:38:00.933,0.5686153360620949,2023_02_23,3,"(0.552, 0.586]",-9.700868906129037,-0.0034586347667851
0,0,1,1167.7373026578791,876.8576248781288,9698.757712217812,9698.757712217812,200.1552794476228,341.7504272460937,5.321294922606615,5.214469927035288,653.0007671895048,200.15527944762283,3.25481116771698,4.4119720458984375,9047.290073394175,7.981942383909923,10.64258984521323,13.303237306516538,7.821704890552931,10.428939854070576,13.036174817588218,False,1.5,30.0,323.29192374059375,30.999684158149705,3.487149757487472,18.91504051426353,-9.89129628712558,-0.0022699332213516,1.575779,328.3335,39.34432,2023-02-23T19:40:13.916,30.0,Blue,data\RZ_Cep\2023_02_23\Light\Blue\reduced_images\RZ_Cep_Light_Blue_30_secs_004_reduced.fits,2,0.979925,792.0,4.882822192456452,1200.042610583458,798.5274910615008,1.0,V* RZ Cep,True,0.8363054303004573,0.003350916168498,7566.297817882972,34.195552739049845,-9.697208579015411,-0.0049069373878929,2023-02-23 19:40:13.916,0.5736011966035335,2023_02_23,3,"(0.552, 0.586]",-9.697208579015411,-0.0049069373878929
0,0,1,1166.537361923661,876.1716785146726,9473.448699430925,9473.448699430925,175.49601807591995,410.6573791503906,4.982730957548594,4.882702633575806,585.3183444988811,175.4960180759199,3.288154602050781,5.090817928314209,8896.390659953,7.474096436322892,9.965461915097189,12.456827393871484,7.3240539503637105,9.765405267151612,12.206756583939516,True,1.5,30.0,315.7816233143641,28.28338117803795,3.0575306260338047,18.63122473479497,-9.873034613690931,-0.0022737979936752,1.58157,328.5272,39.17197,2023-02-23T19:42:25.269,30.0,Blue,data\RZ_Cep\2023_02_23\Light\Blue\reduced_images\RZ_Cep_Light_Blue_30_secs_005_reduced.fits,2,0.979925,792.0,4.592847801382293,1200.0331160028045,798.4873171487936,1.0,V* RZ Cep,True,0.8440463810361539,0.0024253272753296,7508.966340817171,26.69919972003708,-9.688950393983207,-0.0038604897742766,2023-02-23 19:42:25.269,0.5785259444262465,2023_02_23,3,"(0.552, 0.586]",-9.688950393983207,-0.0038604897742766
0,0,1,1166.89121263126,875.0527028765309,9604.42200457849,9604.42200457849,198.35784088545745,353.45416259765625,5.297347837714534,5.191003579872415,642.6647564901531,198.35784088545745,3.2197115421295166,4.340263843536377,8965.766974807691,7.946021756571802,10.594695675429069,13.243369594286335,7.786505369808623,10.38200715974483,12.977508949681038,False,1.5,30.0,320.14740015261634,25.98503283479201,3.455834383426636,18.69727967836057,-9.88146861781275,-0.0022642026649058,1.587631,328.7106,38.99341,2023-02-23T19:44:37.391,30.0,Blue,data\RZ_Cep\2023_02_23\Light\Blue\reduced_images\RZ_Cep_Light_Blue_30_secs_006_reduced.fits,2,0.979925,792.0,5.730170966650375,1199.9371115557358,798.466477796535,1.0,V* RZ Cep,True,0.8400152983788884,0.0021774388852633,7531.381420538667,25.055996185240776,-9.69218660660148,-0.0036121131948528,2023-02-23 19:44:37.391,0.5834795239548498,2023_02_23,3,"(0.552, 0.586]",-9.69218660660148,-0.0036121131948528
0,0,1,1167.093951046652,874.229935190104,9427.812485101547,9427.812485101547,198.87269775632768,358.5025939941406,5.304218270516404,5.197736088735787,642.4712804824826,198.8726977563277,3.2079901695251465,4.345358371734619,8789.830825712303,7.956327405774605,10.608436541032807,13.26054567629101,7.79660413310368,10.395472177471571,12.994340221839469,False,1.5,30.0,314.2604161700516,29.32959360140005,3.464804334243575,18.62940723978343,-9.859951291163764,-0.0023011389313942,1.59378,328.905,38.81404,2023-02-23T19:46:50.161,30.0,Blue,data\RZ_Cep\2023_02_23\Light\Blue\reduced_images\RZ_Cep_Light_Blue_30_secs_007_reduced.fits,2,0.979925,792.0,6.547226969448855,1200.07294881145,798.5299589668759,1.0,V* RZ Cep,True,0.8446557701820541,0.0033053318449247,7424.381325861985,33.04086328782835,-9.676650674279935,-0.0048318721700213,2023-02-23 19:46:50.161,0.5884573986012072,2023_02_23,3,"(0.586, 0.621]",-9.676650674279935,-0.0048318721700213
0,0,1,1166.9660808229444,872.9517006644572,9498.75090625801,9498.75090625801,226.2998897884364,313.99755859375,5.658169792902671,5.5445820343101495,717.2844104539186,226.2998897884363,3.1535959243774414,4.079421043395996,8785.092496134133,8.487254689354007,11.31633958580534,14.145424482256676,8.316873051465226,11.0891640686203,13.861455085775374,False,1.5,30.0,316.6250302086003,27.185106219804773,3.942646968758536,18.64813082850836,-9.85936584609484,-0.0023046940940561,1.599853,329.097,38.63873,2023-02-23T19:49:00.662,30.0,Blue,data\RZ_Cep\2023_02_23\Light\Blue\reduced_images\RZ_Cep_Light_Blue_30_secs_008_reduced.fits,2,0.979925,792.0,7.646970574786526,1200.056100844629,798.4239408587383,1.0,V* RZ Cep,True,0.8413885192927345,0.0051433509299274,7391.675967172011,47.83151290837865,-9.671857300578273,-0.0070257957090685,2023-02-23 19:49:00.662,0.5933502028432542,2023_02_23,3,"(0.586, 0.621]",-9.671857300578273,-0.0070257957090685
0,0,1,1166.62747247699,872.5891546297048,9436.762520898605,9436.762520898605,208.7664328174813,323.0215759277344,5.434556895731793,5.325458166049978,672.2935914817748,208.7664328174814,3.199818849563598,4.432727813720703,8768.747754013073,8.15183534359769,10.869113791463588,13.586392239329484,7.988187249074966,10.650916332099955,13.313645415124943,False,1.5,30.0,314.5587506966201,31.98108120748031,3.637175185086785,18.71301704934796,-9.85734394283562,-0.0023170241271263,1.605963,329.2904,38.46406,2023-02-23T19:51:11.442,30.0,Blue,data\RZ_Cep\2023_02_23\Light\Blue\reduced_images\RZ_Cep_Light_Blue_30_secs_009_reduced.fits,2,0.979925,792.0,7.862839227643286,1200.1011144843285,798.5424049298016,1.0,V* RZ Cep,True,0.8477915235454871,0.0039318823873336,7434.070017960812,37.95261045485028,-9.678066617979042,-0.0055429291271614,2023-02-23 19:51:11.442,0.5982534674831754,2023_02_23,3,"(0.586, 0.621]",-9.678066617979042,-0.0055429291271614
0,0,1,1165.8707934136858,871.5648672045772,9280.219137173524,9280.219137173524,225.78005470735604,269.91607666015625,5.6516673455801625,5.538210123617641,715.3028341761133,225.780054707356,3.1325478553771973,4.270504951477051,8572.95231101305,8.477501018370244,11.303334691160323,14.129168363950406,8.307315185426463,11.076420247235282,13.845525309044104,False,1.5,30.0,309.3406379057841,32.93676838726182,3.933590286457047,18.606745996533167,-9.832826019680336,-0.0023564831633581,1.612124,329.4855,38.28975,2023-02-23T19:53:22.686,30.0,Blue,data\RZ_Cep\2023_02_23\Light\Blue\reduced_images\RZ_Cep_Light_Blue_30_secs_010_reduced.fits,2,0.979925,792.0,8.640100304574398,1199.9130250198823,798.5245970553771,1.0,V* RZ Cep,True,0.8413514853146373,0.0035391053716742,7212.866160402383,34.141237123245894,-9.64526968409433,-0.0051392021417838,2023-02-23 19:53:22.686,0.6031741286271028,2023_02_23,3,"(0.586, 0.621]",-9.64526968409433,-0.0051392021417838
0,0,1,1166.4596555130324,870.40973798787,9240.507103381286,9240.507103381286,216.96913548167743,306.7427062988281,5.540293647274512,5.429072252305477,702.7035126922705,216.9691354816776,3.2281090021133423,4.333918571472168,8540.107083952133,8.310440470911768,11.080587294549025,13.85073411818628,8.143608378458215,10.858144504610951,13.572680630763692,False,1.5,30.0,308.0169034460429,26.33055728574309,3.780084493725224,18.388244756515267,-9.828658290796852,-0.0023377672993841,1.618297,329.6811,38.1168,2023-02-23T19:55:33.659,30.0,Blue,data\RZ_Cep\2023_02_23\Light\Blue\reduced_images\RZ_Cep_Light_Blue_30_secs_011_reduced.fits,2,0.979925,792.0,9.900658094495247,1200.0243387223595,798.4683041413199,1.0,V* RZ Cep,True,0.853925788429753,0.004570318731935,7292.617674938343,42.07111623266874,-9.6572086142527,-0.0062636128896997,2023-02-23 19:55:33.659,0.6080846293128843,2023_02_23,3,"(0.586, 0.621]",-9.6572086142527,-0.0062636128896997
0,0,1,1166.4607723734132,869.7428451515066,9209.0016603271,9209.0016603271,207.17509377843783,308.0288391113281,5.413804598564291,5.305122471248113,680.4794994260446,207.17509377843777,3.2584996223449707,4.456606864929199,8533.921695490775,8.120706897846437,10.827609197128584,13.534511496410728,7.957683706872171,10.610244942496228,13.262806178120282,False,1.5,30.0,306.9667220109033,29.42239404027111,3.609450522717673,18.43905004532208,-9.82787163398919,-0.0023459254642717,1.624534,329.879,37.94381,2023-02-23T19:57:45.453,30.0,Blue,data\RZ_Cep\2023_02_23\Light\Blue\reduced_images\RZ_Cep_Light_Blue_30_secs_012_reduced.fits,2,0.979925,792.0,10.548204883283498,1200.1122198483624,798.5221260161516,1.0,V* RZ Cep,True,0.855693955206768,0.0045347312874994,7302.425209039349,41.7919479036549,-9.658667794131825,-0.0062136933426166,2023-02-23 19:57:45.453,0.6130259113128602,2023_02_23,3,"(0.586, 0.621]",-9.658667794131825,-0.0062136933426166
0,0,1,1166.6320635695745,869.1310054471812,9121.450464871945,9121.450464871945,198.71154369223265,330.1529235839844,5.302068730686581,5.195629700918048,650.9313729407222,198.71154369223268,3.2831850051879883,4.712863922119141,8469.04370426385,7.953103096029871,10.604137461373162,13.255171826716452,7.793444551377071,10.391259401836097,12.98907425229512,False,1.5,30.0,304.0483488290648,27.25200439183476,3.461996672326897,18.29651195974868,-9.819585935092316,-0.0023456232071972,1.630935,330.0821,37.76809,2023-02-23T20:00:00.114,30.0,Blue,data\RZ_Cep\2023_02_23\Light\Blue\reduced_images\RZ_Cep_Light_Blue_30_secs_013_reduced.fits,2,0.979925,792.0,11.183148090921687,1199.997011650984,798.5532412985037,1.0,V* RZ Cep,True,0.8499015814455328,0.0042642569081117,7197.853637585179,39.31976160648881,-9.643007528466802,-0.0059310581859713,2023-02-23 20:00:00.114,0.6180746842114502,2023_02_23,3,"(0.586, 0.621]",-9.643007528466802,-0.0059310581859713
0,0,1,1166.016162026791,867.8085781668799,9054.623577883469,9054.623577883469,233.4233062864753,279.3099670410156,5.746533101954877,5.631171449933133,769.716044376988,233.4233062864754,3.2720842361450195,4.285906791687012,8290.84285703464,8.619799652932315,11.493066203909754,14.366332754887193,8.4467571748997,11.262342899866264,14.077928624832833,False,1.5,30.0,301.8207859294489,33.85119714738069,4.066752713968814,18.43200303251924,-9.796496709232168,-0.0024137826954032,1.637425,330.2884,37.59171,2023-02-23T20:02:16.129,30.0,Blue,data\RZ_Cep\2023_02_23\Light\Blue\reduced_images\RZ_Cep_Light_Blue_30_secs_014_reduced.fits,2,0.979925,792.0,12.357009170157353,1199.9231020150046,798.5131495227837,1.0,V* RZ Cep,True,0.8742755587430324,0.0046480688968272,7248.48127128464,41.770045974495794,-9.65061755277434,-0.0062566556346891,2023-02-23 20:02:16.129,0.6231742219083571,2023_02_23,3,"(0.621, 0.655]",-9.65061755277434,-0.0062566556346891
0,0,1,1165.937287851964,866.8630152595396,8984.685353333685,8984.685353333685,250.5804665880996,261.0366516113281,5.95398054710886,5.83445438762565,800.0666769054383,250.5804665880995,3.1985085010528564,4.082909107208252,8183.201600753858,8.93097082066329,11.90796109421772,14.88495136777215,8.751681581438476,11.6689087752513,14.586135969064124,False,1.5,30.0,299.4895117777895,31.904304667826583,4.365668573446,18.323741021392497,-9.78230812638716,-0.002431169364287,1.643762,330.4899,37.42125,2023-02-23T20:04:28.400,30.0,Blue,data\RZ_Cep\2023_02_23\Light\Blue\reduced_images\RZ_Cep_Light_Blue_30_secs_015_reduced.fits,2,0.979925,792.0,13.27906067056165,1200.0793398623334,798.5108611556637,1.0,V* RZ Cep,True,0.8583243130573384,0.0024834258482801,7023.840892576766,25.69746754909916,-9.616436662904793,-0.0039722811657281,2023-02-23 20:04:28.400,0.6281333878144153,2023_02_23,3,"(0.621, 0.655]",-9.616436662904793,-0.0039722811657281
0,0,1,1166.246130436935,866.6831871330663,9037.268899351908,9037.268899351908,239.784573630994,247.28680419921875,5.824309223365671,5.707386215706606,783.7248535680632,239.784573630994,3.2743923664093018,4.150923728942871,8252.120121871872,8.736463835048507,11.648618446731344,14.560773058414178,8.561079323559909,11.414772431413212,14.268465539266511,False,1.5,30.0,301.2422966450636,26.70786861779758,4.177580127259983,18.224372290702394,-9.791413852871791,-0.0023977911752111,1.650056,330.6903,37.25361,2023-02-23T20:06:39.293,30.0,Blue,data\RZ_Cep\2023_02_23\Light\Blue\reduced_images\RZ_Cep_Light_Blue_30_secs_016_reduced.fits,2,0.979925,792.0,13.504910472589389,1200.0170161093213,798.4897334951637,1.0,V* RZ Cep,True,0.862657337969959,0.0025339521017642,7118.751976942323,26.161232952866317,-9.631009655076824,-0.0039900530135113,2023-02-23 20:06:39.293,0.6330408891029435,2023_02_23,3,"(0.621, 0.655]",-9.631009655076824,-0.0039900530135113
0,0,1,1165.784873444721,865.3654808248772,8600.006011649752,8600.006011649752,190.2112483283984,334.0741577148437,5.187425857303161,5.083288283217801,650.5104925528932,190.21124832839843,3.4278690814971924,4.379316329956055,7947.98675455185,7.781138785954742,10.374851714606322,12.968564643257904,7.6249324248267,10.166576566435602,12.7082207080445,False,1.5,30.0,286.6668670549917,26.70119711088368,3.313902637543652,17.79556031158949,-9.75064283669905,-0.0024309658169956,1.656629,330.8997,37.08029,2023-02-23T20:08:55.488,30.0,Blue,data\RZ_Cep\2023_02_23\Light\Blue\reduced_images\RZ_Cep_Light_Blue_30_secs_017_reduced.fits,2,0.979925,792.0,14.7429618700147,1199.9695523434646,798.456439724648,1.0,V* RZ Cep,True,0.8739504079921423,0.004072099653457,6946.146266856732,35.90781455847245,-9.604359810314756,-0.0056126682050875,2023-02-23 20:08:55.488,0.6381471754436348,2023_02_23,3,"(0.621, 0.655]",-9.604359810314756,-0.0056126682050875
0,0,1,1164.8235320970823,864.1527717503205,8694.534992901798,8694.534992901798,217.1750228184751,307.229736328125,5.542921684266879,5.431647531455222,717.697485502682,217.1750228184751,3.318237900733948,4.1470489501953125,7973.896601092773,8.314382526400319,11.08584336853376,13.857304210667198,8.147471297182832,10.863295062910444,13.579118828638055,False,1.5,30.0,289.8178330967266,24.59443130088876,3.783671508659655,17.838047424151416,-9.75417649947659,-0.0024288519000785,1.663174,331.1086,36.90944,2023-02-23T20:11:10.613,30.0,Blue,data\RZ_Cep\2023_02_23\Light\Blue\reduced_images\RZ_Cep_Light_Blue_30_secs_018_reduced.fits,2,0.979925,792.0,15.86861204744648,1200.0764414461728,798.4595739250542,1.0,V* RZ Cep,True,0.8744094560684912,0.0043519494952759,6972.4505897079225,38.046268032646765,-9.6084636132996,-0.0059244895503385,2023-02-23 20:11:10.613,0.6432133448462309,2023_02_23,3,"(0.621, 0.655]",-9.6084636132996,-0.0059244895503385
0,0,1,1165.5210082872638,863.977843188318,8572.43652108054,8572.43652108054,211.64135518703205,298.30877685546875,5.471848587954223,5.362001227551042,702.3010513944641,211.64135518703205,3.33030366897583,4.266897201538086,7867.606539394152,8.207772881931334,10.943697175908444,13.679621469885555,8.043001841326562,10.724002455102084,13.405003068877605,False,1.5,30.0,285.74788403601804,27.801431600886065,3.687262721480736,17.81113635786288,-9.739606581587136,-0.0024579515377118,1.669576,331.313,36.744,2023-02-23T20:13:22.324,30.0,Blue,data\RZ_Cep\2023_02_23\Light\Blue\reduced_images\RZ_Cep_Light_Blue_30_secs_019_reduced.fits,2,0.979925,792.0,16.094190725477677,1200.0833330161877,798.5255154572743,1.0,V* RZ Cep,True,0.8827732354447893,0.004627123956645,6945.312479987557,39.65474128724451,-9.604229475177387,-0.0061990858481799,2023-02-23 20:13:22.324,0.6481515149715733,2023_02_23,3,"(0.621, 0.655]",-9.604229475177387,-0.0061990858481799
0,0,1,1165.478538008264,862.7933166749013,8552.448851264246,8552.448851264246,225.53705408153647,278.32098388671875,5.648625162714723,5.535229012573224,739.4574555672202,225.53705408153647,3.279297351837158,4.208580017089844,7812.845787073509,8.472937744072084,11.297250325429443,14.121562906786806,8.302843518859838,11.070458025146449,13.83807253143306,False,1.5,30.0,285.08162837547485,29.404354102770863,3.9293566755538807,17.844196231654696,-9.732023130310615,-0.0024797737497354,1.676055,331.5202,36.57821,2023-02-23T20:15:35.196,30.0,Blue,data\RZ_Cep\2023_02_23\Light\Blue\reduced_images\RZ_Cep_Light_Blue_30_secs_020_reduced.fits,2,0.979925,792.0,17.27009049461262,1200.1221094637797,798.4815173954446,1.0,V* RZ Cep,True,0.883630466960836,0.0034490213327232,6903.668571124766,31.22086977575193,-9.5976998343799,-0.0049100892243513,2023-02-23 20:15:35.196,0.653133213849344,2023_02_23,3,"(0.621, 0.655]",-9.5976998343799,-0.0049100892243513
0,0,1,1164.2115823830045,862.3865977171698,8574.699429751634,8574.699429751634,232.07443502685,293.6507263183594,5.729905448107388,5.614877596236632,749.5878153174264,232.07443502684995,3.2306554317474365,4.589841365814209,7824.946895662423,8.594858172161082,11.459810896214776,14.32476362026847,8.422316394354949,11.229755192473265,14.03719399059158,False,1.5,30.0,285.82331432505447,29.106267231587577,4.043252379134453,17.85981057950438,-9.733703497175917,-0.0024781053743686,1.682629,331.7307,36.41164,2023-02-23T20:17:49.569,30.0,Blue,data\RZ_Cep\2023_02_23\Light\Blue\reduced_images\RZ_Cep_Light_Blue_30_secs_021_reduced.fits,2,0.979925,792.0,17.61467306201296,1199.9852735491413,798.4796833765505,1.0,V* RZ Cep,True,0.8756175643615036,0.0057515134774064,6851.66094203804,47.64487726159528,-9.5894896588491,-0.007549960316452,2023-02-23 20:17:49.569,0.6581711889179189,2023_02_23,3,"(0.655, 0.69]",-9.5894896588491,-0.007549960316452
0,0,1,1163.9965508775474,861.5844450337177,8465.958093525613,8465.958093525613,224.5685072908661,277.9786071777344,5.636483379484819,5.523330975641661,719.9978942449153,224.5685072908661,3.235487937927246,4.230204582214356,7739.369396947688,8.454725069227228,11.272966758969638,14.091208448712049,8.284996463462493,11.046661951283324,13.808327439104154,False,1.5,30.0,282.1986031175204,27.66711856171652,3.9124824381342007,17.71378570823784,-9.72176393963264,-0.002485021386154,1.689155,331.9399,36.24792,2023-02-23T20:20:02.565,30.0,Blue,data\RZ_Cep\2023_02_23\Light\Blue\reduced_images\RZ_Cep_Light_Blue_30_secs_022_reduced.fits,2,0.979925,792.0,18.415555289282263,1200.0463867851377,798.4737635484247,1.0,V* RZ Cep,True,0.8824491576824527,0.0035397116181996,6829.600005329839,31.541048394679656,-9.585988171881354,-0.00501424068048,2023-02-23 20:20:02.565,0.6631575368614335,2023_02_23,3,"(0.655, 0.69]",-9.585988171881354,-0.00501424068048
0,0,1,1165.0428344306215,860.9643240029095,8476.507999581832,8476.507999581832,265.7043177397689,223.068359375,6.131025331624125,6.007944998091771,849.5499836442568,265.7043177397689,3.2018892765045166,4.174755096435547,7625.752193889917,9.196537997436188,12.26205066324825,15.327563329060313,9.011917497137658,12.015889996183542,15.019862495229424,False,1.5,30.0,282.55026665272777,33.551793249659234,4.629159669066197,17.90897036603314,-9.70570672088111,-0.0025498360059381,1.695563,332.1456,36.08874,2023-02-23T20:22:12.747,30.0,Blue,data\RZ_Cep\2023_02_23\Light\Blue\reduced_images\RZ_Cep_Light_Blue_30_secs_023_reduced.fits,2,0.979925,792.0,19.064219478276502,1199.987185219098,798.4528081240489,1.0,V* RZ Cep,True,0.8760190045552041,0.0034806810851208,6680.303845876109,30.83266056735693,-9.561990540764578,-0.0050111696472703,2023-02-23 20:22:12.747,0.6680383810069941,2023_02_23,3,"(0.655, 0.69]",-9.561990540764578,-0.0050111696472703
0,0,1,1163.8143637372273,860.3236176605649,8348.663847984648,8348.663847984648,238.24578449546988,262.9134216308594,5.805590736389688,5.689043502356665,765.339870949884,238.24578449547,3.2059134244918823,4.447510719299316,7584.868489142021,8.70838610458453,11.611181472779377,14.51397684097422,8.533565253534997,11.37808700471333,14.222608755891663,False,1.5,30.0,278.2887949328216,30.05449841477524,4.150771000987741,17.67750164329181,-9.699870137844751,-0.0025304464502276,1.70204,332.3538,35.92936,2023-02-23T20:24:23.986,30.0,Blue,data\RZ_Cep\2023_02_23\Light\Blue\reduced_images\RZ_Cep_Light_Blue_30_secs_024_reduced.fits,2,0.979925,792.0,19.677258009938544,1200.1144085098244,798.4325322204414,1.0,V* RZ Cep,True,0.8683537426920238,0.0035055667368316,6586.34894037327,30.70213931646801,-9.546611839043363,-0.0050611385034708,2023-02-23 20:24:23.986,0.6729588546886021,2023_02_23,3,"(0.655, 0.69]",-9.546611839043363,-0.0050611385034708
0,0,1,1163.434636198307,859.6370805006679,8103.899312438756,8103.899312438756,203.8368331905537,297.4434509277344,5.370010518216451,5.262207557063256,667.6301918439692,203.8368331905536,3.281723976135254,4.168185710906982,7434.963089737834,8.055015777324677,10.740021036432902,13.425026295541128,7.893311335594884,10.524415114126512,13.155518892658138,False,1.5,30.0,270.1299770812919,26.95568037670916,3.5512906049198687,17.338885433121728,-9.678197042110307,-0.0025320173668215,1.708489,332.5614,35.77218,2023-02-23T20:26:34.318,30.0,Blue,data\RZ_Cep\2023_02_23\Light\Blue\reduced_images\RZ_Cep_Light_Blue_30_secs_025_reduced.fits,2,0.979925,792.0,20.37076647464554,1200.032098843804,798.437803611444,1.0,V* RZ Cep,True,0.8851372050038742,0.0065205553498281,6580.962448557515,50.85133583620438,-9.545723531729216,-0.0083895230840867,2023-02-23 20:26:34.318,0.6778453227039449,2023_02_23,3,"(0.655, 0.69]",-9.545723531729216,-0.0083895230840867
0,0,1,1164.8784895920007,858.3190783575527,8147.00549293077,8147.00549293077,215.7425495629691,284.1206970214844,5.52461105303208,5.4137044861424615,715.4775792425194,215.7425495629692,3.2892091274261475,4.165688514709473,7437.383129734064,8.28691657954812,11.04922210606416,13.8115276325802,8.12055672921369,10.827408972284925,13.534261215356157,False,1.5,30.0,271.566849764359,27.093084205525784,3.7587146412748393,17.390188285673034,-9.678550385829622,-0.0025386828538966,1.720642,332.9535,35.48001,2023-02-23T20:30:39.034,30.0,Blue,data\RZ_Cep\2023_02_23\Light\Blue\reduced_images\RZ_Cep_Light_Blue_30_secs_026_reduced.fits,2,0.979925,792.0,21.69871210992009,1200.0368174894966,798.476763675316,1.0,V* RZ Cep,True,0.8838407533865097,0.0043265979192819,6573.462308608272,35.660929091308304,-9.544485442718656,-0.0058901017442577,2023-02-23 20:30:39.034,0.6870203288947323,2023_02_23,3,"(0.655, 0.69]",-9.544485442718656,-0.0058901017442577
0,0,1,1210.6312882423783,880.7054382652727,15609.615993828278,15609.615993828278,175.53497463369197,706.0789184570312,4.983283959484507,4.883244533997856,354.2112029764878,175.5349746336919,1.979836344718933,3.293156623840332,15262.08547127918,7.474925939226761,9.966567918969014,12.458209898711267,7.324866800996784,9.766489067995712,12.20811133499464,False,1.5,12.0,1300.8013328190232,41.26096256604086,19.113808349002014,36.89412017834368,-10.459034703441992,-0.0026246270272635,1.04071,333.8421,73.91041,2023-11-10T20:37:22.567,12.0,Blue,data\RZ_Cep\2023_11_10\Light\Blue\reduced_images\Light_Blue_12_secs_001_reduced.fits,2,0.979925,792.0,46.63662387319523,1200.0506066608884,798.5468429864394,1.0,V* RZ Cep,True,0.6830074287468154,0.0031787116506845,10424.117755052524,54.667844893520176,-10.045098271746134,-0.0056939934708841,2023-11-10 20:37:22.567,0.932895085403743,2023_11_10,4,"(0.931, 0.966]",-10.045098271746134,-0.0056939934708841
0,0,1,1212.631389113663,881.0196913711379,15884.994315843927,15884.994315843927,216.5116606027616,573.4896240234375,5.534449768653252,5.423345689547538,394.3526284936975,216.5116606027617,1.745124578475952,3.200855731964112,15507.154495399403,8.301674652979877,11.068899537306503,13.83612442163313,8.135018534321306,10.846691379095075,13.558364223868846,False,1.5,12.0,1323.7495263203273,53.54508102407515,23.575714154522927,37.42820222103816,-10.47633028429538,-0.0026205422950062,1.041254,333.3953,73.80683,2023-11-10T20:38:53.883,12.0,Blue,data\RZ_Cep\2023_11_10\Light\Blue\reduced_images\Light_Blue_12_secs_002_reduced.fits,2,0.979925,792.0,48.64207826169544,1200.058314298573,798.544898714143,1.0,V* RZ Cep,True,0.6830547272635918,0.0017697239687557,10592.235184489422,37.506460716017486,-10.062469037629558,-0.0038445258816901,2023-11-10 20:38:53.883,0.9363187473845755,2023_11_10,4,"(0.931, 0.966]",-10.062469037629558,-0.0038445258816901
0,0,1,1210.7268018768043,879.6638377799956,15728.073498273983,15728.073498273983,179.88523496690698,683.8074951171875,5.044656079829453,4.943384609026877,368.6012704815083,179.8852349669069,2.019617795944214,4.337155342102051,15364.774076507212,7.56698411974418,10.089312159658906,12.611640199573632,7.415076913540315,9.886769218053754,12.358461522567191,False,1.5,12.0,1310.672791522832,62.21591279274174,19.5875033630632,37.31589751940367,-10.46631544694347,-0.0026368901194459,1.042858,332.2205,73.50559,2023-11-10T20:43:08.256,12.0,Blue,data\RZ_Cep\2023_11_10\Light\Blue\reduced_images\Light_Blue_12_secs_003_reduced.fits,2,0.979925,792.0,46.72801107122237,1200.0822816812156,798.5267743476368,1.0,V* RZ Cep,True,0.6924738054935283,0.0025016759638889,10639.70357530726,46.316043181588185,-10.06732382144794,-0.0047263539428013,2023-11-10 20:43:08.256,0.9458558183148398,2023_11_10,4,"(0.931, 0.966]",-10.06732382144794,-0.0047263539428013
0,0,1,1212.2965584567692,879.4899169246964,15899.62085604078,15899.62085604078,201.22784564463296,629.3871459960938,5.335533406392884,5.228422573259547,377.4126051459558,201.22784564463296,1.8465227484703064,3.4105334281921387,15528.049061432292,8.003300109589325,10.671066812785767,13.33883351598221,7.84263385988932,10.456845146519091,13.071056433148868,False,1.5,12.0,1324.968404670065,48.29948326353429,21.91147652574892,37.3520998667993,-10.477792236378969,-0.0026116949391828,1.04343,331.8146,73.39963,2023-11-10T20:44:37.300,12.0,Blue,data\RZ_Cep\2023_11_10\Light\Blue\reduced_images\Light_Blue_12_secs_004_reduced.fits,2,0.979925,792.0,48.29925199743607,1200.1418294757405,798.5169490093373,1.0,V* RZ Cep,True,0.6911506048538115,0.0021195008942922,10732.220501008587,41.82873374492551,-10.076723967441872,-0.0042316471807288,2023-11-10 20:44:37.300,0.9491942974138965,2023_11_10,4,"(0.931, 0.966]",-10.076723967441872,-0.0042316471807288
0,0,1,1212.855621824475,879.7195145534888,15544.81177777836,15544.81177777836,177.78230536356887,686.0484008789062,5.015082380436461,4.914404601649199,372.485425188216,177.78230536356887,2.093791007995605,3.593557357788086,15172.572785427392,7.522623570654691,10.03016476087292,12.537705951091151,7.371606902473799,9.828809203298398,12.286011504122998,False,1.5,12.0,1295.4009814815302,47.97040169475381,19.35851769514416,36.91517168958352,-10.45264807388108,-0.0026416178043804,1.044229,331.2644,73.25312,2023-11-10T20:46:39.107,12.0,Blue,data\RZ_Cep\2023_11_10\Light\Blue\reduced_images\Light_Blue_12_secs_005_reduced.fits,2,0.979925,792.0,48.85642696659088,1200.035871645343,798.518847364484,1.0,V* RZ Cep,True,0.701646063607611,0.0028176150046013,10645.775969695094,49.98484087487079,-10.067943306538831,-0.0050978295599503,2023-11-10 20:46:39.107,0.9537611421610563,2023_11_10,4,"(0.931, 0.966]",-10.067943306538831,-0.0050978295599503
0,0,1,1212.162608029631,879.2743326821206,15704.002351755062,15704.002351755062,186.0327800570548,644.7723388671875,5.1301320340996766,5.0271446335151255,362.5728209034535,186.0327800570548,1.888159990310669,3.899205684661865,15352.742699565066,7.695198051149514,10.260264068199351,12.825330085249192,7.540716950272688,10.054289267030253,12.567861583787815,False,1.5,12.0,1308.6668626462551,50.74891697408248,20.256902717323744,37.14394543310742,-10.465464928830148,-0.0026267962105186,1.045041,330.7681,73.10551,2023-11-10T20:48:35.059,12.0,Blue,data\RZ_Cep\2023_11_10\Light\Blue\reduced_images\Light_Blue_12_secs_006_reduced.fits,2,0.979925,792.0,48.1680745439561,1200.0657043285116,798.5401252389636,1.0,V* RZ Cep,True,0.6910340284642144,0.0027810019773839,10609.267635655006,49.81748145495804,-10.064213513294462,-0.0050982447708017,2023-11-10 20:48:35.059,0.9581084685223686,2023_11_10,4,"(0.931, 0.966]",-10.064213513294462,-0.0050982447708017
0,0,1,1211.977807086948,879.305391930451,15555.466392838733,15555.466392838733,177.43112048932045,684.9979248046875,5.010126623745509,4.909548331773818,357.68582703356094,177.43112048932056,1.9897665977478027,3.66058349609375,15202.419875888118,7.515189935618263,10.020253247491018,12.525316559363771,7.364322497660727,9.819096663547636,12.273870829434546,False,1.5,12.0,1296.2888660698943,49.45381806986863,19.32027756439267,36.94675847356782,-10.454781807871472,-0.0026386873702146,1.045636,330.4076,72.99839,2023-11-10T20:50:00.427,12.0,Blue,data\RZ_Cep\2023_11_10\Light\Blue\reduced_images\Light_Blue_12_secs_007_reduced.fits,2,0.979925,792.0,47.98283498546843,1200.0351037279618,798.556783854635,1.0,V* RZ Cep,True,0.6978692534328452,0.0047206341014981,10609.301409158688,76.25640355928083,-10.064216969617616,-0.0078039387322415,2023-11-10 20:50:00.427,0.9613091253181665,2023_11_10,4,"(0.931, 0.966]",-10.064216969617616,-0.0078039387322415
0,0,1,1210.971431338533,878.8658697442006,15472.751417848844,15472.751417848844,219.5319379894724,485.9463806152344,5.5729180943853,5.461041763640515,423.9894797297202,219.5319379894724,1.903767704963684,3.421762466430664,15054.813604096396,8.35937714157795,11.1458361887706,13.93229523596325,8.191562645460772,10.92208352728103,13.652604409101288,False,1.5,12.0,1289.3959514874036,54.57649876212592,23.904588803298097,36.98482173882724,-10.444188457042484,-0.0026673036973001,1.046206,330.0843,72.89641,2023-11-10T20:51:19.842,12.0,Blue,data\RZ_Cep\2023_11_10\Light\Blue\reduced_images\Light_Blue_12_secs_008_reduced.fits,2,0.979925,792.0,46.98512119200755,1200.041621500065,798.4943907691359,1.0,V* RZ Cep,True,0.70049655701405,0.0034310359514212,10545.845096157807,57.78672939232413,-10.057703469646311,-0.0059493709308005,2023-11-10 20:51:19.842,0.9642865894670649,2023_11_10,4,"(0.931, 0.966]",-10.057703469646311,-0.0059493709308005
0,0,1,1211.7216511240254,878.3623584034068,14903.156665245357,14903.156665245357,182.34776077953305,647.5105590820312,5.0790679363487,4.9771056475265,349.1086939591543,182.34776077953296,1.9490338563919067,3.1209535598754883,14547.754705848793,7.61860190452305,10.1581358726974,12.69766984087175,7.465658471289751,9.954211295053,12.44276411881625,False,1.5,12.0,1241.9297221037796,46.28968118680582,19.85564506266026,36.167320171022425,-10.40698992418008,-0.0026992597643243,1.047958,329.1154,72.5873,2023-11-10T20:55:19.189,12.0,Blue,data\RZ_Cep\2023_11_10\Light\Blue\reduced_images\Light_Blue_12_secs_009_reduced.fits,2,0.979925,792.0,47.7497419469685,1200.067130030518,798.5455993196904,1.0,V* RZ Cep,True,0.726147356446966,0.0028264480984542,10563.813621891011,48.78999634790612,-10.05955182578574,-0.0050145778182951,2023-11-10 20:55:19.189,0.9732602986102847,2023_11_10,4,"(0.966, 1.0]",-10.05955182578574,-0.0050145778182951
0,0,1,1207.5180493571684,881.934053400013,13132.607255052331,13132.607255052331,150.93232961697578,667.4699096679688,4.620882679596276,4.528118459803381,298.7423064999431,150.9323296169759,1.9261090755462649,4.093455791473389,12841.895125183735,6.931324019394414,9.241765359192552,11.552206698990693,6.792177689705071,9.056236919606762,11.320296149508453,False,1.5,15.0,875.5071503368222,44.21330269319512,10.518306348418577,30.49981572695868,-10.271572797197576,-0.0025786501019051,1.03432,340.9554,75.18886,2023-11-10T20:15:41.076,15.0,Blue,data\RZ_Cep\2023_11_10\Light\Blue\reduced_images\Light_Blue_15_secs_001_reduced.fits,2,0.979925,792.0,43.5610052961022,1200.1083436392378,798.5177889119466,1.0,V* RZ Cep,True,0.6783209348068054,0.0034442372713164,8710.92630600559,48.829918292487065,-9.85016084911405,-0.0060861966113733,2023-11-10 20:15:41.076,0.8840989789694049,2023_11_10,4,"(0.862, 0.897]",-9.85016084911405,-0.0060861966113733
0,0,1,1208.794542479753,882.1032400833748,13527.6615285872,13527.6615285872,190.01094434997628,541.007568359375,5.184693800868327,5.080611072815896,329.75208773320634,190.0109443499763,1.6792513132095337,3.226913452148437,13208.58540076332,7.777040701302491,10.369387601736657,12.96173450217082,7.620916609223844,10.161222145631791,12.70152768203974,False,1.5,15.0,901.8441019058132,43.367223601912045,13.241651588478346,30.958891729133388,-10.30214077122423,-0.0025447985980061,1.034912,340.0835,75.06525,2023-11-10T20:18:05.488,15.0,Blue,data\RZ_Cep\2023_11_10\Light\Blue\reduced_images\Light_Blue_15_secs_002_reduced.fits,2,0.979925,792.0,44.84389205698719,1200.0756890604628,798.5292224592921,1.0,V* RZ Cep,True,0.6701861165548566,0.0022436704298732,8852.210554920744,36.176844300965705,-9.86762933830544,-0.0044371413657374,2023-11-10 20:18:05.488,0.8895133408991569,2023_11_10,4,"(0.862, 0.897]",-9.86762933830544,-0.0044371413657374
0,0,1,1209.1161378045122,881.9299565072407,13919.038454007035,13919.038454007035,161.87205023378516,686.53857421875,4.785416451690746,4.689349216423055,311.7916924701086,161.87205023378522,1.8738576173782349,3.610300064086914,13615.713279635827,7.178124677536118,9.570832903381492,11.963541129226863,7.034023824634581,9.37869843284611,11.723373041057636,False,1.5,15.0,927.9358969338024,42.63486768118515,11.280683322958891,31.33450889894313,-10.335100993605268,-0.002498657989573,1.035729,338.9756,74.89655,2023-11-10T20:21:16.844,15.0,Blue,data\RZ_Cep\2023_11_10\Light\Blue\reduced_images\Light_Blue_15_secs_003_reduced.fits,2,0.979925,792.0,45.15739831429145,1200.047879948591,798.5312292613977,1.0,V* RZ Cep,True,0.6756218467812342,0.0025953991924082,9199.073351231333,41.1942942355288,-9.909360204582477,-0.0048620263121378,2023-11-10 20:21:16.844,0.8966877491300238,2023_11_10,4,"(0.897, 0.931]",-9.909360204582477,-0.0048620263121378
0,0,1,1211.1234598700023,881.7168638586519,14193.12486882282,14193.12486882282,164.22994953385046,731.672119140625,4.82014368361634,4.723379299167743,325.88451569536335,164.22994953385046,1.9134211540222168,3.912310123443604,13878.883809260748,7.23021552542451,9.64028736723268,12.05035920904085,7.085068948751614,9.446758598335483,11.808448247919356,False,1.5,15.0,946.208324588188,45.240843282539934,11.445002705292332,31.668504394366657,-10.355886349920434,-0.0024774068465479,1.036319,338.2268,74.77585,2023-11-10T20:23:26.972,15.0,Blue,data\RZ_Cep\2023_11_10\Light\Blue\reduced_images\Light_Blue_15_secs_004_reduced.fits,2,0.979925,792.0,47.15472501912066,1200.0674955238253,798.5570526044679,1.0,V* RZ Cep,True,0.677996681526468,0.0033281800378441,9409.837165970212,50.937781125899605,-9.93395527043518,-0.0058773592128076,2023-11-10 20:23:26.972,0.9015665686824832,2023_11_10,4,"(0.897, 0.931]",-9.93395527043518,-0.0058773592128076
0,0,1,1209.4052684575445,881.674422580103,14400.931766186271,14400.931766186271,154.8242189497872,728.011474609375,4.680079748247461,4.586127147301394,303.3098503175637,154.82421894978717,1.9088594913482664,4.125311374664307,14105.39408635339,7.020119622371192,9.360159496494925,11.700199370618654,6.87919072095209,9.172254294602787,11.465317868253484,False,1.5,15.0,960.0621177457516,40.42889651203409,10.789527791700724,31.80063744721929,-10.373463060708756,-0.0024477943118396,1.036867,337.5784,74.66482,2023-11-10T20:25:21.596,15.0,Blue,data\RZ_Cep\2023_11_10\Light\Blue\reduced_images\Light_Blue_15_secs_005_reduced.fits,2,0.979925,792.0,45.43613203914306,1200.0829741583,798.4839532710258,1.0,V* RZ Cep,True,0.6767241218751342,0.00266636847018,9545.460426790209,43.33182452739279,-9.9494922037445,-0.0049287230373482,2023-11-10 20:25:21.596,0.9058641050494316,2023_11_10,4,"(0.897, 0.931]",-9.9494922037445,-0.0049287230373482
0,0,1,1209.286822365761,881.1214468763391,14821.713198635412,14821.713198635412,193.4658438017288,573.8226318359375,5.231617158987556,5.126592444520881,352.6781221889055,193.46584380172868,1.798361897468567,3.373978853225708,14473.791596680778,7.847425738481333,10.463234317975113,13.079042897468888,7.689888666781321,10.253184889041762,12.8164811113022,False,1.5,15.0,988.1142132423608,47.86695840747634,13.482419692493806,32.39542546938273,-10.401455787682536,-0.0024301086598979,1.037303,337.0944,74.57724,2023-11-10T20:26:51.051,15.0,Blue,data\RZ_Cep\2023_11_10\Light\Blue\reduced_images\Light_Blue_15_secs_006_reduced.fits,2,0.979925,792.0,45.300705547314,1200.06100427521,798.4960912217731,1.0,V* RZ Cep,True,0.6757524069430225,0.0022225958070035,9780.699509048727,38.911412108633385,-9.975924790868827,-0.0043194792832068,2023-11-10 20:26:51.051,0.9092179935521472,2023_11_10,4,"(0.897, 0.931]",-9.975924790868827,-0.0043194792832068
0,0,1,1210.584476373393,880.8766677503282,15002.023631054046,15002.023631054046,182.74264528441068,611.4183349609375,5.084564468244633,4.982491836544622,354.4756780221632,182.7426452844108,1.9185922145843504,3.458601474761963,14651.415014538828,7.626846702366949,10.169128936489264,12.711411170611582,7.473737754816933,9.964983673089243,12.456229591361556,False,1.5,15.0,1000.1349087369364,37.88026234007366,12.735131902486929,32.41527885086749,-10.414698925774752,-0.0024021189626253,1.038279,336.0525,74.3828,2023-11-10T20:30:04.449,15.0,Blue,data\RZ_Cep\2023_11_10\Light\Blue\reduced_images\Light_Blue_15_secs_007_reduced.fits,2,0.979925,792.0,46.59272459652559,1200.0486834127114,798.4954182013802,1.0,V* RZ Cep,True,0.6835838619557336,0.0029272991361507,10015.470858754674,48.27498897653612,-10.001678429144366,-0.0052332939764193,2023-11-10 20:30:04.449,0.9164689613976407,2023_11_10,4,"(0.897, 0.931]",-10.001678429144366,-0.0052332939764193
0,0,1,1210.0719460554603,880.1657112000257,15148.544920920627,15148.544920920627,153.7770879811755,834.7835693359375,4.6642263797243775,4.570592035151411,324.6315677702496,153.77708798117544,2.086927056312561,3.69084358215332,14827.623355371756,6.996339569586566,9.328452759448757,11.660565949310945,6.855888052727116,9.141184070302822,11.426480087878526,True,1.5,15.0,1009.9029947280418,45.073400470817205,10.71655439797703,32.64495289622633,-10.427678864360704,-0.0023903903149263,1.038862,335.4974,74.26815,2023-11-10T20:31:50.072,15.0,Blue,data\RZ_Cep\2023_11_10\Light\Blue\reduced_images\Light_Blue_15_secs_008_reduced.fits,2,0.979925,792.0,46.07224406884323,1200.0533073038716,798.5085741697014,1.0,V* RZ Cep,True,0.6893108533119583,0.0029538208502783,10220.841707679629,49.24064128497758,-10.023716655824613,-0.0052307186157122,2023-11-10 20:31:50.072,0.9204290280824807,2023_11_10,4,"(0.897, 0.931]",-10.023716655824613,-0.0052307186157122
0,0,1,1209.4943552826314,880.4591310109314,15221.22969815361,15221.22969815361,158.81108043641015,755.1419677734375,4.739954849219489,4.6448002556214085,329.90188620774427,158.81108043641018,2.001723527908325,3.934957265853882,14903.333821951506,7.109932273829234,9.47990969843898,11.849887123048724,6.967200383432112,9.289600511242815,11.61200063905352,False,1.5,15.0,1014.748646543574,55.35790640012641,11.06736773885738,32.881209233885514,-10.433208573467688,-0.0023954586099972,1.039349,335.0509,74.17294,2023-11-10T20:33:18.245,15.0,Blue,data\RZ_Cep\2023_11_10\Light\Blue\reduced_images\Light_Blue_15_secs_009_reduced.fits,2,0.979925,792.0,45.49667200870294,1200.0417657214791,798.4932289769076,1.0,V* RZ Cep,True,0.6861028220522413,0.0034547903996525,10225.219393227542,56.213449889524455,-10.024181587602092,-0.0059688673066357,2023-11-10 20:33:18.245,0.9237348512442622,2023_11_10,4,"(0.897, 0.931]",-10.024181587602092,-0.0059688673066357
0,0,1,1212.797426861053,878.2118375715955,13139.340982049303,13139.340982049303,147.60227987022722,778.7828369140625,4.569622639706213,4.477887465214111,297.9977489412965,147.60227987022725,1.9912679195404053,3.5682930946350098,12845.425297292695,6.854433959559319,9.139245279412426,11.424056599265532,6.716831197821167,8.955774930428221,11.194718663035278,False,1.5,12.0,1094.945081837442,46.68962303887149,16.07224825253585,34.02509299221458,-10.271871219580976,-0.0028759090864586,1.05049,327.8993,72.15155,2023-11-10T21:00:42.598,12.0,Blue,data\RZ_Cep\2023_11_10\Light\Blue\reduced_images\star_Light_Blue_12_secs_001_reduced.fits,2,0.979925,792.0,48.83017912244619,1200.0818071932056,798.5692749430615,1.0,V* RZ Cep,True,0.8179879787640875,0.0054328509907149,10507.40347529753,75.13249234281984,-10.053738522785004,-0.0077634847926121,2023-11-10 21:00:42.598,0.9853856993900081,2023_11_10,4,"(0.966, 1.0]",-10.053738522785004,-0.0077634847926121
0,0,1,1213.1009816227263,878.5433921596459,13123.63054694072,13123.63054694072,168.63691899570748,628.2550659179688,4.884387758376855,4.78633367412744,305.30186720912434,168.6369189957074,1.7052993774414062,3.388835906982422,12836.054113963704,7.326581637565282,9.76877551675371,12.210969395942136,7.17950051119116,9.57266734825488,11.9658341853186,False,1.5,12.0,1093.6358789117266,49.59213102404718,18.362686735088143,34.08211696287163,-10.271078848291896,-0.0028828320598256,1.051052,327.64,72.05651,2023-11-10T21:01:53.050,12.0,Blue,data\RZ_Cep\2023_11_10\Light\Blue\reduced_images\star_Light_Blue_12_secs_002_reduced.fits,2,0.979925,792.0,49.12258241090228,1200.054125868501,798.53587215493,1.0,V* RZ Cep,True,0.8062202115234389,0.0029587409787309,10348.686262886124,46.876374648433234,-10.037213052020387,-0.0049180519933373,2023-11-10 21:01:53.050,0.9880271185702441,2023_11_10,4,"(0.966, 1.0]",-10.037213052020387,-0.0049180519933373
0,0,1,1212.0522286477735,877.7148620794164,13263.351449886584,13263.351449886584,168.65838000635907,630.8370971679688,4.884698546084346,4.786638222771703,314.25484464210297,168.658380006359,1.85270357131958,3.4655208587646484,12950.877466915828,7.327047819126519,9.769397092168692,12.211746365210864,7.179957334157554,9.573276445543408,11.966595556929256,False,1.5,12.0,1105.2792874905488,45.85893032448616,18.365023600692428,34.198000547045545,-10.280747985933058,-0.0028669877712238,1.051647,327.4002,71.95659,2023-11-10T21:03:03.652,12.0,Blue,data\RZ_Cep\2023_11_10\Light\Blue\reduced_images\star_Light_Blue_12_secs_003_reduced.fits,2,0.979925,792.0,48.10653316685786,1200.0254859444794,798.5662398870882,1.0,V* RZ Cep,True,0.8047936220651828,0.0038634872927943,10422.783585521547,57.10547359936304,-10.044959300861072,-0.005948648906307,2023-11-10 21:03:03.652,0.9906741616207455,2023_11_10,4,"(0.966, 1.0]",-10.044959300861072,-0.005948648906307
0,0,1,1211.478182489384,877.7689071163437,13458.80615400101,13458.80615400101,170.60801362337057,621.6246337890625,4.912850152564652,4.814224685751917,319.56347498345576,170.60801362337054,1.837291955947876,3.839099168777466,13145.349422950543,7.369275228846979,9.825700305129304,12.28212538141163,7.221337028627876,9.628449371503834,12.035561714379792,False,1.5,12.0,1121.5671795000842,46.95654790760033,18.57731703898924,34.45433273837521,-10.29693033697365,-0.0028457453097082,1.052864,326.8988,71.75403,2023-11-10T21:05:27.349,12.0,Blue,data\RZ_Cep\2023_11_10\Light\Blue\reduced_images\star_Light_Blue_12_secs_005_reduced.fits,2,0.979925,792.0,47.53057529581084,1200.0686053490117,798.5585459074471,1.0,V* RZ Cep,True,0.7806329175903679,0.0026337400344912,10261.69247278274,43.841173146096,-10.028047488433687,-0.004638606065231,2023-11-10 21:05:27.349,0.9960617164374526,2023_11_10,4,"(0.966, 1.0]",-10.028047488433687,-0.004638606065231
0,0,1,1211.5964729232755,878.2535909369193,13959.94588938231,13959.94588938231,180.32180477310573,636.70947265625,5.05077389686342,4.949379610883887,314.4028228397753,180.32180477310567,1.7076327800750732,3.631382942199707,13652.022464589458,7.576160845295131,10.10154779372684,12.62693474215855,7.424069416325831,9.898759221767774,12.373449027209718,False,1.5,12.0,1163.3288241151924,57.03132037506545,19.63504096418263,35.213565361298485,-10.337992485611728,-0.0028005112730034,1.053457,326.6607,71.65638,2023-11-10T21:06:38.125,12.0,Blue,data\RZ_Cep\2023_11_10\Light\Blue\reduced_images\star_Light_Blue_12_secs_006_reduced.fits,2,0.979925,792.0,47.62850175421973,1200.0311161959858,798.5234425528373,1.0,V* RZ Cep,True,0.7581243096014139,0.0035678358227028,10349.930105629875,55.544365930712445,-10.03734354239496,-0.0058267571322539,2023-11-10 21:06:38.125,0.9987152831765798,2023_11_10,4,"(0.966, 1.0]",-10.03734354239496,-0.0058267571322539
0,0,1,1213.2906880217868,878.1076395559097,14214.262999162404,14214.262999162404,161.40927886996644,754.167236328125,4.778571110749728,4.682641295701427,317.2466642350604,161.4092788699664,1.899102866649628,3.8397045135498047,13907.730174956603,7.167856666124592,9.557142221499456,11.94642777687432,7.023961943552141,9.365282591402854,11.706603239253567,False,1.5,12.0,1184.5219165968672,65.3630953320636,17.575677032507453,35.60141414271964,-10.358140640772916,-0.0027792992666008,1.054069,326.4137,71.5562,2023-11-10T21:07:49.709,12.0,Blue,data\RZ_Cep\2023_11_10\Light\Blue\reduced_images\star_Light_Blue_12_secs_007_reduced.fits,2,0.979925,792.0,49.32700025048625,1200.0612886004355,798.5486213643077,1.0,V* RZ Cep,True,0.7512118922761486,0.0044187013211279,10447.652301995242,67.0213372360259,-10.047546777113698,-0.0069649611439079,2023-11-10 21:07:49.709,0.001399143828166416,2023_11_10,4,"(-0.001, 0.0345]",-10.047546777113698,-0.0069649611439079
0,0,1,1212.9510391357092,877.7453314403682,14044.320366643951,14044.320366643951,180.80388906813167,677.4464111328125,5.057520927659837,4.9559911950370665,317.611338036845,180.8038890681318,1.705574631690979,2.94062614440918,13735.945840138276,7.586281391489756,10.115041855319674,12.643802319149591,7.433986792555599,9.911982390074131,12.389977987592664,False,1.5,12.0,1170.360030553663,42.52380981660438,19.687534587418792,35.10799588352611,-10.344646424409625,-0.0027750562393641,1.054677,326.1941,71.45727,2023-11-10T21:08:59.276,12.0,Blue,data\RZ_Cep\2023_11_10\Light\Blue\reduced_images\star_Light_Blue_12_secs_008_reduced.fits,2,0.979925,792.0,49.00293626691691,1200.0742001704602,798.5642959371045,1.0,V* RZ Cep,True,0.7574086964207362,0.0035355477004922,10403.724832884966,55.36747853151492,-10.042972142657142,-0.0057781685861028,2023-11-10 21:08:59.276,0.004007382176496321,2023_11_10,4,"(-0.001, 0.0345]",-10.042972142657142,-0.0057781685861028
0,0,1,1213.3255377862442,877.7394224654093,13887.339067968387,13887.339067968387,182.8238002999752,583.4756469726562,5.085693356648113,4.983598062513402,317.28618634415136,182.8238002999753,1.7214046716690063,3.523400068283081,13572.625324039733,7.628540034972169,10.171386713296226,12.714233391620285,7.475397093770104,9.967196125026804,12.458995156283509,False,1.5,12.0,1157.2782556640325,42.017264431773725,19.907480477108404,34.9170875156121,-10.331659651107124,-0.0027931770880951,1.055359,325.9454,71.34694,2023-11-10T21:10:16.158,12.0,Blue,data\RZ_Cep\2023_11_10\Light\Blue\reduced_images\star_Light_Blue_12_secs_009_reduced.fits,2,0.979925,792.0,49.37731147695371,1200.098710843245,798.5026732098435,1.0,V* RZ Cep,True,0.7708943887168913,0.0036063001605817,10463.060702459008,55.86009930193362,-10.049146862320288,-0.0057965191962653,2023-11-10 21:10:16.158,0.00688987791022555,2023_11_10,4,"(-0.001, 0.0345]",-10.049146862320288,-0.0057965191962653
0,0,1,1212.4746403763218,877.2298321980463,9090.716632041154,9090.716632041154,193.06562671825364,369.6332092285156,5.226203111530696,5.121287084066717,309.3837139563046,193.06562671825355,1.556668043136597,2.8000741004943848,8790.17754070071,7.839304667296044,10.452406223061391,13.065507778826738,7.681930626100076,10.242574168133434,12.803217710166791,False,1.5,12.0,757.5597193367629,39.48597813668159,21.02270157598761,28.60189502549494,-9.8599941171975,-0.0035328197650255,1.056013,325.7212,71.24205,2023-11-10T21:11:26.839,12.0,Blue,data\RZ_Cep\2023_11_10\Light\Blue\reduced_images\star_Light_Blue_12_secs_010_reduced.fits,2,0.979925,792.0,48.55372889145286,1199.994190414532,798.5280498371227,1.0,V* RZ Cep,True,1.1786783089413315,0.0081335031649621,10360.791598967186,79.04463391824494,-10.038482345552415,-0.0082833073146115,2023-11-10 21:11:26.839,0.009539882865055915,2023_11_10,4,"(-0.001, 0.0345]",-10.038482345552415,-0.0082833073146115
0,0,1,1213.0711737826327,877.0302570095755,10922.421404781991,10922.421404781991,223.31893296714267,348.6189880371094,5.620779864255958,5.50794270848102,336.2763036042449,223.31893296714267,1.499718189239502,3.031389713287353,10587.50593900961,8.431169796383937,11.241559728511916,14.051949660639895,8.26191406272153,11.01588541696204,13.76985677120255,False,1.5,12.0,910.2017837318326,40.64023608054185,24.31695047864442,31.22753545016031,-10.061984167385488,-0.0032023468056518,1.056652,325.5047,71.14005,2023-11-10T21:12:37.294,12.0,Blue,data\RZ_Cep\2023_11_10\Light\Blue\reduced_images\star_Light_Blue_12_secs_011_reduced.fits,2,0.979925,792.0,49.16095472867181,1200.04336677531,798.5441720680436,1.0,V* RZ Cep,True,0.9789737404303296,0.0058321208948682,10364.890290940568,68.90101675965944,-10.03891177396392,-0.0072174742173581,2023-11-10 21:12:37.294,0.012181414522956402,2023_11_10,4,"(-0.001, 0.0345]",-10.03891177396392,-0.0072174742173581
0,0,1,1213.3418653498222,876.6909073194054,13212.323121814268,13212.323121814268,217.68055033042205,411.75787353515625,5.5493691813715404,5.437965595055507,337.25269834337064,217.680550330422,1.5052276849746704,2.8936243057250977,12884.664330976397,8.324053772057312,11.09873836274308,13.87342295342885,8.156948392583262,10.875931190111016,13.594913987638767,False,1.5,12.0,1101.0269268178556,51.14471163938073,23.70299325820151,34.291028443536625,-10.275182772175867,-0.0028895600322338,1.058044,325.0652,70.92041,2023-11-10T21:15:06.527,12.0,Blue,data\RZ_Cep\2023_11_10\Light\Blue\reduced_images\star_Light_Blue_12_secs_012_reduced.fits,2,0.979925,792.0,49.45270235860476,1199.9447148277727,798.4395243563073,1.0,V* RZ Cep,True,0.8116831472646504,0.0043555586592863,10458.264895615504,62.64299942501052,-10.048649094510324,-0.0065033514764854,2023-11-10 21:15:06.527,0.017776527629166594,2023_11_10,4,"(-0.001, 0.0345]",-10.048649094510324,-0.0065033514764854
0,0,1,1214.7634297530162,877.4162243554962,13323.831939599,13323.831939599,195.5921237100721,508.0325622558594,5.2602875560012645,5.154687283314539,316.7828788347099,195.59212371007217,1.6042542457580566,3.1628479957580566,13010.052444700284,7.890431334001897,10.520575112002527,13.150718890003162,7.732030924971809,10.309374566629078,12.88671820828635,False,1.5,12.0,1110.3193282999166,42.63637658597208,21.297809026207844,34.26738265336436,-10.28569761811381,-0.002859737741043,1.058702,324.8509,70.81758,2023-11-10T21:16:17.680,12.0,Blue,data\RZ_Cep\2023_11_10\Light\Blue\reduced_images\star_Light_Blue_12_secs_013_reduced.fits,2,0.979925,792.0,50.829142200813735,1199.9795407452727,798.5166865548183,1.0,V* RZ Cep,True,0.8064315602245226,0.0027379193724,10491.716891582517,45.08295338407389,-10.052116407692676,-0.0046654132219087,2023-11-10 21:16:17.680,0.020444229027589245,2023_11_10,4,"(-0.001, 0.0345]",-10.052116407692676,-0.0046654132219087
0,0,1,1213.7574768973302,876.5383906367917,14052.371253458576,14052.371253458576,192.23258992639376,536.6612548828125,5.214915949904794,5.110226512210456,325.84846173273223,192.23258992639364,1.6743062734603882,3.4885642528533936,13730.515022181278,7.822373924857191,10.429831899809589,13.037289874761983,7.665339768315683,10.220453024420912,12.77556628052614,False,1.5,12.0,1171.0309377882147,52.229469330429616,20.931993125318428,35.27311157587268,-10.34421706907449,-0.002789210326818,1.059392,324.6396,70.71033,2023-11-10T21:17:29.498,12.0,Blue,data\RZ_Cep\2023_11_10\Light\Blue\reduced_images\star_Light_Blue_12_secs_014_reduced.fits,2,0.979925,792.0,49.87774299797256,1199.9644855166111,798.5459680500827,1.0,V* RZ Cep,True,0.7600767176023037,0.0043333105365073,10436.244789048667,65.26003593760939,-10.04636064303248,-0.0067893370818238,2023-11-10 21:17:29.498,0.02313686291608974,2023_11_10,4,"(-0.001, 0.0345]",-10.04636064303248,-0.0067893370818238
0,0,1,1214.6627225663035,876.9027296263245,14464.66549060471,14464.66549060471,214.20790836061832,471.2057189941406,5.504926881336442,5.394415474193614,351.63798154998443,214.20790836061823,1.6451990604400637,3.284545660018921,14112.25084103099,8.257390322004664,11.009853762672885,13.762317203341103,8.09162321129042,10.788830948387227,13.486038685484033,False,1.5,12.0,1205.3887908837255,47.798483355987024,23.32486113260066,35.72830999882745,-10.373990718276657,-0.0027487833186583,1.060087,324.4385,70.60309,2023-11-10T21:18:40.779,12.0,Blue,data\RZ_Cep\2023_11_10\Light\Blue\reduced_images\star_Light_Blue_12_secs_015_reduced.fits,2,0.979925,792.0,50.75731022816208,1200.0125866361943,798.55293454046,1.0,V* RZ Cep,True,0.7419103238967999,0.004742610049202,10470.024592382188,71.9868722118801,-10.049869254417578,-0.0074650018954685,2023-11-10 21:18:40.779,0.025809363350617787,2023_11_10,4,"(-0.001, 0.0345]",-10.049869254417578,-0.0074650018954685
0,0,1,1214.02790256438,875.4332999172674,13525.4382127213,13525.4382127213,231.99000496918745,409.2573547363281,5.728863066477757,5.613856140418217,368.3586885556245,231.99000496918745,1.6074892282485962,2.865112781524658,13152.516778671992,8.593294599716636,11.457726132955514,14.322157666194393,8.420784210627325,11.227712280836434,14.03464035104554,False,1.5,12.0,1127.1198510601082,46.62450387872271,25.261133874422622,34.626658643496825,-10.297522161248072,-0.0028584199945678,1.060778,324.2381,70.49722,2023-11-10T21:19:51.260,12.0,Blue,data\RZ_Cep\2023_11_10\Light\Blue\reduced_images\star_Light_Blue_12_secs_016_reduced.fits,2,0.979925,792.0,50.23590135188898,1199.910049453781,798.4410492678861,1.0,V* RZ Cep,True,0.7917666605167609,0.0040355521388574,10413.72428723979,59.74017607409264,-10.044015187882636,-0.006228518275805,2023-11-10 21:19:51.260,0.028451869812442965,2023_11_10,4,"(-0.001, 0.0345]",-10.044015187882636,-0.006228518275805
0,0,1,1213.7373285855615,875.0056185550602,12508.606420957727,12508.606420957727,228.6657300440513,391.3973083496094,5.6876694115703925,5.573489448133117,353.4241849536522,228.6657300440513,1.5573694705963137,3.1696982383728027,12152.489394015503,8.531504117355588,11.375338823140783,14.219173528925982,8.360234172199675,11.146978896266234,13.933723620332794,False,1.5,12.0,1042.383868413144,52.23560732088352,24.89915727146336,33.45920849341016,-10.21166312679958,-0.0029893360007156,1.062276,323.8452,70.27002,2023-11-10T21:22:19.669,12.0,Blue,data\RZ_Cep\2023_11_10\Light\Blue\reduced_images\star_Light_Blue_12_secs_018_reduced.fits,2,0.979925,792.0,49.98745543479578,1199.9356235884668,798.4704807492516,1.0,V* RZ Cep,True,0.8473399632793492,0.0069069179158663,10297.28991687778,88.59509644317295,-10.031807350837605,-0.0093413805524431,2023-11-10 21:22:19.669,0.03401608912668053,2023_11_10,4,"(-0.001, 0.0345]",-10.031807350837605,-0.0093413805524431
0,0,1,1216.4332647221377,875.513098838032,12376.930438149244,12376.930438149244,221.4304288799416,410.16156005859375,5.596963248619823,5.484604211403781,333.425549005063,221.4304288799416,1.492523193359375,3.079607486724853,12046.440387330418,8.395444872929735,11.193926497239646,13.992408121549555,8.226906317105671,10.96920842280756,13.71151052850945,False,1.5,12.0,1031.4108698457703,45.57732868322969,24.11131336692697,33.18281952902627,-10.202146839575924,-0.0029907414456232,1.062966,323.6559,70.16653,2023-11-10T21:23:29.967,12.0,Blue,data\RZ_Cep\2023_11_10\Light\Blue\reduced_images\star_Light_Blue_12_secs_019_reduced.fits,2,0.979925,792.0,52.62489459808007,1199.914449042508,798.5030433293538,1.0,V* RZ Cep,True,0.8812380087401516,0.0051770130327176,10615.781139337998,68.87984487158778,-10.064879890749271,-0.0070447327778905,2023-11-10 21:23:29.967,0.03665173446734116,2023_11_10,4,"(0.0345, 0.069]",-10.064879890749271,-0.0070447327778905
0,0,1,1214.0192941762916,874.804582846022,9830.151755218456,9830.151755218456,205.3036002322669,374.8619079589844,5.389296619661165,5.281106490021467,295.4372911043977,205.3036002322669,1.3975424766540527,3.0917999744415283,9543.23125328386,8.083944929491746,10.77859323932233,13.473241549152911,7.9216597350322,10.562212980042936,13.202766225053669,False,1.5,12.0,819.1793129348713,43.35195108206214,22.355280914180167,29.747042624958763,-9.949238619639932,-0.0033843297207418,1.063706,323.4842,70.05602,2023-11-10T21:24:40.700,12.0,Blue,data\RZ_Cep\2023_11_10\Light\Blue\reduced_images\star_Light_Blue_12_secs_020_reduced.fits,2,0.979925,792.0,50.28838980617942,1199.8877580410176,798.4796686768847,1.0,V* RZ Cep,True,1.0953270649961582,0.0102563520569457,10452.95947923902,103.15950101172766,-10.048098167155558,-0.0107150520707241,2023-11-10 21:24:40.700,0.039303689030703026,2023_11_10,4,"(0.0345, 0.069]",-10.048098167155558,-0.0107150520707241
0,0,1,1214.7712549161222,874.554727248729,10601.021591713732,10601.021591713732,264.9109887260615,271.4715576171875,6.1218656078111815,5.998969155734373,347.9181382259599,264.9109887260614,1.2974786162376404,2.538442611694336,10257.305248635295,9.182798411716773,12.243731215622365,15.304664019527952,8.99845373360156,11.997938311468744,14.99742288933593,False,1.5,12.0,883.4184659761444,42.53915601662872,28.8458632168378,30.899894582499968,-10.027583199852684,-0.0032707551796699,1.064422,323.3107,69.94998,2023-11-10T21:25:49.749,12.0,Blue,data\RZ_Cep\2023_11_10\Light\Blue\reduced_images\star_Light_Blue_12_secs_021_reduced.fits,2,0.979925,792.0,51.06242572668866,1199.860986188732,798.4077485088192,1.0,V* RZ Cep,True,1.0302141641118598,0.0074085903486402,10567.221152763004,82.39042788109026,-10.059901991284788,-0.0084652596158284,2023-11-10 21:25:49.749,0.0418925062820108,2023_11_10,4,"(0.0345, 0.069]",-10.059901991284788,-0.0084652596158284
0,0,1,1216.2267003554043,874.6632312671234,9935.436412247976,9935.436412247976,233.4529570914874,330.636962890625,5.746898069627967,5.6315290908801865,306.02536359123667,233.4529570914875,1.2944658994674685,2.5170719623565674,9633.239520163204,8.62034710444195,11.493796139255934,14.367245174069918,8.447293636320278,11.263058181760371,14.078822727200466,False,1.5,12.0,827.9530343539981,39.23617126297438,25.42043310551752,29.876573409989472,-9.95943089671665,-0.0033673072653746,1.065141,323.1237,69.84415,2023-11-10T21:26:59.430,12.0,Blue,data\RZ_Cep\2023_11_10\Light\Blue\reduced_images\star_Light_Blue_12_secs_022_reduced.fits,2,0.979925,792.0,52.49866027358625,1199.920414632482,798.4482399938879,1.0,V* RZ Cep,True,1.1047042207652704,0.0118024923087649,10641.8803575671,118.38981890289966,-10.06754593003958,-0.0120787030429482,2023-11-10 21:26:59.430,0.04450501877136048,2023_11_10,4,"(0.0345, 0.069]",-10.06754593003958,-0.0120787030429482
0,0,1,1215.1184110032614,874.2753811640341,9579.385408476102,9579.385408476102,229.918355094751,309.4854736328125,5.703226589368301,5.588734315586732,298.0532336587486,229.91835509475084,1.2538809776306152,2.335278987884521,9291.095156614672,8.554839884052452,11.4064531787366,14.258066473420753,8.3831014733801,11.177468631173465,13.97183578896683,False,1.5,12.0,798.2821173730085,34.84624055593625,25.03555422142844,29.29443483241097,-9.920167270033186,-0.0034232808898563,1.065914,322.9617,69.73108,2023-11-10T21:28:10.283,12.0,Blue,data\RZ_Cep\2023_11_10\Light\Blue\reduced_images\star_Light_Blue_12_secs_023_reduced.fits,2,0.979925,792.0,51.43795490020428,1199.8979207807158,798.4207940675449,1.0,V* RZ Cep,True,1.1471863985449853,0.0083089929622629,10658.617991255542,84.19715090562207,-10.069252243039418,-0.008576711835504,2023-11-10 21:28:10.283,0.047161472430616413,2023_11_10,4,"(0.0345, 0.069]",-10.069252243039418,-0.008576711835504
0,0,1,1213.4535402842664,874.1845723104713,9164.567445846296,9164.567445846296,194.41447508662293,347.9552307128906,5.244427706827054,5.139145820612501,261.7195933935227,194.41447508662293,1.3403099179267883,2.652050018310547,8903.991796699165,7.866641560240581,10.488855413654107,13.111069267067634,7.708718730918751,10.278291641225,12.847864551531252,False,1.5,12.0,763.7139538205247,35.82127154152347,21.16957617609894,28.64794585198295,-9.873961878021838,-0.0034932772529034,1.066673,322.7957,69.62076,2023-11-10T21:29:20.682,12.0,Blue,data\RZ_Cep\2023_11_10\Light\Blue\reduced_images\star_Light_Blue_12_secs_024_reduced.fits,2,0.979925,792.0,49.79429531442029,1199.9331154390609,798.5114636975402,1.0,V* RZ Cep,True,1.195710052275642,0.0076724386331658,10646.592496693043,76.42227781466582,-10.06802657890242,-0.0077935202177823,2023-11-10 21:29:20.682,0.04980090451022079,2023_11_10,4,"(0.0345, 0.069]",-10.06802657890242,-0.0077935202177823
0,0,1,1214.9460855141026,874.5201909116691,9056.2361269813,9056.2361269813,207.34150191716665,334.2774963378906,5.415978412743353,5.30725264610753,267.15327934565494,207.3415019171666,1.2888528108596802,2.528181552886963,8789.003449427491,8.12396761911503,10.831956825486706,13.539946031858385,7.960878969161296,10.61450529221506,13.268131615268826,False,1.5,12.0,754.6863439151083,38.56515006350491,22.577185764313697,28.562714852459784,-9.859849087300416,-0.0035284516384526,1.067417,322.6352,69.51339,2023-11-10T21:30:30.053,12.0,Blue,data\RZ_Cep\2023_11_10\Light\Blue\reduced_images\star_Light_Blue_12_secs_025_reduced.fits,2,0.979925,792.0,51.23994473899059,1199.935888572154,798.5271791640522,1.0,V* RZ Cep,True,1.2155392346130165,0.0063767305399609,10683.378525928252,65.92776296335613,-10.07177154070527,-0.0067001425601746,2023-11-10 21:30:30.053,0.052401794335310115,2023_11_10,4,"(0.0345, 0.069]",-10.07177154070527,-0.0067001425601746
0,0,1,1216.7546582572793,874.2706009920032,8853.434110522438,8853.434110522438,208.28243779791003,310.020263671875,5.42825362011005,5.319281428686341,269.83510566299293,208.28243779790995,1.2508176565170288,2.57841157913208,8592.910759782402,8.142380430165076,10.8565072402201,13.570634050275125,7.978922143029512,10.638562857372682,13.298203571715852,False,1.5,12.0,737.7861758768698,39.42725922055239,22.67964322688353,28.282381058254373,-9.835350753810497,-0.0035735510271364,1.068176,322.4619,69.40452,2023-11-10T21:31:40.817,12.0,Blue,data\RZ_Cep\2023_11_10\Light\Blue\reduced_images\star_Light_Blue_12_secs_026_reduced.fits,2,0.979925,792.0,53.06486578551914,1199.933365907854,798.4799752722022,1.0,V* RZ Cep,True,1.2430751856759392,0.0044693089976613,10681.634138213283,52.066490268615006,-10.071594246646873,-0.005292305728492,2023-11-10 21:31:40.817,0.055054911165143494,2023_11_10,4,"(0.0345, 0.069]",-10.071594246646873,-0.005292305728492
0,0,1,1214.0407871602004,873.2873614930123,8583.042927315866,8583.042927315866,214.01577966038013,299.1063842773437,5.502457570747852,5.391995735015089,282.31171490948987,214.01577966038,1.3185057640075684,2.6187684535980225,8300.861888245081,8.25368635612178,11.004915141495704,13.75614392686963,8.087993602522635,10.78399147003018,13.479989337537722,False,1.5,12.0,715.2535772763222,39.11684772138983,23.30394045190805,27.88681346890713,-9.797807970059308,-0.0036475396683091,1.068961,322.3121,69.29262,2023-11-10T21:32:50.921,12.0,Blue,data\RZ_Cep\2023_11_10\Light\Blue\reduced_images\star_Light_Blue_12_secs_027_reduced.fits,2,0.979925,792.0,50.48900766838229,1199.9613236929033,798.4863810946285,1.0,V* RZ Cep,True,1.2615425536260536,0.0102246526717591,10471.890503793884,91.87578430908356,-10.050062731238643,-0.0095257742934555,2023-11-10 21:32:50.921,0.05768328296744585,2023_11_10,4,"(0.0345, 0.069]",-10.050062731238643,-0.0095257742934555
0,0,1,1196.5837928826015,788.1336058091473,8301.743886798702,8301.743886798702,163.36409984603807,438.8406677246094,4.807420561706191,4.710911593929939,256.299825396287,163.36409984603807,1.5768457651138306,2.594517707824707,8044.143897784844,7.211130842559285,9.61484112341238,12.018551404265477,7.066367390894908,9.42182318785988,11.777278984824848,False,1.5,20.0,415.0871943399351,22.892550872901133,6.403872713964692,21.080408390892263,-9.763699577193334,-0.0028452701607415,1.160304,317.3324,59.50172,2024-01-07T19:19:30.507,20.0,Blue,data\RZ_Cep\2024_01_07\Light\Blue\reduced_images\RZ_Cep_Light_Blue_20_secs_001_reduced.fits,2,0.979925,792.0,97.47378078358,1199.9913429704611,798.5187269297487,1.0,V* RZ Cep,True,0.7200686744772279,0.0031927416918585,5792.336033782014,29.83324339588542,-9.407134372175076,-0.0055920499555556,2024-01-07 19:19:30.507,0.6399712213835755,2024_01_07,5,"(0.621, 0.655]",-9.407134372175076,-0.0055920499555556
0,0,1,1195.9084836921031,786.6878587755928,8288.745397457536,8288.745397457536,141.92188871250406,494.82275390625,4.480830292259374,4.390877624142267,231.42837437715508,141.921888712504,1.6044387817382812,2.7429184913635254,8061.04041522965,6.721245438389062,8.961660584518748,11.202075730648437,6.5863164362134015,8.781755248284535,10.977194060355668,False,1.5,20.0,414.4372698728768,18.61692817802764,5.5633380375301575,20.94319784771262,-9.765977746396288,-0.0028208254735597,1.162554,317.3381,59.31364,2024-01-07T19:21:17.802,20.0,Blue,data\RZ_Cep\2024_01_07\Light\Blue\reduced_images\RZ_Cep_Light_Blue_20_secs_002_reduced.fits,2,0.979925,792.0,98.61697131535186,1200.0095285343284,798.519601202866,1.0,V* RZ Cep,True,0.7178395736853008,0.0024187316987703,5786.533815128432,24.62050170243672,-9.40604623845052,-0.0046195824532741,2024-01-07 19:21:17.802,0.6439939754709485,2024_01_07,5,"(0.621, 0.655]",-9.40604623845052,-0.0046195824532741
0,0,1,1196.1759499719053,786.5424159964687,8347.706683313234,8347.706683313234,181.08097391970227,385.322998046875,5.061394809884388,4.959787309075959,265.79345776360515,181.08097391970225,1.4592546224594116,2.632252693176269,8083.463435081456,7.592092214826582,10.122789619768776,12.65348702471097,7.439680963613939,9.919574618151918,12.399468272689898,False,1.5,20.0,417.3853341656617,22.744319119090218,7.098374177652328,21.147766488743063,-9.768993695397045,-0.0028404774650122,1.164799,317.3325,59.12769,2024-01-07T19:23:03.713,20.0,Blue,data\RZ_Cep\2024_01_07\Light\Blue\reduced_images\RZ_Cep_Light_Blue_20_secs_003_reduced.fits,2,0.979925,792.0,98.84134643139818,1200.046394846235,798.504019638123,1.0,V* RZ Cep,True,0.7143256035941741,0.0022622419075535,5774.224897395997,23.719364810231625,-9.403734237481414,-0.0044599878920456,2024-01-07 19:23:03.713,0.6479648399858888,2024_01_07,5,"(0.621, 0.655]",-9.403734237481414,-0.0044599878920456
0,0,1,1195.0143868385337,784.9988249861892,8333.126772816231,8333.126772816231,170.69087642922273,379.8950805664063,4.9140430717054775,4.81539365704099,263.7863665742669,170.69087642922273,1.5446829795837402,2.4929099082946777,8069.463481225779,7.371064607558216,9.828086143410957,12.285107679263694,7.223090485561485,9.63078731408198,12.038484142602476,False,1.5,20.0,416.6563386408116,18.89114413196536,6.69108235602553,21.029468969253656,-9.767111651275762,-0.0028294887113471,1.167062,317.3452,58.94201,2024-01-07T19:24:49.733,20.0,Blue,data\RZ_Cep\2024_01_07\Light\Blue\reduced_images\RZ_Cep_Light_Blue_20_secs_004_reduced.fits,2,0.979925,792.0,99.93555646002535,1200.0031514151533,798.5280584942221,1.0,V* RZ Cep,True,0.7176953132642954,0.0032862268297536,5791.416121033127,30.512294266712235,-9.40696192674195,-0.0057202421451445,2024-01-07 19:24:49.733,0.6519397911795295,2024_01_07,5,"(0.621, 0.655]",-9.40696192674195,-0.0057202421451445
0,0,1,1197.2587763927768,784.2494291651828,8447.174568569611,8447.174568569611,187.6638718549277,348.2923583984375,5.152572849922281,5.049134949960092,273.6984948680793,187.66387185492752,1.4479957818984983,2.173323392868042,8175.438073708936,7.728859274883422,10.305145699844562,12.881432124805702,7.573702424940137,10.098269899920185,12.622837374900229,False,1.5,20.0,422.35872842848056,15.557826487075747,7.3564237767131635,21.101492333298832,-9.781277583115854,-0.0028023763367942,1.169363,317.3446,58.75497,2024-01-07T19:26:36.899,20.0,Blue,data\RZ_Cep\2024_01_07\Light\Blue\reduced_images\RZ_Cep_Light_Blue_20_secs_005_reduced.fits,2,0.979925,792.0,101.36231066001832,1200.084021127582,798.5504439446149,1.0,V* RZ Cep,True,0.7159010721828838,0.0027471647109735,5852.804882532997,27.067098503429744,-9.418410115235176,-0.0050211359156414,2024-01-07 19:26:36.899,0.6559577087389243,2024_01_07,5,"(0.655, 0.69]",-9.418410115235176,-0.0050211359156414
0,0,1,1195.4182138664328,783.1032376939112,8416.901032858708,8416.901032858708,175.04337473724595,353.5334167480469,4.976301022059541,4.8764017790416965,264.46723654906964,175.04337473724598,1.4935191869735718,2.3858370780944824,8155.470394136027,7.464451533089312,9.952602044119082,12.440752555148851,7.314602668562544,9.752803558083391,12.19100444760424,False,1.5,20.0,420.8450516429354,18.158431890343188,6.861700289700041,21.11551997519783,-9.778622538727658,-0.0028111051124469,1.171629,317.3621,58.57249,2024-01-07T19:28:22.544,20.0,Blue,data\RZ_Cep\2024_01_07\Light\Blue\reduced_images\RZ_Cep_Light_Blue_20_secs_006_reduced.fits,2,0.979925,792.0,101.86307823720811,1200.041922009773,798.5588394114426,1.0,V* RZ Cep,True,0.716432570270043,0.0027244010116752,5842.844616232114,26.87983541768341,-9.4165608422474,-0.0049948975897529,2024-01-07 19:28:22.544,0.6599186002583792,2024_01_07,5,"(0.655, 0.69]",-9.4165608422474,-0.0049948975897529
0,0,1,1197.2790076717426,783.0910373634847,8355.28565346302,8355.28565346302,160.69812685467045,472.6456298828125,4.768032553443052,4.672314299932683,259.80111377718373,160.6981268546706,1.6155704259872437,2.422757148742676,8095.666512205067,7.152048830164578,9.536065106886104,11.92008138360763,7.008471449899024,9.344628599865366,11.680785749831708,False,1.5,20.0,417.7642826731509,20.036204515638005,6.2993665727030805,21.073676797405145,-9.770631524526076,-0.0028262594354423,1.173944,317.3658,58.38774,2024-01-07T19:30:07.837,20.0,Blue,data\RZ_Cep\2024_01_07\Light\Blue\reduced_images\RZ_Cep_Light_Blue_20_secs_007_reduced.fits,2,0.979925,792.0,102.4638443105734,1200.0488970320573,798.5581636347296,1.0,V* RZ Cep,True,0.7210529411419709,0.002660244856833,5837.404149130026,26.35743005422221,-9.415549406164253,-0.0049023873186018,2024-01-07 19:30:07.837,0.6638662944294538,2024_01_07,5,"(0.655, 0.69]",-9.415549406164253,-0.0049023873186018
0,0,1,1197.1271436054938,781.4324270749084,8357.96545343977,8357.96545343977,161.04766727523972,426.79290771484375,4.773215298379841,4.677393001264866,254.96252635649307,161.04766727523975,1.5729399919509888,2.5235791206359863,8104.647136972129,7.1598229475697615,9.546430596759684,11.933038245949604,7.016089501897299,9.354786002529732,11.693482503162166,False,1.5,20.0,417.8982726719885,19.92051328971945,6.313068557189395,21.074436042724784,-9.77183527781887,-0.0028232294163758,1.176271,317.3851,58.20374,2024-01-07T19:31:52.954,20.0,Blue,data\RZ_Cep\2024_01_07\Light\Blue\reduced_images\RZ_Cep_Light_Blue_20_secs_008_reduced.fits,2,0.979925,792.0,103.98545126988796,1200.0564932803652,798.5430546696397,1.0,V* RZ Cep,True,0.7230566706046885,0.0033612975010883,5860.119175284888,31.21427001275472,-9.41976612052403,-0.0057832378564717,2024-01-07 19:31:52.954,0.6678073899270203,2024_01_07,5,"(0.655, 0.69]",-9.41976612052403,-0.0057832378564717
0,0,1,1197.4858859034923,781.3166469521465,8397.841017330964,8397.841017330964,155.20631933379207,436.0855712890625,4.685851320358834,4.591782855102631,250.22199289024547,155.2063193337921,1.619806885719299,2.514047384262085,8146.4367525669395,7.028776980538251,9.371702640717668,11.714628300897086,6.887674282653946,9.18356571020526,11.479457137756578,False,1.5,20.0,419.8920508665482,21.645645955141603,6.084087717884648,21.15707410157592,-9.777419225197768,-0.0028197605942982,1.178689,317.3967,58.0143,2024-01-07T19:33:40.729,20.0,Blue,data\RZ_Cep\2024_01_07\Light\Blue\reduced_images\RZ_Cep_Light_Blue_20_secs_009_reduced.fits,2,0.979925,792.0,104.20992622350812,1200.0107193690374,798.5766511186182,1.0,V* RZ Cep,True,0.7188956855652986,0.0024888650542378,5856.4382341509545,25.346143103218186,-9.41908391822714,-0.0046989695985642,2024-01-07 19:33:40.729,0.6718481403977421,2024_01_07,5,"(0.655, 0.69]",-9.41908391822714,-0.0046989695985642
0,0,1,1197.5183531566252,776.1663424448194,8525.75080702587,8525.75080702587,173.95763030708576,397.9088745117188,4.960843723214403,4.861254785470874,265.80792125071093,173.9576303070858,1.5399453043937683,2.590206384658813,8257.865571071006,7.441265584821604,9.921687446428804,12.402109308036009,7.29188217820631,9.722509570941748,12.153136963677184,False,1.5,20.0,426.2875403512935,18.82118985116813,6.819139108037762,21.258595186665072,-9.792169521904572,-0.0027950596020014,1.196432,317.585,56.67605,2024-01-07T19:46:29.834,20.0,Blue,data\RZ_Cep\2024_01_07\Light\Blue\reduced_images\RZ_Cep_Light_Blue_20_secs_011_reduced.fits,2,0.979925,792.0,109.10961662300328,1200.0124687477123,798.5828996893036,1.0,V* RZ Cep,True,0.7231234260250319,0.0029082487616992,5971.456043407023,28.514579298575534,-9.44020059939647,-0.0051845497786242,2024-01-07 19:46:29.834,0.7006837830870154,2024_01_07,5,"(0.69, 0.724]",-9.44020059939647,-0.0051845497786242
0,0,1,1197.8641546737513,775.5241528052757,8644.909735493016,8644.909735493016,194.2729603619298,361.3292541503906,5.242518644120674,5.137275082339952,287.73810202060235,194.27296036192976,1.4775081872940063,2.254068613052368,8357.869845988422,7.86377796618101,10.485037288241347,13.106296610301683,7.705912623509927,10.274550164679903,12.843187705849878,False,1.5,20.0,432.2454867746508,17.606167659972197,7.6155000461876465,21.38848181804428,-9.805239009382875,-0.0027784889574234,1.199072,317.6216,56.48432,2024-01-07T19:48:19.457,20.0,Blue,data\RZ_Cep\2024_01_07\Light\Blue\reduced_images\RZ_Cep_Light_Blue_20_secs_012_reduced.fits,2,0.979925,792.0,109.82706232447056,1200.038164686549,798.4883030949541,1.0,V* RZ Cep,True,0.7251379501820178,0.0029026176729294,6060.60860800814,28.793762641963102,-9.456290595823235,-0.0051582988761694,2024-01-07 19:48:19.457,0.7047938196340056,2024_01_07,5,"(0.69, 0.724]",-9.456290595823235,-0.0051582988761694
0,0,1,1198.3049403363534,775.4146646169925,8619.521637562091,8619.521637562091,195.82651718878805,350.6672668457031,5.26343852114149,5.157774992829575,286.0146700910433,195.826517188788,1.443827748298645,2.368767738342285,8336.781878192238,7.895157781712235,10.52687704228298,13.158596302853724,7.736662489244362,10.31554998565915,12.894437482073936,False,1.5,20.0,430.9760818781045,17.76549170678932,7.67639947380049,21.363940953360977,-9.802496097140477,-0.0027823211052282,1.201673,317.6608,56.29721,2024-01-07T19:50:07.235,20.0,Blue,data\RZ_Cep\2024_01_07\Light\Blue\reduced_images\RZ_Cep_Light_Blue_20_secs_013_reduced.fits,2,0.979925,792.0,110.06780323353844,1199.9828795130934,798.572690473289,1.0,V* RZ Cep,True,0.7224740803523976,0.0033056470771011,6023.108820545471,31.586462025437527,-9.449551774286856,-0.0056938312793308,2024-01-07 19:50:07.235,0.7088346825823919,2024_01_07,5,"(0.69, 0.724]",-9.449551774286856,-0.0056938312793308
0,0,1,1198.7897329294651,775.0219891744077,8578.234618796097,8578.234618796097,180.27089352970967,402.1773681640625,5.050060840192023,4.948680868825168,280.5370622455382,180.27089352970967,1.5421854257583618,2.682666301727295,8300.223474106142,7.575091260288034,10.100121680384046,12.625152100480058,7.423021303237752,9.897361737650336,12.37170217206292,False,1.5,20.0,428.9117309398049,21.49512933751771,7.066619026364623,21.38862967334951,-9.797724463550006,-0.0027978053457193,1.204318,317.6939,56.10864,2024-01-07T19:51:55.875,20.0,Blue,data\RZ_Cep\2024_01_07\Light\Blue\reduced_images\RZ_Cep_Light_Blue_20_secs_014_reduced.fits,2,0.979925,792.0,110.5925326330928,1200.079156206918,798.5824873577445,1.0,V* RZ Cep,True,0.7289957770296439,0.0022637028449676,6050.8278610256975,24.41624187528376,-9.454536994845508,-0.0043811521988386,2024-01-07 19:51:55.875,0.712907864035742,2024_01_07,5,"(0.69, 0.724]",-9.454536994845508,-0.0043811521988386
0,0,1,1199.15023047186,774.4514933460176,8608.382489513733,8608.382489513733,163.41514931826512,451.0924682617188,4.808171635881016,4.7116475902907045,254.2639545938121,163.4151493182651,1.563671350479126,2.6062686443328857,8352.854902290494,7.212257453821524,9.616343271762032,12.02042908970254,7.067471385436057,9.423295180581407,11.779118975726762,False,1.5,20.0,430.41912447568666,19.37500814143432,6.405873853275993,21.35883907122288,-9.804587343320136,-0.0027763040472389,1.206926,317.7376,55.9244,2024-01-07T19:53:42.638,20.0,Blue,data\RZ_Cep\2024_01_07\Light\Blue\reduced_images\RZ_Cep_Light_Blue_20_secs_015_reduced.fits,2,0.979925,792.0,111.2475885541374,1200.033380868824,798.5788915333326,1.0,V* RZ Cep,True,0.730855470759112,0.0028978628652209,6104.729701796075,28.80246260171548,-9.464166098786936,-0.0051225652830581,2024-01-07 19:53:42.638,0.716910672131462,2024_01_07,5,"(0.69, 0.724]",-9.464166098786936,-0.0051225652830581
0,0,1,1200.5885512118575,772.0997947872835,8853.516771418166,8853.516771418166,246.62109348649503,243.73980712890625,5.906754408611222,5.788176313858352,340.86333822019617,246.62109348649503,1.3484312295913696,2.1769707202911377,8520.965187085003,8.860131612916833,11.813508817222443,14.766886021528054,8.682264470787528,11.576352627716703,14.47044078464588,False,1.5,20.0,442.6758385709083,20.984709940583947,9.667546864670603,21.75610478408676,-9.826221977434267,-0.0027721496473658,1.215296,317.8732,55.34424,2024-01-07T19:59:16.315,20.0,Blue,data\RZ_Cep\2024_01_07\Light\Blue\reduced_images\RZ_Cep_Light_Blue_20_secs_018_reduced.fits,2,0.979925,792.0,113.93496550545436,1200.0051891464936,798.5481842454401,1.0,V* RZ Cep,True,0.7207997627642925,0.0015641293196475,6141.9096853736655,20.580364209254437,-9.47075856501517,-0.0036380942856108,2024-01-07 19:59:16.315,0.7294210455468146,2024_01_07,5,"(0.724, 0.759]",-9.47075856501517,-0.0036380942856108
0,0,1,1200.2246714534667,771.4619575023171,8798.455113317508,8798.455113317508,215.8100911902602,326.73895263671875,5.525475768920424,5.414551842859347,317.6585104118968,215.8100911902601,1.449353575706482,2.486580371856689,8485.669985977363,8.288213653380637,11.050951537840849,13.81368942230106,8.121827764289021,10.829103685718694,13.536379607148367,False,1.5,20.0,439.9227556658754,24.853677982102507,8.459755574658198,21.75399248925668,-9.82171534430831,-0.0027834098288824,1.218085,317.9294,55.15454,2024-01-07T20:01:07.681,20.0,Blue,data\RZ_Cep\2024_01_07\Light\Blue\reduced_images\RZ_Cep_Light_Blue_20_secs_019_reduced.fits,2,0.979925,792.0,114.4234831279857,1200.0576837370738,798.6032742187373,1.0,V* RZ Cep,True,0.7293674505655795,0.002839680751307,6189.171484013166,28.85128315056265,-9.479081289753893,-0.0050612400627785,2024-01-07 20:01:07.681,0.7335964314611374,2024_01_07,5,"(0.724, 0.759]",-9.479081289753893,-0.0050612400627785
0,0,1,1201.5015881785484,770.9792851850632,6005.847303043962,6005.847303043962,190.61853775104765,250.90798950195312,5.192976669654959,5.088727663011635,309.62407008364,190.6185377510477,1.5930294394493103,2.5732054710388184,5702.186360701763,7.789465004482438,10.385953339309918,12.982441674137398,7.633091494517454,10.17745532602327,12.72181915752909,False,1.5,20.0,300.2923651521981,23.91245071919614,7.472246679841067,18.212003254755786,-9.39010351739582,-0.0034676929240923,1.220885,317.9793,54.96583,2024-01-07T20:02:56.342,20.0,Blue,data\RZ_Cep\2024_01_07\Light\Blue\reduced_images\RZ_Cep_Light_Blue_20_secs_020_reduced.fits,2,0.979925,792.0,115.29043921623868,1200.0274692909088,798.6075612237155,1.0,V* RZ Cep,True,1.0991592391668918,0.0079274275775862,6267.610821816777,49.437715498792464,-9.492755054373,-0.0085640795390055,2024-01-07 20:02:56.342,0.7376704002565475,2024_01_07,5,"(0.724, 0.759]",-9.492755054373,-0.0085640795390055
0,0,1,1199.0568599717658,804.609309468942,8828.607298710218,8828.607298710218,193.2138559129641,385.1566467285156,5.228208976729005,5.12325268152117,541.842500314372,193.213855912964,2.8021316528320312,4.346183776855469,8287.196637290774,7.842313465093508,10.45641795345801,13.070522441822511,7.684879022281756,10.24650536304234,12.808131703802925,False,1.5,20.0,441.4303649355109,38.76656334177046,7.573983151788192,22.0855362495247,-9.796019109591798,-0.0028935075824924,1.38159,322.3234,46.33302,2024-01-18T20:44:44.572,20.0,Blue,data\RZ_Cep\2024_01_18\Light\Blue\reduced_images\RZ_Cep_Light_Blue_20_secs_001_reduced.fits,2,0.979925,792.0,83.14288694668807,1199.9361844174252,798.4696046071793,1.0,V* RZ Cep,True,0.7433267196603051,0.0027530062520319,6160.094691577262,28.10731287436004,-9.473968470229815,-0.0049540029389293,2024-01-18 20:44:44.572,0.46454935166229916,2024_01_18,6,"(0.448, 0.483]",-9.473968470229815,-0.0049540029389293
0,0,1,1197.8178939544007,814.8039531131715,8798.83901096043,8798.83901096043,192.6957206638988,343.97088623046875,5.221194112573149,5.116378640763243,533.268495980905,192.69572066389875,2.766795873641968,4.215475559234619,8265.68928615909,7.8317911688597235,10.442388225146296,13.052985281432871,7.674567961144865,10.232757281526483,12.790946601908107,False,1.5,20.0,439.9419505480215,35.25180604479746,7.553672250024833,21.97151403164661,-9.79319768944298,-0.002886059157517,1.385467,322.44,46.16489,2024-01-18T20:46:30.505,20.0,Blue,data\RZ_Cep\2024_01_18\Light\Blue\reduced_images\RZ_Cep_Light_Blue_20_secs_002_reduced.fits,2,0.979925,792.0,73.44504395247262,1199.8953933449857,798.5263527146765,1.0,V* RZ Cep,True,0.7351968439054196,0.0031704294142466,6076.908675887004,30.78433164326272,-9.459206774488353,-0.0055001095436888,2024-01-18 20:46:30.505,0.46852104101162695,2024_01_18,6,"(0.448, 0.483]",-9.459206774488353,-0.0055001095436888
0,0,1,1196.6834149329522,820.3236383012136,8571.070554843112,8571.070554843112,180.83458186481624,425.2961120605469,5.05795018522471,4.956411835256325,547.9577971352966,180.8345818648163,2.823568105697632,8.155020713806152,8060.4717970824495,7.586925277837065,10.11590037044942,12.644875463061776,7.434617752884487,9.91282367051265,12.391029588140812,False,1.5,20.0,428.5535277421556,173.7382610644365,7.088715609100795,24.685633563181906,-9.76590115689262,-0.003325126217381,1.389377,322.5578,45.99679,2024-01-18T20:48:15.709,20.0,Blue,data\RZ_Cep\2024_01_18\Light\Blue\reduced_images\RZ_Cep_Light_Blue_20_secs_003_reduced.fits,2,0.979925,792.0,68.04023631119978,1199.883861879534,798.5486993890844,1.0,V* RZ Cep,True,0.7565032544532476,0.002107129713712,6097.7731469214905,25.243189368534058,-9.462928158603743,-0.0044946645210669,2024-01-18 20:48:15.709,0.4724653983537337,2024_01_18,6,"(0.448, 0.483]",-9.462928158603743,-0.0044946645210669
0,0,1,1195.4006842183312,822.2865015131719,8708.561955284402,8708.561955284402,193.58286896384288,364.4399108886719,5.233199190935268,5.128142717177243,533.180287377238,193.5828689638428,2.7345783710479736,4.3335795402526855,8179.194428810463,7.849798786402903,10.466398381870537,13.08299797733817,7.692214075765865,10.256285434354488,12.820356792943109,False,1.5,20.0,435.42809776422007,36.66483676420155,7.588448463382639,21.90162968803473,-9.781776329975834,-0.0029073024858956,1.39327,322.6755,45.83083,2024-01-18T20:50:00.851,20.0,Blue,data\RZ_Cep\2024_01_18\Light\Blue\reduced_images\RZ_Cep_Light_Blue_20_secs_004_reduced.fits,2,0.979925,792.0,65.70274634266417,1199.8886911017682,798.4538015922908,1.0,V* RZ Cep,True,0.7470801087260927,0.00280863269955,6110.513463167572,28.20377528699508,-9.465194263270474,-0.0050113399020447,2024-01-18 20:50:00.851,0.47640743116267004,2024_01_18,6,"(0.448, 0.483]",-9.465194263270474,-0.0050113399020447
0,0,1,1194.5008694421513,826.8544853971838,8590.632617137548,8590.632617137548,191.9262813570148,335.2367858886719,5.210759499959017,5.10615350299734,527.2826354537992,191.9262813570149,2.6990773677825928,4.107091903686523,8072.608734844155,7.816139249938525,10.421518999918034,13.026898749897542,7.659230254496009,10.21230700599468,12.76538375749335,False,1.5,20.0,429.53163085687737,37.03541481599805,7.523510229194979,21.7736206429264,-9.767534758758384,-0.0029284719496752,1.397207,322.7947,45.66445,2024-01-18T20:51:46.550,20.0,Blue,data\RZ_Cep\2024_01_18\Light\Blue\reduced_images\RZ_Cep_Light_Blue_20_secs_005_reduced.fits,2,0.979925,792.0,61.27600475818661,1199.8828399011427,798.5098143259883,1.0,V* RZ Cep,True,0.7369045051067039,0.0039051753462042,5948.741744670388,35.373255460344986,-9.436062787794368,-0.0064561592655898,2024-01-18 20:51:46.550,0.480370347275084,2024_01_18,6,"(0.448, 0.483]",-9.436062787794368,-0.0064561592655898
0,0,1,1192.1675389403474,838.0737886948057,8599.06888500032,8599.06888500032,188.88571825847475,378.3665161132813,5.169319382691117,5.0655452960835925,530.1878569788037,188.8857182584748,2.748398184776306,4.112979888916016,8079.93571980856,7.753979074036675,10.338638765382234,12.923298456727792,7.598317944125389,10.131090592167183,12.663863240208984,False,1.5,20.0,429.9534442500161,33.899989435341965,7.40432015573221,21.708471937036247,-9.76851976436113,-0.0029170620595697,1.401204,322.916,45.49699,2024-01-18T20:53:32.956,20.0,Blue,data\RZ_Cep\2024_01_18\Light\Blue\reduced_images\RZ_Cep_Light_Blue_20_secs_006_reduced.fits,2,0.979925,792.0,50.50957774881703,1199.902502329867,798.5346112109387,1.0,V* RZ Cep,True,0.7446889819567873,0.0024136434178891,6017.039105460518,25.331260508891944,-9.448457085082191,-0.0045708638691918,2024-01-18 20:53:32.956,0.4843597705607863,2024_01_18,6,"(0.483, 0.517]",-9.448457085082191,-0.0045708638691918
0,0,1,1190.1746016919608,848.6151441215309,8510.453153441409,8510.453153441409,171.43487214749996,409.2990417480469,4.924740924542953,4.825876750482753,490.235542006479,171.4348721474999,2.8714507818222046,3.850232601165772,8018.186355781881,7.38711138681443,9.849481849085906,12.311852311357384,7.238815125724131,9.651753500965508,12.064691876206885,False,1.5,20.0,425.52265767207047,33.20784495855431,6.720246988181998,21.574307627796696,-9.760190364366958,-0.0029213597495395,1.405258,323.0393,45.32861,2024-01-18T20:55:20.255,20.0,Blue,data\RZ_Cep\2024_01_18\Light\Blue\reduced_images\RZ_Cep_Light_Blue_20_secs_007_reduced.fits,2,0.979925,792.0,40.86708886433036,1199.8496901181989,798.4324345207109,1.0,V* RZ Cep,True,0.7380829368414119,0.0023681057246273,5918.086533617228,24.78109722777023,-9.430453277694228,-0.0045463570532444,2024-01-18 20:55:20.255,0.48838267461769647,2024_01_18,6,"(0.483, 0.517]",-9.430453277694228,-0.0045463570532444
0,0,1,1188.0701400200185,853.9127082755574,8479.33160679372,8479.33160679372,170.75452928844177,407.9300537109375,4.914959241751232,4.816291434973076,488.472412731481,170.75452928844183,2.837965488433838,4.773367881774902,7994.736145679357,7.372438862626848,9.829918483502464,12.28739810437808,7.224437152459615,9.632582869946152,12.040728587432692,False,1.5,20.0,423.966580339686,37.89388330448008,6.693577548106917,21.646109146732883,-9.757010337695814,-0.0029396798048745,1.409302,323.1624,45.16213,2024-01-18T20:57:06.654,20.0,Blue,data\RZ_Cep\2024_01_18\Light\Blue\reduced_images\RZ_Cep_Light_Blue_20_secs_008_reduced.fits,2,0.979925,792.0,35.49532969419309,1199.8602557274285,798.4551325676556,1.0,V* RZ Cep,True,0.7442317922492963,0.003408662570491,5949.936810259179,31.656905529119303,-9.436280883606468,-0.0057767081499602,2024-01-18 20:57:06.654,0.49237183545596963,2024_01_18,6,"(0.483, 0.517]",-9.436280883606468,-0.0057767081499602
0,0,1,1187.3057484392518,855.084891982407,8428.314305016236,8428.314305016236,170.059273259294,388.4258728027344,4.90494299052447,4.806476259989691,473.66074832319873,170.05927325929397,2.829801559448242,3.9662058353424072,7947.080308348452,7.357414485786704,9.80988598104894,12.262357476311172,7.209714389984537,9.612952519979382,12.016190649974227,False,1.5,20.0,421.4157152508118,27.680876866531904,6.666323511764324,21.348604535873253,-9.75051900438581,-0.0029166627196797,1.413365,323.2863,44.99628,2024-01-18T20:58:52.952,20.0,Blue,data\RZ_Cep\2024_01_18\Light\Blue\reduced_images\RZ_Cep_Light_Blue_20_secs_009_reduced.fits,2,0.979925,792.0,34.11627936692414,1199.9111242627262,798.5201823816349,1.0,V* RZ Cep,True,0.7397120791819073,0.0027307541588149,5878.551298314026,26.839107337445125,-9.423175780893237,-0.0049570360214448,2024-01-18 20:58:52.952,0.49635720955529905,2024_01_18,6,"(0.483, 0.517]",-9.423175780893237,-0.0049570360214448
0,0,1,1185.4928870253814,861.2313505289758,8369.454346131472,8369.454346131472,186.01969556312,342.4228515625,5.129951618686308,5.026967839941181,520.4536415968705,186.01969556312,2.780153751373291,4.170410633087158,7852.290991682346,7.694927428029461,10.259903237372615,12.824879046715768,7.540451759911771,10.05393567988236,12.56741959985295,False,1.5,20.0,418.4727173065736,32.56564296191965,7.291972066074302,21.40865087609604,-9.737490963482765,-0.002960173963984,1.417528,323.4136,44.82781,2024-01-18T21:00:41.035,20.0,Blue,data\RZ_Cep\2024_01_18\Light\Blue\reduced_images\RZ_Cep_Light_Blue_20_secs_010_reduced.fits,2,0.979925,792.0,28.53430208804808,1199.8533984411597,798.475178008475,1.0,V* RZ Cep,True,0.741811772050872,0.0033025971093556,5824.921895198981,30.409377675807622,-9.41322526599986,-0.0056681553677141,2024-01-18 21:00:41.035,0.5004095077053989,2024_01_18,6,"(0.483, 0.517]",-9.41322526599986,-0.0056681553677141
0,0,1,1182.1935952542378,875.7402527376938,8350.376770123863,8350.376770123863,175.66502607577013,332.96905517578125,4.985129640870871,4.885053163330388,502.6277677253958,175.66502607577004,2.858476161956787,4.192130088806152,7848.242480596757,7.477694461306306,9.97025928174174,12.462824102177176,7.327579744995583,9.770106326660777,12.21263290832597,False,1.5,20.0,417.5188385061932,32.75828962005908,6.886069022170188,21.381375006028552,-9.73693103153317,-0.0029579275881127,1.421601,323.5383,44.66445,2024-01-18T21:02:26.662,20.0,Blue,data\RZ_Cep\2024_01_18\Light\Blue\reduced_images\RZ_Cep_Light_Blue_20_secs_011_reduced.fits,2,0.979925,792.0,18.68561893579526,1199.870200315209,798.5312536141369,1.0,V* RZ Cep,True,0.7469604217566076,0.0042002195625733,5862.326513354677,36.62952312309511,-9.420175009070071,-0.0067839959659652,2024-01-18 21:02:26.662,0.5043697243604583,2024_01_18,6,"(0.483, 0.517]",-9.420175009070071,-0.0067839959659652
0,0,1,1179.1585482861035,884.6149430541285,8214.061547629062,8214.061547629062,158.4259235584915,454.3088989257813,4.734203567724065,4.639164431102005,470.90188888889054,158.42592355849155,2.937391519546509,4.124630928039551,7748.702583292026,7.101305351586097,9.46840713544813,11.835508919310165,6.958746646653006,9.27832886220401,11.597911077755011,False,1.5,20.0,410.7030773814531,33.34063027271936,6.210296203492866,21.219189519339924,-9.72307247946372,-0.0029731999711084,1.425602,323.661,44.50529,2024-01-18T21:04:09.402,20.0,Blue,data\RZ_Cep\2024_01_18\Light\Blue\reduced_images\RZ_Cep_Light_Blue_20_secs_012_reduced.fits,2,0.979925,792.0,15.845481549482397,1199.8906108467938,798.5061322111129,1.0,V* RZ Cep,True,0.7471592349111786,0.0027050029568943,5789.514693686744,26.28089712520953,-9.40660540124978,-0.0049285860753543,2024-01-18 21:04:09.402,0.5082217002670859,2024_01_18,6,"(0.483, 0.517]",-9.40660540124978,-0.0049285860753543
0,0,1,1203.3160422688188,791.6756855170422,8290.834924615749,8290.834924615749,174.42142107941658,381.1208190917969,4.967452407278766,4.867730800202645,489.9563331212377,174.4214210794166,2.770331621170044,4.277597427368164,7807.6297463900255,7.451178610918149,9.934904814557532,12.418631018196916,7.301596200303967,9.73546160040529,12.169327000506613,False,1.5,20.0,414.54174623078745,38.18191535093936,6.837319706313128,21.437373469901576,-9.731298025058358,-0.0029811009572982,1.435793,323.976,44.10586,2024-01-18T21:08:29.824,20.0,Blue,data\RZ_Cep\2024_01_18\Light\Blue\reduced_images\RZ_Cep_Light_Blue_20_secs_013_reduced.fits,2,0.979925,792.0,96.67955165684197,1199.874697800619,798.5689943660217,1.0,V* RZ Cep,True,0.7476945800922619,0.0038471481036741,5837.722444742944,34.04620578497843,-9.415608606391002,-0.0063321267164191,2024-01-18 21:08:29.824,0.517985563121556,2024_01_18,6,"(0.517, 0.552]",-9.415608606391002,-0.0063321267164191
0,0,1,1203.9635783092167,791.5695558671111,8295.322108908393,8295.322108908393,193.2252321016776,376.5022583007813,5.228362889646413,5.123403504636761,532.1147438930279,193.2252321016776,2.725144386291504,4.243680000305176,7768.755452356633,7.84254433446962,10.456725779292826,13.070907224116032,7.685105256955143,10.246807009273525,12.808508761591904,False,1.5,20.0,414.7661054454196,33.74998984308481,7.57442909838576,21.35627599528743,-9.725878626968344,-0.0029846842507903,1.439521,324.0933,43.96181,2024-01-18T21:10:07.974,20.0,Blue,data\RZ_Cep\2024_01_18\Light\Blue\reduced_images\RZ_Cep_Light_Blue_20_secs_014_reduced.fits,2,0.979925,792.0,97.0413882877655,1199.927551473589,798.527354984052,1.0,V* RZ Cep,True,0.7416412608226628,0.0024964955798386,5761.62958870871,25.040312532826743,-9.401363335854231,-0.0047186604894956,2024-01-18 21:10:07.974,0.5216654486116568,2024_01_18,6,"(0.517, 0.552]",-9.401363335854231,-0.0047186604894956
0,0,1,1203.9235898714508,791.272862994036,8226.687217122006,8226.687217122006,180.38199219347047,370.85888671875,5.051616744709186,4.95020553855915,514.3492365588298,180.38199219347047,2.8302018642425537,3.785843133926392,7716.16976654026,7.577425117063779,10.103233489418372,12.629041861772963,7.425308307838724,9.9004110771183,12.375513846397872,False,1.5,20.0,411.33436085610026,30.431298990656234,7.070974093984043,21.18576488920663,-9.718504435409326,-0.0029810323854524,1.443393,324.2104,43.81336,2024-01-18T21:11:46.383,20.0,Blue,data\RZ_Cep\2024_01_18\Light\Blue\reduced_images\RZ_Cep_Light_Blue_20_secs_015_reduced.fits,2,0.979925,792.0,97.29541545981964,1199.954354328701,798.5356123970475,1.0,V* RZ Cep,True,0.7504312643322426,0.0040706160668027,5790.455033707032,35.20400248413547,-9.406781733525442,-0.0066009078434983,2024-01-18 21:11:46.383,0.5253550446502686,2024_01_18,6,"(0.517, 0.552]",-9.406781733525442,-0.0066009078434983
0,0,1,1204.1832594549812,790.9669441114969,8264.996526182367,8264.996526182367,193.90843588525868,340.11871337890625,5.237597929361367,5.132453150929438,537.3153397098115,193.9084358852587,2.753488779067993,4.191237449645996,7731.071823805682,7.856396894042049,10.475195858722731,13.093994823403415,7.698679726394156,10.264906301858876,12.831132877323594,False,1.5,20.0,413.2498263091184,36.23799250737595,7.60121068670214,21.37964053727743,-9.720599270014338,-0.0030025137917565,1.447272,324.3302,43.6658,2024-01-18T21:13:23.483,20.0,Blue,data\RZ_Cep\2024_01_18\Light\Blue\reduced_images\RZ_Cep_Light_Blue_20_secs_016_reduced.fits,2,0.979925,792.0,97.68100829368856,1199.9417812315412,798.5499132601815,1.0,V* RZ Cep,True,0.7442318826216949,0.0013734921906747,5753.710138114443,19.12921672706283,-9.399869947766415,-0.0036097201059285,2024-01-18 21:13:23.483,0.5289955630516943,2024_01_18,6,"(0.517, 0.552]",-9.399869947766415,-0.0036097201059285
0,0,1,1204.3454524476697,790.8613783589585,8173.642257291513,8173.642257291513,189.1977456681145,351.7965087890625,5.1735873172124025,5.069727551819364,527.1847340099592,189.1977456681145,2.754272699356079,4.122331619262695,7652.54007161811,7.760380975818604,10.347174634424803,12.933968293031006,7.604591327729046,10.139455103638728,12.674318879548409,False,1.5,20.0,408.6821128645756,37.010447840652056,7.416551630190088,21.28635977182143,-9.709514031017129,-0.0030200915324167,1.451234,324.4543,43.51629,2024-01-18T21:15:02.367,20.0,Blue,data\RZ_Cep\2024_01_18\Light\Blue\reduced_images\RZ_Cep_Light_Blue_20_secs_017_reduced.fits,2,0.979925,792.0,97.8440054437262,1199.9143307479949,798.5242180004549,1.0,V* RZ Cep,True,0.7471728943252648,0.0022812857779132,5717.770514250972,23.61619974441173,-9.393066801831557,-0.0044844337521766,2024-01-18 21:15:02.367,0.5327029680117903,2024_01_18,6,"(0.517, 0.552]",-9.393066801831557,-0.0044844337521766
0,0,1,1190.934116322844,800.1238172444869,8030.410973927681,8030.410973927681,186.8359309982409,370.5732421875,5.141194151430954,5.037984678840977,475.2788198433624,186.8359309982409,2.5451040267944336,3.9657392501831055,7554.894093594171,7.71179122714643,10.282388302861907,12.852985378577385,7.556977018261466,10.075969357681954,12.594961697102445,False,1.5,20.0,401.520548696384,31.113244276478184,7.3239684951310435,20.975170117736667,-9.695570951671057,-0.0030144038176653,1.497803,325.903,41.84294,2024-01-18T21:33:38.560,20.0,Blue,data\RZ_Cep\2024_01_18\Light\Blue\reduced_images\RZ_Cep_Light_Blue_20_secs_018_reduced.fits,2,0.979925,792.0,84.29502472675735,1199.956298641173,798.568772913123,1.0,V* RZ Cep,True,0.7584725118812765,0.0026375547019943,5730.179500165391,25.498282516051702,-9.395420566572191,-0.0048313335535177,2024-01-18 21:33:38.560,0.5745517955710966,2024_01_18,6,"(0.552, 0.586]",-9.395420566572191,-0.0048313335535177
0,0,1,1190.6739735972003,800.1144251981877,7988.576629782459,7988.576629782459,181.00309442849192,358.09332275390625,5.060306287895018,4.958720639165525,470.1037481148933,181.0030944284918,2.591536521911621,4.0373735427856445,7519.500499992005,7.590459431842527,10.120612575790036,12.650765719737544,7.438080958748289,9.91744127833105,12.396801597913813,False,1.5,20.0,399.42883148912296,30.28313812560089,7.095321301596882,20.899935189285173,-9.690472481365388,-0.0030177292111529,1.501959,326.0308,41.70073,2024-01-18T21:35:15.320,20.0,Blue,data\RZ_Cep\2024_01_18\Light\Blue\reduced_images\RZ_Cep_Light_Blue_20_secs_019_reduced.fits,2,0.979925,792.0,84.22117268763289,1199.923302075148,798.5494075239542,1.0,V* RZ Cep,True,0.7620169385682329,0.0020948877897143,5729.986750566204,22.400499393952582,-9.39538404437631,-0.0042445182258534,2024-01-18 21:35:15.320,0.5781795665345726,2024_01_18,6,"(0.552, 0.586]",-9.39538404437631,-0.0042445182258534
0,0,1,1190.0684995146128,799.8258057051282,7998.9670658802115,7998.9670658802115,224.4965491315353,282.7811279296875,5.63558026205772,5.522445988296912,563.3201458769291,224.4965491315354,2.454817771911621,4.490559577941895,7447.868947339288,8.45337039308658,11.27116052411544,14.088950655144302,8.283668982445366,11.044891976593824,13.80611497074228,False,1.5,20.0,399.9483532940106,42.43621103266113,8.800264725956183,21.2411117659276,-9.680080065493057,-0.0030964889737782,1.506172,326.1621,41.55763,2024-01-18T21:36:53.070,20.0,Blue,data\RZ_Cep\2024_01_18\Light\Blue\reduced_images\RZ_Cep_Light_Blue_20_secs_020_reduced.fits,2,0.979925,792.0,84.30580109206728,1199.9094774976218,798.5431412918492,1.0,V* RZ Cep,True,0.7586944841628382,0.002787721377955,5650.657089114002,26.28297310462129,-9.380247382196158,-0.0050500986023991,2024-01-18 21:36:53.070,0.5818444550384356,2024_01_18,6,"(0.552, 0.586]",-9.380247382196158,-0.0050500986023991
0,0,1,1190.8455072408776,800.2420831680004,7864.767188035006,7864.767188035006,152.75499004760206,446.1009521484375,4.6486998658434135,4.555377216036607,416.7402052754151,152.75499004760198,2.7332730293273926,3.993290424346924,7447.2460936427215,6.97304979876512,9.297399731686829,11.621749664608531,6.833065824054911,9.110754432073216,11.388443040091516,False,1.5,20.0,393.2383594017503,34.62078072890263,5.987995609866,20.828997473246737,-9.679989263265997,-0.0030366656856988,1.51034,326.2926,41.41721,2024-01-18T21:38:30.537,20.0,Blue,data\RZ_Cep\2024_01_18\Light\Blue\reduced_images\RZ_Cep_Light_Blue_20_secs_021_reduced.fits,2,0.979925,792.0,84.15465855435565,1199.9520719031666,798.5277122290227,1.0,V* RZ Cep,True,0.7699461370961143,0.0031222075126519,5733.97836180434,28.246068796775788,-9.396140124313614,-0.0053484295893118,2024-01-18 21:38:30.537,0.5854987331749726,2024_01_18,6,"(0.552, 0.586]",-9.396140124313614,-0.0053484295893118
0,0,1,1227.5357448594375,793.4392588909732,7938.515632845698,7938.515632845698,196.9744230531024,307.5179748535156,5.278842726000161,5.172869958275708,503.8861736061521,196.97442305310227,2.6018437147140503,3.971104145050049,7426.018968265557,7.918264089000242,10.557685452000324,13.197106815000405,7.759304937413563,10.345739916551416,12.93217489568927,False,1.5,20.0,396.9257816422849,33.29918993307967,7.72139738368161,20.927168202101456,-9.676890135522733,-0.0030596991843385,1.520692,326.6848,41.07298,2024-01-18T21:42:49.494,20.0,Blue,data\RZ_Cep\2024_01_18\Light\Blue\reduced_images\RZ_Cep_Light_Blue_20_secs_022_reduced.fits,2,0.979925,792.0,107.37575506690295,1199.9176203722318,798.5316995520424,1.0,V* RZ Cep,True,0.7657659880956263,0.0027319371313071,5686.592752850738,25.85323894481549,-9.387130318070778,-0.0049361364093775,2024-01-18 21:42:49.494,0.5952076695668893,2024_01_18,6,"(0.586, 0.621]",-9.387130318070778,-0.0049361364093775
0,0,1,1232.849129300963,853.7875825845572,8014.983700179764,8014.983700179764,215.49091553396872,270.7117614746094,5.521388263320836,5.410546393934671,539.2246580872958,215.4909155339687,2.511015772819519,3.500934600830078,7473.88261237465,8.282082394981254,11.042776526641672,13.803470658302093,8.115819590902005,10.82109278786934,13.526365984836676,False,1.5,20.0,400.7491850089882,31.64601855137061,8.447243888931574,20.99624841368787,-9.683865680934735,-0.0030501398334905,1.532088,327.0451,40.70146,2024-01-18T21:47:00.377,20.0,Blue,data\RZ_Cep\2024_01_18\Light\Blue\reduced_images\RZ_Cep_Light_Blue_20_secs_023_reduced.fits,2,0.979925,792.0,73.67016650084447,1199.93516149477,798.540999719057,1.0,V* RZ Cep,True,0.76422655039908,0.0032794800854534,5711.739526942743,29.29560924845811,-9.391920985107108,-0.0055687594736175,2024-01-18 21:47:00.377,0.604613891792269,2024_01_18,6,"(0.586, 0.621]",-9.391920985107108,-0.0055687594736175
0,0,1,1223.9573272677546,772.181349445598,7916.436841421804,7916.436841421804,162.57695080945675,429.5453186035156,4.795824605645851,4.699548426687511,438.0128498491621,162.57695080945675,2.707755446434021,3.856813907623291,7476.218217402862,7.193736908468777,9.591649211291704,11.989561514114628,7.049322640031266,9.399096853375022,11.748871066718776,False,1.5,20.0,395.8218420710902,34.8626330306377,6.373016471730704,20.90592001260549,-9.684204922922287,-0.0030360689845337,1.542399,327.3698,40.37178,2024-01-18T21:51:06.541,20.0,Blue,data\RZ_Cep\2024_01_18\Light\Blue\reduced_images\RZ_Cep_Light_Blue_20_secs_024_reduced.fits,2,0.979925,792.0,123.36832048976302,1199.9075908202078,798.5294153183515,1.0,V* RZ Cep,True,0.7668788426753496,0.0017898730384874,5733.353574150272,20.88298198359583,-9.396021813518956,-0.0039546505042229,2024-01-18 21:51:06.541,0.6138431870731438,2024_01_18,6,"(0.586, 0.621]",-9.396021813518956,-0.0039546505042229
0,0,1,1170.6773068029863,750.7140059628858,7953.599396693277,7953.599396693277,183.6716070553749,335.1159973144531,5.097471631962493,4.995139888950846,474.6607902291101,183.6716070553748,2.5959348678588867,3.966296434402466,7476.7998677025535,7.646207447943739,10.194943263924984,12.743679079906231,7.492709833426269,9.990279777901693,12.487849722377112,False,1.5,20.0,397.6799698346639,35.5187500001631,7.199926996570696,20.98567718305506,-9.68428938998915,-0.0030474146562934,1.555342,327.6892,39.9663,2024-01-18T21:55:33.345,20.0,Blue,data\RZ_Cep\2024_01_18\Light\Blue\reduced_images\RZ_Cep_Light_Blue_20_secs_025_reduced.fits,2,0.979925,792.0,129.45831251915004,1199.9095105846611,798.4918559256532,1.0,V* RZ Cep,True,0.767689381461724,0.0045576150855496,5739.859865749673,37.69279782229041,-9.397253223906713,-0.0071298666189551,2024-01-18 21:55:33.345,0.6238463268423402,2024_01_18,6,"(0.621, 0.655]",-9.397253223906713,-0.0071298666189551
0,0,1,1225.6957618939548,790.2414871554703,8043.255605799959,8043.255605799959,201.46761400714385,327.7421875,5.338711175486036,5.231536548638154,508.50085970294015,201.467614007144,2.4734489917755127,3.6515352725982666,7544.935739058571,8.008066763229053,10.677422350972073,13.346777938715087,7.84730482295723,10.463073097276308,13.078841371595384,False,1.5,20.0,402.162780289998,34.79430123741387,7.897530469080038,21.09157680204332,-9.694138862998996,-0.003035133676602,1.564392,328.0642,39.6882,2024-01-18T21:59:15.019,20.0,Blue,data\RZ_Cep\2024_01_18\Light\Blue\reduced_images\RZ_Cep_Light_Blue_20_secs_026_reduced.fits,2,0.979925,792.0,108.91720554502476,1199.8988006893385,798.5735146228471,1.0,V* RZ Cep,True,0.7624211247226222,0.0047094427619359,5752.418392132945,39.00182369096854,-9.399626165440909,-0.0073613720606258,2024-01-18 21:59:15.019,0.632157431642554,2024_01_18,6,"(0.621, 0.655]",-9.399626165440909,-0.0073613720606258
0,0,1,1170.8033299163992,804.7399254415942,8123.021417125968,8123.021417125968,215.3877644899223,287.7310791015625,5.520066617962273,5.409251280606681,530.8307507677198,215.38776448992223,2.475492715835572,3.751357316970825,7589.830575051057,8.28009992694341,11.040133235924548,13.800166544905682,8.113876920910021,10.818502561213364,13.523128201516702,False,1.5,20.0,406.1510708562984,38.49058554611732,8.443200368004952,21.285790019879943,-9.70058020352603,-0.0030449629465289,1.578063,328.4173,39.27615,2024-01-18T22:03:49.271,20.0,Blue,data\RZ_Cep\2024_01_18\Light\Blue\reduced_images\RZ_Cep_Light_Blue_20_secs_027_reduced.fits,2,0.979925,792.0,75.56695124515856,1199.9955395080567,798.5636406322939,1.0,V* RZ Cep,True,0.7659608444021172,0.0033885751578499,5813.513036135115,30.451193620765675,-9.411096626645612,-0.0056870885446822,2024-01-18 22:03:49.271,0.6424398152948925,2024_01_18,6,"(0.621, 0.655]",-9.411096626645612,-0.0056870885446822
0,0,1,1216.4432727750884,781.0644177671982,8046.060527829888,8046.060527829888,219.3871914709215,274.5227966308594,5.571080563341391,5.459241121032313,545.1630956921799,219.38719147092144,2.4585436582565308,3.4486193656921387,7506.687539536343,8.356620845012086,11.14216112668278,13.927701408353476,8.188861681548468,10.918482242064623,13.64810280258078,False,1.5,20.0,402.3030263914944,36.21688712433088,8.59997790566012,21.145209656598,-9.68862084761876,-0.00305835557434,1.58751,328.7899,38.99693,2024-01-18T22:07:41.633,20.0,Blue,data\RZ_Cep\2024_01_18\Light\Blue\reduced_images\RZ_Cep_Light_Blue_20_secs_028_reduced.fits,2,0.979925,792.0,111.97565043841372,1199.9215293907707,798.5178060410368,1.0,V* RZ Cep,True,0.7747779410314594,0.0031598715006627,5816.015915848479,28.82783174181345,-9.411563965808554,-0.0053815912954213,2024-01-18 22:07:41.633,0.6511516395664785,2024_01_18,6,"(0.621, 0.655]",-9.411563965808554,-0.0053815912954213
0,0,1,1147.4816480296397,770.4447039677495,8158.029022057788,8158.029022057788,225.44019011033967,284.04150390625,5.647412042707876,5.534040245950515,535.8227974450741,225.4401901103398,2.3905258178710938,3.42234206199646,7619.108427213254,8.471118064061812,11.294824085415751,14.11853010676969,8.301060368925771,11.06808049190103,13.83510061487629,False,1.5,20.0,407.9014511028894,33.68913493319435,8.837255452325314,21.22328536038681,-9.704760385108974,-0.0030243550829887,1.600628,329.1299,38.61645,2024-01-18T22:12:02.248,20.0,Blue,data\RZ_Cep\2024_01_18\Light\Blue\reduced_images\RZ_Cep_Light_Blue_20_secs_029_reduced.fits,2,0.979925,792.0,110.7935866398897,1199.9025637642114,798.5395950587559,1.0,V* RZ Cep,True,0.7732625033660614,0.0016570418266042,5891.570855844376,20.705596585463088,-9.425577762888135,-0.0038157592268711,2024-01-18 22:12:02.248,0.6609227384665246,2024_01_18,6,"(0.655, 0.69]",-9.425577762888135,-0.0038157592268711
0,0,1,1211.2381352506482,845.3978390167446,8049.411938579045,8049.411938579045,198.4549906685945,311.3251342773437,5.298644920787687,5.192274624002874,497.4786948346888,198.4549906685945,2.466838359832764,4.055261135101318,7559.855554897503,7.947967381181529,10.597289841575371,13.246612301969217,7.7884119360043105,10.384549248005747,12.980686560007186,False,1.5,20.0,402.47059692895226,36.65490651893979,7.779435634208906,21.1401262787643,-9.696283743941423,-0.0030361162732988,1.610629,329.5168,38.33189,2024-01-18T22:15:47.465,20.0,Blue,data\RZ_Cep\2024_01_18\Light\Blue\reduced_images\RZ_Cep_Light_Blue_20_secs_030_reduced.fits,2,0.979925,792.0,58.55553745521983,1199.891059201964,798.4726839020027,1.0,V* RZ Cep,True,0.7809719578224045,0.0035733630252662,5904.035193562882,31.65970714871585,-9.427872344058382,-0.0058221350578801,2024-01-18 22:15:47.465,0.6693666790722546,2024_01_18,6,"(0.655, 0.69]",-9.427872344058382,-0.0058221350578801
0,0,1,1208.4258530301215,831.7664204401957,8252.83445776873,8252.83445776873,232.06631912356548,264.50152587890625,5.729805256621376,5.614779416094701,532.7027341818037,232.0663191235655,2.270526885986328,3.188685894012451,7725.921640866791,8.594707884932063,11.459610513242753,14.32451314155344,8.422169124142053,11.229558832189404,14.036948540236754,False,1.5,20.0,412.6417228884365,28.355457414118128,9.096999709643766,21.215423163637304,-9.71987574764272,-0.0029814375680674,1.622982,329.906,37.98671,2024-01-18T22:20:11.339,20.0,Blue,data\RZ_Cep\2024_01_18\Light\Blue\reduced_images\RZ_Cep_Light_Blue_20_secs_031_reduced.fits,2,0.979925,792.0,65.57541166173452,1199.917592573356,798.469823267693,1.0,V* RZ Cep,True,0.7779411823177841,0.0047685676420159,6010.312615790465,40.36948881307341,-9.447242654125752,-0.0072925683527307,2024-01-18 22:20:11.339,0.6792599659172538,2024_01_18,6,"(0.655, 0.69]",-9.447242654125752,-0.0072925683527307
0,0,1,1213.6609967950103,825.8039962823997,8485.060154467972,8485.060154467972,305.096555954299,187.62033081054688,6.569804664807334,6.437915836161327,693.4760510653625,305.0965559542992,2.273445844650269,3.469388723373413,7791.439657116563,9.854706997211,13.139609329614668,16.424511662018336,9.65687375424199,12.875831672322654,16.09478959040332,False,1.5,20.0,424.2530077233986,45.15109154305055,11.95978499340852,21.94000647811795,-9.729044278768807,-0.0030573373361318,1.637244,330.3116,37.59661,2024-01-18T22:24:58.436,20.0,Blue,data\RZ_Cep\2024_01_18\Light\Blue\reduced_images\RZ_Cep_Light_Blue_20_secs_032_reduced.fits,2,0.979925,792.0,73.50796842269683,1199.892833939769,798.5167810984575,1.0,V* RZ Cep,True,0.7724162313422007,0.0045183143039177,6018.234456680144,39.07081295234094,-9.448672757138857,-0.0070486778933318,2024-01-18 22:24:58.436,0.6900239402891657,2024_01_18,6,"(0.69, 0.724]",-9.448672757138857,-0.0070486778933318
0,0,1,1140.5018783843084,783.0532747232796,8216.909428942708,8216.909428942708,212.21936790778835,303.969970703125,5.479315563288868,5.369318303355844,508.8590559837117,212.21936790778835,2.3911534547805786,3.874149799346924,7709.46035419865,8.218973344933302,10.958631126577735,13.69828890822217,8.053977455033765,10.738636606711689,13.42329575838961,False,1.5,20.0,410.8454714471354,34.91076217406453,8.318999221985303,21.30904110567121,-9.717559948565768,-0.0030009879231697,1.649275,330.6519,37.27432,2024-01-18T22:29:01.037,20.0,Blue,data\RZ_Cep\2024_01_18\Light\Blue\reduced_images\RZ_Cep_Light_Blue_20_secs_033_reduced.fits,2,0.979925,792.0,99.75384334122532,1199.9090748788828,798.5421491462421,1.0,V* RZ Cep,True,0.7806885405071965,0.0025381161560396,6018.687352017438,25.68335270188759,-9.448754459898533,-0.0046331275005778,2024-01-18 22:29:01.037,0.6991196499154739,2024_01_18,6,"(0.69, 0.724]",-9.448754459898533,-0.0046331275005778
0,0,1,1215.1042809666296,770.215522106398,8284.76005546482,8284.76005546482,214.41216302599847,306.0482177734375,5.50755082527518,5.396986742457781,510.0260070754194,214.4121630259986,2.3572641611099243,3.713562488555908,7779.333947857575,8.261326237912769,11.01510165055036,13.76887706318795,8.095480113686671,10.79397348491556,13.492466856144452,False,1.5,20.0,414.23800277324096,33.97398949302471,8.404956790619138,21.36859726460501,-9.727356037733596,-0.0029823452561085,1.658522,331.0396,37.03068,2024-01-18T22:32:45.788,20.0,Blue,data\RZ_Cep\2024_01_18\Light\Blue\reduced_images\RZ_Cep_Light_Blue_20_secs_034_reduced.fits,2,0.979925,792.0,121.09615650171152,1199.8813028794973,798.4213894571285,1.0,V* RZ Cep,True,0.7806646611155944,0.0032959723475991,6073.051100109274,30.589427692850517,-9.45851733848981,-0.005468758385445,2024-01-18 22:32:45.788,0.7075461190318038,2024_01_18,6,"(0.69, 0.724]",-9.45851733848981,-0.005468758385445
0,0,1,1139.799320976739,784.5868968004633,8308.998976878012,8308.998976878012,207.4060068693933,325.5966796875,5.416820815875554,5.308078137996853,505.7794623069183,207.4060068693932,2.395383834838867,3.7834837436676025,7812.181980774589,8.125231223813332,10.833641631751108,13.542052039688883,7.96211720699528,10.616156275993706,13.270195344992132,False,1.5,20.0,415.44994884390064,33.03951156011126,8.130315469280216,21.36866340867608,-9.731930878502448,-0.0029698145239301,1.673026,331.4667,36.65551,2024-01-18T22:37:30.438,20.0,Blue,data\RZ_Cep\2024_01_18\Light\Blue\reduced_images\RZ_Cep_Light_Blue_20_secs_035_reduced.fits,2,0.979925,792.0,98.43441028091932,1199.9157175805592,798.5262829429435,1.0,V* RZ Cep,True,0.7860591017101928,0.0035921210545791,6140.836750204227,32.705246780286615,-9.470568880311038,-0.0057824807854931,2024-01-18 22:37:30.438,0.7182183493407592,2024_01_18,6,"(0.69, 0.724]",-9.470568880311038,-0.0057824807854931
0,0,1,1200.1717812774325,815.8044264676158,8449.661863401747,8449.661863401747,219.7737507500758,299.1380615234375,5.57598651311303,5.464048583862286,527.127925319676,219.77375075007583,2.404361724853516,3.469268321990967,7921.246268970768,8.363979769669545,11.15197302622606,13.939966282782574,8.196072875793428,10.928097167724571,13.660121459655716,False,1.5,20.0,422.4830931700873,31.64250296441147,8.61513102940297,21.511409232402738,-9.746983788934854,-0.00294849005143,1.691797,332.0962,36.18211,2024-01-18T22:44:00.568,20.0,Blue,data\RZ_Cep\2024_01_18\Light\Blue\reduced_images\RZ_Cep_Light_Blue_20_secs_036_reduced.fits,2,0.979925,792.0,73.68493347987878,1199.8764323636792,798.4827893494348,1.0,V* RZ Cep,True,0.7961633945051276,0.0044122533244114,6306.606318214844,38.92121426126226,-9.499489303912974,-0.006700619845978,2024-01-18 22:44:00.568,0.7328452849117184,2024_01_18,6,"(0.724, 0.759]",-9.499489303912974,-0.006700619845978
0,0,1,1189.7074727173365,798.6380274451027,8571.104299844681,8571.104299844681,222.7417820906644,303.7156982421875,5.61351192533215,5.500820673431107,535.3384809697146,222.7417820906645,2.3706812858581543,3.830115795135498,8043.054525463648,8.420267887998225,11.2270238506643,14.033779813330376,8.251231010146661,11.001641346862217,13.75205168357777,False,1.5,20.0,428.555214992234,34.928299490856176,8.731477857954044,21.730508331399985,-9.76355253220262,-0.0029334128680221,1.704007,332.4826,35.88125,2024-01-18T22:48:09.717,20.0,Blue,data\RZ_Cep\2024_01_18\Light\Blue\reduced_images\RZ_Cep_Light_Blue_20_secs_037_reduced.fits,2,0.979925,792.0,85.32669413223772,1199.8918905082223,798.4620635989014,1.0,V* RZ Cep,True,0.7905623184350336,0.00313518027983,6358.53583294993,30.512246864536028,-9.508392807644553,-0.0052100439440277,2024-01-18 22:48:09.717,0.7421864952020769,2024_01_18,6,"(0.724, 0.759]",-9.508392807644553,-0.0052100439440277
0,0,1,1184.0956024417487,808.0906216730567,8552.16656549095,8552.16656549095,173.35402888850643,411.4618225097656,4.952229630513335,4.85281362068078,443.90417444948696,173.35402888850655,2.5424041748046875,4.043524265289307,8111.430558725599,7.428344445770002,9.90445926102667,12.380574076283338,7.2792204310211694,9.70562724136156,12.13203405170195,False,1.5,20.0,427.6083282745475,28.671602544980782,6.795477932429451,21.51918699096129,-9.772743636443892,-0.0028803994861194,1.71617,332.8717,35.58692,2024-01-18T22:52:13.393,20.0,Blue,data\RZ_Cep\2024_01_18\Light\Blue\reduced_images\RZ_Cep_Light_Blue_20_secs_038_reduced.fits,2,0.979925,792.0,74.66452925495665,1199.8628244001006,798.5280382775205,1.0,V* RZ Cep,True,0.8015795702221347,0.0021521560464176,6501.957021149956,24.541573868446225,-9.532610236055028,-0.0040981008001196,2024-01-18 22:52:13.393,0.7513225092288849,2024_01_18,6,"(0.724, 0.759]",-9.532610236055028,-0.0040981008001196
0,0,1,1094.9316757949466,782.8464949629838,8775.300416194983,8775.300416194983,196.9425314170824,364.0375671386719,5.278415366592057,5.172451178107722,482.1706077373999,196.9425314170824,2.4462060928344727,3.985825538635254,8293.538395904272,7.917623049888085,10.556830733184114,13.196038416480144,7.758676767161583,10.344902356215444,12.931127945269305,False,1.5,20.0,438.7650208097492,33.05481895218959,7.720147231549628,21.898401471191644,-9.7968496490402,-0.0028667965551763,1.730554,333.2463,35.24551,2024-01-18T22:56:31.359,20.0,Blue,data\RZ_Cep\2024_01_18\Light\Blue\reduced_images\RZ_Cep_Light_Blue_20_secs_039_reduced.fits,2,0.979925,792.0,119.20250395638465,1199.9433628605168,798.5143779471263,1.0,V* RZ Cep,True,0.7981860416505688,0.0045690167611376,6619.786583503839,41.73031005881707,-9.55210997091773,-0.0068443457950057,2024-01-18 22:56:31.359,0.760994290587405,2024_01_18,6,"(0.759, 0.793]",-9.55210997091773,-0.0068443457950057
0,0,1,1136.3663762389992,787.1763992753373,8996.101355942168,8996.101355942168,235.9648485725692,343.85137939453125,5.777732892272612,5.661744904460239,552.4079196612622,235.96484857256905,2.297186374664306,3.5710906982421875,8454.046120901536,8.666599338408918,11.555465784545223,14.444332230681528,8.49261735669036,11.323489808920478,14.154362261150595,False,1.5,20.0,449.8050677971084,30.914746942209103,9.249822064044713,22.13525777585077,-9.817661531963632,-0.0028427868058912,1.741853,333.6213,34.98225,2024-01-18T23:00:22.826,20.0,Blue,data\RZ_Cep\2024_01_18\Light\Blue\reduced_images\RZ_Cep_Light_Blue_20_secs_040_reduced.fits,2,0.979925,792.0,96.84956382790864,1199.8480541047427,798.5145838454284,1.0,V* RZ Cep,True,0.7913638173302966,0.003971156739477,6690.226210123025,37.86751809074826,-9.563602005984311,-0.0061454028734108,2024-01-18 23:00:22.826,0.7696725591026734,2024_01_18,6,"(0.759, 0.793]",-9.563602005984311,-0.0061454028734108
0,0,1,1255.9662275302176,778.3413526525409,9020.274751312216,9020.274751312216,196.92789979749853,396.3631591796875,5.278219286041025,5.172259033873751,481.9237471106175,196.92789979749853,2.4090030193328857,4.193324089050293,8545.874846109158,7.917328929061536,10.55643857208205,13.195548215102562,7.758388550810626,10.344518067747504,12.93064758468438,False,1.5,20.0,451.0137375656108,41.32049299009957,7.719573672061942,22.361882841741487,-9.829391320769355,-0.002841032222569,1.750667,334.0301,34.77983,2024-01-18T23:04:06.229,20.0,Blue,data\RZ_Cep\2024_01_18\Light\Blue\reduced_images\RZ_Cep_Light_Blue_20_secs_041_reduced.fits,2,0.979925,792.0,137.08489189788497,1199.911642861454,798.5148508815399,1.0,V* RZ Cep,True,0.7985685018551822,0.0027593860755153,6824.466472899277,29.57990968432605,-9.585171761284602,-0.0047060058108988,2024-01-18 23:04:06.229,0.7780484883758163,2024_01_18,6,"(0.759, 0.793]",-9.585171761284602,-0.0047060058108988
0,0,1,1192.1999787917846,724.1237313271391,9246.340499637136,9246.340499637136,218.449862011614,364.1097412109375,5.559166632739984,5.44756636258773,520.4286258377042,218.449862011614,2.354299545288086,3.45127534866333,8732.044088834948,8.338749949109976,11.118333265479968,13.89791658184996,8.171349543881593,10.89513272517546,13.618915906469324,False,1.5,20.0,462.3170249818568,31.53700347103812,8.563234590855268,22.414666248770025,-9.852789799581242,-0.0027870237960636,1.763212,334.4004,34.49605,2024-01-18T23:08:08.413,20.0,Blue,data\RZ_Cep\2024_01_18\Light\Blue\reduced_images\RZ_Cep_Light_Blue_20_secs_042_reduced.fits,2,0.979925,792.0,158.40659689303035,1199.923388544899,798.4995020348222,1.0,V* RZ Cep,True,0.8038473745999101,0.0040255350353282,7019.230715700636,39.50000721467614,-9.615723793774135,-0.006109870106599,2024-01-18 23:08:08.413,0.7871285636438188,2024_01_18,6,"(0.759, 0.793]",-9.615723793774135,-0.006109870106599
0,0,1,1178.2424391984275,801.2090151013575,9661.95278277566,9661.95278277566,255.5108714399724,300.8763732910156,6.012270283226491,5.89157395729072,594.8681600915347,255.5108714399725,2.3118367195129395,3.5165669918060303,9071.25336794598,9.018405424839736,12.024540566452982,15.030675708066228,8.83736093593608,11.78314791458144,14.7289348932268,False,1.5,20.0,483.0976391387829,39.09333207964385,10.016026160446916,23.069611990210703,-9.89416824333274,-0.0027611964908842,1.77723,334.8642,34.18478,2024-01-18T23:12:35.817,20.0,Blue,data\RZ_Cep\2024_01_18\Light\Blue\reduced_images\RZ_Cep_Light_Blue_20_secs_043_reduced.fits,2,0.979925,792.0,80.06788604439993,1199.8578661145211,798.4689907226332,1.0,V* RZ Cep,True,0.7939015969971642,0.0024060711293083,7201.6825355782175,28.492404173790355,-9.643584932241945,-0.0042955565757387,2024-01-18 23:12:35.817,0.7971541988922581,2024_01_18,6,"(0.793, 0.828]",-9.643584932241945,-0.0042955565757387
0,0,1,1135.2092932285216,797.972093930905,9929.379607542309,9929.379607542309,234.0241306708321,319.45654296875,5.753924048395848,5.638414023124302,559.2747779618005,234.02413067083216,2.378562808036804,3.580113887786865,9372.738514145522,8.630886072593771,11.507848096791696,14.38481012098962,8.457621034686452,11.276828046248603,14.096035057810754,False,1.5,20.0,496.4689803771154,30.25581437099809,9.173745922296618,23.14948251409543,-9.92966625251771,-0.0026816315476032,1.789122,335.1637,33.92543,2024-01-18T23:15:57.052,20.0,Blue,data\RZ_Cep\2024_01_18\Light\Blue\reduced_images\RZ_Cep_Light_Blue_20_secs_044_reduced.fits,2,0.979925,792.0,86.93378037610886,1199.8837962744462,798.4416770293166,1.0,V* RZ Cep,True,0.803669379270867,0.0036313305089658,7532.58294373148,38.78845931833178,-9.69235980632534,-0.0055909154832138,2024-01-18 23:15:57.052,0.8046989951901651,2024_01_18,6,"(0.793, 0.828]",-9.69235980632534,-0.0055909154832138
0,0,1,1174.4983234410968,807.9684959076159,10289.056095717326,10289.056095717326,269.4981918447989,270.7969970703125,6.174641285949972,6.050685362134527,634.3841178099694,269.49819184479907,2.2826712131500244,3.8757190704345694,9673.88033119722,9.261961928924958,12.349282571899945,15.436603214874932,9.07602804320179,12.101370724269056,15.126713405336318,False,1.5,20.0,514.4528047858663,50.18217902949439,10.564329120316115,23.98331321847915,-9.964001776831486,-0.0026917380182368,1.799909,335.6175,33.69379,2024-01-18T23:20:04.715,20.0,Blue,data\RZ_Cep\2024_01_18\Light\Blue\reduced_images\RZ_Cep_Light_Blue_20_secs_045_reduced.fits,2,0.979925,792.0,72.79252967774256,1199.7366886807538,798.4154384387423,1.0,V* RZ Cep,True,0.808006502379566,0.0047491127174055,7816.558210849143,49.86213310725244,-9.73253891619432,-0.0069259540709198,2024-01-18 23:20:04.715,0.8139844916765924,2024_01_18,6,"(0.793, 0.828]",-9.73253891619432,-0.0069259540709198
0,0,1,1156.5550088540392,806.3975225160067,10680.932081292132,10680.932081292132,227.3766342402573,354.728759765625,5.671614724646851,5.557757059049566,549.436368349134,227.3766342402573,2.3699421882629395,3.751713752746582,10142.062603180915,8.507422086970276,11.343229449293702,14.179036811617127,8.336635588574348,11.115514118099131,13.894392647623912,False,1.5,20.0,534.0466040646066,38.664992908048525,8.913164062218083,24.116897831911825,-10.015315717396158,-0.0025817814528523,1.815411,336.0533,33.36676,2024-01-18T23:24:40.890,20.0,Blue,data\RZ_Cep\2024_01_18\Light\Blue\reduced_images\RZ_Cep_Light_Blue_20_secs_046_reduced.fits,2,0.979925,792.0,73.97805475237354,1199.8106836344446,798.5412492528889,1.0,V* RZ Cep,True,0.802982985053157,0.0030159596034014,8143.903703698204,36.202898471131306,-9.77708157444151,-0.0048265302510196,2024-01-18 23:24:40.890,0.8243389733402182,2024_01_18,6,"(0.793, 0.828]",-9.77708157444151,-0.0048265302510196
0,0,1,1199.6588999308633,778.2945815233576,10939.762304518476,10939.762304518476,220.2999403526653,395.0557861328125,5.582657628364339,5.470585776474926,549.9251361839428,220.29994035266503,2.4763431549072266,4.307742118835449,10394.224055199684,8.37398644254651,11.16531525672868,13.956644070910848,8.205878664712388,10.941171552949852,13.676464441187314,False,1.5,20.0,546.9881152259238,35.435162518199505,8.635757661824478,24.311705728022208,-10.04198018531757,-0.00253949683672,1.825351,336.4709,33.16063,2024-01-18T23:28:33.798,20.0,Blue,data\RZ_Cep\2024_01_18\Light\Blue\reduced_images\RZ_Cep_Light_Blue_20_secs_047_reduced.fits,2,0.979925,792.0,107.7754577433484,1199.868934403063,798.4659672660908,1.0,V* RZ Cep,True,0.8133916307128071,0.0039720207307077,8454.574854253156,45.77759310654884,-9.817729434005267,-0.0058787568930758,2024-01-18 23:28:33.798,0.8330712684980881,2024_01_18,6,"(0.828, 0.862]",-9.817729434005267,-0.0058787568930758
0,0,1,1208.6612064632077,800.8296660117028,11521.328426496058,11521.328426496058,230.911509120042,393.3618774414063,5.715531128679232,5.600791841270997,561.1832111310262,230.911509120042,2.425473928451538,3.938300132751465,10961.258581345995,8.573296693018849,11.431062257358464,14.28882782169808,8.401187761906495,11.201583682541994,14.00197960317749,False,1.5,20.0,576.066421324803,36.66873818723052,9.051731157505646,24.93565500783044,-10.099651057713972,-0.0024699301846079,1.83818,336.9106,32.89858,2024-01-18T23:32:48.341,20.0,Blue,data\RZ_Cep\2024_01_18\Light\Blue\reduced_images\RZ_Cep_Light_Blue_20_secs_048_reduced.fits,2,0.979925,792.0,90.89865316146216,1199.8790136387515,798.4745245440955,1.0,V* RZ Cep,True,0.8139140216831815,0.004458883185718,8921.522054652603,52.92135037226184,-9.876097383571189,-0.006440451052171,2024-01-18 23:32:48.341,0.8426147131474409,2024_01_18,6,"(0.828, 0.862]",-9.876097383571189,-0.006440451052171
0,0,1,1235.0632608176038,782.5572356087174,11668.973131356484,11668.973131356484,194.59139366542828,511.6962890625,5.246813397778278,5.14148361881788,515.3755993787915,194.5913936654283,2.5917463302612305,4.0738677978515625,11164.641600923693,7.870220096667417,10.493626795556557,13.117033494445696,7.712225428226819,10.28296723763576,12.8537090470447,False,1.5,20.0,583.4486565678242,41.145241176932174,7.627982631684788,25.144022756441363,-10.11961196557654,-0.0024451994802656,1.850214,337.3312,32.65674,2024-01-18T23:36:54.385,20.0,Blue,data\RZ_Cep\2024_01_18\Light\Blue\reduced_images\RZ_Cep_Light_Blue_20_secs_049_reduced.fits,2,0.979925,792.0,120.60298242682804,1199.9228371274314,798.5731300719247,1.0,V* RZ Cep,True,0.8300238075383012,0.0024460925770075,9266.918331399198,34.37128041957916,-9.9173383390897,-0.0040270284274531,2024-01-18 23:36:54.385,0.8518395093324216,2024_01_18,6,"(0.828, 0.862]",-9.9173383390897,-0.0040270284274531
0,0,1,1193.1670109412687,833.7857663034366,12343.958932827029,12343.958932827029,235.71927996952527,431.02545166015625,5.774725666535537,5.658798048779836,573.6450431481626,235.71927996952525,2.4251320362091064,3.5320611000061035,11772.308555420788,8.662088499803305,11.549451333071074,14.436814166338843,8.488197073169754,11.317596097559672,14.146995121949592,False,1.5,20.0,617.1979466413513,43.18567486569419,9.24019577480539,25.877090587657857,-10.177154091384184,-0.0023865917200996,1.865768,337.7725,32.34972,2024-01-18T23:41:17.451,20.0,Blue,data\RZ_Cep\2024_01_18\Light\Blue\reduced_images\RZ_Cep_Light_Blue_20_secs_050_reduced.fits,2,0.979925,792.0,54.64860403897489,1199.8605197409,798.4921847152573,1.0,V* RZ Cep,True,0.8241257538455713,0.0036616652239495,9701.862662738826,48.09310054593089,-9.96713780641032,-0.0053821026205961,2024-01-18 23:41:17.451,0.8617025022651887,2024_01_18,6,"(0.828, 0.862]",-9.96713780641032,-0.0053821026205961
0,0,1,1225.1257797715275,795.6843335381525,12529.796205102411,12529.796205102411,204.15866295955595,498.70599365234375,5.374248092941463,5.266360062475664,519.1241080100579,204.15866295955604,2.507076621055603,3.90447998046875,12017.954794210538,8.061372139412194,10.748496185882926,13.435620232353658,7.899540093713495,10.532720124951329,13.16590015618916,False,1.5,20.0,626.4898102551206,39.02736606064621,8.003019588014592,25.95226764473157,-10.199576415181184,-0.002344601644785,1.877179,338.2526,32.12836,2024-01-18T23:45:43.406,20.0,Blue,data\RZ_Cep\2024_01_18\Light\Blue\reduced_images\RZ_Cep_Light_Blue_20_secs_051_reduced.fits,2,0.979925,792.0,104.141694645242,1199.8775103677908,798.4181403719278,1.0,V* RZ Cep,True,0.8352470232015191,0.0025553874405673,10037.960966834777,37.59002134359023,-10.00411375642815,-0.0040658503500074,2024-01-18 23:45:43.406,0.8716738109310427,2024_01_18,6,"(0.862, 0.897]",-10.00411375642815,-0.0040658503500074
0,0,1,1187.1684021315727,818.3467901297705,12839.09232752508,12839.09232752508,255.65057366698343,388.0793762207031,6.0139136825183535,5.8931843653417975,635.7821301429306,255.6505736669834,2.459134340286255,3.699291229248047,12210.413222706718,9.02087052377753,12.027827365036709,15.034784206295884,8.839776548012697,11.786368730683597,14.732960913354496,False,1.5,20.0,641.954616376254,46.237113744007566,10.02150248774575,26.423724805712144,-10.21682590378208,-0.0023495678780777,1.890095,338.6888,31.88166,2024-01-18T23:49:53.029,20.0,Blue,data\RZ_Cep\2024_01_18\Light\Blue\reduced_images\RZ_Cep_Light_Blue_20_secs_052_reduced.fits,2,0.979925,792.0,65.86268400720417,1199.868141019025,798.4944388311808,1.0,V* RZ Cep,True,0.8301309798613752,0.0043759897803898,10136.24229307782,57.759832989370416,-10.014692458045074,-0.0061869024086144,2024-01-18 23:49:53.029,0.8810327926503305,2024_01_18,6,"(0.862, 0.897]",-10.014692458045074,-0.0061869024086144
0,0,1,1217.180942183379,743.2092864850468,12795.950425835965,12795.950425835965,213.2974900195603,500.1798095703125,5.493216008917605,5.382939697538584,572.7409304931134,213.29749001956048,2.6550302505493164,4.273970603942871,12229.639137467791,8.239824013376406,10.98643201783521,13.733040022294013,8.074409546307875,10.765879395077167,13.457349243846462,False,1.5,20.0,639.7975212917983,58.37145933011632,8.361261608766762,26.58063660318694,-10.218534106016994,-0.0023598046664502,1.905092,339.2171,31.6002,2024-01-18T23:55:04.796,20.0,Blue,data\RZ_Cep\2024_01_18\Light\Blue\reduced_images\RZ_Cep_Light_Blue_20_secs_053_reduced.fits,2,0.979925,792.0,146.76481838452267,1199.7734648728251,798.3607091425565,1.0,V* RZ Cep,True,0.8360212906589913,0.0028674601114824,10224.238695999537,41.51603430227923,-10.024077450027146,-0.0044086863443047,2024-01-18 23:55:04.796,0.8927217061459487,2024_01_18,6,"(0.862, 0.897]",-10.024077450027146,-0.0044086863443047
0,0,1,1215.4143700653926,784.8167082362992,12624.44950179122,12624.44950179122,210.1674895421614,481.32135009765625,5.452762385584369,5.343298180693763,570.407663023698,210.1674895421613,2.645902872085572,4.35606575012207,12068.3667375926,8.179143578376554,10.905524771168738,13.63190596396092,8.014947271040645,10.686596361387526,13.358245451734406,False,1.5,20.0,631.2224750895609,63.37553726046142,8.238565590052726,26.51106519814085,-10.204121247976126,-0.0023850802629873,1.923324,339.8749,31.26504,2024-01-19T00:01:09.924,20.0,Blue,data\RZ_Cep\2024_01_18\Light\Blue\reduced_images\RZ_Cep_Light_Blue_20_secs_054_reduced.fits,2,0.979925,792.0,108.18177517583511,1199.710005502022,798.3985662888534,1.0,V* RZ Cep,True,0.8408326933172046,0.0049310094493862,10147.47730790975,63.547255626128646,-10.015895222020465,-0.0067992816394402,2024-01-19 00:01:09.924,0.9064112550943264,2024_01_18,6,"(0.897, 0.931]",-10.015895222020465,-0.0067992816394402
