Unnamed: 0.1,Unnamed: 0,id,xcenter,ycenter,aperture_sum,Circ_sum_flux,Circ_area (reduced pixs),Max_Flux,FWHM_from_aperature (reduced pix),FWHM_from_aperature (arcsec),Annu_sum_flux,Annu_area (reduced pix),Annu_pix_flux_median,Annu_pix_flux_max,Circ_sum_flux_minus_back,Apperature_radius (reduced pix),Anulus_in_radius (reduced pix),Anulus_out_radius (reduced pix),Apperature_radius (arcsec),Anulus_in_radius (arcsec),Anulus_out_radius (arcsec),Saturated,Number_FWHM,Exposure_sec,Er1_source,Er2_sky,Er3_read,Circ_sum_flux_minus_back_ERROR,Source_Mag,Source_Mag_Error,Air mass,Azimuth,Altitude,Date Observation,Exposure time /s ,Filter,File,BINNED,Arcsec_per_pix_binned_image,max_dist,Distance_to_centre_pix,xcenter_transformed,ycenter_transformed,matched_id,matched_MAIN_ID,matched_Normilsation_star,Norm_multiply_factor,Norm_multiply_factor_ERROR,Circ_sum_flux_minus_back_norm,Circ_sum_flux_minus_back_ERROR_norm,Source_Mag_norm,Source_Mag_Error_norm,time,phase,epoch_folder,epoch,phase_bin,Source_Mag_norm_calibrated,Source_Mag_Error_norm_calibrated
0,0,1,1192.753233983946,885.1278260440853,7296.195233368127,7296.195233368127,167.1910138763701,343.2325744628906,4.863403133972019,4.765770316057531,702.4427902255792,167.19101387637016,4.19016170501709,5.462661266326904,6595.637849600381,7.295104700958029,9.726806267944038,12.158507834930049,7.148655474086297,9.531540632115062,11.914425790143827,False,1.5,18.0,405.3441796315626,49.42985377447137,8.091219436979886,21.51430344777664,-9.548142003938926,-0.0035415616663699,1.09829,319.0121,65.5581,2022-12-07T20:22:17.874,18.0,Green,data\RZ_Cep\2022_12_07\Light\Green\reduced_images\star_Light_Green_18_secs_001_reduced.fits,2,0.979925,792.0,29.20690097346774,1200.2003614606533,798.4947508521014,1.0,V* RZ Cep,True,0.9333634224978936,0.0039122094942025,6156.127116859659,32.6963996944955,-9.473268947318978,-0.0057665581362565,2022-12-07 20:22:17.874,0.0,2022_12_07,1,"(-0.001, 0.0345]",-9.473268947318978,-0.0057665581362565
0,0,1,1192.9175456858177,884.2764646062055,7182.410420879654,7182.410420879654,171.96864296563865,322.5948181152344,4.932401676423785,4.833383712769578,702.3615607798334,171.9686429656387,4.0562357902526855,5.418373107910156,6484.865056481245,7.398602514635677,9.86480335284757,12.331004191059463,7.250075569154367,9.666767425539156,12.083459281923943,False,1.5,18.0,399.0228011599808,51.76693927749332,8.322433091670414,21.426903031682965,-9.529752358207023,-0.0035874245916788,1.102881,318.7001,65.03762,2022-12-07T20:27:25.705,18.0,Green,data\RZ_Cep\2022_12_07\Light\Green\reduced_images\star_Light_Green_18_secs_002_reduced.fits,2,0.979925,792.0,29.232047448296683,1200.2411212085858,798.4923605507477,1.0,V* RZ Cep,True,0.9676103992948366,0.0039367466242885,6274.822866674951,32.88763536990662,-9.494003676334312,-0.005690566438079,2022-12-07 20:27:25.705,0.01154134315168024,2022_12_07,1,"(-0.001, 0.0345]",-9.494003676334312,-0.005690566438079
0,0,1,1194.0327235066566,883.9521264790449,6989.348188758153,6989.348188758153,175.57054095114282,291.3218078613281,4.983788782192155,4.883739222389648,698.815965812938,175.57054095114285,4.002284526824951,5.31641960144043,6286.664929343107,7.475683173288233,9.96757756438431,12.459471955480389,7.325608833584472,9.767478444779297,12.20934805597412,False,1.5,18.0,388.2971215976752,39.671461146038446,8.496747167018269,20.891752676851503,-9.49605078416032,-0.0036081026294621,1.107668,318.415,64.51012,2022-12-07T20:32:34.754,18.0,Green,data\RZ_Cep\2022_12_07\Light\Green\reduced_images\star_Light_Green_18_secs_003_reduced.fits,2,0.979925,792.0,30.29164546428024,1200.2082537955955,798.5423654116205,1.0,V* RZ Cep,True,1.0141349719948285,0.0083054388740208,6375.526762060243,56.34839967953508,-9.51129018272773,-0.0095959910287448,2022-12-07 20:32:34.754,0.02312835212635669,2022_12_07,1,"(-0.001, 0.0345]",-9.51129018272773,-0.0095959910287448
0,0,1,1193.982320904998,883.2126093499379,6746.425053149491,6746.425053149491,172.72086917489935,330.2796630859375,4.9431775749175575,4.843943285101088,676.2046967195809,172.7208691748993,3.854027509689331,5.621888160705566,6080.754071851977,7.414766362376336,9.886355149835117,12.357943937293893,7.265914927651631,9.687886570202176,12.109858212752718,False,1.5,18.0,374.8013918416384,60.80943231439142,8.358837125501301,21.0705875874768,-9.459893598238388,-0.0037622142795002,1.112651,318.168,63.97623,2022-12-07T20:37:43.639,18.0,Green,data\RZ_Cep\2022_12_07\Light\Green\reduced_images\star_Light_Green_18_secs_004_reduced.fits,2,0.979925,792.0,30.15394544144412,1200.2279587866117,798.5222799132866,1.0,V* RZ Cep,True,1.0466965858087955,0.0033764928303619,6364.704526150395,30.132192536521437,-9.509445617130115,-0.0051401620030005,2022-12-07 20:37:43.639,0.03470921233668882,2022_12_07,1,"(0.0345, 0.069]",-9.509445617130115,-0.0051401620030005
0,0,1,1195.9893655444037,882.323524501418,6533.915438782851,6533.915438782851,164.1855152939592,316.2109069824219,4.819491567755401,4.722740274532712,619.9346966412616,164.1855152939591,3.775918960571289,5.354305267333984,5913.964238533224,7.229237351633102,9.638983135510802,12.048728919388502,7.084110411799068,9.445480549065424,11.806850686331778,False,1.5,18.0,362.9953021546028,49.88718256079226,7.945768147559507,20.51409888011059,-9.42969673509875,-0.003766153964375,1.117711,317.9524,63.44901,2022-12-07T20:42:50.822,18.0,Green,data\RZ_Cep\2022_12_07\Light\Green\reduced_images\star_Light_Green_18_secs_005_reduced.fits,2,0.979925,792.0,32.07363830378726,1200.2525878263757,798.5182337516816,1.0,V* RZ Cep,True,1.0834063981457758,0.0024029526852391,6407.2266944322055,26.38005272317667,-9.516675225150284,-0.0044702302089405,2022-12-07 20:42:50.822,0.04622626037071591,2022_12_07,1,"(0.0345, 0.069]",-9.516675225150284,-0.0044702302089405
0,0,1,1196.5845888301606,881.9089446449226,6464.519042145656,6464.519042145656,160.13774649611327,328.2100524902344,4.759711842860823,4.664160627615392,606.4525780676147,160.13774649611332,3.769408106803894,5.660660266876221,5860.894522297899,7.139567764291234,9.519423685721646,11.899279607152058,6.996240941423088,9.328321255230785,11.66040156903848,False,1.5,18.0,359.13994678586977,52.56488647224881,7.74987612672548,20.48059348224177,-9.419909763786675,-0.0037940491428405,1.122979,317.7724,62.91523,2022-12-07T20:47:58.438,18.0,Green,data\RZ_Cep\2022_12_07\Light\Green\reduced_images\star_Light_Green_18_secs_006_reduced.fits,2,0.979925,792.0,32.64045800671312,1200.2296951863932,798.5422942587462,1.0,V* RZ Cep,True,1.117683117600148,0.0054164194413447,6550.622861607546,39.13742931142065,-9.540706491391033,-0.0064868524508741,2022-12-07 20:47:58.438,0.05775954264231061,2022_12_07,1,"(0.0345, 0.069]",-9.540706491391033,-0.0064868524508741
0,0,1,1197.1769420959213,880.6686771000935,6309.266746341265,6309.266746341265,169.31822756737677,292.693359375,4.894244499446393,4.795992541120007,624.9069446811197,169.31822756737682,3.617930173873901,5.202683448791504,5696.685221838405,7.341366749169589,9.788488998892786,12.235611248615983,7.19398881168001,9.591985082240011,11.98998135280002,False,1.5,18.0,350.5148192411814,50.371024583795325,8.19416607486564,20.2257264368883,-9.38905555645481,-0.0038548388413457,1.128408,317.618,62.38008,2022-12-07T20:53:05.426,18.0,Green,data\RZ_Cep\2022_12_07\Light\Green\reduced_images\star_Light_Green_18_secs_007_reduced.fits,2,0.979925,792.0,33.18367996320334,1200.193861164076,798.4793766938536,1.0,V* RZ Cep,True,1.1681898783053346,0.005348052547116,6654.810016043204,38.55445321684618,-9.557839153973834,-0.0062901819302532,2022-12-07 20:53:05.426,0.06926927964556243,2022_12_07,1,"(0.069, 0.103]",-9.557839153973834,-0.0062901819302532
0,0,1,1198.4601397373076,879.9563749936634,5987.812100289968,5987.812100289968,160.20127370864702,297.8313903808594,4.760655846540368,4.665085680421071,585.3253936370179,160.20127370864694,3.655330181121826,4.8092360496521,5402.223549448592,7.1409837698105525,9.521311693080737,11.90163961635092,6.997628520631606,9.330171360842142,11.662714201052676,False,1.5,18.0,332.6562277938871,42.55489292240779,7.752950530097484,19.56946783247803,-9.33143137941531,-0.0039330619214637,1.133962,317.4954,61.8476,2022-12-07T20:58:12.989,18.0,Green,data\RZ_Cep\2022_12_07\Light\Green\reduced_images\star_Light_Green_18_secs_008_reduced.fits,2,0.979925,792.0,34.46016735095673,1200.255734950323,798.5119883177804,1.0,V* RZ Cep,True,1.2454777201958536,0.0036274041030738,6728.349070355584,31.27402450432864,-9.569771287012031,-0.005046608063551,2022-12-07 20:58:12.989,0.08080057481648488,2022_12_07,1,"(0.069, 0.103]",-9.569771287012031,-0.005046608063551
0,0,1,1198.051229468181,879.5307955435028,5931.31300896924,5931.31300896924,163.1543013513979,288.9364624023437,4.804332632279111,4.707885654686108,575.1834747609479,163.154301351398,3.497483849525452,5.533661842346191,5360.683475012118,7.206498948418667,9.608665264558224,12.01083158069778,7.061828482029163,9.415771309372216,11.769714136715272,False,1.5,18.0,329.51738938718,39.60643317434256,7.89586248515407,19.41699474807254,-9.323050411966504,-0.0039326578940632,1.139788,317.4006,61.30421,2022-12-07T21:03:22.679,18.0,Green,data\RZ_Cep\2022_12_07\Light\Green\reduced_images\star_Light_Green_18_secs_009_reduced.fits,2,0.979925,792.0,34.05446198542435,1200.2020941677922,798.5070311164089,1.0,V* RZ Cep,True,1.2927568422267668,0.0086443963690789,6930.060241333877,52.70167683816684,-9.601842524612191,-0.0082567995950994,2022-12-07 21:03:22.679,0.09241161646155589,2022_12_07,1,"(0.069, 0.103]",-9.601842524612191,-0.0082567995950994
0,0,1,1198.3827782390365,878.2747442373325,5899.048974943733,5899.048974943733,206.02362261885344,202.026123046875,5.398738777281617,5.2903590963276885,696.8838204045795,206.02362261885327,3.3598365783691406,4.900387763977051,5206.8432716607895,8.098108165922426,10.797477554563232,13.49684694320404,7.935538644491533,10.580718192655375,13.22589774081922,False,1.5,18.0,327.7249430524296,48.17406020070197,9.97052593414698,19.643562029002748,-9.291436263529889,-0.0040960953446362,1.145727,317.3252,60.76529,2022-12-07T21:08:30.674,18.0,Green,data\RZ_Cep\2022_12_07\Light\Green\reduced_images\star_Light_Green_18_secs_010_reduced.fits,2,0.979925,792.0,34.42603588683105,1200.2207124071845,798.4638802624478,1.0,V* RZ Cep,True,1.3850078467533624,0.0055764354465714,7211.518788065143,39.79020615939371,-9.645066848280212,-0.0059906475586725,2022-12-07 21:08:30.674,0.10395910837758046,2022_12_07,1,"(0.103, 0.138]",-9.645066848280212,-0.0059906475586725
0,0,1,1200.8205590267596,877.6176599901063,5502.851013925234,5502.851013925234,172.3147749383181,241.7028961181641,4.937363056819412,4.838245493453762,591.9170520857139,172.31477493831807,3.445425152778625,4.733592033386231,4909.153354157364,7.406044585229118,9.874726113638824,12.343407642048527,7.257368240180644,9.676490986907524,12.095613733634403,False,1.5,18.0,305.71394521806855,35.47645193669588,8.339184169854406,18.69571023857128,-9.227516497454836,-0.0041348493345586,1.151811,317.2729,60.22805,2022-12-07T21:13:38.241,18.0,Green,data\RZ_Cep\2022_12_07\Light\Green\reduced_images\star_Light_Green_18_secs_011_reduced.fits,2,0.979925,792.0,36.89754884766506,1200.214214791709,798.4555154738076,1.0,V* RZ Cep,True,1.490254256242976,0.0048336000870931,7315.886680582495,36.59665857177995,-9.66066742463162,-0.0054312373768738,2022-12-07 21:13:38.241,0.11549055351836497,2022_12_07,1,"(0.103, 0.138]",-9.66066742463162,-0.0054312373768738
0,0,1,1202.513973178619,877.526300197333,5684.872407280031,5684.872407280031,189.63307500410312,247.56466674804688,5.179535908907425,5.075556725536109,627.7532685028078,189.63307500410315,3.328505635261536,4.44432258605957,5053.6776484969,7.769303863361138,10.35907181781485,12.948839772268563,7.613335088304163,10.151113451072218,12.688891813840272,False,1.5,18.0,315.8262448488906,40.53551185070058,9.17730437056894,19.11907584247105,-9.259018841909988,-0.0041075577604086,1.158123,317.2492,59.6857,2022-12-07T21:18:46.504,18.0,Green,data\RZ_Cep\2022_12_07\Light\Green\reduced_images\star_Light_Green_18_secs_012_reduced.fits,2,0.979925,792.0,38.59333259407761,1200.247368914928,798.5871903278028,1.0,V* RZ Cep,True,1.4963445518751162,0.0041187422178145,7562.043016261384,35.3795824700134,-9.696597858733911,-0.0050796978428073,2022-12-07 21:18:46.504,0.1270480934151473,2022_12_07,1,"(0.103, 0.138]",-9.696597858733911,-0.0050796978428073
0,0,1,1202.7578617857257,876.1049449437488,5598.075668002872,5598.075668002872,148.17102688613716,331.350341796875,4.578418101574759,4.486506358185646,506.0127484294145,148.1710268861371,3.3902297019958496,4.908834457397461,5095.741851678264,6.86762715236214,9.15683620314952,11.446045253936898,6.72975953727847,8.973012716371292,11.216265895464115,False,1.5,18.0,311.00420377793733,32.75863580325733,7.170745992514291,18.733221441431503,-9.268018546732982,-0.0039914378205824,1.164555,317.2489,59.14782,2022-12-07T21:23:54.643,18.0,Green,data\RZ_Cep\2022_12_07\Light\Green\reduced_images\star_Light_Green_18_secs_013_reduced.fits,2,0.979925,792.0,38.953091072373546,1200.2209240759516,798.538708207877,1.0,V* RZ Cep,True,1.5698331136297945,0.0034463224833845,7999.464297273743,34.25260629932256,-9.757652261064909,-0.0046489731542617,2022-12-07 21:23:54.643,0.1386009842462059,2022_12_07,1,"(0.138, 0.172]",-9.757652261064909,-0.0046489731542617
0,0,1,1204.5591209175225,873.362216812147,5824.742393954246,5824.742393954246,156.12923980705713,298.31024169921875,4.699762667905978,4.605414932347766,528.290802763871,156.1292398070572,3.4129728078842163,5.373506546020508,5291.877543977126,7.049644001858967,9.399525335811957,11.749406669764946,6.908122398521648,9.210829864695532,11.513537330869417,False,1.5,18.0,323.5967996641248,40.592213619474784,7.555884198069925,19.280687163108823,-9.309024464738048,-0.0039558247392606,1.174111,317.2915,58.37449,2022-12-07T21:31:16.339,18.0,Green,data\RZ_Cep\2022_12_07\Light\Green\reduced_images\star_Light_Green_18_secs_014_reduced.fits,2,0.979925,792.0,41.09869164889722,1200.162650864134,798.5740365867136,1.0,V* RZ Cep,True,1.6253164762656276,0.0134703615355421,8600.975762606105,77.86757455481084,-9.836369309584722,-0.0098295411130474,2022-12-07 21:31:16.339,0.1551612562939352,2022_12_07,1,"(0.138, 0.172]",-9.836369309584722,-0.0098295411130474
0,0,1,1204.1084593504506,872.8623834218945,6071.028920850567,6071.028920850567,185.13004784890256,251.2303466796875,5.117669802208549,5.014932580929212,619.7835988626457,185.13004784890256,3.356532096862793,4.518787384033203,5449.633973151981,7.676504703312823,10.235339604417096,12.794174505521372,7.522398871393818,10.029865161858424,12.53733145232303,False,1.5,18.0,337.2793844916982,43.48889860158112,8.95938009342837,19.741521298691943,-9.34091833423352,-0.0039331236770377,1.18097,317.3417,57.83718,2022-12-07T21:36:22.875,18.0,Green,data\RZ_Cep\2022_12_07\Light\Green\reduced_images\star_Light_Green_18_secs_015_reduced.fits,2,0.979925,792.0,40.73860677395334,1200.1630138087703,798.4949710295498,1.0,V* RZ Cep,True,1.6557695933081238,0.0090523770967253,9023.33822740399,59.17877177486605,-9.888418091507967,-0.0071207056024958,2022-12-07 21:36:22.875,0.16665404670277462,2022_12_07,1,"(0.138, 0.172]",-9.888418091507967,-0.0071207056024958
0,0,1,1206.1441581457314,871.7269593475736,6282.516511336798,6282.516511336798,201.94621552509875,209.3577575683593,5.34504866952341,5.237746817482728,663.7461435456394,201.94621552509884,3.2886292934417725,4.564751625061035,5618.390271261253,8.017573004285115,10.69009733904682,13.362621673808526,7.856620226224091,10.475493634965456,13.09436704370682,False,1.5,18.0,349.0286950742666,52.4600658314238,9.773199566152924,20.27959468213907,-9.374029758474116,-0.0039189677293948,1.188045,317.4052,57.29763,2022-12-07T21:41:31.238,18.0,Green,data\RZ_Cep\2022_12_07\Light\Green\reduced_images\star_Light_Green_18_secs_016_reduced.fits,2,0.979925,792.0,42.948495520205526,1200.218574330362,798.5019897579856,1.0,V* RZ Cep,True,1.663344467811652,0.0178518415601446,9345.318375709212,105.81897901216908,-9.926485253708847,-0.0122940163240113,2022-12-07 21:41:31.238,0.17821533584610835,2022_12_07,1,"(0.172, 0.207]",-9.926485253708847,-0.0122940163240113
0,0,1,1207.427165831888,871.2469041773011,6189.0243203215,6189.0243203215,188.3868041005632,262.4738464355469,5.162487865868047,5.0588509219607465,618.422447760789,188.38680410056327,3.230816125869751,4.43123722076416,5580.381195732334,7.74373179880207,10.324975731736094,12.906219664670118,7.588276382941119,10.117701843921491,12.647127304901868,False,1.5,18.0,343.8346844623055,40.70613285089159,9.116991013261824,19.84081168517203,-9.366659666496522,-0.0038602896151348,1.195259,317.4853,56.7619,2022-12-07T21:46:39.486,18.0,Green,data\RZ_Cep\2022_12_07\Light\Green\reduced_images\star_Light_Green_18_secs_017_reduced.fits,2,0.979925,792.0,44.30051262312495,1200.235261559454,798.5233665309131,1.0,V* RZ Cep,True,1.7198712845112565,0.0162789106877474,9597.53737516663,97.0401344303784,-9.955399530105156,-0.0109778147400888,2022-12-07 21:46:39.486,0.18977231335590802,2022_12_07,1,"(0.172, 0.207]",-9.955399530105156,-0.0109778147400888
0,0,1,1207.753988127398,870.1631362925194,6005.300885860275,6005.300885860275,170.69086837793088,273.9912109375,4.914042955810603,4.815393543472705,563.1712537882145,170.69086837793094,3.265490174293518,4.494507312774658,5447.911532330514,7.371064433715905,9.828085911621208,12.285107389526509,7.223090315209058,9.63078708694541,12.038483858681763,False,1.5,18.0,333.6278269922375,35.389406330039265,8.26059511162332,19.423640967488563,-9.34057511632724,-0.003871015544484,1.202701,317.5903,56.2237,2022-12-07T21:51:47.341,18.0,Green,data\RZ_Cep\2022_12_07\Light\Green\reduced_images\star_Light_Green_18_secs_018_reduced.fits,2,0.979925,792.0,44.84612987373628,1200.188503143775,798.504952342901,1.0,V* RZ Cep,True,1.85040956273505,0.0120901198723385,10080.867596358945,75.03414151159579,-10.008744776726315,-0.0080813762558997,2022-12-07 21:51:47.341,0.20131455632676057,2022_12_07,1,"(0.172, 0.207]",-10.008744776726315,-0.0080813762558997
0,0,1,1208.5442873813436,868.4359000030545,5454.264722634229,5454.264722634229,197.217992539348,203.109115600586,5.282105504377567,5.176067236377188,610.1252549299966,197.217992539348,3.1295700073242188,4.276762962341309,4837.057208278394,7.92315825656635,10.564211008755134,13.205263760943918,7.764100854565781,10.352134472754376,12.94016809094297,False,1.5,18.0,303.0147068130127,36.43571450063723,9.5443769228919,18.68140246974359,-9.21145305963958,-0.004193267547538,1.210459,317.7145,55.67749,2022-12-07T21:57:00.931,18.0,Green,data\RZ_Cep\2022_12_07\Light\Green\reduced_images\star_Light_Green_18_secs_019_reduced.fits,2,0.979925,792.0,46.02088598724582,1200.2865968289834,798.4662702797121,1.0,V* RZ Cep,True,2.0882617099866536,0.0153938306908493,10101.041357062708,84.06144221953302,-10.010915373147892,-0.0090355586137774,2022-12-07 21:57:00.931,0.21307181858733668,2022_12_07,1,"(0.207, 0.241]",-10.010915373147892,-0.0090355586137774
0,0,1,1208.9334162179136,868.0316078441087,5123.274182927472,5123.274182927472,173.98596202291102,219.5995178222656,4.961247682190445,4.861650634970472,528.8416165587967,173.98596202291105,3.0288960933685303,4.359680652618408,4596.288782255311,7.441871523285667,9.92249536438089,12.403119205476113,7.292475952455708,9.723301269940944,12.15412658742618,False,1.5,18.0,284.6263434959707,34.296412547955136,8.420061371972977,18.09261776017773,-9.156018268382626,-0.0042738415864801,1.218272,317.8524,55.14189,2022-12-07T22:02:11.754,18.0,Green,data\RZ_Cep\2022_12_07\Light\Green\reduced_images\star_Light_Green_18_secs_020_reduced.fits,2,0.979925,792.0,46.50004627749809,1200.2225033712546,798.4933785252915,1.0,V* RZ Cep,True,2.2182166649839274,0.0225948366838659,10195.564373877414,111.33734907668172,-10.021028177707343,-0.0118564295610812,2022-12-07 22:02:11.754,0.2247253391958352,2022_12_07,1,"(0.207, 0.241]",-10.021028177707343,-0.0118564295610812
0,0,1,1209.7753382527906,867.0978636651436,5013.621900684565,5013.621900684565,192.16020190550088,191.8052215576172,5.213933980641327,5.109264255979952,568.9901106973324,192.1602019055009,2.977224826812744,4.228450775146484,4441.517776846158,7.820900970961991,10.427867961282654,13.03483495160332,7.663896383969929,10.218528511959905,12.773160639949882,False,1.5,18.0,278.5345500380314,41.52851610491307,9.299604832957572,18.148351742676304,-9.118828511699943,-0.004436393938673,1.226339,318.0038,54.60332,2022-12-07T22:07:21.640,18.0,Green,data\RZ_Cep\2022_12_07\Light\Green\reduced_images\star_Light_Green_18_secs_021_reduced.fits,2,0.979925,792.0,47.55887629203001,1200.3000389396047,798.5491676552625,1.0,V* RZ Cep,True,2.2707367873853124,0.0245329827200989,10085.5178077104,116.49617213462832,-10.009245501354194,-0.0125411619129365,2022-12-07 22:07:21.640,0.236343729364147,2022_12_07,1,"(0.207, 0.241]",-10.009245501354194,-0.0125411619129365
0,0,1,1210.2716797437597,865.8479064512944,4935.626099033436,4935.626099033436,181.4905846869821,208.45513916015625,5.067116092135113,4.965393736585501,532.1997002816755,181.4905846869821,2.8847590684890747,4.32600212097168,4412.06948901228,7.60067413820267,10.134232184270228,12.667790230337785,7.448090604878252,9.930787473171002,12.413484341463752,False,1.5,18.0,274.201449946302,38.70497337010227,8.78324804904901,17.935709391196472,-9.111605859633965,-0.0044136768680861,1.234491,318.1645,54.07323,2022-12-07T22:12:29.193,18.0,Green,data\RZ_Cep\2022_12_07\Light\Green\reduced_images\star_Light_Green_18_secs_022_reduced.fits,2,0.979925,792.0,48.38749939933223,1200.168991010496,798.5094732321845,1.0,V* RZ Cep,True,2.3118559927826725,0.0156110622513826,10200.069288746625,80.39515830135123,-10.021507804801391,-0.0085575824618505,2022-12-07 22:12:29.193,0.24787464961041433,2022_12_07,1,"(0.241, 0.276]",-10.021507804801391,-0.0085575824618505
0,0,1,1210.1702456030762,865.2269494615823,4732.069422487079,4732.069422487079,182.4701997770852,200.9745483398437,5.080772842479665,4.978776327666886,484.0899506708997,182.4701997770851,2.684872627258301,3.726395130157471,4242.160177815229,7.621159263719498,10.16154568495933,12.701932106199164,7.46816449150033,9.957552655333773,12.446940819167216,False,1.5,18.0,262.89274569372657,37.82500534483224,8.830656581804615,17.59398782596951,-9.068967657049622,-0.004502995824775,1.242808,318.3494,53.54633,2022-12-07T22:17:36.410,18.0,Green,data\RZ_Cep\2022_12_07\Light\Green\reduced_images\star_Light_Green_18_secs_023_reduced.fits,2,0.979925,792.0,48.476124032961,1200.2377906955655,798.453672150651,1.0,V* RZ Cep,True,2.3287999373440003,0.0153487736745286,9879.14235629932,76.9307713788768,-9.986798108914948,-0.0084548355245389,2022-12-07 22:17:36.410,0.25939297238826886,2022_12_07,1,"(0.241, 0.276]",-9.986798108914948,-0.0084548355245389
0,0,1,1211.1404988002928,864.054997520902,4689.732069298328,4689.732069298328,188.4983719004296,212.37408447265625,5.164016322611934,5.0603486949355,496.0000901793055,188.4983719004296,2.652887344360352,3.61706280708313,4189.667124051147,7.746024483917901,10.328032645223868,12.910040806529835,7.590523042403249,10.120697389871,12.650871737338749,False,1.5,18.0,260.5406705165737,32.9112404546658,9.122390343823255,17.39466301240305,-9.055448797313948,-0.0045077603644729,1.251444,318.5391,53.01329,2022-12-07T22:22:45.970,18.0,Green,data\RZ_Cep\2022_12_07\Light\Green\reduced_images\star_Light_Green_18_secs_024_reduced.fits,2,0.979925,792.0,49.764141017391694,1200.2236769958324,798.490249166583,1.0,V* RZ Cep,True,2.3735802182888066,0.0252368016706741,9944.511006862758,113.50904953429595,-9.99395858196376,-0.0123928551702562,2022-12-07 22:22:45.970,0.270999140012823,2022_12_07,1,"(0.241, 0.276]",-9.99395858196376,-0.0123928551702562
0,0,1,1212.283482879285,864.0690293497512,4656.972986354601,4656.972986354601,211.31276919628857,171.3611297607422,5.467599250211386,5.357837195263392,550.0531300456627,211.3127691962885,2.5800907611846924,3.973832130432129,4111.766862830904,8.201398875317079,10.935198500422771,13.668998125528464,8.03675579289509,10.715674390526784,13.39459298815848,False,1.5,18.0,258.7207214641445,43.18481995843182,10.226494509252484,17.667258868648208,-9.03507120547361,-0.0046651435337749,1.260143,318.7462,52.49024,2022-12-07T22:27:53.754,18.0,Green,data\RZ_Cep\2022_12_07\Light\Green\reduced_images\star_Light_Green_18_secs_025_reduced.fits,2,0.979925,792.0,50.84378570497376,1200.29133830201,798.533654478683,1.0,V* RZ Cep,True,2.4405575060507028,0.0132149732339813,10035.003480212512,69.36610189391153,-10.003793818600071,-0.0075050585042314,2022-12-07 22:27:53.754,0.2825387210186241,2022_12_07,1,"(0.276, 0.31]",-10.003793818600071,-0.0075050585042314
0,0,1,1213.9927710767863,862.6447119855716,4564.619897222176,4564.619897222176,189.27504619971933,202.4061584472656,5.17464409568488,5.070763115464007,501.0580076350148,189.27504619971927,2.6413474082946777,3.651856660842896,4064.6787444876913,7.761966143527321,10.34928819136976,12.9366102392122,7.60614467319601,10.141526230928012,12.676907788660015,False,1.5,18.0,253.58999429012087,34.98912907176318,9.159977544480242,17.255118107575047,-9.022565566086191,-0.0046090989287108,1.269104,318.9625,51.96523,2022-12-07T22:33:01.580,18.0,Green,data\RZ_Cep\2022_12_07\Light\Green\reduced_images\star_Light_Green_18_secs_026_reduced.fits,2,0.979925,792.0,52.91959166508892,1200.1776032758162,798.5854106530921,1.0,V* RZ Cep,True,2.5010928162587582,0.020609834120416,10166.138808237834,94.23536499088236,-10.01789008813641,-0.0100642682014424,2022-12-07 22:33:01.580,0.29407987670797675,2022_12_07,1,"(0.276, 0.31]",-10.01789008813641,-0.0100642682014424
0,0,1,1213.6420526442623,861.9520580303223,4725.679704391732,4725.679704391732,252.4529159414093,134.2593536376953,5.976184547949044,5.856212643148967,648.766047452502,252.4529159414094,2.587598323822021,3.9076461791992174,4072.43296225776,8.964276821923566,11.952369095898089,14.940461369872612,8.78431896472345,11.712425286297934,14.64053160787242,False,1.5,18.0,262.5377613550962,46.390679957623306,12.217474450497829,17.920544516370516,-9.024634859915356,-0.0047777297185062,1.278314,319.1953,51.43944,2022-12-07T22:38:12.233,18.0,Green,data\RZ_Cep\2022_12_07\Light\Green\reduced_images\star_Light_Green_18_secs_027_reduced.fits,2,0.979925,792.0,52.821033689966406,1200.2632754481504,798.4739842954481,1.0,V* RZ Cep,True,2.471783818354899,0.0294786524760636,10066.173897443838,127.96121766881654,-10.007161071870447,-0.0138018802618986,2022-12-07 22:38:12.233,0.3057270235973379,2022_12_07,1,"(0.276, 0.31]",-10.007161071870447,-0.0138018802618986
0,0,1,1215.2965250714904,858.5355044242746,4666.556630300062,4666.556630300062,220.85443990977464,179.5214385986328,5.589679045879118,5.477466239033094,588.7889188776472,220.85443990977453,2.658247947692871,3.925516605377197,4079.470768671045,8.384518568818677,11.179358091758235,13.974197614697792,8.216199358549643,10.954932478066189,13.693665597582736,False,1.5,18.0,259.25314612778124,42.005187303654914,10.68826425242366,17.66201001256255,-9.026509563880378,-0.0047006792809271,1.291574,319.5461,50.70581,2022-12-07T22:45:27.974,18.0,Green,data\RZ_Cep\2022_12_07\Light\Green\reduced_images\star_Light_Green_18_secs_028_reduced.fits,2,0.979925,792.0,55.60627711626067,1200.2388090212205,798.5358437498759,1.0,V* RZ Cep,True,2.525267708642952,0.0301894980724018,10301.755800477831,130.98460218622114,-10.032278127169024,-0.0138049015734603,2022-12-07 22:45:27.974,0.3220640280129306,2022_12_07,1,"(0.31, 0.345]",-10.032278127169024,-0.0138049015734603
0,0,1,1215.504396401847,858.073811572733,4670.446859040242,4670.446859040242,220.53622867104727,164.95693969726562,5.585650736890555,5.473518798347477,595.1570273453269,220.5362286710474,2.6886794567108154,4.122114181518555,4077.4956315519184,8.378476105335832,11.17130147378111,13.964126842226388,8.210278197521216,10.947037596694956,13.683796995868695,False,1.5,18.0,259.46926994668013,41.9435203238932,10.67286439988278,17.665946186673843,-9.025983761071764,-0.0047040043937166,1.301167,319.8049,50.19124,2022-12-07T22:50:37.461,18.0,Green,data\RZ_Cep\2022_12_07\Light\Green\reduced_images\star_Light_Green_18_secs_029_reduced.fits,2,0.979925,792.0,55.97732208373866,1200.1930916565536,798.5648163787627,1.0,V* RZ Cep,True,2.5528520468253366,0.0389347236097568,10409.243068928685,165.03756843307292,-10.04354787494364,-0.0172142452632222,2022-12-07 22:50:37.461,0.3336674586875022,2022_12_07,1,"(0.31, 0.345]",-10.04354787494364,-0.0172142452632222
0,0,1,1216.1942307723912,857.2372415670371,4552.520633137784,4552.520633137784,212.3924246858789,191.3314514160156,5.481549194162843,5.371507094090025,564.151484074979,212.392424685879,2.6190459728240967,4.3255295753479,3996.255108605888,8.222323791244264,10.963098388325689,13.70387298540711,8.057260641135036,10.74301418818005,13.428767735225062,False,1.5,18.0,252.9178129520991,42.49358220452031,10.278744503316606,17.483996672955985,-9.00413301114927,-0.0047501992930379,1.311045,320.0777,49.67491,2022-12-07T22:55:47.006,18.0,Green,data\RZ_Cep\2022_12_07\Light\Green\reduced_images\star_Light_Green_18_secs_030_reduced.fits,2,0.979925,792.0,56.94190809411858,1200.266154908625,798.6118104819584,1.0,V* RZ Cep,True,2.567971810077672,0.0170219428538152,10262.270464778803,81.50543170950236,-10.028108641032558,-0.0086231792852436,2022-12-07 22:55:47.006,0.3452730639250736,2022_12_07,1,"(0.345, 0.379]",-10.028108641032558,-0.0086231792852436
0,0,1,1218.184034159264,856.0943473623192,4525.683921758218,4525.683921758218,224.0610315265192,168.599365234375,5.630111166987303,5.5170866853100335,590.1908008330366,224.0610315265193,2.6196541786193848,4.022736549377441,3938.721504254003,8.445166750480954,11.260222333974609,14.07527791746826,8.27563002796505,11.034173370620069,13.792716713275084,False,1.5,18.0,251.42688454212325,42.731105520788695,10.843447451653766,17.46429035244678,-8.988388185431331,-0.0048141541120843,1.320975,320.3563,49.16895,2022-12-07T23:00:54.621,18.0,Green,data\RZ_Cep\2022_12_07\Light\Green\reduced_images\star_Light_Green_18_secs_031_reduced.fits,2,0.979925,792.0,59.22321998849557,1200.3362758731114,798.5759010885557,1.0,V* RZ Cep,True,2.570652658730602,0.0138801127769052,10125.08490690995,70.74125475069951,-10.013496684518708,-0.0075857478884384,2022-12-07 23:00:54.621,0.3568063087042028,2022_12_07,1,"(0.345, 0.379]",-10.013496684518708,-0.0075857478884384
0,0,1,1219.0826584547783,855.162258137533,4441.929052775589,4441.929052775589,199.15766448979264,187.03761291503903,5.308017144591564,5.201458700413888,529.2181946323726,199.1576644897926,2.665215492248535,3.863036632537842,3911.130959977358,7.962025716887346,10.616034289183128,13.27004286147891,7.802188050620833,10.402917400827777,13.00364675103472,False,1.5,18.0,246.7738362653105,33.907143304926066,9.638247466666508,17.038756616517034,-8.980755895187988,-0.0047299860659029,1.331137,320.6384,48.66415,2022-12-07T23:06:01.503,18.0,Green,data\RZ_Cep\2022_12_07\Light\Green\reduced_images\star_Light_Green_18_secs_032_reduced.fits,2,0.979925,792.0,60.42361031312458,1200.349561695765,798.5967133519221,1.0,V* RZ Cep,True,2.621178449157937,0.0198919890171622,10251.772184127049,89.70801267399641,-10.026997366713646,-0.0095007219695989,2022-12-07 23:06:01.503,0.3683120715061102,2022_12_07,1,"(0.345, 0.379]",-10.026997366713646,-0.0095007219695989
0,0,1,1218.0583597788864,853.8454071751387,4440.708736254181,4440.708736254181,219.5595450918273,162.4830322265625,5.573268492794448,5.4613851278016,600.2407591486536,219.5595450918273,2.7339327335357666,3.888781070709229,3840.447708967412,8.359902739191671,11.146536985588895,13.93317123198612,8.1920776917024,10.9227702556032,13.653462819503998,False,1.5,18.0,246.70604090301003,37.44368316458392,10.62559773777732,17.169022156353904,-8.960954640476187,-0.0048538687070055,1.341502,320.9421,48.16216,2022-12-07T23:11:08.548,18.0,Green,data\RZ_Cep\2022_12_07\Light\Green\reduced_images\star_Light_Green_18_secs_033_reduced.fits,2,0.979925,792.0,60.05305144468353,1200.2778842294522,798.501009604278,1.0,V* RZ Cep,True,2.63307626071888,0.0271607225539656,10112.191693014303,113.6843934673651,-10.012113234433702,-0.0122061829572273,2022-12-07 23:11:08.548,0.37982394557989635,2022_12_07,1,"(0.379, 0.414]",-10.012113234433702,-0.0122061829572273
0,0,1,1219.598748884548,853.4773579978561,4416.530704930583,4416.530704930583,236.0431281212903,144.92471313476562,5.778691172335128,5.662683947050501,626.3374382426477,236.0431281212904,2.64377498626709,4.053255081176758,3792.485787123278,8.66803675850269,11.557382344670255,14.44672793083782,8.49402592057575,11.325367894101,14.156709867626253,False,1.5,18.0,245.36281694058795,39.73507143147894,11.423321755993308,17.219791233579464,-8.947309904704602,-0.0049297879623315,1.352039,321.2496,47.66463,2022-12-07T23:16:16.350,18.0,Green,data\RZ_Cep\2022_12_07\Light\Green\reduced_images\star_Light_Green_18_secs_034_reduced.fits,2,0.979925,792.0,61.600904346453575,1200.3069154932953,798.5647292328971,1.0,V* RZ Cep,True,2.6334901241807773,0.0405052750827463,9987.473866485114,160.16938496824773,-9.998639139839874,-0.0174119804946303,2022-12-07 23:16:16.350,0.39136420145007667,2022_12_07,1,"(0.379, 0.414]",-9.998639139839874,-0.0174119804946303
0,0,1,1220.1796599370257,852.978185423701,4359.217256971067,4359.217256971067,234.42067610387056,139.858154296875,5.7587968932466085,5.643189045614683,632.7612395258246,234.42067610387045,2.7020978927612305,3.896640300750733,3725.789642051136,8.638195339869913,11.517593786493215,14.39699223311652,8.464783568422025,11.286378091229366,14.107972614036708,False,1.5,18.0,242.17873649839265,46.61096298674781,11.34480309045892,17.324390395497307,-8.928045827504032,-0.0050485184846346,1.362841,321.5616,47.16729,2022-12-07T23:21:25.536,18.0,Green,data\RZ_Cep\2022_12_07\Light\Green\reduced_images\star_Light_Green_18_secs_035_reduced.fits,2,0.979925,792.0,62.34045759886379,1200.1706758175023,798.4579319955899,1.0,V* RZ Cep,True,2.612918531418009,0.0363541921719498,9735.184799880684,142.81212011774377,-9.970860500016776,-0.0159274109816591,2022-12-07 23:21:25.536,0.4029563468925285,2022_12_07,1,"(0.379, 0.414]",-9.970860500016776,-0.0159274109816591
0,0,1,1219.9641948890585,851.2802536478695,4233.12489463473,4233.12489463473,199.5046185899015,182.93338012695312,5.312638701415171,5.2059874794842615,545.496619177149,199.50461858990147,2.6849056482315063,3.9773142337799072,3697.473817334431,7.968958052122755,10.625277402830342,13.281596753537928,7.808981219226393,10.411974958968525,13.014968698710652,False,1.5,18.0,235.1736052574849,39.21453192614971,9.655038331758195,16.853580495413812,-8.919762768350866,-0.0049489309262689,1.373752,321.8934,46.67747,2022-12-07T23:26:33.091,18.0,Green,data\RZ_Cep\2022_12_07\Light\Green\reduced_images\star_Light_Green_18_secs_036_reduced.fits,2,0.979925,792.0,62.90321883744273,1200.1059369090017,798.5453799205234,1.0,V* RZ Cep,True,2.6135391893439306,0.0268806524250347,9663.492723176636,108.71363684292184,-9.962835309890822,-0.0122144585661245,2022-12-07 23:26:33.091,0.4144873421237269,2022_12_07,1,"(0.414, 0.448]",-9.962835309890822,-0.0122144585661245
0,0,1,1219.470296637498,850.2902694959872,4183.178846480554,4183.178846480554,200.74297037933465,164.4029998779297,5.32910132318103,5.222119614118171,558.3071979761357,200.7429703793345,2.790165662765503,3.937793731689453,3623.072703486582,7.993651984771545,10.65820264636206,13.322753307952574,7.833179421177257,10.44423922823634,13.055299035295429,False,1.5,18.0,232.39882480447525,40.55636759972592,9.714968443049278,16.812797531858,-8.897692622559592,-0.0050383374769266,1.384958,322.2266,46.18685,2022-12-07T23:31:43.729,18.0,Green,data\RZ_Cep\2022_12_07\Light\Green\reduced_images\star_Light_Green_18_secs_037_reduced.fits,2,0.979925,792.0,62.92552658240604,1200.1518422537126,798.4857600006054,1.0,V* RZ Cep,True,2.623230914394312,0.0145809415587937,9504.15632088418,68.81807363320942,-9.94478392703132,-0.0078616419556465,2022-12-07 23:31:43.729,0.42613392662610516,2022_12_07,1,"(0.414, 0.448]",-9.94478392703132,-0.0078616419556465
0,0,1,1220.5077173215443,849.5317216648646,4265.845135045056,4265.845135045056,218.40677121969384,157.10971069335938,5.558618313082646,5.4470290504475125,602.2876762076603,218.40677121969392,2.7463691234588623,3.8363614082336426,3666.019522212945,8.337927469623969,11.117236626165292,13.896545782706616,8.170543575671267,10.894058100895023,13.61757262611878,False,1.5,18.0,236.991396391392,36.73754835286658,10.56980917507654,16.861161108278846,-8.910486933321348,-0.004993637638478,1.39637,322.57,45.69971,2022-12-07T23:36:52.225,18.0,Green,data\RZ_Cep\2022_12_07\Light\Green\reduced_images\star_Light_Green_18_secs_038_reduced.fits,2,0.979925,792.0,64.19842756328902,1200.143265236145,798.5546480927015,1.0,V* RZ Cep,True,2.6041725927303574,0.0171094579569055,9546.947564161392,76.56555331243759,-9.9496613431102,-0.0087074944855376,2022-12-07 23:36:52.225,0.4377002022673524,2022_12_07,1,"(0.414, 0.448]",-9.9496613431102,-0.0087074944855376
0,0,1,1220.0651570686714,847.7219125120607,4155.53276895846,4155.53276895846,218.0775720034078,153.2427978515625,5.554427548207412,5.442922415177148,595.2311546663947,218.0775720034078,2.6994705200195312,4.611557960510254,3566.838792257824,8.331641322311118,11.108855096414825,13.886068870518528,8.164383622765722,10.885844830354296,13.60730603794287,False,1.5,18.0,230.8629316088033,44.8122750485402,10.553877558683435,16.91830618637773,-8.880708703248482,-0.0051498872305653,1.407866,322.9212,45.22108,2022-12-07T23:41:59.042,18.0,Green,data\RZ_Cep\2022_12_07\Light\Green\reduced_images\star_Light_Green_18_secs_039_reduced.fits,2,0.979925,792.0,64.69294218857152,1200.2883832187836,798.4636691293141,1.0,V* RZ Cep,True,2.6378599480816054,0.0373181524609622,9408.82119136068,140.39004498601938,-9.933838037803946,-0.0162003880750655,2022-12-07 23:41:59.042,0.44920352805900127,2022_12_07,1,"(0.448, 0.483]",-9.933838037803946,-0.0162003880750655
0,0,1,1219.8251387598514,846.5481682635286,4085.129259479458,4085.129259479458,223.48162221193488,137.19993591308594,5.622826878219014,5.509948628638767,631.3150161200697,223.48162221193505,2.825965642929077,3.919389247894287,3453.5778732824747,8.43424031732852,11.245653756438028,14.057067195547535,8.264922942958151,11.019897257277536,13.77487157159692,False,1.5,18.0,226.9516255266365,46.30882859195514,10.815406902108451,16.85455015776749,-8.845673132942839,-0.0052987353963462,1.419589,323.2761,44.74498,2022-12-07T23:47:07.150,18.0,Green,data\RZ_Cep\2022_12_07\Light\Green\reduced_images\star_Light_Green_18_secs_040_reduced.fits,2,0.979925,792.0,65.08049757094558,1200.130383895303,798.5112154610753,1.0,V* RZ Cep,True,2.6306592500779056,0.0123811233321213,9085.186578214923,61.59753606701445,-9.895834626594212,-0.0073612880105531,2022-12-07 23:47:07.150,0.46075525662362893,2022_12_07,1,"(0.448, 0.483]",-9.895834626594212,-0.0073612880105531
0,0,1,1204.6228554325098,836.6601897581374,3967.431967329857,3967.431967329857,216.808201800848,135.7846221923828,5.538238550254855,5.427058411358489,634.8641687533832,216.80820180084788,2.89697265625,4.161844730377197,3339.344535062068,8.307357825382283,11.07647710050971,13.845596375637136,8.140587617037735,10.854116822716978,13.56764602839622,False,1.5,18.0,220.4128870738809,38.7670026336697,10.492446309374373,16.42170320085359,-8.809153073659461,-0.0053392626971411,1.475106,325.1943,42.6397,2022-12-08T00:08:46.025,18.0,Green,data\RZ_Cep\2022_12_07\Light\Green\reduced_images\star_Light_Green_18_secs_041_reduced.fits,2,0.979925,792.0,59.40164589715715,1200.1047904707516,798.5441788832784,1.0,V* RZ Cep,True,2.6113116349359555,0.0311759269467251,8720.069237467378,112.59299617524758,-9.851299833125754,-0.0140189589119781,2022-12-08 00:08:46.025,0.5094532827682949,2022_12_07,1,"(0.483, 0.517]",-9.851299833125754,-0.0140189589119781
0,0,1,1205.947173520481,835.1006405590044,3932.169572836543,3932.169572836543,230.6507561042569,126.74732971191406,5.712303132469669,5.597628647085341,681.6682340043579,230.65075610425708,2.943086624145508,4.340827465057373,3253.344417697056,8.568454698704503,11.42460626493934,14.280757831174174,8.39644297062801,11.195257294170682,13.994071617713354,False,1.5,18.0,218.4538651575857,41.36902133435484,11.162357579366509,16.461629447636923,-8.780825106550308,-0.0054937273113136,1.487936,325.6002,42.1851,2022-12-08T00:13:58.280,18.0,Green,data\RZ_Cep\2022_12_07\Light\Green\reduced_images\star_Light_Green_18_secs_042_reduced.fits,2,0.979925,792.0,61.44524265204808,1200.1057704168436,798.4569408147055,1.0,V* RZ Cep,True,2.6307093098440952,0.0202270215917482,8558.603447764963,78.77657392168909,-9.831007260871976,-0.009993520428373,2022-12-08 00:13:58.280,0.5211604925874097,2022_12_07,1,"(0.517, 0.552]",-9.831007260871976,-0.009993520428373
0,0,1,1206.5036460261326,835.0562624098715,3997.660863453613,3997.660863453613,241.74828338928089,116.6906280517578,5.848109611785057,5.730708811328473,714.5042596332453,241.74828338928063,2.912800669670105,4.255491733551025,3293.496301705717,8.772164417677587,11.696219223570116,14.620274029462642,8.59606321699271,11.461417622656946,14.32677202832118,False,1.5,18.0,222.09227019186736,42.27645166511972,11.699423097357789,16.615298521373155,-8.794142950262337,-0.0054774104796098,1.500834,326.0033,41.7391,2022-12-08T00:19:05.846,18.0,Green,data\RZ_Cep\2022_12_07\Light\Green\reduced_images\star_Light_Green_18_secs_043_reduced.fits,2,0.979925,792.0,61.85870572591309,1200.0872859263943,798.4950607863457,1.0,V* RZ Cep,True,2.543909834402401,0.0234545288288824,8378.35763147711,88.05526751005283,-9.80789723586813,-0.0114109227799185,2022-12-08 00:19:05.846,0.5326919002357287,2022_12_07,1,"(0.517, 0.552]",-9.80789723586813,-0.0114109227799185
0,0,1,1206.8106562038802,833.3914307349246,3872.633130489013,3872.633130489013,234.15091719638488,122.80880737304688,5.755482480117408,5.639941169329052,707.9737645128346,234.15091719638485,3.005079388618469,4.348049163818359,3168.991035396047,8.633223720176112,11.510964960234816,14.38870620029352,8.459911753993577,11.279882338658105,14.099852923322628,False,1.5,18.0,215.1462850271674,44.31028197655397,11.331748091479366,16.455646906007697,-8.752302526593978,-0.0056379116946084,1.513946,326.4164,41.29655,2022-12-08T00:24:14.187,18.0,Green,data\RZ_Cep\2022_12_07\Light\Green\reduced_images\star_Light_Green_18_secs_044_reduced.fits,2,0.979925,792.0,63.28594641422497,1200.0824848546863,798.5219340432021,1.0,V* RZ Cep,True,2.6028356645517308,0.0145057754508566,8248.362887573549,62.83027075835867,-9.790919398815433,-0.0082703805163419,2022-12-08 00:24:14.187,0.5442523645448211,2022_12_07,1,"(0.517, 0.552]",-9.790919398815433,-0.0082703805163419
0,0,1,1206.6040308985805,833.7167261183104,3925.329557220568,3925.329557220568,236.93837401076627,114.6519012451172,5.789639285019383,5.67341227637262,721.892553072197,236.9383740107664,3.046551465988159,4.433073997497559,3203.4846065292168,8.684458927529075,11.579278570038769,14.47409821254846,8.51011841455893,11.34682455274524,14.18353069093155,False,1.5,18.0,218.0738642900316,48.24427078237816,11.466647236076588,16.666876801263225,-8.764056603623288,-0.0056487961660538,1.527176,326.835,40.86067,2022-12-08T00:29:23.556,18.0,Green,data\RZ_Cep\2022_12_07\Light\Green\reduced_images\star_Light_Green_18_secs_045_reduced.fits,2,0.979925,792.0,62.90663629550286,1200.1734478492383,798.5721546824203,1.0,V* RZ Cep,True,2.606250153105258,0.0300412365265901,8349.082246237109,105.58577010663788,-9.8040968481999,-0.0137306460675617,2022-12-08 00:29:23.556,0.5558513711084622,2022_12_07,1,"(0.552, 0.586]",-9.8040968481999,-0.0137306460675617
0,0,1,1205.592316731353,832.2729629005908,3876.249405107471,3876.249405107471,241.20404835381152,109.11807250976562,5.841523133893203,5.724254556980297,724.9147303532134,241.2040483538117,2.963675022125244,4.1850786209106445,3161.39899176579,8.762284700839803,11.683046267786406,14.603807834733008,8.586381835470444,11.448509113960592,14.310636392450744,False,1.5,18.0,215.3471891726373,54.439030695861895,11.673084809221493,16.776748930520498,-8.749698276127855,-0.0057617288293716,1.540697,327.261,40.42578,2022-12-08T00:34:33.161,18.0,Green,data\RZ_Cep\2022_12_07\Light\Green\reduced_images\star_Light_Green_18_secs_046_reduced.fits,2,0.979925,792.0,63.30711556665333,1200.100686336187,798.507036727848,1.0,V* RZ Cep,True,2.566545681521066,0.0371415709169844,8113.87492988154,125.06524058528424,-9.77307077263049,-0.0167352665444907,2022-12-08 00:34:33.161,0.5674592258939644,2022_12_07,1,"(0.552, 0.586]",-9.77307077263049,-0.0167352665444907
0,0,1,1207.3460200514364,831.6589489077469,3750.923372358208,3750.923372358208,216.02437275951152,125.9653549194336,5.528218258515119,5.417239276975429,675.9165961195205,216.02437275951144,3.1394176483154297,4.330236434936523,3072.732644050727,8.29232738777268,11.05643651703024,13.820545646287798,8.125858915463144,10.834478553950856,13.54309819243857,False,1.5,18.0,208.38463179767825,45.9367189686954,10.454512854534384,16.271934845644754,-8.718811935733122,-0.0057496147012946,1.55437,327.6927,39.99645,2022-12-08T00:39:42.470,18.0,Green,data\RZ_Cep\2022_12_07\Light\Green\reduced_images\star_Light_Green_18_secs_047_reduced.fits,2,0.979925,792.0,64.9286891520486,1200.2098292462406,798.4946153294565,1.0,V* RZ Cep,True,2.6700882792881373,0.0236746187134053,8204.467418265893,84.732715487995,-9.78512598668567,-0.0112130833413963,2022-12-08 00:39:42.470,0.5790559829096744,2022_12_07,1,"(0.552, 0.586]",-9.78512598668567,-0.0112130833413963
0,0,1,1208.98112699042,831.6729691079486,3786.044987668504,3786.044987668504,243.17137209621228,115.78499603271484,5.865297255898045,5.747551413485892,767.363608689506,243.1713720962124,3.111696124076844,4.605747699737549,3029.3695716302727,8.797945883847067,11.73059451179609,14.663243139745113,8.621327120228838,11.495102826971785,14.36887853371473,False,1.5,18.0,210.33583264825023,51.96531183087735,11.768293563174716,16.55504267715134,-8.70338064712293,-0.005933382765255,1.568125,328.1236,39.57471,2022-12-08T00:44:51.249,18.0,Green,data\RZ_Cep\2022_12_07\Light\Green\reduced_images\star_Light_Green_18_secs_048_reduced.fits,2,0.979925,792.0,66.02123673614098,1200.198928375127,798.5461749501093,1.0,V* RZ Cep,True,2.567860006951629,0.0357570460609306,7778.996969265566,116.3644853855392,-9.727309005714597,-0.0162413143018689,2022-12-08 00:44:51.249,0.5906328689186622,2022_12_07,1,"(0.586, 0.621]",-9.727309005714597,-0.0162413143018689
0,0,1,1207.3249748187695,830.8160598354896,3815.294246861077,3815.294246861077,247.7777267495449,106.68540954589844,5.920589310027472,5.801733479628671,788.7516592449585,247.77772674954505,3.228237986564636,4.434010028839111,3015.408777143564,8.880883965041207,11.841178620054944,14.80147327506868,8.702600219443005,11.60346695925734,14.504333699071678,False,1.5,18.0,211.96079149228208,50.20493581627529,11.991218380965629,16.55768539650162,-8.6983654865669,-0.0059618047935133,1.582055,328.5657,39.15762,2022-12-08T00:49:59.567,18.0,Green,data\RZ_Cep\2022_12_07\Light\Green\reduced_images\star_Light_Green_18_secs_049_reduced.fits,2,0.979925,792.0,65.54474359666956,1200.1586228677502,798.4936112512426,1.0,V* RZ Cep,True,2.567242124580179,0.0340588676836871,7741.284435511762,111.150682896437,-9.72203256222903,-0.0155891856977444,2022-12-08 00:49:59.567,0.6021924709010478,2022_12_07,1,"(0.586, 0.621]",-9.72203256222903,-0.0155891856977444
0,0,1,1206.7466141122463,829.3455427991241,3872.330143935365,3872.330143935365,233.6678292433115,118.57040405273438,5.749542209071061,5.63412014922396,776.7763245210244,233.6678292433113,3.3075979948043823,5.30985164642334,3099.4509004798947,8.624313313606592,11.499084418142122,14.373855522677651,8.45118022383594,11.26824029844792,14.085300373059898,False,1.5,18.0,215.1294524408536,49.1931625190741,11.308369020170137,16.602137934016145,-8.72821190231622,-0.005815721174534,1.595983,329.0182,38.75024,2022-12-08T00:55:08.197,18.0,Green,data\RZ_Cep\2022_12_07\Light\Green\reduced_images\star_Light_Green_18_secs_050_reduced.fits,2,0.979925,792.0,66.28081964170828,1200.1265142117638,798.455862322756,1.0,V* RZ Cep,True,2.5008887315927075,0.0120998179367152,7751.381831135039,55.9497815470324,-9.72344782663421,-0.0078368869960604,2022-12-08 00:55:08.197,0.6137637705326737,2022_12_07,1,"(0.586, 0.621]",-9.72344782663421,-0.0078368869960604
0,0,1,1205.9308821921773,829.9328170764667,4069.211968558193,4069.211968558193,247.68837096715004,123.30461883544922,5.91952164627447,5.80068724922551,842.6176882173455,247.6883709671499,3.4011021852493286,4.904254913330078,3226.7985088009727,8.879282469411706,11.83904329254894,14.798804115686174,8.701030873838267,11.60137449845102,14.501718123063776,False,1.5,18.0,226.06733158656627,48.50171842741784,11.98689400236084,16.927963374734272,-8.77192961892662,-0.005695832156436,1.610218,329.468,38.34349,2022-12-08T01:00:17.834,18.0,Green,data\RZ_Cep\2022_12_07\Light\Green\reduced_images\star_Light_Green_18_secs_051_reduced.fits,2,0.979925,792.0,65.30636789251714,1200.0720475774797,798.5335076724186,1.0,V* RZ Cep,True,2.415104579051347,0.021647496101207,7793.055854281287,80.93652141873271,-9.729269472299237,-0.0112761557513056,2022-12-08 01:00:17.834,0.6253728250770725,2022_12_07,1,"(0.621, 0.655]",-9.729269472299237,-0.0112761557513056
0,0,1,1207.0671567792244,829.3650635514877,4261.496248255524,4261.496248255524,231.4414033005561,131.94158935546875,5.722085351913694,5.6072144884740265,820.9644813303419,231.4414033005562,3.525205373764038,4.663773536682129,3445.6177696289133,8.58312802787054,11.444170703827387,14.305213379784234,8.410821732711039,11.214428976948051,14.018036221185069,False,1.5,18.0,236.74979156975127,58.29247375482414,11.20062099923679,17.49979675092863,-8.84316774622456,-0.0055142979223833,1.624697,329.931,37.93932,2022-12-08T01:05:27.418,18.0,Green,data\RZ_Cep\2022_12_07\Light\Green\reduced_images\star_Light_Green_18_secs_052_reduced.fits,2,0.979925,792.0,66.473128271439,1200.0997249506509,798.5086062402039,1.0,V* RZ Cep,True,2.195120545621513,0.0215180121620487,7563.546358471002,83.50334978063032,-9.696813682796044,-0.01198678579842,2022-12-08 01:05:27.418,0.6369798925207991,2022_12_07,1,"(0.621, 0.655]",-9.696813682796044,-0.01198678579842
0,0,1,1207.0744244751158,827.8347369079577,4678.641370091746,4678.641370091746,234.1630374865921,137.67724609375,5.755631437926506,5.640087136810132,890.7958127447616,234.16303748659217,3.7763359546661377,5.126025199890137,3794.363072377293,8.633447156889758,11.511262875853012,14.389078594816263,8.460130705215198,11.280174273620265,14.10021784202533,False,1.5,18.0,259.9245205606525,63.17436129724605,11.332334653672111,18.287460635954098,-8.947847212524035,-0.00523285666838,1.639191,330.3921,37.54404,2022-12-08T01:10:36.543,18.0,Green,data\RZ_Cep\2022_12_07\Light\Green\reduced_images\star_Light_Green_18_secs_053_reduced.fits,2,0.979925,792.0,67.65072591868068,1200.2200529664433,798.4782879083649,1.0,V* RZ Cep,True,1.9690573558603908,0.0209274223534786,7471.318518469541,87.18946637593044,-9.683493129292494,-0.0126704222399128,2022-12-08 01:10:36.543,0.6485697509228546,2022_12_07,1,"(0.621, 0.655]",-9.683493129292494,-0.0126704222399128
0,0,1,1207.5684023796257,828.9013057702101,5016.634134266832,5016.634134266832,219.17980604046323,166.03009033203125,5.568446785815199,5.45666021658996,883.8548137074317,219.17980604046303,3.9865238666534415,5.867092609405518,4142.868606398053,8.3526701787228,11.1368935716304,13.921116964537998,8.18499032488494,10.91332043317992,13.641650541474895,False,1.5,18.0,278.70189634815733,63.49743730645004,10.607220242945871,18.78314547400284,-9.04325289900655,-0.0049225652604257,1.653748,330.8612,37.15604,2022-12-08T01:15:46.544,18.0,Green,data\RZ_Cep\2022_12_07\Light\Green\reduced_images\star_Light_Green_18_secs_054_reduced.fits,2,0.979925,792.0,67.15118940050516,1200.142948722647,798.4849486348255,1.0,V* RZ Cep,True,1.7978414659240365,0.0138130623804375,7448.220968457345,66.4464772768889,-9.680131381251076,-0.0096859835877155,2022-12-08 01:15:46.544,0.6601924527247004,2022_12_07,1,"(0.655, 0.69]",-9.680131381251076,-0.0096859835877155
0,0,1,1203.5085179227174,818.4753051110206,6191.244309472966,6191.244309472966,293.06999497266645,117.80754852294922,6.439015685426654,6.309752445541714,1422.0839824986251,293.06999497266645,4.840476512908936,6.589365005493164,4772.645882169434,9.65852352813998,12.878031370853307,16.097539213566634,9.46462866831257,12.619504891083428,15.774381113854284,False,1.5,18.0,343.9580171929426,79.88156298921622,14.18314049744262,20.92899234744954,-9.196898030119948,-0.0047611671349064,1.78108,335.0026,34.10034,2022-12-08T01:58:52.400,18.0,Green,data\RZ_Cep\2022_12_07\Light\Green\reduced_images\star_Light_Green_18_secs_062_reduced.fits,2,0.979925,792.0,73.11778900945849,1199.9683002542822,798.4282945361621,1.0,V* RZ Cep,True,1.394297666083091,0.0143134162957446,6654.489014549917,74.28454021647813,-9.557786781126502,-0.0121201514632445,2022-12-08 01:58:52.400,0.7571425696292075,2022_12_07,1,"(0.724, 0.759]",-9.557786781126502,-0.0121201514632445
0,0,1,1197.6017727622104,812.3667271793054,5949.693907482391,5949.693907482391,291.79384038477383,108.85710906982422,6.4249812493287495,6.295999750748475,1506.433474037898,291.7938403847737,5.199168205261231,6.577365398406982,4432.608650062804,9.637471873993125,12.8499624986575,16.062453123321873,9.443999626122713,12.59199950149695,15.739999376871188,False,1.5,18.0,330.5385504156884,94.21019946848702,14.121380917386585,20.94922745118688,-9.11664847407462,-0.0051313654105566,1.9229,339.8641,31.27275,2022-12-08T02:45:55.119,18.0,Green,data\RZ_Cep\2022_12_07\Light\Green\reduced_images\star_Light_Green_18_secs_070_reduced.fits,2,0.979925,792.0,75.52045236359312,1200.095839000386,798.5132315850068,1.0,V* RZ Cep,True,1.3310407647226747,0.006692737184434,5899.982807295938,40.71389545197639,-9.4271268652463,-0.0074923184986716,2022-12-08 02:45:55.119,0.8629732643927877,2022_12_07,1,"(0.862, 0.897]",-9.4271268652463,-0.0074923184986716
0,0,1,1167.8746555642754,879.6751200040458,9818.145482780705,9818.145482780705,219.8389503842548,322.946044921875,5.576813557562384,5.46485902539432,811.8201562429608,219.8389503842548,3.68354868888855,4.723711013793945,9008.358005326148,8.365220336343576,11.153627115124769,13.94203389390596,8.19728853809148,10.92971805078864,13.6621475634858,False,1.5,30.0,327.2715160926901,35.10382014251459,3.830083046694571,19.13649443555165,-9.88661409337078,-0.0023064341835156,1.556168,327.7141,39.94075,2023-02-23T19:32:56.158,30.0,Green,data\RZ_Cep\2023_02_23\Light\Green\reduced_images\RZ_Cep_Light_Green_30_secs_001_reduced.fits,2,0.979925,792.0,3.888251889158073,1200.0895324780872,798.5671372380541,1.0,V* RZ Cep,True,0.868612211459947,0.0033332608584618,7824.769768629263,34.32099154130226,-9.73367891996,-0.0047622542517461,2023-02-23 19:32:56.158,0.5581815578341605,2023_02_23,2,"(0.552, 0.586]",-9.73367891996,-0.0047622542517461
0,0,1,1168.6151406243462,878.9360797981731,9656.159172106,9656.159172106,191.9814900891748,388.5597534179688,5.211508898994811,5.10688785784749,734.9930489621008,191.9814900891747,3.811753988265991,5.052718639373779,8924.37296158534,7.817263348492217,10.423017797989624,13.028772247487028,7.660331786771236,10.21377571569498,12.767219644618727,True,1.5,30.0,321.8719724035334,34.00199645177691,3.344744182886956,18.95306605903639,-9.876444279358346,-0.0023058236248132,1.562063,327.899,39.75934,2023-02-23T19:35:08.828,30.0,Green,data\RZ_Cep\2023_02_23\Light\Green\reduced_images\RZ_Cep_Light_Green_30_secs_002_reduced.fits,2,0.979925,792.0,4.736185087002597,1200.1842080239558,798.5030684373743,1.0,V* RZ Cep,True,0.8688120308828737,0.0055986047936354,7753.602597111167,52.60756257024718,-9.72375884481681,-0.0073666317832535,2023-02-23 19:35:08.828,0.5631556832339015,2023_02_23,2,"(0.552, 0.586]",-9.72375884481681,-0.0073666317832535
0,0,1,1167.8398817645054,877.9294163390019,9656.54671469342,9656.54671469342,191.3421722856997,416.2042541503906,5.202824236569141,5.098377540020016,730.8803911410987,191.34217228569983,3.7892353534698486,4.971493244171143,8931.506190858729,7.804236354853711,10.405648473138282,13.007060591422851,7.647566310030023,10.196755080040033,12.74594385005004,True,1.5,30.0,321.8848904897807,31.46733143874461,3.3336058460441897,18.88612791904601,-9.877311758985066,-0.0022958448901248,1.567945,328.0882,39.58017,2023-02-23T19:37:21.520,30.0,Green,data\RZ_Cep\2023_02_23\Light\Green\reduced_images\RZ_Cep_Light_Green_30_secs_003_reduced.fits,2,0.979925,792.0,4.362569043874668,1200.2063814140074,798.5045569446461,1.0,V* RZ Cep,True,0.8689052907691628,0.0026773051202935,7760.632983774681,29.001686593443164,-9.724742863116226,-0.0040574243363115,2023-02-23 19:37:21.520,0.5681306334679164,2023_02_23,2,"(0.552, 0.586]",-9.724742863116226,-0.0040574243363115
0,0,1,1167.6450116053277,876.7495007707828,9758.97071348867,9758.97071348867,207.23934016428527,368.4544677734375,5.414643962051123,5.305944984512947,782.2279771281483,207.2393401642854,3.720477819442749,4.915390491485596,8987.941345091496,8.121965943076685,10.829287924102246,13.536609905127808,7.958917476769421,10.611889969025894,13.264862461282368,False,1.5,30.0,325.29902378295566,30.47789533102189,3.610569837528881,18.95751800609738,-9.884150573924298,-0.0022900531791759,1.573979,328.2823,39.39824,2023-02-23T19:39:36.783,30.0,Green,data\RZ_Cep\2023_02_23\Light\Green\reduced_images\RZ_Cep_Light_Green_30_secs_004_reduced.fits,2,0.979925,792.0,4.8838360785467785,1200.0884401080912,798.5144942243595,1.0,V* RZ Cep,True,0.8776912784714962,0.0029594991214229,7888.637730000174,31.37516326856842,-9.74250503101971,-0.0043182551736827,2023-02-23 19:39:36.783,0.5732019768307737,2023_02_23,2,"(0.552, 0.586]",-9.74250503101971,-0.0043182551736827
0,0,1,1168.2448696814995,875.7162070896071,9558.511694067249,9558.511694067249,176.58020395881874,429.18170166015625,4.998098510631246,4.897761683030324,673.5139072814343,176.58020395881874,3.757133722305298,5.004697322845459,8895.076255082024,7.497147765946869,9.996197021262493,12.495246276578117,7.346642524545486,9.795523366060648,12.24440420757581,True,1.5,30.0,318.6170564689083,35.95243044805744,3.0764195534158643,18.911528401226104,-9.872874188812476,-0.0023083479538235,1.580018,328.4702,39.21799,2023-02-23T19:41:48.281,30.0,Green,data\RZ_Cep\2023_02_23\Light\Green\reduced_images\RZ_Cep_Light_Green_30_secs_005_reduced.fits,2,0.979925,792.0,6.030737957501222,1200.099154388692,798.5265646060238,1.0,V* RZ Cep,True,0.8739531769961918,0.0049403520475228,7773.880152752323,46.95012268308126,-9.726594602443951,-0.0065572721746693,2023-02-23 19:41:48.281,0.5781321610608927,2023_02_23,2,"(0.552, 0.586]",-9.726594602443951,-0.0065572721746693
0,0,1,1168.186296866693,874.9202086762097,9560.042925177702,9560.042925177702,178.7555481000361,453.3175964355469,5.028790805416508,4.927837829997771,682.5463158419301,178.755548100036,3.821281909942627,4.930408954620361,8876.967582921156,7.543186208124761,10.057581610833015,12.571977013541268,7.391756744996657,9.855675659995542,12.319594574994428,True,1.5,30.0,318.6680975059234,32.15124471193987,3.114318882453962,18.81312470325749,-9.87066158479588,-0.0023010212016832,1.585924,328.6567,39.04351,2023-02-23T19:44:00.403,30.0,Green,data\RZ_Cep\2023_02_23\Light\Green\reduced_images\RZ_Cep_Light_Green_30_secs_006_reduced.fits,2,0.979925,792.0,6.582504185288435,1200.0933836332647,798.5230710035053,1.0,V* RZ Cep,True,0.8682144826806127,0.0029231543199052,7707.11181777846,30.661561301147263,-9.717229149862805,-0.0043194348267107,2023-02-23 19:44:00.403,0.5830857405896097,2023_02_23,2,"(0.552, 0.586]",-9.717229149862805,-0.0043194348267107
0,0,1,1167.416022379717,873.49584220889,9520.644791301542,9520.644791301542,217.2502007649948,336.2948303222656,5.543880978316389,5.432587567676688,808.3213694382002,217.25020076499464,3.7141014337539673,5.093704700469971,8713.755509156937,8.315821467474585,11.08776195663278,13.859702445790973,8.148881351515033,10.865175135353375,13.58146891919172,False,1.5,30.0,317.35482637671805,33.136349482188386,3.784981275550131,18.822225084576388,-9.850513425804014,-0.0023452541452369,1.592076,328.8511,38.86358,2023-02-23T19:46:13.427,30.0,Green,data\RZ_Cep\2023_02_23\Light\Green\reduced_images\RZ_Cep_Light_Green_30_secs_007_reduced.fits,2,0.979925,792.0,7.3466507655110656,1200.183328425896,798.4440115780109,1.0,V* RZ Cep,True,0.875702298036091,0.0030487882504156,7630.655723893378,31.264222936704023,-9.70640464928836,-0.0044484641928897,2023-02-23 19:46:13.427,0.5880731383221303,2023_02_23,2,"(0.586, 0.621]",-9.70640464928836,-0.0044484641928897
0,0,1,1167.921564658926,872.4044113825751,9590.909183577904,9590.909183577904,237.63874616325387,306.6817626953125,5.79818984182263,5.681791180748041,854.9001636521775,237.63874616325387,3.5897374153137207,4.875900268554688,8737.848485147433,8.697284762733945,11.59637968364526,14.495474604556575,8.522686771122062,11.363582361496082,14.204477951870103,False,1.5,30.0,319.6969727859302,33.003972103249,4.140195044266466,18.89023927676528,-9.853511274361749,-0.0023472387664069,1.598126,329.0424,38.68841,2023-02-23T19:48:23.620,30.0,Green,data\RZ_Cep\2023_02_23\Light\Green\reduced_images\RZ_Cep_Light_Green_30_secs_008_reduced.fits,2,0.979925,792.0,8.548194886599875,1200.1210566032855,798.474373127292,1.0,V* RZ Cep,True,0.8662894196461279,0.0023398715668083,7569.505693154168,26.18797831061313,-9.697668799891282,-0.0037562870461895,2023-02-23 19:48:23.620,0.5929543948848277,2023_02_23,2,"(0.586, 0.621]",-9.697668799891282,-0.0037562870461895
0,0,1,1167.2579396504516,871.9859598081752,9403.255597890471,9403.255597890471,209.2651955795018,343.4631042480469,5.441044858282273,5.331815882752256,788.9892348104142,209.2651955795017,3.770030975341797,4.951431274414063,8614.31932849479,8.16156728742341,10.882089716564543,13.60261214570568,7.997723824128385,10.663631765504512,13.32953970688064,False,1.5,30.0,313.44185326301573,37.97256799597142,3.645864740762876,18.84304343782474,-9.838052417008733,-0.0023749496260955,1.604239,329.2358,38.51317,2023-02-23T19:50:34.601,30.0,Green,data\RZ_Cep\2023_02_23\Light\Green\reduced_images\RZ_Cep_Light_Green_30_secs_009_reduced.fits,2,0.979925,792.0,8.65095433823163,1200.0426211407698,798.4748651588122,1.0,V* RZ Cep,True,0.8710451411439281,0.0050285119571157,7503.460995347612,46.32247509059199,-9.688154073304332,-0.0067027720049516,2023-02-23 19:50:34.601,0.5978651955103373,2023_02_23,2,"(0.586, 0.621]",-9.688154073304332,-0.0067027720049516
0,0,1,1167.189141301138,870.995984772783,9418.33518757589,9418.33518757589,207.44894502118763,365.30126953125,5.417381494520584,5.308627561018084,783.9952209419366,207.4489450211876,3.8024765253067017,5.022003650665283,8629.515443933184,8.126072241780877,10.834762989041169,13.54345373630146,7.962941341527126,10.617255122036168,13.271568902545209,False,1.5,30.0,313.9445062525297,34.70586534172424,3.614221619924691,18.768713147527688,-9.839966025807696,-0.0023614154831042,1.610377,329.4301,38.33898,2023-02-23T19:52:45.552,30.0,Green,data\RZ_Cep\2023_02_23\Light\Green\reduced_images\RZ_Cep_Light_Green_30_secs_010_reduced.fits,2,0.979925,792.0,9.55211560077558,1200.0915574455069,798.4567598386401,1.0,V* RZ Cep,True,0.8757008378801779,0.0037087230359329,7556.873904752225,35.978072582630006,-9.69585543892171,-0.0051691607498984,2023-02-23 19:52:45.552,0.602774871361845,2023_02_23,2,"(0.586, 0.621]",-9.69585543892171,-0.0051691607498984
0,0,1,1166.7349784160551,870.1674676712503,9229.947444687645,9229.947444687645,208.18856720944413,353.7637939453125,5.427030255354708,5.318082622978463,784.2714390901583,208.18856720944413,3.7515194416046143,4.986947059631348,8448.923987281607,8.140545383032062,10.854060510709417,13.56757563838677,7.977123934467694,10.636165245956926,13.295206557446155,False,1.5,30.0,307.6649148229215,37.198104933722206,3.6271074820489817,18.66789027283728,-9.817003507243552,-0.002398933209268,1.616562,329.6261,38.16524,2023-02-23T19:54:56.905,30.0,Green,data\RZ_Cep\2023_02_23\Light\Green\reduced_images\RZ_Cep_Light_Green_30_secs_011_reduced.fits,2,0.979925,792.0,10.205821815620526,1200.089622630665,798.5378033690421,1.0,V* RZ Cep,True,0.8849594530801581,0.0038136080643265,7476.95515090056,36.209205705606486,-9.68431193905323,-0.0052579753103609,2023-02-23 19:54:56.905,0.6076996191845581,2023_02_23,2,"(0.586, 0.621]",-9.68431193905323,-0.0052579753103609
0,0,1,1166.9700118590329,868.9201427794598,9309.09659959309,9309.09659959309,241.1083690157215,271.4679260253906,5.840364429244072,5.723119113326997,906.349150668696,241.1083690157216,3.7654471397399902,5.150094985961914,8401.215781115467,8.760546643866107,11.680728858488145,14.60091107311018,8.584678669990495,11.446238226653994,14.307797783317492,False,1.5,30.0,310.3032199864363,35.9458231474928,4.200643584629459,18.72030145907268,-9.810855348732847,-0.0024193294860714,1.622794,329.8237,37.99191,2023-02-23T19:57:08.729,30.0,Green,data\RZ_Cep\2023_02_23\Light\Green\reduced_images\RZ_Cep_Light_Green_30_secs_012_reduced.fits,2,0.979925,792.0,11.471015930176094,1200.1415530970698,798.5298971492904,1.0,V* RZ Cep,True,0.8808467468594111,0.0030624842670128,7400.1835904595055,30.55930558150166,-9.673106235589078,-0.0044835839620086,2023-02-23 19:57:08.729,0.6126420259585075,2023_02_23,2,"(0.586, 0.621]",-9.673106235589078,-0.0044835839620086
0,0,1,1166.8100105785577,869.0950796286603,9119.901639249554,9119.901639249554,227.3710161569394,283.99200439453125,5.671544656319464,5.557688397343851,847.3134036286056,227.37101615693933,3.729091882705689,5.182632446289063,8272.014228536167,8.507316984479196,11.343089312638927,14.178861640798658,8.336532596015777,11.115376794687702,13.894220993359626,False,1.5,30.0,303.99672130831846,34.051929219289505,3.961308370378677,18.49351126471084,-9.79402818193071,-0.0024273501203529,1.629086,330.0234,37.81866,2023-02-23T19:59:21.274,30.0,Green,data\RZ_Cep\2023_02_23\Light\Green\reduced_images\RZ_Cep_Light_Green_30_secs_013_reduced.fits,2,0.979925,792.0,11.261147710462929,1200.0904877739697,798.5112357830322,1.0,V* RZ Cep,True,0.8735872965579113,0.0035800724376591,7226.326546995487,33.73454932051397,-9.647293956999851,-0.005068525662421,2023-02-23 19:59:21.274,0.6176114648000635,2023_02_23,2,"(0.586, 0.621]",-9.647293956999851,-0.005068525662421
0,0,1,1167.2081089692808,867.310026361587,9078.581664488014,9078.581664488014,206.8189905677079,343.5022888183594,5.409149834544904,5.300561151616415,807.9491423634897,206.818990567708,3.875387191772461,5.136983871459961,8277.07799742661,8.113724751817355,10.818299669089807,13.52287458636226,7.950841727424621,10.60112230323283,13.251402879041038,False,1.5,30.0,302.61938881626713,32.63030157861184,3.6032464134462887,18.40795851821503,-9.794692619268226,-0.0024146428274719,1.635572,330.2295,37.64188,2023-02-23T20:01:37.332,30.0,Green,data\RZ_Cep\2023_02_23\Light\Green\reduced_images\RZ_Cep_Light_Green_30_secs_014_reduced.fits,2,0.979925,792.0,13.08920907092544,1200.086513456015,798.5197136056287,1.0,V* RZ Cep,True,0.8970361412699451,0.0027093246412493,7424.838107801931,27.848874065724324,-9.676717471688685,-0.004072348837227,2023-02-23 20:01:37.332,0.6227126146729631,2023_02_23,2,"(0.621, 0.655]",-9.676717471688685,-0.004072348837227
0,0,1,1166.919369941576,866.6891610927254,9064.41323983775,9064.41323983775,231.19453260592604,280.0316162109375,5.719032760493954,5.604223177827039,887.3346222985066,231.19453260592584,3.846879720687866,4.982227802276611,8175.035680822103,8.578549140740932,11.438065520987909,14.297581901234883,8.406334766740558,11.208446355654075,14.010557944567596,False,1.5,30.0,302.14710799459164,36.75229685326534,4.0279225236232445,18.518297096965483,-9.78122414215354,-0.0024594370463494,1.642006,330.434,37.46832,2023-02-23T20:03:51.795,30.0,Green,data\RZ_Cep\2023_02_23\Light\Green\reduced_images\RZ_Cep_Light_Green_30_secs_015_reduced.fits,2,0.979925,792.0,13.627221039933008,1199.8957082435104,798.4678885635278,1.0,V* RZ Cep,True,0.8841425262540618,0.0037423549163344,7227.896699059148,34.699493298495426,-9.647529842515132,-0.0052123733541795,2023-02-23 20:03:51.795,0.6277539640634018,2023_02_23,2,"(0.621, 0.655]",-9.647529842515132,-0.0052123733541795
0,0,1,1166.4033035469513,866.4240376628737,9009.66425032356,9009.66425032356,223.456956345498,288.37664794921875,5.622516571441879,5.509644551270183,857.1518659101619,223.45695634549784,3.841250419616699,4.87940788269043,8151.310122995145,8.433774857162819,11.245033142883758,14.056291428604696,8.264466826905275,11.019289102540366,13.774111378175458,False,1.5,30.0,300.322141677452,32.2426640858837,3.893116750552674,18.34278938749198,-9.778068541316271,-0.002443218358,1.648282,330.6338,37.30069,2023-02-23T20:06:02.458,30.0,Green,data\RZ_Cep\2023_02_23\Light\Green\reduced_images\RZ_Cep_Light_Green_30_secs_016_reduced.fits,2,0.979925,792.0,13.78704541654446,1199.94697884701,798.5266439228462,1.0,V* RZ Cep,True,0.8948059733758901,0.0054303989623271,7293.8409888954175,47.20987958680596,-9.657390727853636,-0.0070275010886177,2023-02-23 20:06:02.458,0.6326528420848376,2023_02_23,2,"(0.621, 0.655]",-9.657390727853636,-0.0070275010886177
0,0,1,1166.6132024968808,865.2043963095699,8893.39988322756,8893.39988322756,203.9118855203884,330.4029235839844,5.370999041002706,5.263176235254577,791.5795340292227,203.91188552038835,3.892434597015381,4.956801891326904,8099.686205285359,8.05649856150406,10.741998082005413,13.427497602506763,7.894764352881867,10.526352470509154,13.157940588136444,False,1.5,30.0,296.446662774252,34.35849527568263,3.5525981832885445,18.285452037978803,-9.771170484865506,-0.0024511044989677,1.654752,330.8399,37.12959,2023-02-23T20:08:16.658,30.0,Green,data\RZ_Cep\2023_02_23\Light\Green\reduced_images\RZ_Cep_Light_Green_30_secs_017_reduced.fits,2,0.979925,792.0,15.02460368375727,1200.0383508603186,798.4484729384162,1.0,V* RZ Cep,True,0.8985178221028904,0.0048767708075854,7277.712408889826,42.780991375270695,-9.654987224271474,-0.0063823449735165,2023-02-23 20:08:16.658,0.6376843309568585,2023_02_23,2,"(0.621, 0.655]",-9.654987224271474,-0.0063823449735165
0,0,1,1166.7222225180053,864.0784975112522,9067.67638230451,9067.67638230451,245.4410734181216,290.9867553710937,5.892606295446285,5.774312224065201,942.83460306057,245.4410734181216,3.8374953269958496,4.884488582611084,8125.797410009623,8.838909443169428,11.78521259089257,14.731515738615713,8.661468336097801,11.548624448130402,14.435780560163003,False,1.5,30.0,302.2558794101503,34.524971102194925,4.276128923551272,18.46772805290073,-9.774664976057789,-0.002467583174294,1.661367,331.0509,36.95644,2023-02-23T20:10:33.352,30.0,Green,data\RZ_Cep\2023_02_23\Light\Green\reduced_images\RZ_Cep_Light_Green_30_secs_018_reduced.fits,2,0.979925,792.0,16.15254583453451,1200.1182350298525,798.4030659034461,1.0,V* RZ Cep,True,0.891172653557518,0.0049825464867717,7241.488440149082,43.70439329986647,-9.649569604341284,-0.0065527194450201,2023-02-23 20:10:33.352,0.6428093260378489,2023_02_23,2,"(0.621, 0.655]",-9.649569604341284,-0.0065527194450201
0,0,1,1165.7737287276343,863.2284188710232,8886.221382089712,8886.221382089712,225.14117409481705,316.51922607421875,5.643665534676169,5.530368949067545,869.3116428553972,225.14117409481688,3.818649291992188,4.921244621276856,8026.48619703425,8.465498302014254,11.287331069352335,14.10916383669042,8.295553423601318,11.06073789813509,13.82592237266886,False,1.5,30.0,296.2073794029904,33.1323019652624,3.9224595664519226,18.25546879525981,-9.76131365796059,-0.0024694022912752,1.667773,331.2554,36.79042,2023-02-23T20:12:45.286,30.0,Green,data\RZ_Cep\2023_02_23\Light\Green\reduced_images\RZ_Cep_Light_Green_30_secs_019_reduced.fits,2,0.979925,792.0,16.86511331610568,1200.10345398993,798.4762840033114,1.0,V* RZ Cep,True,0.8927716823616576,0.004332464890103,7165.819585578891,38.404263058161824,-9.63816467425082,-0.0058188597021359,2023-02-23 20:12:45.286,0.6477558569829966,2023_02_23,2,"(0.621, 0.655]",-9.63816467425082,-0.0058188597021359
0,0,1,1166.188415189996,862.6586659549797,8646.202080887637,8646.202080887637,219.2757763011079,318.8895263671875,5.569665754873267,5.457854714844186,850.6844962153342,219.27577630110784,3.8532718420028687,5.002386093139648,7801.272906433258,8.3544986323099,11.139331509746532,13.924164387183168,8.18678207226628,10.915709429688372,13.644636787110466,False,1.5,30.0,288.2067360295879,35.21158112658716,3.820271302668192,18.08973710308813,-9.7304136769624,-0.0025176253597259,1.674263,331.4629,36.62391,2023-02-23T20:14:58.469,30.0,Green,data\RZ_Cep\2023_02_23\Light\Green\reduced_images\RZ_Cep_Light_Green_30_secs_020_reduced.fits,2,0.979925,792.0,17.478873748179115,1200.027297756647,798.4472039063634,1.0,V* RZ Cep,True,0.9072676386794976,0.0041143589524366,7077.842448514044,36.049882367596105,-9.624752227732229,-0.0055300273704154,2023-02-23 20:14:58.469,0.6527492160175541,2023_02_23,2,"(0.621, 0.655]",-9.624752227732229,-0.0055300273704154
0,0,1,1166.235146268586,862.2263517208432,8875.581124840948,8875.581124840948,224.1226831708848,308.0180969238281,5.630885691980145,5.517845661713644,856.7934507220153,224.1226831708849,3.8049896955490112,4.8169121742248535,8022.796624836936,8.446328537970217,11.26177138396029,14.077214229950364,8.276768492570465,11.035691323427288,13.794614154284112,False,1.5,30.0,295.8527041613649,37.14832053070132,3.9047151912438585,18.35499223326749,-9.760814457811932,-0.0024840065799521,1.680728,331.6698,36.45964,2023-02-23T20:17:10.761,30.0,Green,data\RZ_Cep\2023_02_23\Light\Green\reduced_images\RZ_Cep_Light_Green_30_secs_021_reduced.fits,2,0.979925,792.0,17.913638714486407,1200.1534126138226,798.4675188501539,1.0,V* RZ Cep,True,0.8944552887960289,0.0041290088278923,7176.032872020327,36.97142850646056,-9.639711048649293,-0.0055937896588522,2023-02-23 20:17:10.761,0.657709169265388,2023_02_23,2,"(0.655, 0.69]",-9.639711048649293,-0.0055937896588522
0,0,1,1164.8537435845572,861.4053906436384,8913.032806060568,8913.032806060568,275.48861794017984,211.55764770507807,6.24288931047755,6.117563307569713,1014.8750354366742,275.4886179401799,3.68536376953125,4.903456687927246,7897.757034585593,9.364333965716323,12.4857786209551,15.607223276193876,9.17634496135457,12.235126615139428,15.293908268924286,False,1.5,30.0,297.1010935353523,42.07618357704212,4.799623921446688,18.546614274142897,-9.74375942258911,-0.0025496771431355,1.687362,331.8824,36.29275,2023-02-23T20:19:26.052,30.0,Green,data\RZ_Cep\2023_02_23\Light\Green\reduced_images\RZ_Cep_Light_Green_30_secs_022_reduced.fits,2,0.979925,792.0,18.61419821598189,1200.006691651326,798.4530597427528,1.0,V* RZ Cep,True,0.9021075639996542,0.0037651621936741,7124.626359531142,34.120044320140394,-9.631905233368467,-0.0051996224864157,2023-02-23 20:19:26.052,0.6627815624172229,2023_02_23,2,"(0.655, 0.69]",-9.631905233368467,-0.0051996224864157
0,0,1,1164.7184158131308,860.5787673815695,8545.820404757142,8545.820404757142,221.86470743800163,305.9902038574219,5.602449058632615,5.489979893780566,852.2855578199673,221.8647074380017,3.879337430000305,4.892496585845947,7685.132340796835,8.403673587948923,11.20489811726523,14.006122646581538,8.234969840670848,10.979959787561132,13.724949734451414,False,1.5,30.0,284.86068015857137,44.34622656965404,3.865376236253184,18.25026802445593,-9.71412837652595,-0.0025783520519878,1.693719,332.0864,36.13438,2023-02-23T20:21:35.327,30.0,Green,data\RZ_Cep\2023_02_23\Light\Green\reduced_images\RZ_Cep_Light_Green_30_secs_023_reduced.fits,2,0.979925,792.0,19.434515628122703,1200.104269231456,798.4832588849858,1.0,V* RZ Cep,True,0.9136998123692645,0.0050662866894018,7021.9039778190345,42.35569918381736,-9.61613721584652,-0.0065490949786525,2023-02-23 20:21:35.327,0.6676284008965752,2023_02_23,2,"(0.655, 0.69]",-9.61613721584652,-0.0065490949786525
0,0,1,1164.124012904013,859.9951610599427,8677.416205656775,8677.416205656775,260.07465786409256,242.9530029296875,6.065726474545599,5.943957015569096,973.778017933548,260.0746578640926,3.751783847808838,4.920675277709961,7701.672305057862,9.098589711818398,12.131452949091198,15.164316186363996,8.915935523353644,11.887914031138193,14.85989253892274,False,1.5,30.0,289.24720685522584,39.832154755208535,4.531078483676635,18.26500588814882,-9.716462590204983,-0.0025748924892403,1.70022,332.2953,35.97399,2023-02-23T20:23:47.153,30.0,Green,data\RZ_Cep\2023_02_23\Light\Green\reduced_images\RZ_Cep_Light_Green_30_secs_024_reduced.fits,2,0.979925,792.0,20.0052233233722,1200.0275913418152,798.468092859043,1.0,V* RZ Cep,True,0.9023243910648464,0.0057534184557278,6949.406772842327,47.276651466359695,-9.604869332958332,-0.0073862379645628,2023-02-23 20:23:47.153,0.6725708826554637,2023_02_23,2,"(0.655, 0.69]",-9.604869332958332,-0.0073862379645628
0,0,1,1164.974759469901,859.3441530417134,8503.158298993383,8503.158298993383,234.7880026128682,286.2431945800781,5.763307013204663,5.64760862491458,895.0217915542923,234.78800261286827,3.8041958808898926,4.86452579498291,7609.978746571144,8.644960519806995,11.526614026409328,14.408267533011658,8.47141293737187,11.29521724982916,14.11902156228645,False,1.5,30.0,283.4386099664461,27.92162888717178,4.0905287566330815,17.760933748264783,-9.703458609646615,-0.0025340003491455,1.70666,332.5025,35.81661,2023-02-23T20:25:57.385,30.0,Green,data\RZ_Cep\2023_02_23\Light\Green\reduced_images\RZ_Cep_Light_Green_30_secs_025_reduced.fits,2,0.979925,792.0,20.67883385465242,1200.116618063414,798.449537151451,1.0,V* RZ Cep,True,0.90526164594927,0.0023537808090111,6889.0218857599575,24.069881012226197,-9.595393911165347,-0.0037935053324788,2023-02-23 20:25:57.385,0.6774536014242472,2023_02_23,2,"(0.655, 0.69]",-9.595393911165347,-0.0037935053324788
0,0,1,1165.274615931935,858.1421954753175,8475.610385777813,8475.610385777813,249.4614573650624,235.3237762451172,5.940671421129866,5.821412442350685,967.311261128678,249.46145736506253,3.854500532150269,5.045566082000732,7514.061065613198,8.911007131694799,11.881342842259732,14.851678552824666,8.732118663526027,11.64282488470137,14.553531105876711,False,1.5,30.0,282.52034619259376,32.20335994834866,4.346172946093532,17.86252723124687,-9.689686800464637,-0.0025810267382835,1.718702,332.8908,35.5263,2023-02-23T20:30:00.030,30.0,Green,data\RZ_Cep\2023_02_23\Light\Green\reduced_images\RZ_Cep_Light_Green_30_secs_026_reduced.fits,2,0.979925,792.0,21.894936958419684,1200.0969289838715,798.464839967648,1.0,V* RZ Cep,True,0.9095236534590808,0.0044691777951859,6834.216272711149,37.30514854852481,-9.586721795448216,-0.005926583061871,2023-02-23 20:30:00.030,0.6865509607189608,2023_02_23,2,"(0.655, 0.69]",-9.586721795448216,-0.005926583061871
0,0,1,1212.0545639085922,879.8503396474138,14364.711607058494,14364.711607058494,222.21882244763145,537.919921875,5.606918269471565,5.494359385211924,451.9849116581495,222.21882244763128,1.982931315898896,4.037945747375488,13924.06694504491,8.410377404207349,11.21383653894313,14.017295673678912,8.241539077817887,10.988718770423848,13.735898463029809,False,1.5,12.0,1197.059300588208,57.04576841323741,24.197160666519864,35.75335270527738,-10.359415256617115,-0.0027878858688927,1.042715,332.2974,73.53217,2023-11-10T20:42:48.784,12.0,Green,data\RZ_Cep\2023_11_10\Light\Green\reduced_images\Light_Green_12_secs_001_reduced.fits,2,0.979925,792.0,48.05479695791156,1200.1650176015291,798.5848731227461,1.0,V* RZ Cep,True,0.7424555549420131,0.0026055627087245,10338.00085073306,44.95433448249714,-10.036091408926408,-0.0047212753426106,2023-11-10 20:42:48.784,0.946118752975508,2023_11_10,3,"(0.931, 0.966]",-10.036091408926408,-0.0047212753426106
0,0,1,1210.6613071472268,878.8539841274116,14133.094932793956,14133.094932793956,192.37976941300383,569.7874755859375,5.2169119220694,5.112182415233857,409.091749569929,192.37976941300388,2.072604417800904,3.97718358039856,13734.367772813046,7.8253678831041,10.4338238441388,13.0422798051735,7.668273622850785,10.224364830467714,12.780456038084642,False,1.5,12.0,1177.757911066163,59.05321572315997,20.94801933608264,35.46490019900529,-10.344521681397614,-0.0028035892719004,1.044115,331.366,73.27384,2023-11-10T20:46:19.211,12.0,Green,data\RZ_Cep\2023_11_10\Light\Green\reduced_images\Light_Green_12_secs_003_reduced.fits,2,0.979925,792.0,46.675378274504254,1200.1366621092009,798.5697135995574,1.0,V* RZ Cep,True,0.7569660743886728,0.0035904427678128,10396.45045719659,56.14634336204926,-10.042212720848074,-0.0058635510267603,2023-11-10 20:46:19.211,0.954008180016217,2023_11_10,3,"(0.931, 0.966]",-10.042212720848074,-0.0058635510267603
0,0,1,1211.4447975773376,879.3792165998728,14195.244185096246,14195.244185096246,216.0340766137257,571.5822143554688,5.528342421406873,5.417360947297131,423.6850670365056,216.0340766137256,1.979501485824585,3.305232048034668,13767.604409450634,8.29251363211031,11.056684842813748,13.820856053517184,8.126041420945697,10.834721894594262,13.543402368242823,False,1.5,12.0,1182.9370154246872,53.156634256147086,23.523710564605683,35.491088462393485,-10.347145946817626,-0.0027988863235671,1.045502,330.4831,73.02247,2023-11-10T20:49:40.944,12.0,Green,data\RZ_Cep\2023_11_10\Light\Green\reduced_images\Light_Green_12_secs_005_reduced.fits,2,0.979925,792.0,47.44885867104087,1200.0796848617645,798.5583685817729,1.0,V* RZ Cep,True,0.7481704544921911,0.0024946510816809,10300.514848287376,43.41297707076378,-10.03214733122462,-0.0045759888370919,2023-11-10 20:49:40.944,0.9615716475618683,2023_11_10,3,"(0.931, 0.966]",-10.03214733122462,-0.0045759888370919
0,0,1,1213.4605662457766,879.5779632525628,14275.236162476422,14275.236162476422,216.0767174843644,535.5797119140625,5.528887987427293,5.41789556107969,446.0749709072877,216.0767174843644,2.053786516189575,3.447160720825196,13831.46071364453,8.29333198114094,11.057775974854586,13.822219968568232,8.126843341619535,10.83579112215938,13.544738902699226,False,1.5,12.0,1189.6030135397018,56.10171359567028,23.52835368163078,35.62629760186993,-10.35217011881566,-0.0027965781741099,1.046045,330.1547,72.92513,2023-11-10T20:50:59.799,12.0,Green,data\RZ_Cep\2023_11_10\Light\Green\reduced_images\Light_Green_12_secs_006_reduced.fits,2,0.979925,792.0,49.462366788994665,1200.0370807778447,798.5070825750888,1.0,V* RZ Cep,True,0.75801219082424,0.0031445481658202,10484.415837849096,51.19551295963316,-10.05136059452219,-0.005301661322968,2023-11-10 20:50:59.799,0.964528115929852,2023_11_10,3,"(0.931, 0.966]",-10.05136059452219,-0.005301661322968
0,0,1,1213.4123177713204,878.4396041975784,13476.53973196763,13476.53973196763,167.8104992406769,713.9046020507812,4.872404877983536,4.774591350058016,387.9587745472944,167.81049924067685,2.290882468223572,4.355188846588135,13092.10560127332,7.308607316975304,9.744809755967072,12.18101219495884,7.161887025087025,9.549182700116033,11.93647837514504,False,1.5,12.0,1123.0449776639691,57.32455712391645,18.27269880620704,34.62141293468672,-10.292523749202452,-0.0028711746320939,1.04781,329.1961,72.61312,2023-11-10T20:54:59.413,12.0,Green,data\RZ_Cep\2023_11_10\Light\Green\reduced_images\Light_Green_12_secs_007_reduced.fits,2,0.979925,792.0,49.43694956805248,1200.069123698005,798.5458777190433,1.0,V* RZ Cep,True,0.777807867503722,0.003604425704865,10183.142738859937,54.33241802921754,-10.0197045784764,-0.0057929732361759,2023-11-10 20:54:59.413,0.9735118355615668,2023_11_10,3,"(0.966, 1.0]",-10.0197045784764,-0.0057929732361759
0,0,1,1208.327690102776,881.8401838916124,12149.129789688684,12149.129789688684,177.30247103773507,560.3169555664062,5.00830995562492,4.90776813326575,367.3345270849312,177.30247103773513,2.0162744522094727,3.445396423339844,11791.639347021688,7.51246493343738,10.01661991124984,12.5207748890623,7.361652199898625,9.8155362665315,12.269420333164376,False,1.5,15.0,809.9419859792455,39.61544972376253,12.356012203874158,29.35836248680914,-10.17893546902963,-0.0027032235405327,1.034233,341.0987,75.20711,2023-11-10T20:15:17.873,15.0,Green,data\RZ_Cep\2023_11_10\Light\Green\reduced_images\Light_Green_15_secs_001_reduced.fits,2,0.979925,792.0,44.36586961395763,1200.102805304989,798.5251537898756,1.0,V* RZ Cep,True,0.730401395151673,0.0030431920437243,8612.629830190004,41.80306677489033,-9.837839454229734,-0.0052698309299586,2023-11-10 20:15:17.873,0.884222029241073,2023_11_10,3,"(0.862, 0.897]",-9.837839454229734,-0.0052698309299586
0,0,1,1208.408749286377,881.4961011756568,12329.560791914531,12329.560791914531,181.6021842762036,584.9129028320312,5.068673751921311,4.966920126351491,368.497947669016,181.6021842762036,2.007079243659973,3.3737709522247314,11965.070817250453,7.603010627881967,10.137347503842625,12.671684379803278,7.450380189527237,9.933840252702982,12.417300315878729,False,1.5,15.0,821.9707194609689,41.67273388033449,12.655654442003875,29.60234970037526,-10.194788183501949,-0.002686180742806,1.034827,340.2281,75.08296,2023-11-10T20:17:42.630,15.0,Green,data\RZ_Cep\2023_11_10\Light\Green\reduced_images\Light_Green_15_secs_002_reduced.fits,2,0.979925,792.0,44.43394346564459,1200.113214209349,798.5289000050828,1.0,V* RZ Cep,True,0.7358354644803868,0.0030848509231478,8804.323442352208,42.85857613398994,-9.86173997187063,-0.0052852565103654,2023-11-10 20:17:42.630,0.8896493260715488,2023_11_10,3,"(0.862, 0.897]",-9.86173997187063,-0.0052852565103654
0,0,1,1208.7696481922171,881.607522904609,12699.84278795165,12699.84278795165,175.473164990273,639.91455078125,4.982406521456309,4.882384710538074,362.12065189510525,175.47316499027292,2.0734667778015137,3.7322781085968018,12336.005009948634,7.473609782184464,9.96481304291262,12.456016303640771,7.323577065807112,9.764769421076148,12.205961776345186,False,1.5,15.0,846.6561858634433,42.66027662104687,12.228529897988802,30.025738831583794,-10.227936342710906,-0.0026426733531456,1.03563,339.1101,74.9168,2023-11-10T20:20:53.667,15.0,Green,data\RZ_Cep\2023_11_10\Light\Green\reduced_images\Light_Green_15_secs_003_reduced.fits,2,0.979925,792.0,44.798499184054506,1200.1017596494,798.5556628848902,1.0,V* RZ Cep,True,0.7311388645881254,0.004846860389539,9019.33269652727,63.69367742400307,-9.887936017652946,-0.0076673667465501,2023-11-10 20:20:53.667,0.8968117742060713,2023_11_10,3,"(0.897, 0.931]",-9.887936017652946,-0.0076673667465501
0,0,1,1208.627535045937,880.6150740627346,13007.426531926056,13007.426531926056,184.08755819371183,565.6642456054688,5.103240351710856,5.0007928016502605,372.9865724216564,184.08755819371183,2.045443534851074,3.371128559112549,12630.885826172209,7.654860527566283,10.206480703421713,12.75810087927714,7.50118920247539,10.00158560330052,12.50198200412565,False,1.5,15.0,867.1617687950704,35.59240006665654,12.82885738878845,30.25860251648307,-10.25358452364249,-0.0026009941590523,1.036234,338.3639,74.79331,2023-11-10T20:23:04.218,15.0,Green,data\RZ_Cep\2023_11_10\Light\Green\reduced_images\Light_Green_15_secs_004_reduced.fits,2,0.979925,792.0,44.63177343977035,1200.0788382425433,798.5325033915766,1.0,V* RZ Cep,True,0.735118841263054,0.0021465772254764,9285.202152661648,35.069999863983675,-9.919478408538918,-0.0041008012455899,2023-11-10 20:23:04.218,0.901706453071256,2023_11_10,3,"(0.897, 0.931]",-9.919478408538918,-0.0041008012455899
0,0,1,1210.3026830035471,881.2948374168137,13141.756123644367,13141.756123644367,158.26750933239276,736.7359008789062,4.7318360487323154,4.636844440054015,353.7229290708124,158.2675093323928,2.20834481716156,4.053612232208252,12792.24688968511,7.097754073098473,9.463672097464633,11.829590121830789,6.955266660081022,9.273688880108027,11.592111100135035,False,1.5,15.0,876.1170749096246,43.26332163085834,11.029486872586302,30.502620926947724,-10.267367081698708,-0.0025888962405114,1.036746,337.7154,74.68932,2023-11-10T20:24:56.951,15.0,Green,data\RZ_Cep\2023_11_10\Light\Green\reduced_images\Light_Green_15_secs_005_reduced.fits,2,0.979925,792.0,46.320784290240105,1200.0650533643663,798.5386872866437,1.0,V* RZ Cep,True,0.7418933312344037,0.0041219692916166,9490.482658961426,57.380106320479925,-9.943220749928416,-0.0065644352456815,2023-11-10 20:24:56.951,0.9059330911859433,2023_11_10,3,"(0.897, 0.931]",-9.943220749928416,-0.0065644352456815
0,0,1,1209.7545303202696,881.5724059590524,13290.223313402224,13290.223313402224,170.71917677285785,692.13671875,4.914450426060265,4.815792833757105,362.58464978357233,170.71917677285774,2.0599652528762817,3.949830293655396,12938.547741250492,7.371675639090397,9.82890085212053,12.28612606515066,7.223689250635658,9.63158566751421,12.039482084392764,False,1.5,15.0,886.0148875601482,44.98957485138286,11.89722974132627,30.7067043518652,-10.279713831605257,-0.0025767482804373,1.037191,337.2192,74.5997,2023-11-10T20:26:27.738,15.0,Green,data\RZ_Cep\2023_11_10\Light\Green\reduced_images\Light_Green_15_secs_006_reduced.fits,2,0.979925,792.0,45.78154109822577,1200.121558747143,798.5663077246226,1.0,V* RZ Cep,True,0.7417462147092261,0.003167914511724,9597.11881090716,46.89143090216447,-9.955352178345771,-0.0053048967327082,2023-11-10 20:26:27.738,0.9093369196527874,2023_11_10,3,"(0.897, 0.931]",-9.955352178345771,-0.0053048967327082
0,0,1,1210.0739930742195,880.5164330984802,13573.60292091414,13573.60292091414,173.49612718304638,691.3582763671875,4.954258886025413,4.854802138888453,379.127382180585,173.4961271830465,2.1294851303100586,4.193603992462158,13204.14549791146,7.431388329038119,9.908517772050828,12.385647215063534,7.28220320833268,9.709604277776906,12.137005347221134,False,1.5,15.0,904.906861394276,49.94155837612843,12.090752329911853,31.09564554885967,-10.301775753056608,-0.0025568991335382,1.03817,336.1824,74.40444,2023-11-10T20:29:41.380,15.0,Green,data\RZ_Cep\2023_11_10\Light\Green\reduced_images\Light_Green_15_secs_007_reduced.fits,2,0.979925,792.0,46.07688727494983,1200.1362854908414,798.5338134720763,1.0,V* RZ Cep,True,0.7413926443590854,0.0033109032317396,9789.45634719869,49.42391611641072,-9.976896435338396,-0.0054815439392475,2023-11-10 20:29:41.380,0.9165970356598336,2023_11_10,3,"(0.897, 0.931]",-9.976896435338396,-0.0054815439392475
0,0,1,1211.8465165644905,881.1542412152256,13641.434863064336,13641.434863064336,177.86784071407683,702.1719970703125,5.016288673841754,4.915586678714381,368.359888256239,177.8678407140768,2.060370445251465,3.690107107162476,13274.961220896355,7.524433010762632,10.032577347683509,12.540721684604383,7.373380018071573,9.831173357428762,12.288966696785952,False,1.5,15.0,909.4289908709558,44.79382954371541,12.395412188429887,31.09048459903932,-10.307583152712333,-0.0025428371647154,1.038722,335.6124,74.29553,2023-11-10T20:31:27.363,15.0,Green,data\RZ_Cep\2023_11_10\Light\Green\reduced_images\Light_Green_15_secs_008_reduced.fits,2,0.979925,792.0,47.86043689874744,1200.0463859756676,798.5389813234251,1.0,V* RZ Cep,True,0.7442188282511057,0.0015923303312472,9879.476084894352,31.339959219356643,-9.986834785691643,-0.0034442037298036,2023-11-10 20:31:27.363,0.9205705996323559,2023_11_10,3,"(0.897, 0.931]",-9.986834785691643,-0.0034442037298036
0,0,1,1211.273626832531,881.0352115668637,13893.112433963315,13893.112433963315,196.00756198503555,591.5742797851562,5.265871026256149,5.160158665404057,379.7215871090202,196.00756198503564,1.909238874912262,3.511967658996582,13518.88717684471,7.898806539384223,10.531742052512298,13.164677565640371,7.740237998106085,10.320317330808114,12.900396663510143,False,1.5,15.0,926.2074955975544,39.417211066570765,13.65954920855714,31.29351779318973,-10.327352359035022,-0.0025132619865712,1.039211,335.1549,74.19988,2023-11-10T20:32:55.619,15.0,Green,data\RZ_Cep\2023_11_10\Light\Green\reduced_images\Light_Green_15_secs_009_reduced.fits,2,0.979925,792.0,47.28496015531318,1200.087816926507,798.4796773139088,1.0,V* RZ Cep,True,0.7389821679908076,0.0026559264832481,9990.216554767832,42.70788164573028,-9.998937255980712,-0.0046414903097535,2023-11-10 20:32:55.619,0.923879534668913,2023_11_10,3,"(0.897, 0.931]",-9.998937255980712,-0.0046414903097535
0,0,1,1211.0884470850133,879.7304811121519,14002.01283524681,14002.01283524681,185.211265038809,621.304443359375,5.118792248805015,5.016032494410254,366.8533758541999,185.21126503880896,1.9129551649093628,3.588240146636963,13647.711989191424,7.678188373207522,10.23758449761003,12.796980622012535,7.524048741615381,10.032064988820508,12.540081236025635,False,1.5,15.0,933.4675223497871,44.759792267006176,12.907167270260109,31.482288383900137,-10.337649622259256,-0.0025045560995211,1.041147,333.5054,73.82699,2023-11-10T20:38:30.542,15.0,Green,data\RZ_Cep\2023_11_10\Light\Green\reduced_images\Light_Green_15_secs_010_reduced.fits,2,0.979925,792.0,47.08921839772883,1200.1039765058918,798.5546298322994,1.0,V* RZ Cep,True,0.7392712711975044,0.0024753299607254,10089.361391186963,41.023654451415005,-10.009659195805185,-0.0044146368796239,2023-11-10 20:38:30.542,0.9364366236964088,2023_11_10,3,"(0.931, 0.966]",-10.009659195805185,-0.0044146368796239
0,0,1,1211.905701286057,877.7500062834345,12320.770542189788,12320.770542189788,165.59008948171652,683.0181274414062,4.840062558644782,4.742898302779988,354.7422812275439,165.59008948171655,2.077356457710266,3.6658506393432617,11976.780900472124,7.260093837967172,9.680125117289563,12.100156396611954,7.114347454169982,9.485796605559976,11.85724575694997,False,1.5,12.0,1026.7308785158157,55.78765516911103,18.030920854675795,33.17453020827277,-10.195850261947529,-0.0030073847741127,1.050328,327.975,72.17909,2023-11-10T21:00:23.153,12.0,Green,data\RZ_Cep\2023_11_10\Light\Green\reduced_images\star_Light_Green_12_secs_001_reduced.fits,2,0.979925,792.0,47.95851006269377,1200.148977407604,798.5171833752933,1.0,V* RZ Cep,True,0.8563018372374127,0.0020247434868092,10255.739489264231,37.35022224279991,-10.027417451504537,-0.0039541262321669,2023-11-10 21:00:23.153,0.9856496463471558,2023_11_10,3,"(0.966, 1.0]",-10.027417451504537,-0.0039541262321669
0,0,1,1213.128844055487,878.211791947895,12037.964818842873,12037.964818842873,171.92822099085186,663.4446411132812,4.931821951160293,4.83281562549075,344.77150423542173,171.92822099085197,1.9515728950500488,3.720037221908569,11702.434362862952,7.397732926740439,9.863643902320586,12.329554877900732,7.249223438236125,9.6656312509815,12.082039063726876,False,1.5,12.0,1003.1637349035728,46.2961186302246,18.7210729523372,32.68303728979506,-10.17069053479001,-0.0030322884766267,1.050904,327.7152,72.08162,2023-11-10T21:01:33.501,12.0,Green,data\RZ_Cep\2023_11_10\Light\Green\reduced_images\star_Light_Green_12_secs_002_reduced.fits,2,0.979925,792.0,49.16137718032288,1200.098540711024,798.5143984697853,1.0,V* RZ Cep,True,0.8654240415420789,0.0036592008791545,10127.56804218976,51.31967764415965,-10.01376292419554,-0.0055017780974328,2023-11-10 21:01:33.501,0.9882871663112383,2023_11_10,3,"(0.966, 1.0]",-10.01376292419554,-0.0055017780974328
0,0,1,1212.9040162540616,877.4528284049757,12376.901402441268,12376.901402441268,214.5525571901676,486.5587463378906,5.509353664840004,5.398753390018341,394.80686879991856,214.55255719016765,1.7731321454048157,3.830690383911133,11996.471366408578,8.264030497260006,11.018707329680009,13.773384162100012,8.098130085027512,10.797506780036684,13.496883475045854,False,1.5,12.0,1031.408450203439,58.06288148418996,23.36238956070713,33.359162478220824,-10.197633804399365,-0.0030191586639744,1.051466,327.4562,71.98692,2023-11-10T21:02:44.228,12.0,Green,data\RZ_Cep\2023_11_10\Light\Green\reduced_images\star_Light_Green_12_secs_003_reduced.fits,2,0.979925,792.0,48.97030619581648,1200.1482793454963,798.5247890620549,1.0,V* RZ Cep,True,0.851978717346656,0.0057188454808339,10220.738287438666,74.26000721421134,-10.023705669677751,-0.0078885473955594,2023-11-10 21:02:44.228,0.9909388959194985,2023_11_10,3,"(0.966, 1.0]",-10.023705669677751,-0.0078885473955594
0,0,1,1212.949698058786,878.0399703923183,12257.345025375776,12257.345025375776,203.8624755727884,509.66119384765625,5.370348277417814,5.262538535748652,402.55106812707766,203.8624755727884,1.9247822761535645,3.678511142730713,11864.954145620484,8.05552241612672,10.740696554835628,13.425870693544535,7.893807803622977,10.525077071497304,13.156346339371629,False,1.5,12.0,1021.4454187813149,56.760729376897125,22.198358451259185,33.17234550961796,-10.185665160356743,-0.0030355293475644,1.052074,327.2076,71.88525,2023-11-10T21:03:55.256,12.0,Green,data\RZ_Cep\2023_11_10\Light\Green\reduced_images\star_Light_Green_12_secs_004_reduced.fits,2,0.979925,792.0,48.98892381048299,1200.1255630356345,798.5677311793434,1.0,V* RZ Cep,True,0.8641569835060815,0.0051416199365554,10253.182983917372,67.4044988324404,-10.027146770250486,-0.0071376376351372,2023-11-10 21:03:55.256,0.9936019107601624,2023_11_10,3,"(0.966, 1.0]",-10.027146770250486,-0.0071376376351372
0,0,1,1213.542831575002,878.0235235611817,12552.013306707231,12552.013306707231,177.80081941717475,631.2736206054688,5.015343506217944,4.914660485330619,360.4977355176365,177.8008194171748,1.9808943271636963,3.952381134033203,12199.808672158691,7.5230152593269155,10.030687012435887,12.53835876554486,7.371990727995928,9.829320970661238,12.286651213326548,False,1.5,12.0,1046.0011088922693,56.1537853833573,19.360533669870136,33.489034443314374,-10.215882549375957,-0.0029803956877189,1.052681,326.954,71.78446,2023-11-10T21:05:07.795,12.0,Green,data\RZ_Cep\2023_11_10\Light\Green\reduced_images\star_Light_Green_12_secs_005_reduced.fits,2,0.979925,792.0,49.58224096974848,1200.1509904305085,798.5922793061281,1.0,V* RZ Cep,True,0.8366632674700459,0.0051084393780948,10207.131786157694,68.33078698502415,-10.022259305157878,-0.0072683698891658,2023-11-10 21:05:07.795,0.9963215767161273,2023_11_10,3,"(0.966, 1.0]",-10.022259305157878,-0.0072683698891658
0,0,1,1213.2175380568683,878.052047313453,12833.137967626311,12833.137967626311,175.88388408550827,707.621337890625,4.9882341175040725,4.8880953175951785,360.8511637869815,175.8838840855082,1.9429858922958367,4.34175443649292,12491.398062165972,7.482351176256109,9.976468235008143,12.47058529376018,7.332142976392768,9.776190635190355,12.220238293987943,False,1.5,12.0,1069.4281639688593,74.65571159074639,19.15180071153312,34.10624101643479,-10.241527620495969,-0.0029644704696352,1.053279,326.7176,71.6857,2023-11-10T21:06:18.472,12.0,Green,data\RZ_Cep\2023_11_10\Light\Green\reduced_images\star_Light_Green_12_secs_006_reduced.fits,2,0.979925,792.0,49.256071423209626,1200.0882091092624,798.5986782462558,1.0,V* RZ Cep,True,0.815071086297609,0.0028786017065018,10181.377387905468,45.45047300213641,-10.019516338789115,-0.0048468121926627,2023-11-10 21:06:18.472,0.9989714317011931,2023_11_10,3,"(0.966, 1.0]",-10.019516338789115,-0.0048468121926627
0,0,1,1212.4033915737375,878.0389298397703,13354.03580943821,13354.03580943821,201.93082104658345,553.9390869140625,5.344844937542357,5.237547175421194,383.7409053190853,201.93082104658328,1.8670995235443115,4.317395210266113,12977.010869673222,8.017267406313536,10.689689875084714,13.362112343855893,7.856320763131793,10.475094350842388,13.093867938552984,False,1.5,12.0,1112.8363174531842,58.55221077554947,21.988022736183527,34.545282615212706,-10.282936671009717,-0.0028902699100445,1.053901,326.4806,71.58362,2023-11-10T21:07:30.050,12.0,Green,data\RZ_Cep\2023_11_10\Light\Green\reduced_images\star_Light_Green_12_secs_007_reduced.fits,2,0.979925,792.0,48.44310180009047,1200.1651752176367,798.4929819846494,1.0,V* RZ Cep,True,0.7893797448222163,0.0034615881449956,10243.789528857777,52.55016185254371,-10.026151616946397,-0.0055697760217031,2023-11-10 21:07:30.050,0.0016550673976780672,2023_11_10,3,"(-0.001, 0.0345]",-10.026151616946397,-0.0055697760217031
0,0,1,1214.1762942415069,878.1082226827676,13164.970046977473,13164.970046977473,212.46195306848205,498.3909301757813,5.482446335537708,5.372386225351789,391.2585004197149,212.46195306848216,1.8115801811218264,3.957363605499268,12780.078183556176,8.223669503306562,10.964892671075416,13.706115838844273,8.058579338027682,10.74477245070358,13.430965563379472,False,1.5,12.0,1097.0808372481226,52.15793866251247,23.134746000790265,34.23994044842113,-10.26633377668881,-0.0029088666328697,1.054498,326.2539,71.48626,2023-11-10T21:08:39.475,12.0,Green,data\RZ_Cep\2023_11_10\Light\Green\reduced_images\star_Light_Green_12_secs_008_reduced.fits,2,0.979925,792.0,50.2119440494816,1200.1209244292156,798.5370869281705,1.0,V* RZ Cep,True,0.7925804409808294,0.0031721830209853,10129.24000249243,48.78542990233242,-10.013942153601638,-0.0052292282043488,2023-11-10 21:08:39.475,0.0042579818161812,2023_11_10,3,"(-0.001, 0.0345]",-10.013942153601638,-0.0052292282043488
0,0,1,1212.9051162296937,877.5881763302441,13014.0363846952,13014.0363846952,177.74680681727193,644.031005859375,5.014581664064558,4.913913937158462,361.2791344211123,177.74680681727193,1.994166135787964,4.388167381286621,12659.57972179575,7.521872496096837,10.029163328129115,12.536454160161394,7.370870905737693,9.827827874316924,12.284784842896157,False,1.5,12.0,1084.5030320579333,55.719163562783216,19.35465229788072,34.05256007877524,-10.256048220061418,-0.0029204837881445,1.055192,326.013,71.37386,2023-11-10T21:09:56.481,12.0,Green,data\RZ_Cep\2023_11_10\Light\Green\reduced_images\star_Light_Green_12_secs_009_reduced.fits,2,0.979925,792.0,48.96455132903645,1200.1001425069126,798.5432688185999,1.0,V* RZ Cep,True,0.820397546213419,0.0033841282093188,10385.88813985439,51.145496995862096,-10.041109101899856,-0.005346727891827,2023-11-10 21:09:56.481,0.007145126615341724,2023_11_10,3,"(-0.001, 0.0345]",-10.041109101899856,-0.005346727891827
0,0,1,1213.9459200521585,876.7697150379327,8881.42355201479,8881.42355201479,207.54150734344967,345.6083984375,5.4185899593039215,5.309811765870895,417.1623250812878,207.5415073434499,1.97239887714386,3.1929385662078857,8472.068915969827,8.127884938955882,10.837179918607845,13.546474898259804,7.964717648806343,10.61962353174179,13.27452941467724,False,1.5,12.0,740.1186293345659,48.04072021207696,22.598964132953416,28.4738180383242,-9.81997369969607,-0.0036490561441997,1.055827,325.7798,71.27176,2023-11-10T21:11:07.466,12.0,Green,data\RZ_Cep\2023_11_10\Light\Green\reduced_images\star_Light_Green_12_secs_010_reduced.fits,2,0.979925,792.0,50.05027143575492,1200.1765978856563,798.5650175435119,1.0,V* RZ Cep,True,1.2059667342017206,0.0082905542140829,10217.033282524044,78.18265966313466,-10.023312020301168,-0.0083082575766629,2023-11-10 21:11:07.466,0.00980652928001291,2023_11_10,3,"(-0.001, 0.0345]",-10.023312020301168,-0.0083082575766629
0,0,1,1213.019093271595,876.5984052910588,12288.209782236045,12288.209782236045,184.425091866215,592.99072265625,5.107916731304676,5.005375302923735,357.83933024807845,184.4250918662151,1.937490165233612,3.4166555404663086,11930.887980522948,7.661875096957013,10.215833462609352,12.76979182826169,7.5080629543856015,10.01075060584747,12.513438257309335,False,1.5,12.0,1024.0174818530038,52.2399292989925,20.08184333654341,33.11101409634776,-10.191681920301082,-0.0030131727696504,1.056471,325.5647,71.16886,2023-11-10T21:12:17.717,12.0,Green,data\RZ_Cep\2023_11_10\Light\Green\reduced_images\star_Light_Green_12_secs_011_reduced.fits,2,0.979925,792.0,49.13697540277818,1200.048976831793,798.5391614072292,1.0,V* RZ Cep,True,0.8641402827759375,0.0028193148207891,10309.960913257131,44.160181896296365,-10.033142547013613,-0.004650484002501,2023-11-10 21:12:17.717,0.012440412474688856,2023_11_10,3,"(-0.001, 0.0345]",-10.033142547013613,-0.004650484002501
0,0,1,1214.8396206085015,877.1532579295557,12314.468083625085,12314.468083625085,215.97635463024,456.371826171875,5.527603815226578,5.416637168635905,380.1911672077432,215.9763546302399,1.7187373638153076,3.574965476989746,11943.261453221468,8.291405722839867,11.055207630453156,13.819009538066444,8.124955752953857,10.83327433727181,13.54159292158976,False,1.5,12.0,1026.2056736354236,56.29429760064936,23.51742528195946,33.25683984563224,-10.192807349169453,-0.0030233077637688,1.057837,325.1109,70.95288,2023-11-10T21:14:46.344,12.0,Green,data\RZ_Cep\2023_11_10\Light\Green\reduced_images\star_Light_Green_12_secs_012_reduced.fits,2,0.979925,792.0,50.91925926436879,1200.0725133172914,798.523812359084,1.0,V* RZ Cep,True,0.8537617527617845,0.0040422758002264,10196.699831994618,56.00845727714005,-10.021149087085105,-0.0059637344278422,2023-11-10 21:14:46.344,0.01801280514678183,2023_11_10,3,"(-0.001, 0.0345]",-10.021149087085105,-0.0059637344278422
0,0,1,1213.5565199852758,876.8450267820937,12260.758994913554,12260.758994913554,187.67088943643748,468.09619140625,5.1526691877564526,5.049229353812242,338.8412060094255,187.6708894364373,1.820842981338501,3.005906820297241,11919.039773081664,7.729003781634679,10.305338375512903,12.881672969391133,7.573844030718363,10.098458707624484,12.623073384530604,False,1.5,12.0,1021.7299162427962,43.83981977480677,20.43527462752319,32.954590130134015,-10.190603172476631,-0.0030019189715314,1.058521,324.9096,70.8458,2023-11-10T21:15:58.319,12.0,Green,data\RZ_Cep\2023_11_10\Light\Green\reduced_images\star_Light_Green_12_secs_013_reduced.fits,2,0.979925,792.0,49.65684775594146,1200.0795212475498,798.4992987170135,1.0,V* RZ Cep,True,0.8596551931568606,0.0026379622573877,10246.264438372822,42.32213702330792,-10.026413900186972,-0.0044846272224687,2023-11-10 21:15:58.319,0.020711325352067433,2023_11_10,3,"(-0.001, 0.0345]",-10.026413900186972,-0.0044846272224687
0,0,1,1215.3242949399437,876.7275855605682,13072.67212328086,13072.67212328086,179.32958298009618,582.886474609375,5.036858771883791,4.9357438320382245,363.28299389607446,179.3295829800963,2.0228066444396973,3.54801607131958,12709.92305128412,7.555288157825687,10.073717543767582,12.59214692970948,7.403615748057336,9.871487664076447,12.33935958009556,False,1.5,12.0,1089.3893436067383,50.78903885402705,19.52699903561048,34.054447308631744,-10.260357303115182,-0.0029090771224042,1.059202,324.698,70.73975,2023-11-10T21:17:09.937,12.0,Green,data\RZ_Cep\2023_11_10\Light\Green\reduced_images\star_Light_Green_12_secs_014_reduced.fits,2,0.979925,792.0,51.428512980113545,1200.047252382498,798.466288025138,1.0,V* RZ Cep,True,0.8130404885019515,0.0024084772707986,10333.682046438256,41.27557764766141,-10.03563773688861,-0.0043367300080437,2023-11-10 21:17:09.937,0.023396460747335368,2023_11_10,3,"(-0.001, 0.0345]",-10.03563773688861,-0.0043367300080437
0,0,1,1213.789462928015,876.0805833001968,13223.842084101292,13223.842084101292,209.85088091479065,501.62200927734375,5.44865365713016,5.339271934963272,402.95367765212455,209.8508809147905,1.931349277496338,3.358860492706299,12818.54673686454,8.172980485695241,10.89730731426032,13.6216341428254,8.008907902444909,10.678543869926544,13.34817983740818,False,1.5,12.0,1101.9868403417745,43.24300737692845,22.85042925516609,34.177189424729896,-10.26959697794605,-0.0028948220650153,1.059897,324.5029,70.63239,2023-11-10T21:18:20.912,12.0,Green,data\RZ_Cep\2023_11_10\Light\Green\reduced_images\star_Light_Green_12_secs_015_reduced.fits,2,0.979925,792.0,49.94349252832514,1200.0252649489255,798.5294111529598,1.0,V* RZ Cep,True,0.8076962493022526,0.0042517880937287,10353.492120871118,61.09389860356491,-10.037717143329644,-0.0064067134865537,2023-11-10 21:18:20.912,0.02605748848714029,2023_11_10,3,"(-0.001, 0.0345]",-10.037717143329644,-0.0064067134865537
0,0,1,1214.79400751207,875.5048016777693,12834.897188966876,12834.897188966876,223.9313090417737,424.2361145019531,5.628481125058883,5.515489366473326,404.352301254344,223.9313090417737,1.7943401336669922,3.1019811630249023,12433.088253968635,8.442721687588325,11.256962250117766,14.071202812647208,8.27323404970999,11.030978732946652,13.788723416183316,False,1.5,12.0,1069.5747657472398,52.08764975046294,24.383631428993134,33.85330186151265,-10.236447541047347,-0.0029562852551873,1.06058,324.2971,70.5276,2023-11-10T21:19:31.385,12.0,Green,data\RZ_Cep\2023_11_10\Light\Green\reduced_images\star_Light_Green_12_secs_016_reduced.fits,2,0.979925,792.0,50.99252893407439,1199.983462401948,798.4904780011302,1.0,V* RZ Cep,True,0.8282418440848519,0.0033918093995084,10297.603943136692,50.6412373659461,-10.03184046095518,-0.0053393998415139,2023-11-10 21:19:31.385,0.02869969500920888,2023_11_10,3,"(-0.001, 0.0345]",-10.03184046095518,-0.0053393998415139
0,0,1,1215.401059120322,875.6530717979919,12300.16569649748,12300.16569649748,202.8604405566303,456.4724426269531,5.357133717235763,5.249589257862255,364.88082260168,202.86044055663007,1.7214884757995603,3.9058196544647217,11950.94378588362,8.035700575853646,10.714267434471529,13.392834293089408,7.874383886793384,10.49917851572451,13.123973144655638,False,1.5,12.0,1025.0138080414567,62.91021940522329,22.089247971721964,33.31686172823608,-10.193505508987888,-0.0030268172669336,1.061342,324.0892,70.41128,2023-11-10T21:20:48.169,12.0,Green,data\RZ_Cep\2023_11_10\Light\Green\reduced_images\star_Light_Green_12_secs_017_reduced.fits,2,0.979925,792.0,51.58453899652744,1199.9379122010346,798.494254376115,1.0,V* RZ Cep,True,0.8770668137728617,0.0017416407269751,10481.776187863528,35.87626666907232,-10.05108720548055,-0.0037161794829458,2023-11-10 21:20:48.169,0.03157851648143151,2023_11_10,3,"(-0.001, 0.0345]",-10.05108720548055,-0.0037161794829458
0,0,1,1214.908697420079,875.0932689952886,12161.658179850085,12161.658179850085,232.2143667744738,382.5189514160156,5.731632641489539,5.616570116211637,404.88260142887714,232.21436677447392,1.6595662832260132,3.521664619445801,11776.28304627049,8.597448962234308,11.463265282979078,14.329081603723848,8.424855174317456,11.233140232423274,14.041425290529093,False,1.5,12.0,1013.471514987507,55.910811578925625,25.285564382109367,33.085765684785684,-10.177520588771795,-0.0030504033849196,1.062069,323.8899,70.30128,2023-11-10T21:21:59.919,12.0,Green,data\RZ_Cep\2023_11_10\Light\Green\reduced_images\star_Light_Green_12_secs_018_reduced.fits,2,0.979925,792.0,51.14461342274241,1200.077876914139,798.4972287418474,1.0,V* RZ Cep,True,0.8788455386062067,0.0049555647584075,10349.533816578729,65.20091860414881,-10.03730196978496,-0.0068400180304366,2023-11-10 21:21:59.919,0.0342686008821147,2023_11_10,3,"(-0.001, 0.0345]",-10.03730196978496,-0.0068400180304366
0,0,1,1214.5703566804848,874.9639351121959,11582.7917843571,11582.7917843571,224.46844883898527,373.16937255859375,5.635227547482571,5.5221003544668585,394.3344795488061,224.4684488389854,1.7135140895843506,3.332493305206299,11198.161934604355,8.452841321223856,11.270455094965142,14.088068868706427,8.283150531700286,11.044200708933715,13.805250886167146,False,1.5,12.0,965.2326486964251,47.23013890715023,24.442119984689512,32.20100786603216,-10.122866858646788,-0.0031221016693654,1.062781,323.7189,70.19424,2023-11-10T21:23:10.583,12.0,Green,data\RZ_Cep\2023_11_10\Light\Green\reduced_images\star_Light_Green_12_secs_019_reduced.fits,2,0.979925,792.0,50.820497088730114,1200.0002046613504,798.4470808745482,1.0,V* RZ Cep,True,0.9267147973530956,0.0041639054591629,10377.502367954025,55.3594871388736,-10.040232102871334,-0.0057919331003118,2023-11-10 21:23:10.583,0.03691796846510442,2023_11_10,3,"(0.0345, 0.069]",-10.040232102871334,-0.0057919331003118
0,0,1,1215.5062057095238,875.1910142700283,10491.119790805216,10491.119790805216,214.64353932381408,348.33270263671875,5.510521676141188,5.399897953492654,359.0473257683367,214.64353932381405,1.6311203241348269,3.227339506149292,10141.01035136991,8.265782514211782,11.021043352282376,13.77630419035297,8.09984693023898,10.799795906985308,13.499744883731635,False,1.5,12.0,874.2599825671014,56.30514506634186,23.372296504148643,30.885877422174552,-10.01520306504892,-0.0033067627554927,1.063487,323.5245,70.08865,2023-11-10T21:24:21.359,12.0,Green,data\RZ_Cep\2023_11_10\Light\Green\reduced_images\star_Light_Green_12_secs_020_reduced.fits,2,0.979925,792.0,51.73021912134968,1200.017211033169,798.464603769622,1.0,V* RZ Cep,True,1.014535338553222,0.0033488754950821,10288.413370098802,46.208427908254144,-10.030871012770923,-0.004876375135816,2023-11-10 21:24:21.359,0.03957153520423162,2023_11_10,3,"(0.0345, 0.069]",-10.030871012770923,-0.004876375135816
0,0,1,1215.7103175065806,874.3706418726609,8499.35664754998,8499.35664754998,264.9925446729926,224.47186279296875,6.122807879266336,5.9998925110900645,382.9779369830636,264.9925446729926,1.4342246055603027,2.8161118030548096,8119.297819689936,9.184211818899504,12.245615758532672,15.30701969816584,8.999838766635097,11.999785022180127,14.99973127772516,False,1.5,12.0,708.2797206291649,47.400898887786326,28.85474375328141,28.009558426905496,-9.773796179562238,-0.0037455199130188,1.064208,323.3484,69.98158,2023-11-10T21:25:30.634,12.0,Green,data\RZ_Cep\2023_11_10\Light\Green\reduced_images\star_Light_Green_12_secs_021_reduced.fits,2,0.979925,792.0,52.01583037458132,1200.0573737640684,798.4906288228937,1.0,V* RZ Cep,True,1.2948676100035874,0.0052101432456606,10513.415762689245,55.7219458241497,-10.054359598319566,-0.005754488868932,2023-11-10 21:25:30.634,0.04216882575292402,2023_11_10,3,"(0.0345, 0.069]",-10.054359598319566,-0.005754488868932
0,0,1,1215.5339522161291,874.1669308083932,9067.607515926136,9067.607515926136,219.2832033728068,301.32110595703125,5.569760078918826,5.457947145334531,327.545378140423,219.28320337280672,1.4545812606811523,2.888307571411133,8748.642277517916,8.354640118378239,11.139520157837651,13.924400197297064,8.186920718001796,10.915894290669062,13.644867863336328,False,1.5,12.0,755.6339596605112,49.993515962483,23.87750436726118,28.8011281027368,-9.854851647660285,-0.0035743177657836,1.06495,323.1846,69.87218,2023-11-10T21:26:40.021,12.0,Green,data\RZ_Cep\2023_11_10\Light\Green\reduced_images\star_Light_Green_12_secs_022_reduced.fits,2,0.979925,792.0,51.8630208068172,1200.0405099802697,798.5301528987968,1.0,V* RZ Cep,True,1.1998859644363953,0.0054711671023828,10497.373076668606,59.03681524023325,-10.052701580759894,-0.0061061379120079,2023-11-10 21:26:40.021,0.04477031545752652,2023_11_10,3,"(0.0345, 0.069]",-10.052701580759894,-0.0061061379120079
0,0,1,1215.3829138106698,874.3625152734393,8557.454500427983,8557.454500427983,204.0564320750813,337.2564697265625,5.372902367700329,5.265041352668745,295.5319660671141,204.0564320750813,1.413334846496582,3.1297924518585205,8269.054434324507,8.059353551550494,10.745804735400656,13.43225591925082,7.897562029003118,10.53008270533749,13.16260338167186,False,1.5,12.0,713.1212083689985,41.2502849545164,22.21947815928664,27.86738185554577,-9.793639627136091,-0.0036590187732701,1.06569,322.9976,69.76374,2023-11-10T21:27:50.998,12.0,Green,data\RZ_Cep\2023_11_10\Light\Green\reduced_images\star_Light_Green_12_secs_023_reduced.fits,2,0.979925,792.0,51.691247476888485,1199.9256776893635,798.5209251281725,1.0,V* RZ Cep,True,1.250186682369356,0.0079043166884771,10337.861729579769,74.066696890689,-10.036076797794962,-0.0077788711519491,2023-11-10 21:27:50.998,0.04743141818244112,2023_11_10,3,"(0.0345, 0.069]",-10.036076797794962,-0.0077788711519491
0,0,1,1215.94804185906,874.2883845173508,8236.787139155525,8236.787139155525,183.0995840145329,377.7933044433594,5.089527712119176,4.987355443298384,279.3968247957812,183.099584014533,1.4983948469161987,2.985301733016968,7962.431665995649,7.634291568178765,10.179055424238353,12.723819280297942,7.481033164947576,9.974710886596768,12.46838860824596,False,1.5,12.0,686.3989282629605,34.64578429950511,19.93751025936025,27.22098864519483,-9.752614295553697,-0.0037117822973118,1.066447,322.8324,69.65358,2023-11-10T21:29:01.046,12.0,Green,data\RZ_Cep\2023_11_10\Light\Green\reduced_images\star_Light_Green_12_secs_024_reduced.fits,2,0.979925,792.0,52.261090731176886,1199.8611351330226,798.5169975507773,1.0,V* RZ Cep,True,1.309024961893258,0.0066372020309117,10423.021808157624,63.73889530642514,-10.044984116111518,-0.0066394974086412,2023-11-10 21:29:01.046,0.050057690406447364,2023_11_10,3,"(0.0345, 0.069]",-10.044984116111518,-0.0066394974086412
0,0,1,1215.892100833782,874.3678982656688,8078.902071355593,8078.902071355593,195.2306412571869,322.78338623046875,5.255424422998632,5.149921777706935,264.91218654601346,195.23064125718696,1.3487857580184937,2.4321208000183105,7815.577762899082,7.883136634497948,10.510848845997264,13.13856105749658,7.724882666560402,10.29984355541387,12.87480444426734,False,1.5,12.0,673.2418392796327,31.0975931998092,21.25844760356035,26.93692410211312,-9.732402721391582,-0.0037420641991843,1.067187,322.6688,69.54647,2023-11-10T21:30:10.274,12.0,Green,data\RZ_Cep\2023_11_10\Light\Green\reduced_images\star_Light_Green_12_secs_025_reduced.fits,2,0.979925,792.0,52.19684567949732,1200.0331104547895,798.5362927233507,1.0,V* RZ Cep,True,1.3415806019303371,0.0084855236740818,10485.22751958351,75.52618485986376,-10.051444646714325,-0.0078206708587346,2023-11-10 21:30:10.274,0.05265321880915508,2023_11_10,3,"(0.0345, 0.069]",-10.051444646714325,-0.0078206708587346
0,0,1,1215.6323759675072,873.9787767033017,7861.925022484645,7861.925022484645,187.410395127846,335.91607666015625,5.149091895893613,5.0457238760835486,274.9607637840852,187.41039512784585,1.4436169862747192,3.36474871635437,7591.376192673631,7.72363784384042,10.298183791787226,12.872729739734032,7.568585814125324,10.091447752167095,12.614309690208872,False,1.5,12.0,655.1604185403871,41.08878808776113,20.40690969169878,26.77043362218563,-9.700801283845008,-0.003828769417162,1.067972,322.5134,69.43366,2023-11-10T21:31:21.418,12.0,Green,data\RZ_Cep\2023_11_10\Light\Green\reduced_images\star_Light_Green_12_secs_026_reduced.fits,2,0.979925,792.0,51.98227946174269,1200.0060980465946,798.5100195750906,1.0,V* RZ Cep,True,1.3616198092463387,0.008432503100716,10336.568203385466,73.66490045897372,-10.03594093642153,-0.0077376405664324,2023-11-10 21:31:21.418,0.05532058277572105,2023_11_10,3,"(0.0345, 0.069]",-10.03594093642153,-0.0077376405664324
0,0,1,1216.826938736533,874.1518605943251,7749.696414663992,7749.696414663992,245.70677475246725,233.2435302734375,5.8957949423878615,5.777436858919425,318.2233322078432,245.70677475246728,1.2903573513031006,2.365012884140014,7432.64687159717,8.843692413581792,11.791589884775725,14.739487355969654,8.666155288379137,11.55487371783885,14.443592147298563,False,1.5,12.0,645.8080345553327,42.9764954559698,26.75473769526865,26.74956574799993,-9.67785874941628,-0.0039074871302099,1.06874,322.3449,69.32414,2023-11-10T21:32:31.554,12.0,Green,data\RZ_Cep\2023_11_10\Light\Green\reduced_images\star_Light_Green_12_secs_027_reduced.fits,2,0.979925,792.0,53.1496584258227,1200.003275809108,798.5447325401682,1.0,V* RZ Cep,True,1.394119386439452,0.004323129090837,10361.997096252158,49.22584712305318,-10.038608665621377,-0.0051579134731391,2023-11-10 21:32:31.554,0.05795015433704975,2023_11_10,3,"(0.0345, 0.069]",-10.038608665621377,-0.0051579134731391
0,0,1,1215.301521267908,873.0845105838521,5767.422205539719,5767.422205539719,212.4675072949316,218.7606811523437,5.482517996719852,5.3724564479357015,285.6316260726068,212.4675072949316,1.294857919216156,2.352872133255005,5492.30697114276,8.223776995079778,10.965035993439704,13.70629499179963,8.058684671903551,10.744912895871405,13.431141119839252,False,1.5,12.0,480.61851712830986,32.60045616738323,23.13535079433699,23.159324776211204,-9.349387006111243,-0.0045782068481239,1.069507,322.2022,69.21538,2023-11-10T21:33:40.375,12.0,Green,data\RZ_Cep\2023_11_10\Light\Green\reduced_images\star_Light_Green_12_secs_028_reduced.fits,2,0.979925,792.0,51.76552982696578,1199.9107807576313,798.4045185421955,1.0,V* RZ Cep,True,1.889060812464536,0.0206506827653936,10375.301869211577,121.56512175720184,-10.040001853394216,-0.0127213314457186,2023-11-10 21:33:40.375,0.06053042330631797,2023_11_10,3,"(0.0345, 0.069]",-10.040001853394216,-0.0127213314457186
0,0,1,1215.24697010918,873.0729331354354,5912.047869307695,5912.047869307695,205.96760393764723,223.702377319336,5.3980047576011545,5.289639812092312,283.0812644251654,205.9676039376472,1.3547301292419434,2.5115952491760254,5633.017350605593,8.097007136401732,10.796009515202307,13.495011894002886,7.934459718138468,10.579279624184624,13.22409953023078,False,1.5,12.0,492.6706557756413,40.8123401969859,22.427583539877144,23.57775603216948,-9.376852722336851,-0.0045444957396285,1.070286,322.05,69.10557,2023-11-10T21:34:49.307,12.0,Green,data\RZ_Cep\2023_11_10\Light\Green\reduced_images\star_Light_Green_12_secs_029_reduced.fits,2,0.979925,792.0,51.71301771041152,1199.9346125235882,798.4420209574257,1.0,V* RZ Cep,True,1.8544767515539156,0.0127153784858655,10446.2997177979,83.9172185290044,-10.047406205369905,-0.0087219364579696,2023-11-10 21:34:49.307,0.06311485393894145,2023_11_10,3,"(0.0345, 0.069]",-10.047406205369905,-0.0087219364579696
0,0,1,1196.8008391184958,789.2284724041751,8273.553744707717,8273.553744707717,193.9236083355353,405.6145324707031,5.237802834422262,5.132653942521236,354.19044221912065,193.9236083355353,1.8186860084533687,2.760836601257324,7920.867591519088,7.856704251633394,10.475605668844524,13.094507086055655,7.698980913781853,10.265307885042471,12.831634856303088,False,1.5,24.0,344.7314060294882,23.831927179888968,5.279031560245127,19.335003614419684,-9.746931883763244,-0.0026503048057237,1.155771,317.3407,59.88604,2024-01-07T19:15:45.667,24.0,Green,data\RZ_Cep\2024_01_07\Light\Green\reduced_images\RZ_Cep_Light_Green_24_secs_001_reduced.fits,2,0.979925,792.0,96.51613994020398,1200.1040399370477,798.5488360627131,1.0,V* RZ Cep,True,0.7694340681706741,0.0024855670986087,6094.585374383781,24.676644730552265,-9.462360412809598,-0.0043960868459609,2024-01-07 19:15:45.667,0.6325344033862166,2024_01_07,4,"(0.621, 0.655]",-9.462360412809598,-0.0043960868459609
0,0,1,1195.3375170209697,787.4789043490238,8236.016257925354,8236.016257925354,209.5950151367429,312.445556640625,5.445330942411592,5.336015923742679,327.78596591448945,209.5950151367429,1.5581828355789185,2.544373750686645,7909.428902916377,8.167996413617388,10.890661884823183,13.61332735602898,8.00402388561402,10.67203184748536,13.340039809356698,False,1.5,24.0,343.1673440802231,17.719353585022336,5.705642078722445,19.14660125829041,-9.745362816435064,-0.0026282754974292,1.159743,317.3399,59.54885,2024-01-07T19:18:58.839,24.0,Green,data\RZ_Cep\2024_01_07\Light\Green\reduced_images\RZ_Cep_Light_Green_24_secs_002_reduced.fits,2,0.979925,792.0,97.68414975571342,1200.0494715864404,798.5351952138407,1.0,V* RZ Cep,True,0.7670313631813799,0.0010772027270261,6066.780033390155,16.97855333476963,-9.457395621933763,-0.0030385525696528,2024-01-07 19:18:58.839,0.6397768979347802,2024_01_07,4,"(0.621, 0.655]",-9.457395621933763,-0.0030385525696528
0,0,1,1196.7962893562126,786.3894531269833,8220.789486842956,8220.789486842956,176.5365236446797,452.5412292480469,4.997480287265666,4.897155870498808,298.66062170027703,176.53652364467982,1.6703979969024658,2.7491614818573,7925.903231366758,7.496220430898498,9.994960574531332,12.493700718164163,7.345733805748211,9.794311740997616,12.24288967624702,False,1.5,24.0,342.5328952851232,19.46788422116397,4.805716476994058,19.1521929810474,-9.747621914147588,-0.0026235785011536,1.161945,317.3324,59.36436,2024-01-07T19:20:45.282,24.0,Green,data\RZ_Cep\2024_01_07\Light\Green\reduced_images\RZ_Cep_Light_Green_24_secs_003_reduced.fits,2,0.979925,792.0,99.18936980040591,1200.0812411488998,798.5563159905215,1.0,V* RZ Cep,True,0.7707171378909434,0.0015560121537054,6108.629453679568,19.234938460545976,-9.464859454627778,-0.0034187814535598,2024-01-07 19:20:45.282,0.6437677084413735,2024_01_07,4,"(0.621, 0.655]",-9.464859454627778,-0.0034187814535598
0,0,1,1195.9113548796931,785.4194595724854,8233.047241679607,8233.047241679607,175.5359499558868,453.2161560058594,4.983297803736081,4.883258100326079,299.2663096738972,175.53594995588674,1.6578404903411863,3.071484565734864,7942.036636332234,7.474946705604121,9.96659560747216,12.4582445093402,7.324887150489118,9.766516200652156,12.208145250815196,False,1.5,24.0,343.0436350699836,24.46398797421997,4.778478637688028,19.294716937076107,-9.749829715293668,-0.0026377330775973,1.164201,317.3371,59.17705,2024-01-07T19:22:32.135,24.0,Green,data\RZ_Cep\2024_01_07\Light\Green\reduced_images\RZ_Cep_Light_Green_24_secs_004_reduced.fits,2,0.979925,792.0,99.81890200667628,1200.0608236483415,798.5767615042294,1.0,V* RZ Cep,True,0.7731945297097031,0.0019804585757882,6140.739281966135,21.67858882988537,-9.47055164721414,-0.0038329633745882,2024-01-07 19:22:32.135,0.6477738908590709,2024_01_07,4,"(0.621, 0.655]",-9.47055164721414,-0.0038329633745882
0,0,1,1196.66607116578,784.4903096163843,8264.447258949749,8264.447258949749,169.24243361219058,460.27972412109375,4.893148942055578,4.794918977043812,296.9887492491918,169.2424336121906,1.7369696497917175,2.676486015319824,7970.478288308484,7.339723413083366,9.786297884111155,12.232872355138944,7.192378465565718,9.589837954087624,11.987297442609531,False,1.5,24.0,344.3519691229062,19.682408016233826,4.607155137220743,19.200039902988763,-9.753710957737676,-0.0026154237802835,1.166475,317.3358,58.99002,2024-01-07T19:24:18.165,24.0,Green,data\RZ_Cep\2024_01_07\Light\Green\reduced_images\RZ_Cep_Light_Green_24_secs_005_reduced.fits,2,0.979925,792.0,100.94143432001523,1200.0506287408243,798.6107820699489,1.0,V* RZ Cep,True,0.7708865765462195,0.0026546558045078,6144.334721110098,25.82187490386689,-9.471187166147292,-0.0045628608678399,2024-01-07 19:24:18.165,0.6517492169775778,2024_01_07,4,"(0.621, 0.655]",-9.471187166147292,-0.0045628608678399
0,0,1,1196.1408581291198,784.2169225165696,8301.983433660373,8301.983433660373,197.0493554437241,369.0571899414063,5.279846710901164,5.173853788179823,323.1742307559692,197.04935544372407,1.6129299402236938,2.5867953300476074,7984.156628563409,7.919770066351745,10.559693421802328,13.19961677725291,7.7607806822697345,10.347707576359646,12.934634470449556,False,1.5,24.0,345.9159764025155,21.50272445409756,5.364121342634711,19.3075845770321,-9.755572620251636,-0.0026255676807138,1.168781,317.3425,58.80209,2024-01-07T19:26:05.408,24.0,Green,data\RZ_Cep\2024_01_07\Light\Green\reduced_images\RZ_Cep_Light_Green_24_secs_006_reduced.fits,2,0.979925,792.0,101.03183999845312,1200.058471543549,798.5769668240043,1.0,V* RZ Cep,True,0.7704278738585126,0.0019039338876228,6151.216815897457,21.268482669384248,-9.47240258787653,-0.0037540477511281,2024-01-07 19:26:05.408,0.6557700214566466,2024_01_07,4,"(0.655, 0.69]",-9.47240258787653,-0.0037540477511281
0,0,1,1196.7502913252024,782.9835889100933,8338.824163619862,8338.824163619862,195.4601997616038,376.3175048828125,5.258513264309899,5.152948610528878,317.6553954395852,195.4601997616037,1.628016233444214,2.499741077423096,8020.611785415722,7.887769896464849,10.517026528619798,13.146283160774749,7.729422915793317,10.305897221057757,12.882371526322194,False,1.5,24.0,347.45100681749426,17.15517766788525,5.320860993510325,19.233487605707133,-9.760518740191934,-0.0026036036147834,1.171037,317.3522,58.62003,2024-01-07T19:27:51.070,24.0,Green,data\RZ_Cep\2024_01_07\Light\Green\reduced_images\RZ_Cep_Light_Green_24_secs_007_reduced.fits,2,0.979925,792.0,102.39514442907632,1200.052453335368,798.5624005788917,1.0,V* RZ Cep,True,0.7678206258138396,0.0014938676714535,6158.391160487757,19.0171463966112,-9.4736681759544,-0.0033527594814797,2024-01-07 19:27:51.070,0.6597315503479422,2024_01_07,4,"(0.655, 0.69]",-9.4736681759544,-0.0033527594814797
0,0,1,1196.473611039259,782.6460850200806,8293.000227598748,8293.000227598748,171.76068289346688,416.0157470703125,4.929418420628435,4.83046034583432,295.95515739682634,171.760682893467,1.7132221460342407,2.6939330101013184,7998.736021847696,7.394127630942653,9.85883684125687,12.323546051571087,7.24569051875148,9.66092069166864,12.0761508645858,False,1.5,24.0,345.5416761499478,20.655210760137564,4.675707478766598,19.258052715392903,-9.757553410571491,-0.0026140586474077,1.173341,317.3699,58.43565,2024-01-07T19:29:36.275,24.0,Green,data\RZ_Cep\2024_01_07\Light\Green\reduced_images\RZ_Cep_Light_Green_24_secs_008_reduced.fits,2,0.979925,792.0,102.627092796427,1200.0959726219776,798.5927533939611,1.0,V* RZ Cep,True,0.7672890851917579,0.0029244964311355,6137.342844893879,27.668453009117957,-9.469950961414437,-0.0048947308176927,2024-01-07 19:29:36.275,0.663675945182149,2024_01_07,4,"(0.655, 0.69]",-9.469950961414437,-0.0048947308176927
0,0,1,1196.911140068849,781.6748355192782,8276.836973186677,8276.836973186677,170.42840533353723,437.4895629882813,4.910263459969589,4.8116899210107,289.76766209721814,170.42840533353717,1.6853825449943542,2.70004940032959,7989.59991366631,7.365395189954384,9.820526919939178,12.275658649923972,7.21753488151605,9.6233798420214,12.02922480252675,False,1.5,24.0,344.8682072161116,17.27929686334351,4.639439922968513,19.151682537114684,-9.75631258043848,-0.0026025927877829,1.175659,317.3784,58.25193,2024-01-07T19:31:21.316,24.0,Green,data\RZ_Cep\2024_01_07\Light\Green\reduced_images\RZ_Cep_Light_Green_24_secs_009_reduced.fits,2,0.979925,792.0,103.6869379950646,1200.0817322673531,798.5698806152252,1.0,V* RZ Cep,True,0.7705848775146742,0.0021994789276613,6156.664870863805,22.947925378652023,-9.473363785109225,-0.0040468977815572,2024-01-07 19:31:21.316,0.6676141912521416,2024_01_07,4,"(0.655, 0.69]",-9.473363785109225,-0.0040468977815572
0,0,1,1196.768417813249,780.7563244028036,8350.027185860486,8350.027185860486,192.14574247553577,397.8421020507813,5.2137378111672,5.109072024608019,313.96287433014265,192.14574247553568,1.6306873559951782,2.59561824798584,8036.697553097325,7.820606716750801,10.4274756223344,13.034344527918,7.663608036912029,10.218144049216038,12.772680061520049,False,1.5,24.0,347.9177994108536,21.63410445584159,5.230634100722917,19.35930107125301,-9.762694061826132,-0.0026153894597876,1.178047,317.3944,58.06441,2024-01-07T19:33:07.932,24.0,Green,data\RZ_Cep\2024_01_07\Light\Green\reduced_images\RZ_Cep_Light_Green_24_secs_010_reduced.fits,2,0.979925,792.0,104.51352234053364,1200.0398048669265,798.5544676546228,1.0,V* RZ Cep,True,0.7725527417170927,0.0012742764721596,6208.772728996389,18.12627715097103,-9.48251440716479,-0.0031697657845289,2024-01-07 19:33:07.932,0.6716114879552606,2024_01_07,4,"(0.655, 0.69]",-9.48251440716479,-0.0031697657845289
0,0,1,1197.9632011200276,777.2505269381704,8366.806067340403,8366.806067340403,163.21361432168942,537.072021484375,4.805205834341754,4.708741327217344,295.38099333467505,163.21361432168953,1.817958652973175,2.94216537475586,8070.090464901262,7.207808751512631,9.610411668683508,12.013014585854386,7.063111990826015,9.417482654434687,11.77185331804336,True,1.5,24.0,348.6169194725168,20.78382383956913,4.4430372787571,19.335040227287944,-9.767196007866891,-0.0026013033294389,1.193243,317.5442,56.91015,2024-01-07T19:44:10.779,24.0,Green,data\RZ_Cep\2024_01_07\Light\Green\reduced_images\RZ_Cep_Light_Green_24_secs_011_reduced.fits,2,0.979925,792.0,108.21715781151843,1200.1027599308154,798.5786886496284,1.0,V* RZ Cep,True,0.7780517793265328,0.0019953531280785,6278.948245542513,22.036517222701253,-9.494717258462908,-0.0038104860304347,2024-01-07 19:44:10.779,0.6964632562442148,2024_01_07,4,"(0.69, 0.724]",-9.494717258462908,-0.0038104860304347
0,0,1,1198.0419893124777,774.8291741770904,8525.977148648471,8525.977148648471,206.59674598979333,344.1614685058594,5.4062427578146535,5.297712434451524,338.6161305373621,206.5967459897933,1.6335396766662598,2.4319725036621094,8188.493167004003,8.10936413672198,10.812485515629309,13.515606894536631,7.946568651677287,10.595424868903049,13.244281086128812,False,1.5,24.0,355.24904786035296,20.45480302659784,5.624022529722151,19.52761822180761,-9.783009977397604,-0.002589223885726,1.200998,317.6511,56.3456,2024-01-07T19:49:35.220,24.0,Green,data\RZ_Cep\2024_01_07\Light\Green\reduced_images\RZ_Cep_Light_Green_24_secs_014_reduced.fits,2,0.979925,792.0,110.54302167311889,1200.0741783823532,798.5544629150935,1.0,V* RZ Cep,True,0.7736918795451627,0.0033570165677744,6335.37066902205,31.36722097485096,-9.504430074016096,-0.0053756171871,2024-01-07 19:49:35.220,0.7086273492479904,2024_01_07,4,"(0.69, 0.724]",-9.504430074016096,-0.0053756171871
0,0,1,1198.6778454059304,774.5044722465759,8424.10891130598,8424.10891130598,190.425366719804,418.6376953125,5.190344745864936,5.0861485750916975,318.5881656740537,190.425366719804,1.614949345588684,2.83091402053833,8116.581589938348,7.7855171187974035,10.380689491729871,12.975861864662338,7.629222862637546,10.172297150183397,12.715371437729242,False,1.5,24.0,351.0045379710825,22.84812065320243,5.183801649594664,19.468858730646737,-9.773432896621433,-0.0026043038630189,1.203623,317.6861,56.15798,2024-01-07T19:51:23.264,24.0,Green,data\RZ_Cep\2024_01_07\Light\Green\reduced_images\RZ_Cep_Light_Green_24_secs_015_reduced.fits,2,0.979925,792.0,111.04890516331568,1200.0852319970952,798.5028141060535,1.0,V* RZ Cep,True,0.7809809356756892,0.0020498496850515,6338.895484598123,22.5388916245039,-9.505033978011536,-0.0038604975758478,2024-01-07 19:51:23.264,0.7126781851920896,2024_01_07,4,"(0.69, 0.724]",-9.505033978011536,-0.0038604975758478
0,0,1,1198.72540241376,773.690806061833,8524.326254889163,8524.326254889163,199.6480778333232,395.2868041992188,5.314548457120644,5.207858896843947,334.0812082107984,199.6480778333232,1.643999695777893,2.7737278938293457,8196.10487566854,7.971822685680966,10.629096914241288,13.28637114280161,7.811788345265921,10.415717793687897,13.019647242109867,False,1.5,24.0,355.18026062038183,23.373085597031125,5.434864341018241,19.595617126246143,-9.784018767268456,-0.0025958270777749,1.206245,317.7273,55.97231,2024-01-07T19:53:10.847,24.0,Green,data\RZ_Cep\2024_01_07\Light\Green\reduced_images\RZ_Cep_Light_Green_24_secs_016_reduced.fits,2,0.979925,792.0,111.83692721360136,1200.0768863409337,798.408519197075,1.0,V* RZ Cep,True,0.7805848741773775,0.0024852590613214,6397.755493118318,25.47318504079188,-9.515069095927505,-0.0043229472084452,2024-01-07 19:53:10.847,0.7167117371093354,2024_01_07,4,"(0.69, 0.724]",-9.515069095927505,-0.0043229472084452
0,0,1,1199.9939841202438,773.2843763261045,8577.98297298404,8577.98297298404,239.702868237024,306.9696655273437,5.823316836704558,5.706413751207714,370.61043804248993,239.70286823702384,1.5290037989616394,2.27329969406128,8211.47637682763,8.734975255056838,11.646633673409116,14.558292091761396,8.559620626811572,11.412827502415428,14.266034378019285,False,1.5,24.0,357.4159572076683,19.539630873850324,6.525244746452319,19.58266664241545,-9.786053119554245,-0.0025892554741287,1.208922,317.7714,55.78452,2024-01-07T19:54:58.787,24.0,Green,data\RZ_Cep\2024_01_07\Light\Green\reduced_images\RZ_Cep_Light_Green_24_secs_017_reduced.fits,2,0.979925,792.0,112.62233894284404,1200.0614136510453,798.5133767817063,1.0,V* RZ Cep,True,0.77667543879703,0.0024469873060912,6377.6520181440455,25.20057504277862,-9.51165204819448,-0.0042901645663369,2024-01-07 19:54:58.787,0.7207586738370537,2024_01_07,4,"(0.69, 0.724]",-9.51165204819448,-0.0042901645663369
0,0,1,1199.72628615107,771.9093557917417,8673.347048928224,8673.347048928224,272.2011450861273,272.8407592773437,6.205528557001506,6.080952571219702,418.1482582085882,272.2011450861274,1.5173137187957764,2.334272861480713,8260.332517217124,9.30829283550226,12.411057114003013,15.513821392503766,9.121428856829551,12.161905142439403,15.202381428049254,False,1.5,24.0,361.38946037200935,25.293502297868965,7.409920060677909,19.851772785586583,-9.792493825167147,-0.0026093124455969,1.214521,317.8697,55.39722,2024-01-07T19:58:42.817,24.0,Green,data\RZ_Cep\2024_01_07\Light\Green\reduced_images\RZ_Cep_Light_Green_24_secs_019_reduced.fits,2,0.979925,792.0,113.841797629449,1200.0523688069331,798.4750118686562,1.0,V* RZ Cep,True,0.7865580018158065,0.0019608252954941,6497.230639076432,22.4979968389871,-9.531820709125348,-0.0037595848230646,2024-01-07 19:58:42.817,0.7291581108861465,2024_01_07,4,"(0.724, 0.759]",-9.531820709125348,-0.0037595848230646
0,0,1,1200.906607595207,771.7645402000658,8647.772686698085,8647.772686698085,192.48499698937795,398.8956298828125,5.218338496059458,5.113580350751064,329.0893247783623,192.48499698937803,1.6774661540985107,2.7105345726013184,8324.88561907665,7.827507744089186,10.436676992118915,13.045846240148643,7.670370526126597,10.227160701502129,12.78395087687766,False,1.5,24.0,360.3238619457536,22.32143417524773,5.239869362488622,19.69480046823247,-9.80094568792484,-0.0025686068124283,1.217388,317.9112,55.20179,2024-01-07T20:00:35.686,24.0,Green,data\RZ_Cep\2024_01_07\Light\Green\reduced_images\RZ_Cep_Light_Green_24_secs_020_reduced.fits,2,0.979925,792.0,114.35476571743652,1200.0511930608836,798.5286278193296,1.0,V* RZ Cep,True,0.7781984795408543,0.0032617686670137,6478.413331116972,31.1806369377162,-9.52867163276396,-0.0052256539804415,2024-01-07 20:00:35.686,0.7333898479760137,2024_01_07,4,"(0.724, 0.759]",-9.52867163276396,-0.0052256539804415
0,0,1,1202.402822030216,770.8144491785663,8331.301026355257,8331.301026355257,234.2838120186404,277.5498046875,5.757115540822623,5.641541446340609,381.64292903500734,234.2838120186405,1.612884759902954,2.504817247390747,7953.428236458423,8.635673311233933,11.514231081645246,14.392788852056558,8.462312169510913,11.283082892681218,14.103853615851524,False,1.5,24.0,347.1375427648024,21.214132081896384,6.377725993840766,19.357928629906134,-9.75138591700322,-0.002642584221263,1.220178,317.9622,55.01333,2024-01-07T20:02:24.441,24.0,Green,data\RZ_Cep\2024_01_07\Light\Green\reduced_images\RZ_Cep_Light_Green_24_secs_021_reduced.fits,2,0.979925,792.0,115.74221895256856,1200.1031331057338,798.5590914681814,1.0,V* RZ Cep,True,0.8204716936067757,0.0036975286050158,6525.562735146994,33.42289858517277,-9.536544923064548,-0.0055609688443312,2024-01-07 20:02:24.441,0.7374673410631658,2024_01_07,4,"(0.724, 0.759]",-9.536544923064548,-0.0055609688443312
0,0,1,1201.644769496316,769.9374486477352,7173.639570399751,7173.639570399751,213.39891718252176,284.2995910644531,5.494521919961642,5.384219392418412,402.4718143463587,213.39891718252176,1.8394737243652344,3.1001856327056885,6781.09786943451,8.241782879942463,10.989043839923283,13.736304799904104,8.076329088627618,10.768438784836825,13.46054848104603,False,1.5,24.0,298.9016487666563,23.997337734139432,5.809192745524203,18.130311063142848,-9.578250031141842,-0.0029028832062001,1.222947,318.0193,54.82801,2024-01-07T20:04:11.872,24.0,Green,data\RZ_Cep\2024_01_07\Light\Green\reduced_images\RZ_Cep_Light_Green_24_secs_022_reduced.fits,2,0.979925,792.0,116.32237050800111,1200.0746808513104,798.5324353836514,1.0,V* RZ Cep,True,0.968893069834665,0.0048181582046307,6570.15873156571,37.09530860426264,-9.543939655029725,-0.0061300984076416,2024-01-07 20:04:11.872,0.7414951941261734,2024_01_07,4,"(0.724, 0.759]",-9.543939655029725,-0.0061300984076416
0,0,1,1202.1185283739335,769.7615005953762,4561.636297305056,4561.636297305056,224.9103113068426,165.15357971191406,5.640771247253419,5.527532764464807,532.1700237164835,224.91031130684257,2.3553922176361084,3.2856366634368896,4031.884300386805,8.461156870880128,11.281542494506835,14.101928118133548,8.29129914669721,11.055065528929614,13.818831911162016,False,1.5,24.0,190.0681790543773,31.98656423030022,6.122558474464047,15.105538777519378,-9.013770152576484,-0.0040677333775567,1.225705,318.0665,54.64512,2024-01-07T20:05:57.066,24.0,Green,data\RZ_Cep\2024_01_07\Light\Green\reduced_images\RZ_Cep_Light_Green_24_secs_023_reduced.fits,2,0.979925,792.0,116.64282642484974,1200.1101712098537,798.5137314023738,1.0,V* RZ Cep,True,1.5933801030338572,0.0095147895954921,6424.324221970919,45.28790156244245,-9.519568626854833,-0.0076538344991531,2024-01-07 20:05:57.066,0.7454391765431865,2024_01_07,4,"(0.724, 0.759]",-9.519568626854833,-0.0076538344991531
0,0,1,1200.3792236734116,800.1344976000595,8663.157788510727,8663.157788510727,174.33587779709285,451.1701965332031,4.966234138631442,4.866536988298416,506.1771098814501,174.33587779709285,2.85655415058136,4.266269683837891,8165.157913194197,7.4493512079471635,9.932468277262885,12.415585346578606,7.299805482447624,9.733073976596833,12.16634247074604,False,1.5,24.0,360.9649078546136,35.912902613792824,4.745810006698638,20.040549405520427,-9.779911470895335,-0.0026648290558664,1.380598,322.2936,46.37626,2024-01-18T20:44:13.124,24.0,Green,data\RZ_Cep\2024_01_18\Light\Green\reduced_images\RZ_Cep_Light_Green_24_secs_001_reduced.fits,2,0.979925,792.0,87.76073375191787,1199.8828630997984,798.5173121157658,1.0,V* RZ Cep,True,0.7943201529897643,0.0037522886075137,6485.749482794,34.52667140914816,-9.529900424232236,-0.0057798805331825,2024-01-18 20:44:13.124,0.46436327655601417,2024_01_18,5,"(0.448, 0.483]",-9.529900424232236,-0.0057798805331825
0,0,1,1199.0615877790146,811.2838519531824,8708.680372102246,8708.680372102246,195.02532186013275,349.5272827148437,5.252660193940082,5.147213040546736,546.7024072921741,195.02532186013264,2.787358283996582,4.106993675231934,8165.074925626305,7.8789902909101235,10.505320387880165,13.131650484850203,7.720819560820103,10.294426081093471,12.868032601366838,False,1.5,24.0,362.8616821709269,31.31298204617541,5.309022650636946,19.987088003702272,-9.779900435828306,-0.0026577472063603,1.38448,322.4102,46.20754,2024-01-18T20:45:59.112,24.0,Green,data\RZ_Cep\2024_01_18\Light\Green\reduced_images\RZ_Cep_Light_Green_24_secs_002_reduced.fits,2,0.979925,792.0,77.14417631926405,1199.9469240798985,798.4364526063428,1.0,V* RZ Cep,True,0.7922698311826508,0.0023216004521574,6468.942532919648,24.69987901655177,-9.527083232717992,-0.0041455852737823,2024-01-18 20:45:59.112,0.46833702799085586,2024_01_18,5,"(0.448, 0.483]",-9.527083232717992,-0.0041455852737823
0,0,1,1197.093818178163,819.1839562494512,8597.848362447352,8597.848362447352,164.6882034236417,496.3327331542969,4.826863867407646,4.729964575269437,476.2868142024456,164.68820342364168,2.901277780532837,4.609378814697266,8120.042137138468,7.240295801111468,9.653727734815291,12.067159668519114,7.094946862904156,9.459929150538876,11.824911438173594,True,1.5,24.0,358.24368176863965,34.29531926885238,4.4831788709769125,19.92541542624567,-9.773895707302213,-0.0026642404753265,1.388337,322.5265,46.04134,2024-01-18T20:47:44.312,24.0,Green,data\RZ_Cep\2024_01_18\Light\Green\reduced_images\RZ_Cep_Light_Green_24_secs_003_reduced.fits,2,0.979925,792.0,69.23721527529817,1199.9215925181163,798.4901606306067,1.0,V* RZ Cep,True,0.7944154588770141,0.0018288858028822,6450.6870004755465,21.70484469815691,-9.524014924040603,-0.0036532133252945,2024-01-18 20:47:44.312,0.4722812353629706,2024_01_18,5,"(0.448, 0.483]",-9.524014924040603,-0.0036532133252945
0,0,1,1195.8458163130406,822.7433405068552,8581.774666593456,8581.774666593456,174.45741947150128,417.982666015625,4.9679649907467205,4.86823309355748,492.0812060193191,174.45741947150137,2.791138172149658,4.053680896759033,8094.839903691824,7.451947486120081,9.93592998149344,12.419912476866802,7.30234964033622,9.73646618711496,12.1705827338937,False,1.5,24.0,357.573944441394,31.058374089004648,4.7491186411686455,19.833845748406112,-9.77052065970595,-0.0026602532804646,1.392228,322.644,45.87509,2024-01-18T20:49:29.568,24.0,Green,data\RZ_Cep\2024_01_18\Light\Green\reduced_images\RZ_Cep_Light_Green_24_secs_004_reduced.fits,2,0.979925,792.0,65.51702887767306,1199.9869225649566,798.4855535116565,1.0,V* RZ Cep,True,0.7914743942865803,0.0030607284807436,6406.8585096213255,29.33056578249016,-9.51661283262316,-0.0049704948420925,2024-01-18 20:49:29.568,0.4762275423131541,2024_01_18,5,"(0.448, 0.483]",-9.51661283262316,-0.0049704948420925
0,0,1,1195.708018520437,825.935089271274,8500.87260283637,8500.87260283637,161.97329902022713,471.1446838378906,4.786912824494235,4.6908155495425135,469.14477989624834,161.97329902022702,2.859514713287353,3.886793851852417,8037.70757112834,7.1803692367413525,9.57382564898847,11.967282061235586,7.03622332431377,9.381631099085029,11.727038873856282,True,1.5,24.0,354.2030251181821,29.702008062524875,4.409273139995071,19.705692231451856,-9.762830503969614,-0.0026618514428616,1.396197,322.7641,45.707,2024-01-18T20:51:15.244,24.0,Green,data\RZ_Cep\2024_01_18\Light\Green\reduced_images\RZ_Cep_Light_Green_24_secs_005_reduced.fits,2,0.979925,792.0,62.67705330180644,1199.9192912428812,798.525354496826,1.0,V* RZ Cep,True,0.7960892216517834,0.0035669502652793,6398.732364164206,32.68137285847281,-9.515234863953198,-0.0055453717571258,2024-01-18 20:51:15.244,0.48018959609862577,2024_01_18,5,"(0.448, 0.483]",-9.515234863953198,-0.0055453717571258
0,0,1,1194.3807068689598,833.6436081002286,8580.118375827906,8580.118375827906,179.1327151359323,373.4098510742188,5.034093283323754,4.9330338606610304,504.04599806529023,179.13271513593236,2.810902833938598,3.931771993637085,8076.593719201198,7.551139924985631,10.068186566647508,12.585233208309386,7.399550790991545,9.86606772132206,12.332584651652576,False,1.5,24.0,357.5049323261628,30.28466562012676,4.876390578700378,19.815801485809,-9.76807059226372,-0.0026638374848909,1.400176,322.8848,45.53991,2024-01-18T20:53:01.360,24.0,Green,data\RZ_Cep\2024_01_18\Light\Green\reduced_images\RZ_Cep_Light_Green_24_secs_006_reduced.fits,2,0.979925,792.0,55.424745554876985,1199.9840632718624,798.4933694487236,1.0,V* RZ Cep,True,0.7873543426869712,0.0039470873576462,6359.14113893138,35.492198736579695,-9.508496160264842,-0.0060598065545138,2024-01-18 20:53:01.360,0.4841681465693455,2024_01_18,5,"(0.483, 0.517]",-9.508496160264842,-0.0060598065545138
0,0,1,1192.1534150516602,845.4076907630035,8611.614528100084,8611.614528100084,203.33028142989244,328.6058959960937,5.363333902617214,5.2556649745221735,556.7414344705318,203.33028142989247,2.710707187652588,4.097475051879883,8060.445672760651,8.04500085392582,10.726667805234428,13.408334756543034,7.88349746178326,10.511329949044349,13.139162436305432,False,1.5,24.0,358.8172720041702,35.09745210226579,5.535102105591516,19.986240922495345,-9.765897637971063,-0.0026921322030497,1.404223,323.0078,45.37145,2024-01-18T20:54:48.630,24.0,Green,data\RZ_Cep\2024_01_18\Light\Green\reduced_images\RZ_Cep_Light_Green_24_secs_007_reduced.fits,2,0.979925,792.0,44.6009264188429,1199.9968350044714,798.5015054919676,1.0,V* RZ Cep,True,0.7894331222375333,0.0040452797865087,6363.182794073455,36.223468289996575,-9.509185998298465,-0.0061807325448811,2024-01-18 20:54:48.630,0.48818996334489384,2024_01_18,5,"(0.483, 0.517]",-9.509185998298465,-0.0061807325448811
0,0,1,1190.0866231462978,851.0874275240626,8445.81467215174,8445.81467215174,191.87333102237727,366.9158325195313,5.210040654967748,5.10544908881927,538.6261914131954,191.87333102237736,2.7795616388320923,3.690973997116089,7912.490921727009,7.815060982451621,10.420081309935496,13.02510163741937,7.658173633228905,10.21089817763854,12.763622722048176,False,1.5,24.0,351.9089446729892,29.22528589247728,5.223218455609159,19.6559774374381,-9.74578306186175,-0.0026971539752588,1.408272,323.131,45.20439,2024-01-18T20:56:35.295,24.0,Green,data\RZ_Cep\2024_01_18\Light\Green\reduced_images\RZ_Cep_Light_Green_24_secs_008_reduced.fits,2,0.979925,792.0,38.94160698216362,1199.9432125042067,798.4478247901319,1.0,V* RZ Cep,True,0.7980595806446353,0.0021130917694497,6314.63918684794,22.926470978609064,-9.50087135095059,-0.0039419670470891,2024-01-18 20:56:35.295,0.4921890971788798,2024_01_18,5,"(0.483, 0.517]",-9.50087135095059,-0.0039419670470891
0,0,1,1188.3487165750205,851.9623518281708,8430.776510646923,8430.776510646923,167.79001370078657,446.8071594238281,4.872107468431297,4.774299911002539,476.9014998608418,167.79001370078652,2.803351163864136,3.87782621383667,7960.402180454044,7.308161202646946,9.744214936862594,12.180268671078242,7.161449866503808,9.54859982200508,11.935749777506349,False,1.5,24.0,351.28235461028845,26.208054525603988,4.567617039632522,19.546304668031883,-9.752337524978463,-0.0026659621167663,1.412285,323.2534,45.04022,2024-01-18T20:58:20.718,24.0,Green,data\RZ_Cep\2024_01_18\Light\Green\reduced_images\RZ_Cep_Light_Green_24_secs_009_reduced.fits,2,0.979925,792.0,37.13448146747098,1199.9479851209758,798.4854265161335,1.0,V* RZ Cep,True,0.7914248779665006,0.0028997795573314,6300.060324230108,27.78753689672826,-9.498361769806507,-0.0047888326932039,2024-01-18 20:58:20.718,0.49614166537094206,2024_01_18,5,"(0.483, 0.517]",-9.498361769806507,-0.0047888326932039
0,0,1,1187.2507739130365,857.2504821373142,8299.499473373005,8299.499473373005,163.94896844898807,465.4526977539063,4.8160185255710175,4.71933695367018,475.5839469103854,163.94896844898813,2.881261110305786,3.955998182296753,7827.119686506186,7.224027788356526,9.632037051142037,12.040046313927544,7.079005430505269,9.43867390734036,11.798342384175449,False,1.5,24.0,345.8124780572086,25.22352211227084,4.4630552522224525,19.37779800239701,-9.734004936949024,-0.0026879845591173,1.416484,323.3817,44.86992,2024-01-18T21:00:09.635,24.0,Green,data\RZ_Cep\2024_01_18\Light\Green\reduced_images\RZ_Cep_Light_Green_24_secs_010_reduced.fits,2,0.979925,792.0,32.529049333477126,1199.9361941901211,798.5213992990504,1.0,V* RZ Cep,True,0.7986080704733726,0.0029123189693188,6250.8009502048535,27.55175186524304,-9.489839173747155,-0.0047856162342885,2024-01-18 21:00:09.635,0.5002252322374261,2024_01_18,5,"(0.483, 0.517]",-9.489839173747155,-0.0047856162342885
0,0,1,1183.457343078488,871.5696196830303,8357.155279966764,8357.155279966764,176.19151303552798,375.20556640625,4.992594536394825,4.892368201076699,502.7004494658144,176.191513035528,2.8106651306152344,4.241457939147949,7861.939937967466,7.488891804592237,9.98518907278965,12.481486340987065,7.338552301615048,9.784736402153396,12.230920502691747,False,1.5,24.0,348.21480333194853,29.12365289588114,4.796324521522705,19.54826797313134,-9.7388243041576,-0.0026996215242302,1.420546,323.506,44.70662,2024-01-18T21:01:55.138,24.0,Green,data\RZ_Cep\2024_01_18\Light\Green\reduced_images\RZ_Cep_Light_Green_24_secs_011_reduced.fits,2,0.979925,792.0,21.205176536938755,1199.950822505022,798.5603684330848,1.0,V* RZ Cep,True,0.804903503723474,0.0037035278320463,6328.103002133525,33.09634679554644,-9.503183848827618,-0.0056784635062103,2024-01-18 21:01:55.138,0.5041807998263721,2024_01_18,5,"(0.483, 0.517]",-9.503183848827618,-0.0056784635062103
0,0,1,1180.0104893837224,884.4260350059776,8245.650020081004,8245.650020081004,158.68238887604076,477.89935302734375,4.738033963693499,4.642917931872352,466.9984432547294,158.68238887604076,2.9378161430358887,4.786631107330322,7779.470336425473,7.107050945540248,9.476067927386998,11.845084909233748,6.964376897808528,9.285835863744705,11.60729482968088,False,1.5,24.0,343.5687508367085,41.25042796090831,4.3196872527366645,19.72660300331391,-9.727375072873237,-0.0027531292172044,1.424621,323.6309,44.54421,2024-01-18T21:03:40.405,24.0,Green,data\RZ_Cep\2024_01_18\Light\Green\reduced_images\RZ_Cep_Light_Green_24_secs_012_reduced.fits,2,0.979925,792.0,16.611007079055362,1199.9220045990812,798.5035563299391,1.0,V* RZ Cep,True,0.8080823827575259,0.0021289960254674,6286.452926050188,22.987424693863925,-9.496014169590516,-0.0039701687959605,2024-01-18 21:03:40.405,0.5081275191939767,2024_01_18,5,"(0.483, 0.517]",-9.496014169590516,-0.0039701687959605
0,0,1,1204.7525982360237,790.9823696240626,8279.374829873039,8279.374829873039,193.46079205993487,355.5011291503906,5.2315488550661495,5.126525511800697,531.2066317552506,193.460792059935,2.751792550086975,3.9196720123291016,7747.010863548585,7.847323282599224,10.4630977101323,13.078872137665376,7.689788267701045,10.253051023601394,12.816313779501742,False,1.5,24.0,344.97395124470995,35.95296241766765,5.266432672742671,19.65180262304505,-9.72283541243388,-0.00275418144784,1.434792,323.9444,44.14472,2024-01-18T21:08:01.255,24.0,Green,data\RZ_Cep\2024_01_18\Light\Green\reduced_images\RZ_Cep_Light_Green_24_secs_013_reduced.fits,2,0.979925,792.0,97.902567794383,1199.9998518354869,798.4632258130251,1.0,V* RZ Cep,True,0.7928625035188208,0.0022816866242591,6142.314428060633,23.56316917812878,-9.470830111054212,-0.0041651052181014,2024-01-18 21:08:01.255,0.5179074288232641,2024_01_18,5,"(0.517, 0.552]",-9.470830111054212,-0.0041651052181014
0,0,1,1204.5497432062225,790.8953884068424,8333.766348750167,8333.766348750167,195.52653278141617,335.84619140625,5.259405475296985,5.153822910380399,536.7345010536768,195.52653278141625,2.734936714172364,3.859837770462036,7799.013655651445,7.889108212945477,10.51881095059397,13.148513688242463,7.730734365570598,10.307645820760795,12.884557275950996,False,1.5,24.0,347.24026453125697,22.08661239020361,5.322666725716328,19.35586587180168,-9.730099201920314,-0.002694618227297,1.43857,324.0631,43.99846,2024-01-18T21:09:38.680,24.0,Green,data\RZ_Cep\2024_01_18\Light\Green\reduced_images\RZ_Cep_Light_Green_24_secs_014_reduced.fits,2,0.979925,792.0,97.89746412067092,1199.928506052962,798.510437471826,1.0,V* RZ Cep,True,0.7938305731815465,0.0023700005204948,6191.095480516495,24.036174727245427,-9.479418754638017,-0.0042152386774505,2024-01-18 21:09:38.680,0.5215601322759085,2024_01_18,5,"(0.517, 0.552]",-9.479418754638017,-0.0042152386774505
0,0,1,1205.0126230075318,791.0099715056651,8295.43516110146,8295.43516110146,209.29967518904093,318.36407470703125,5.441493087082624,5.332255113359441,568.0375150469239,209.2996751890409,2.701611042022705,4.153761863708496,7729.988847518982,8.162239630623937,10.882986174165248,13.60373271770656,7.998382670039161,10.664510226718882,13.3306377833986,False,1.5,24.0,345.6431317125609,27.0463965314029,5.697602269035003,19.452175469931348,-9.72044716834547,-0.0027322071979173,1.442428,324.18,43.85025,2024-01-18T21:11:17.395,24.0,Green,data\RZ_Cep\2024_01_18\Light\Green\reduced_images\RZ_Cep_Light_Green_24_secs_015_reduced.fits,2,0.979925,792.0,97.98602154073028,1200.025132671329,798.5256529874628,1.0,V* RZ Cep,True,0.7940133325824857,0.0021085602798417,6137.714205643995,22.454823264954133,-9.470016655579425,-0.0039721651698586,2024-01-18 21:11:17.395,0.5252612010090161,2024_01_18,5,"(0.517, 0.552]",-9.470016655579425,-0.0039721651698586
0,0,1,1204.856707593234,790.889577591016,8181.296765124318,8181.296765124318,177.36971534995894,394.5554504394531,5.009259599559235,4.908698713098084,501.5078453034311,177.369715349959,2.811264753341675,4.118297576904297,7682.663536050733,7.513889399338852,10.01851919911847,12.523148998898089,7.363048069647125,9.817397426196168,12.27174678274521,False,1.5,24.0,340.88736521351325,31.08939543980148,4.828397806748882,19.41146976558096,-9.713779533954138,-0.0027432849835427,1.446285,324.3022,43.70324,2024-01-18T21:12:54.586,24.0,Green,data\RZ_Cep\2024_01_18\Light\Green\reduced_images\RZ_Cep_Light_Green_24_secs_016_reduced.fits,2,0.979925,792.0,98.03029091697418,1199.9949861760124,798.5059201474992,1.0,V* RZ Cep,True,0.7974963020015715,0.0028782985141371,6126.895759522777,26.993201734276905,-9.468101228719082,-0.0047834168485228,2024-01-18 21:12:54.586,0.5289051312247466,2024_01_18,5,"(0.517, 0.552]",-9.468101228719082,-0.0047834168485228
0,0,1,1205.0112259422326,790.4799958775919,8140.561201533672,8140.561201533672,161.18034790004836,507.4083862304688,4.775181122574336,4.679319361538656,462.7002864945714,161.18034790004845,2.816193103790283,3.97294020652771,7686.646217311037,7.1627716838615045,9.550362245148673,11.937952806435842,7.018979042307985,9.358638723077313,11.698298403846644,True,1.5,24.0,339.190050063903,31.232044117120367,4.387687248390204,19.36000468567644,-9.714342232136753,-0.0027345941802534,1.45024,324.4212,43.55368,2024-01-18T21:14:32.798,24.0,Green,data\RZ_Cep\2024_01_18\Light\Green\reduced_images\RZ_Cep_Light_Green_24_secs_017_reduced.fits,2,0.979925,792.0,98.46700864432113,1199.9864642675973,798.513090482781,1.0,V* RZ Cep,True,0.7990583893548298,0.0014920943989419,6142.079145944952,19.257634896530156,-9.47078852099772,-0.0034041748613709,2024-01-18 21:14:32.798,0.5325873412482451,2024_01_18,5,"(0.517, 0.552]",-9.47078852099772,-0.0034041748613709
0,0,1,1191.0181482372943,799.6941826290109,7965.923195313826,7965.923195313826,167.19334898319562,453.5490112304688,4.863437096701047,4.765803596984774,446.0542550993098,167.19334898319568,2.6862168312072754,4.17270040512085,7516.805607209254,7.29515564505157,9.726874193402091,12.158592741752615,7.14870539547716,9.531607193969547,11.914508992461936,False,1.5,24.0,331.91346647140944,27.81899920491385,4.551374500098103,19.08622121260312,-9.690083297655953,-0.0027568361436234,1.496769,325.872,41.8785,2024-01-18T21:33:09.848,24.0,Green,data\RZ_Cep\2024_01_18\Light\Green\reduced_images\RZ_Cep_Light_Green_24_secs_018_reduced.fits,2,0.979925,792.0,84.72900706248753,1199.979314193835,798.5154105623155,1.0,V* RZ Cep,True,0.8039074431787859,0.0020779802981061,6042.815976563553,21.895251255492013,-9.45309842191938,-0.0039340047905749,2024-01-18 21:33:09.848,0.5744682998504231,2024_01_18,5,"(0.552, 0.586]",-9.45309842191938,-0.0039340047905749
0,0,1,1192.0046489035665,799.0998404600365,7936.353806776928,7936.353806776928,177.8933703070161,424.515380859375,5.01664865800875,4.915939436199224,466.02990036716176,177.89337030701606,2.615450382232666,3.740027904510498,7471.082523410785,7.524972987013125,10.0332973160175,12.541621645021872,7.373909154298836,9.831878872398448,12.28984859049806,False,1.5,24.0,330.6814086157053,24.91306771453724,4.842652858357661,18.98518183185508,-9.68345883381632,-0.0027590244391184,1.500864,325.997,41.7381,2024-01-18T21:34:45.687,24.0,Green,data\RZ_Cep\2024_01_18\Light\Green\reduced_images\RZ_Cep_Light_Green_24_secs_019_reduced.fits,2,0.979925,792.0,85.61014060147066,1199.955313292264,798.5813712263051,1.0,V* RZ Cep,True,0.8101865819244891,0.0022536984904523,6052.970812917971,22.80560097507799,-9.45492144943559,-0.0040906965216263,2024-01-18 21:34:45.687,0.5780615402529747,2024_01_18,5,"(0.552, 0.586]",-9.45492144943559,-0.0040906965216263
0,0,1,1191.000938852637,799.4977008247077,8024.071622096405,8024.071622096405,220.3071107825136,320.93756103515625,5.582748481156001,5.470674805396794,552.1208368256339,220.3071107825137,2.5009210109710693,3.8281874656677246,7473.100939874086,8.374122721734,11.165496962312002,13.956871202890005,8.20601220809519,10.941349610793589,13.676687013491987,False,1.5,24.0,334.3363175873502,30.67880773717796,5.997249126857313,19.261681506332344,-9.68375212088004,-0.0027984507561458,1.505046,326.131,41.59578,2024-01-18T21:36:24.063,24.0,Green,data\RZ_Cep\2024_01_18\Light\Green\reduced_images\RZ_Cep_Light_Green_24_secs_020_reduced.fits,2,0.979925,792.0,84.90978077602195,1199.9334252246836,798.5905743197546,1.0,V* RZ Cep,True,0.806341166229847,0.0031047624683676,6025.868927211436,27.92076859521643,-9.450049202010833,-0.005030741573486,2024-01-18 21:36:24.063,0.5817498990404601,2024_01_18,5,"(0.552, 0.586]",-9.450049202010833,-0.005030741573486
0,0,1,1191.9318006375815,800.0584128479076,8064.338706385547,8064.338706385547,191.27360152265828,368.74212646484375,5.201891892192946,5.097463912457173,490.4147742954775,191.2736015226584,2.56571102142334,3.742920398712158,7573.585918851527,7.802837838289419,10.403783784385892,13.004729730482364,7.6461958686857585,10.194927824914346,12.743659781142933,False,1.5,24.0,336.01411276606444,32.38008342874536,5.206892485894586,19.32876324757237,-9.698253891626038,-0.0027709381362996,1.509262,326.2593,41.45343,2024-01-18T21:38:01.302,24.0,Green,data\RZ_Cep\2024_01_18\Light\Green\reduced_images\RZ_Cep_Light_Green_24_secs_021_reduced.fits,2,0.979925,792.0,84.68082925463821,1199.9805282508753,798.5539435667012,1.0,V* RZ Cep,True,0.8068505747876017,0.0009198437942835,6110.752151828641,17.08067875704937,-9.465236673431448,-0.0030348328434204,2024-01-18 21:38:01.302,0.5853956288945028,2024_01_18,5,"(0.552, 0.586]",-9.465236673431448,-0.0030348328434204
0,0,1,1160.0249091406054,797.5983660125087,8110.614839582349,8110.614839582349,220.39003816492743,308.693603515625,5.583799103530353,5.471704336526981,548.8415927869424,220.39003816492743,2.452186107635498,3.555413007736206,7570.177449733057,8.37569865529553,11.167598207060706,13.959497758825885,8.207556504790473,10.943408673053964,13.679260841317454,False,1.5,24.0,337.94228498259787,27.16442065258716,5.999506594489691,19.26411721905976,-9.69776514938976,-0.0027629140342245,1.518291,326.5721,41.15224,2024-01-18T21:41:38.453,24.0,Green,data\RZ_Cep\2024_01_18\Light\Green\reduced_images\RZ_Cep_Light_Green_24_secs_022_reduced.fits,2,0.979925,792.0,82.49745833144756,1199.9286329877043,798.5514661367583,1.0,V* RZ Cep,True,0.807229760639825,0.0020113461012488,6110.872530749017,21.763703327250614,-9.465258061709282,-0.0038668194325949,2024-01-18 21:41:38.453,0.5935371552734523,2024_01_18,5,"(0.586, 0.621]",-9.465258061709282,-0.0038668194325949
0,0,1,1175.4852682788191,814.7831080141308,8013.029220564438,8013.029220564438,181.7685602663821,369.6462097167969,5.070995069135121,4.969194843122233,481.1096993567213,181.76856026638228,2.611347198486328,3.9306161403656006,7538.368399939928,7.606492603702681,10.14199013827024,12.677487672837804,7.45379226468335,9.938389686244468,12.422987107805584,False,1.5,24.0,333.8762175235183,28.65841172231308,4.948144140584846,19.16984020242256,-9.693193393991026,-0.0027609939502776,1.529413,326.9441,40.788,2024-01-18T21:45:54.931,24.0,Green,data\RZ_Cep\2024_01_18\Light\Green\reduced_images\RZ_Cep_Light_Green_24_secs_023_reduced.fits,2,0.979925,792.0,66.2204982443728,1199.928952546083,798.4976132260042,1.0,V* RZ Cep,True,0.8048586370345456,0.0028310040462118,6067.32091583994,26.334371825213108,-9.45749241619336,-0.0047124886447906,2024-01-18 21:45:54.931,0.6031531478433863,2024_01_18,5,"(0.586, 0.621]",-9.45749241619336,-0.0047124886447906
0,0,1,1189.5030266098015,804.8776068090434,7929.0019227376815,7929.0019227376815,170.88460993832595,406.623046875,4.91683099115364,4.818125609006231,450.454114860697,170.88460993832587,2.5362026691436768,3.8547630310058594,7495.603918896523,7.37524648673046,9.83366198230728,12.2920774778841,7.227188413509347,9.63625121801246,12.045314022515576,False,1.5,24.0,330.37508011407004,25.168181533582075,4.651858826098873,18.97880714043301,-9.687016573974132,-0.0027490750923407,1.540257,327.2333,40.43975,2024-01-18T21:49:50.618,24.0,Green,data\RZ_Cep\2024_01_18\Light\Green\reduced_images\RZ_Cep_Light_Green_24_secs_024_reduced.fits,2,0.979925,792.0,79.33333678219343,1199.954848413613,798.465487992694,1.0,V* RZ Cep,True,0.8169521715903786,0.0023839574197001,6123.549898923867,23.65811617697496,-9.467508152813124,-0.0041947030225441,2024-01-18 21:49:50.618,0.6119896345633151,2024_01_18,5,"(0.586, 0.621]",-9.467508152813124,-0.0041947030225441
0,0,1,1196.2164206988898,790.0163395737164,7983.61965572497,7983.61965572497,186.7713097222006,391.2496948242188,5.140304977552778,5.037113355128406,491.6760901337262,186.77130972220067,2.5749943256378174,4.193791389465332,7502.684592998359,7.710457466329167,10.280609955105556,12.850762443881944,7.55567003269261,10.074226710256813,12.592783387821015,False,1.5,24.0,332.6508189885404,28.68676538068913,5.084330097993238,19.142150204907043,-9.688041723582568,-0.0027701185164815,1.550506,327.6146,40.11674,2024-01-18T21:53:57.682,24.0,Green,data\RZ_Cep\2024_01_18\Light\Green\reduced_images\RZ_Cep_Light_Green_24_secs_025_reduced.fits,2,0.979925,792.0,95.57696849325453,1199.9392771632652,798.5298652781074,1.0,V* RZ Cep,True,0.8117436608068814,0.0017207519905245,6090.256657399876,20.201989364926483,-9.46158898796305,-0.0036014953877171,2024-01-18 21:53:57.682,0.6212526730628269,2024_01_18,5,"(0.621, 0.655]",-9.46158898796305,-0.0036014953877171
0,0,1,1185.846188408446,843.4873288497826,8107.8020584695805,8107.8020584695805,215.8823327917508,313.04315185546875,5.526400507464487,5.415458017277138,537.4213260918798,215.8823327917508,2.4453728199005127,3.611065864562988,7579.889269563916,8.28960076119673,11.052801014928974,13.816001268661218,8.123187025915707,10.830916034554276,13.538645043192844,False,1.5,24.0,337.8250857695659,29.45132037727817,5.876796837108771,19.317173783552107,-9.69915715327254,-0.0027669737913748,1.561927,327.9675,39.76351,2024-01-18T21:58:02.353,24.0,Green,data\RZ_Cep\2024_01_18\Light\Green\reduced_images\RZ_Cep_Light_Green_24_secs_026_reduced.fits,2,0.979925,792.0,42.54916100819434,1199.925960507311,798.5642723445915,1.0,V* RZ Cep,True,0.8100459199338047,0.0022005797948977,6140.058376360277,22.870964549699927,-9.47043125049568,-0.0040442342282857,2024-01-18 21:58:02.353,0.6304259920927962,2024_01_18,5,"(0.621, 0.655]",-9.47043125049568,-0.0040442342282857
0,0,1,1212.7717135978323,784.2853391469042,8178.520562183388,8178.520562183388,228.9159054862095,289.44317626953125,5.690779904409695,5.57653749782867,555.4734073900843,228.9159054862095,2.4319446086883545,3.338541030883789,7621.809759993188,8.536169856614542,11.38155980881939,14.226949761024237,8.364806246743006,11.15307499565734,13.941343744571675,False,1.5,24.0,340.7716900909745,29.679567245275017,6.231599649346814,19.40831927255929,-9.705145261504867,-0.0027647390280364,1.574288,328.3378,39.38897,2024-01-18T22:02:37.831,24.0,Green,data\RZ_Cep\2024_01_18\Light\Green\reduced_images\RZ_Cep_Light_Green_24_secs_027_reduced.fits,2,0.979925,792.0,107.42428193612524,1200.0277369283058,798.5269929058561,1.0,V* RZ Cep,True,0.8097034760426958,0.0019056781848576,6171.405856402629,21.399254680389877,-9.475960270751637,-0.0037647735543489,2024-01-18 22:02:37.831,0.6407543415077726,2024_01_18,5,"(0.621, 0.655]",-9.475960270751637,-0.0037647735543489
0,0,1,1177.3098717277835,837.3094999680865,8112.027659049942,8112.027659049942,229.2898623805003,293.39697265625,5.695426235046819,5.581090553378254,562.392567670204,229.28986238050013,2.446386337280273,3.4621448516845703,7551.096072445412,8.543139352570229,11.390852470093638,14.238565587617046,8.371635830067381,11.162181106756508,13.952726383445636,False,1.5,24.0,338.00115246041423,31.44589245643143,6.2417795870247295,19.38269394340917,-9.695024989558116,-0.0027869454127194,1.585475,328.6523,39.05672,2024-01-18T22:06:23.707,24.0,Green,data\RZ_Cep\2024_01_18\Light\Green\reduced_images\RZ_Cep_Light_Green_24_secs_028_reduced.fits,2,0.979925,792.0,44.71723916326752,1199.8958704744157,798.492698922061,1.0,V* RZ Cep,True,0.8106387515844715,0.0013816237348794,6121.211093261554,18.860570233175388,-9.46709339159141,-0.0033453517012482,2024-01-18 22:06:23.707,0.6492229896480239,2024_01_18,5,"(0.621, 0.655]",-9.46709339159141,-0.0033453517012482
0,0,1,1220.061510915802,780.1211088603372,8078.76188684767,8078.76188684767,192.2322784614705,367.71099853515625,5.214911725168358,5.110222372285604,490.21920332774033,192.2322784614705,2.5491671562194824,3.880748748779297,7588.729676228451,7.822367587752537,10.429823450336716,13.037279312920894,7.665333558428405,10.220444744571209,12.775555930714008,False,1.5,24.0,336.61507861865294,26.521803453955105,5.232989802562253,19.19296412426101,-9.70042270693982,-0.0027459794873983,1.595952,329.0569,38.75115,2024-01-18T22:10:38.962,24.0,Green,data\RZ_Cep\2024_01_18\Light\Green\reduced_images\RZ_Cep_Light_Green_24_secs_029_reduced.fits,2,0.979925,792.0,114.53683207357882,1199.9652425836891,798.4791843055083,1.0,V* RZ Cep,True,0.823590661835974,0.003460256974234,6250.006896539287,30.6496096553042,-9.48970124141111,-0.0053243766631512,2024-01-18 22:10:38.962,0.6587931289329845,2024_01_18,5,"(0.655, 0.69]",-9.48970124141111,-0.0053243766631512
0,0,1,1225.897634382271,801.8055555589225,8161.74639117181,8161.74639117181,228.8561917038832,308.712646484375,5.690037622750791,5.575810117474069,558.7322685759057,228.85619170388296,2.4224777221679688,3.5904700756073,7607.347365188952,8.535056434126187,11.38007524550158,14.225094056876976,8.363715176211103,11.15162023494814,13.939525293685172,False,1.5,24.0,340.07276629882546,36.10366050484558,6.229974107494596,19.555214161731023,-9.703083118441045,-0.0027909602372499,1.607228,329.4179,38.42814,2024-01-18T22:14:41.385,24.0,Green,data\RZ_Cep\2024_01_18\Light\Green\reduced_images\RZ_Cep_Light_Green_24_secs_030_reduced.fits,2,0.979925,792.0,99.72807169282906,1199.956968200863,798.4715303754621,1.0,V* RZ Cep,True,0.8208988165883507,0.0016189850178243,6244.862449460118,20.233200120048235,-9.488807192404552,-0.0035177584912782,2024-01-18 22:14:41.385,0.6678821649002202,2024_01_18,5,"(0.655, 0.69]",-9.488807192404552,-0.0035177584912782
0,0,1,1200.818442992238,768.4340925900528,8244.521180918155,8244.521180918155,241.4288570381944,256.8681640625,5.8442447285175,5.726921515592512,569.7976700265158,241.42885703819448,2.354586124420166,3.501049280166626,7676.056144101402,8.76636709277625,11.688489457035,14.610611821293752,8.590382273388768,11.453843031185023,14.31730378898128,False,1.5,24.0,343.5217158715898,32.33515540345684,6.5722299971508455,19.55579457020853,-9.712845356464037,-0.0027660603022039,1.619498,329.7949,38.08336,2024-01-18T22:19:02.461,24.0,Green,data\RZ_Cep\2024_01_18\Light\Green\reduced_images\RZ_Cep_Light_Green_24_secs_031_reduced.fits,2,0.979925,792.0,117.48425188329534,1199.9505988029705,798.536484172128,1.0,V* RZ Cep,True,0.8174860777325673,0.0028348617162929,6275.06902969643,27.0017207717714,-9.49404626922785,-0.0046719399729217,2024-01-18 22:19:02.461,0.6776705478266649,2024_01_18,5,"(0.655, 0.69]",-9.49404626922785,-0.0046719399729217
0,0,1,1240.412239434634,784.5576965309021,8207.331126181616,8207.331126181616,220.4017140928452,303.0467224121094,5.583947012149338,5.47184927588044,538.7972113689541,220.4017140928451,2.427892208099365,3.470858097076416,7672.219521883853,8.375920518224007,11.167894024298676,13.959867530373344,8.20777391382066,10.94369855176088,13.6796231897011,False,1.5,24.0,341.97213025756736,30.99721850765228,5.999824439194118,19.467130584768103,-9.712302551549271,-0.0027548962094149,1.631315,330.1825,37.7577,2024-01-18T22:23:15.449,24.0,Green,data\RZ_Cep\2024_01_18\Light\Green\reduced_images\RZ_Cep_Light_Green_24_secs_032_reduced.fits,2,0.979925,792.0,122.26227393150847,1199.9612177894703,798.4610270962984,1.0,V* RZ Cep,True,0.8161637638745974,0.0021029976584229,6261.78756225289,22.64436873823732,-9.491745824081226,-0.0039263246682472,2024-01-18 22:23:15.449,0.6871556916923964,2024_01_18,5,"(0.655, 0.69]",-9.491745824081226,-0.0039263246682472
0,0,1,1209.6292238658298,780.0187726400419,8233.99602130376,8233.99602130376,197.0492398241769,347.76519775390625,5.279845161914682,5.173852270289245,475.7240859567071,197.0492398241769,2.3775315284729004,3.538816452026367,7765.505240960161,7.919767742872024,10.559690323829363,13.199612904786706,7.760778405433868,10.34770454057849,12.934630675723112,False,1.5,24.0,343.0831675543233,26.994240116792376,5.364118195213704,19.376313526218794,-9.725424292860346,-0.0027091044893247,1.644109,330.5818,37.41195,2024-01-18T22:27:41.400,24.0,Green,data\RZ_Cep\2024_01_18\Light\Green\reduced_images\RZ_Cep_Light_Green_24_secs_033_reduced.fits,2,0.979925,792.0,109.9011915085621,1199.9796991850008,798.5061185197078,1.0,V* RZ Cep,True,0.8205422287800742,0.0018449740142079,6371.924978020798,21.40206151041984,-9.510676634621468,-0.0036467775622714,2024-01-18 22:27:41.400,0.6971268503882584,2024_01_18,5,"(0.69, 0.724]",-9.510676634621468,-0.0036467775622714
0,0,1,1205.8542678217802,818.0214337825815,8257.912692344107,8257.912692344107,211.3673372712309,333.0528869628906,5.468305163791159,5.358528937628052,503.5221215889412,211.36733727123072,2.326302289962769,3.835345268249512,7766.20837162671,8.20245774568674,10.93661032758232,13.670762909477896,8.037793406442079,10.717057875256105,13.396322344070128,False,1.5,24.0,344.0796955143378,32.00646216803014,5.75388862571684,19.540727885830783,-9.725522596813263,-0.0027318447713152,1.655606,330.9506,37.10713,2024-01-18T22:31:36.058,24.0,Green,data\RZ_Cep\2024_01_18\Light\Green\reduced_images\RZ_Cep_Light_Green_24_secs_034_reduced.fits,2,0.979925,792.0,74.78718075488763,1199.9594023307757,798.4906241748832,1.0,V* RZ Cep,True,0.8223220722695145,0.0023905170105526,6386.324561832927,24.55349376045016,-9.513127465523928,-0.0041743285783415,2024-01-18 22:31:36.058,0.70592475736089,2024_01_18,5,"(0.69, 0.724]",-9.513127465523928,-0.0041743285783415
0,0,1,1212.2818315303437,812.8363048366789,8399.2001612844,8399.2001612844,237.7764158126747,289.2252197265625,5.7998691117232095,5.683436739305367,555.6511581317741,237.77641581267483,2.3176913261413574,3.267905712127685,7848.107824794382,8.699803667584813,11.59973822344642,14.499672779308025,8.52515510895805,11.366873478610731,14.208591848263415,False,1.5,24.0,349.96667338685,32.20476995927943,6.472802430456144,19.714062132817418,-9.736912402912251,-0.0027273161223434,1.667628,331.3368,36.79418,2024-01-18T22:35:45.825,24.0,Green,data\RZ_Cep\2024_01_18\Light\Green\reduced_images\RZ_Cep_Light_Green_24_secs_035_reduced.fits,2,0.979925,792.0,82.71697047109504,1199.9081886594226,798.4434705562009,1.0,V* RZ Cep,True,0.8202863185018133,0.0027362974138061,6437.695474805858,26.88256144469844,-9.521826073022403,-0.0045338227555761,2024-01-18 22:35:45.825,0.7152891379946595,2024_01_18,5,"(0.69, 0.724]",-9.521826073022403,-0.0045338227555761
0,0,1,1158.7865242617318,799.8412707745724,8354.823440857537,8354.823440857537,195.2287536285648,377.1505432128906,5.255399016347613,5.149896881094435,487.0069058612149,195.22875362856485,2.4972033500671387,3.675261974334717,7867.297543266853,7.883098524521419,10.510798032695226,13.138497540869032,7.724845321641651,10.29979376218887,12.874742202736089,False,1.5,24.0,348.11764336906407,32.34991212243531,5.314560515444264,19.641336920050623,-9.739563939028807,-0.0027106271863586,1.689544,331.9405,36.23824,2024-01-18T22:42:43.538,24.0,Green,data\RZ_Cep\2024_01_18\Light\Green\reduced_images\RZ_Cep_Light_Green_24_secs_036_reduced.fits,2,0.979925,792.0,80.32809097886572,1199.906323419421,798.5516776197795,1.0,V* RZ Cep,True,0.8346046391803978,0.0024214552980231,6566.083027423062,25.132380857872125,-9.543265925089193,-0.0041557707533087,2024-01-18 22:42:43.538,0.7309502282421363,2024_01_18,5,"(0.724, 0.759]",-9.543265925089193,-0.0041557707533087
0,0,1,1160.9879420185882,750.5836031440729,8553.34655121245,8553.34655121245,213.10108775527,333.1981201171875,5.490686376402294,5.3804608473960185,519.2225511746303,213.1010877552699,2.408667087554932,3.2955434322357178,8040.056974814175,8.236029564603442,10.981372752804589,13.726715941005736,8.070691271094027,10.760921694792035,13.451152118490048,False,1.5,24.0,356.3894396338521,27.88736882131318,5.801085166671236,19.75038970810036,-9.763147815826269,-0.0026671096027478,1.700517,332.3553,35.96668,2024-01-18T22:46:56.381,24.0,Green,data\RZ_Cep\2024_01_18\Light\Green\reduced_images\RZ_Cep_Light_Green_24_secs_037_reduced.fits,2,0.979925,792.0,129.45144367079965,1199.954579811655,798.5252197969442,1.0,V* RZ Cep,True,0.8330593289865122,0.0034560797009517,6697.844468452025,32.292894023412536,-9.564837646275784,-0.0052347534139949,2024-01-18 22:46:56.381,0.7404299357001491,2024_01_18,5,"(0.724, 0.759]",-9.564837646275784,-0.0052347534139949
0,0,1,1139.910893426729,813.4705287816521,8613.098721129834,8613.098721129834,215.8796288768433,348.74432373046875,5.526365898417712,5.415424103006977,521.5494975784894,215.8796288768433,2.4164464473724365,3.7164039611816406,8091.437158870306,8.289548847626568,11.052731796835424,13.81591474604428,8.123136154510465,10.830848206013954,13.538560257517442,False,1.5,24.0,358.87911338040976,34.91871316963954,5.876723230536289,19.991862088874704,-9.770064163961017,-0.0026825751772202,1.71362,332.7232,35.64818,2024-01-18T22:50:51.700,24.0,Green,data\RZ_Cep\2024_01_18\Light\Green\reduced_images\RZ_Cep_Light_Green_24_secs_038_reduced.fits,2,0.979925,792.0,70.75631135164828,1199.873169868816,798.5553553782487,1.0,V* RZ Cep,True,0.8276146521266187,0.0026342118931299,6696.591949442844,26.982697362872628,-9.564634591037482,-0.0043747762518724,2024-01-18 22:50:51.700,0.7492526251926392,2024_01_18,5,"(0.724, 0.759]",-9.564634591037482,-0.0043747762518724
0,0,1,1141.148979802095,727.3250610415562,8620.738841031813,8620.738841031813,193.08628673240145,415.3201293945313,5.226482732879264,5.121561092016713,492.3220964084521,193.0862867324013,2.5324357748031616,3.622175693511963,8131.760220886778,7.839724099318896,10.452965465758528,13.06620683219816,7.682341638025069,10.243122184033426,12.80390273004178,False,1.5,24.0,359.1974517096589,29.70589614243592,5.25623780549315,19.853452738946643,-9.775461410563972,-0.0026507929209179,1.725998,333.1124,35.35288,2024-01-18T22:55:11.639,24.0,Green,data\RZ_Cep\2024_01_18\Light\Green\reduced_images\RZ_Cep_Light_Green_24_secs_039_reduced.fits,2,0.979925,792.0,154.3755359830359,1199.9276751914151,798.5117669402371,1.0,V* RZ Cep,True,0.8339140118253316,0.0031072408301409,6781.188789001339,30.20830800100529,-9.578264588372184,-0.0048366524958533,2024-01-18 22:55:11.639,0.7589983791858685,2024_01_18,5,"(0.759, 0.793]",-9.578264588372184,-0.0048366524958533
0,0,1,1204.4461972836734,785.3303081435231,8934.022087470348,8934.022087470348,230.7096544795289,324.39727783203125,5.713032425326831,5.598343299388395,547.7951230216304,230.70965447952875,2.354768753051758,3.427083969116211,8390.754202074586,8.569548637990247,11.426064850653662,14.282581063317076,8.397514949082593,11.19668659877679,13.995858248470986,False,1.5,24.0,372.2509203112645,30.534497215014763,6.28042948305384,20.22537631316988,-9.8095024977446,-0.0026170976755148,1.736518,333.5372,35.10602,2024-01-18T22:59:03.395,24.0,Green,data\RZ_Cep\2024_01_18\Light\Green\reduced_images\RZ_Cep_Light_Green_24_secs_040_reduced.fits,2,0.979925,792.0,102.94778011647516,1199.9126701246837,798.4105696406799,1.0,V* RZ Cep,True,0.8308735250596418,0.002648741357253,6971.6555217867135,27.86300047232621,-9.60833979983729,-0.0043392660884432,2024-01-18 22:59:03.395,0.7676874830233373,2024_01_18,5,"(0.759, 0.793]",-9.60833979983729,-0.0043392660884432
0,0,1,1195.7318440132522,747.2432715191945,8939.061084460853,8939.061084460853,186.8852651033863,430.402587890625,5.141872873854707,5.038649775912074,473.9663631188613,186.8852651033864,2.5349597930908203,4.042783260345459,8465.314451502649,7.712809310782061,10.283745747709414,12.854682184636768,7.557974663868111,10.077299551824147,12.596624439780186,False,1.5,24.0,372.4608785192022,28.18205494447853,5.087432216703293,20.14274970505229,-9.819107737481549,-0.0025834495272971,1.748,333.9064,34.84081,2024-01-18T23:02:58.445,24.0,Green,data\RZ_Cep\2024_01_18\Light\Green\reduced_images\RZ_Cep_Light_Green_24_secs_041_reduced.fits,2,0.979925,792.0,136.496369480685,1199.9204768421732,798.5025460088594,1.0,V* RZ Cep,True,0.838631622918057,0.0021208317850002,7099.280396975349,24.651162872712405,-9.628035824100095,-0.0037700525297882,2024-01-18 23:02:58.445,0.7765000870426775,2024_01_18,5,"(0.759, 0.793]",-9.628035824100095,-0.0037700525297882
0,0,1,1161.2787933584932,787.559059960929,9062.764573918592,9062.764573918592,203.7785552778772,391.0677490234375,5.369242807663267,5.261455258299427,503.2607217097135,203.7785552778772,2.4296209812164307,3.587709426879883,8567.65992049349,8.0538642114949,10.738485615326534,13.423107019158168,7.892182887449141,10.522910516598854,13.153638145748566,False,1.5,24.0,377.6151905799413,33.32271299695517,5.547305115897767,20.40796924470424,-9.83215554885913,-0.0025861987147232,1.761076,334.2725,34.54402,2024-01-18T23:06:49.120,24.0,Green,data\RZ_Cep\2024_01_18\Light\Green\reduced_images\RZ_Cep_Light_Green_24_secs_042_reduced.fits,2,0.979925,792.0,92.4809837798718,1199.9006404426532,798.5014874822257,1.0,V* RZ Cep,True,0.8382429500738936,0.0030614156852408,7181.780526984324,31.31474298415219,-9.640580322715865,-0.004734139406355,2024-01-18 23:06:49.120,0.785148661525227,2024_01_18,5,"(0.759, 0.793]",-9.640580322715865,-0.004734139406355
0,0,1,1155.9343161121428,752.4171402400173,9410.727022694547,9410.727022694547,227.71096157112385,336.6715087890625,5.675782873480234,5.561841532295119,543.5601846559418,227.71096157112387,2.391634225845337,3.749855518341065,8866.125693400896,8.51367431022035,11.351565746960468,14.189457183700585,8.342762298442677,11.123683064590235,13.904603830737797,False,1.5,24.0,392.11362594560615,34.33500906908661,6.198798398325037,20.800178687045403,-9.869334709795917,-0.0025471674829483,1.774514,334.6909,34.24461,2024-01-18T23:11:13.818,24.0,Green,data\RZ_Cep\2024_01_18\Light\Green\reduced_images\RZ_Cep_Light_Green_24_secs_043_reduced.fits,2,0.979925,792.0,127.83755849168216,1199.8422707504906,798.4619789415409,1.0,V* RZ Cep,True,0.8358347695250639,0.0046371468440779,7410.616125523985,44.638303407413225,-9.674635792819943,-0.0065399990105383,2024-01-18 23:11:13.818,0.7950728421615167,2024_01_18,5,"(0.793, 0.828]",-9.674635792819943,-0.0065399990105383
0,0,1,1184.8548840655762,799.6750908463961,9561.589132358788,9561.589132358788,215.85097751155104,355.6189270019531,5.525999158899754,5.415064725784842,531.5692331213409,215.8509775115511,2.4352564811706543,3.759364128112793,9035.936640406762,8.288998738349632,11.051998317799509,13.814997897249386,8.122597088677264,10.830129451569684,13.537661814462105,False,1.5,24.0,398.3995471816161,33.807233671559175,5.875943276703334,20.930425799058145,-9.889932942512637,-0.0025149491386891,1.784385,335.097,34.02822,2024-01-18T23:14:52.470,24.0,Green,data\RZ_Cep\2024_01_18\Light\Green\reduced_images\RZ_Cep_Light_Green_24_secs_044_reduced.fits,2,0.979925,792.0,82.98805468212488,1199.9446496036958,798.5172674643575,1.0,V* RZ Cep,True,0.8433256738078684,0.0032710227169656,7620.23735575624,34.42623054564433,-9.704921247472935,-0.0049050709514345,2024-01-18 23:14:52.470,0.8032706447313558,2024_01_18,5,"(0.793, 0.828]",-9.704921247472935,-0.0049050709514345
0,0,1,1149.2213558501958,761.2166018141393,9863.3708047717,9863.3708047717,210.71713976464275,429.00244140625,5.459888023900911,5.3502807718211,529.9028454932745,210.71713976464247,2.518951892852783,3.7752764225006095,9332.58446670503,8.189832035851367,10.919776047801822,13.649720059752276,8.025421157731651,10.7005615436422,13.37570192955275,False,1.5,24.0,410.9737835321542,28.86159148615613,5.736188804704163,21.108566124277942,-9.925004823245892,-0.0024557328737203,1.797074,335.4252,33.75432,2024-01-18T23:18:34.658,24.0,Green,data\RZ_Cep\2024_01_18\Light\Green\reduced_images\RZ_Cep_Light_Green_24_secs_045_reduced.fits,2,0.979925,792.0,119.69922308639804,1199.8908980225788,798.4816405167032,1.0,V* RZ Cep,True,0.8436651433263898,0.0029799309247081,7873.576211708338,33.02372455242605,-9.740430088915051,-0.0045538459777922,2024-01-18 23:18:34.658,0.8116010206590545,2024_01_18,5,"(0.793, 0.828]",-9.740430088915051,-0.0045538459777922
0,0,1,1208.593978957811,768.5125303819381,10255.986111765316,10255.986111765316,252.12266177505904,332.0323791503906,5.972274302473738,5.852380895851578,589.6084077287903,252.1226617750591,2.296470165252685,3.387051105499268,9676.9939410148,8.958411453710607,11.944548604947476,14.930685756184346,8.778571343777367,11.704761791703156,14.630952239628945,False,1.5,24.0,427.3327546568882,26.63382047556758,6.863339126098828,21.466949346811123,-9.964351172821358,-0.0024085417696456,1.809525,335.9463,33.49012,2024-01-18T23:23:20.741,24.0,Green,data\RZ_Cep\2024_01_18\Light\Green\reduced_images\RZ_Cep_Light_Green_24_secs_046_reduced.fits,2,0.979925,792.0,120.07530487626494,1199.945139110691,798.5367120885367,1.0,V* RZ Cep,True,0.8412093104834055,0.0032884870563273,8140.377400673153,36.58935344142194,-9.776611349824464,-0.0048801651059517,2024-01-18 23:23:20.741,0.8223269776706275,2024_01_18,5,"(0.793, 0.828]",-9.776611349824464,-0.0048801651059517
0,0,1,1177.699559999542,819.0427784207726,10500.000808347277,10500.000808347277,209.0876651449412,412.2736206054688,5.438736409404946,5.329553775986142,519.8440989373064,209.0876651449412,2.4623132944107056,3.932998418807984,9985.161470763593,8.158104614107419,10.877472818809892,13.596841023512363,7.994330663979213,10.659107551972284,13.323884439965354,False,1.5,24.0,437.5000336811365,33.84372190454408,5.691830884501176,21.84114434891592,-9.998387730676946,-0.0023748961138385,1.822594,336.3667,33.21753,2024-01-18T23:27:24.413,24.0,Green,data\RZ_Cep\2024_01_18\Light\Green\reduced_images\RZ_Cep_Light_Green_24_secs_047_reduced.fits,2,0.979925,792.0,62.47768247014347,1199.890124040865,798.4661883763714,1.0,V* RZ Cep,True,0.8423430190950121,0.0021873352764605,8410.931059434195,28.55698522833165,-9.81211018319083,-0.0036863163592769,2024-01-18 23:27:24.413,0.8314628417272161,2024_01_18,5,"(0.828, 0.862]",-9.81211018319083,-0.0036863163592769
0,0,1,1148.58325020109,815.9817947925059,11141.399310307685,11141.399310307685,303.3812796908734,281.94146728515625,6.551310661359457,6.419793099832666,706.0524176138459,303.3812796908736,2.3305346965789795,3.1967430114746094,10434.358711695571,9.826965992039185,13.102621322718914,16.378276653398643,9.629689649749,12.839586199665332,16.049482749581667,False,1.5,24.0,464.2249712628201,41.00195953197645,8.258712613807107,22.660221609874068,-10.046164406975125,-0.0023578854905674,1.835192,336.7853,32.95922,2024-01-18T23:31:30.988,24.0,Green,data\RZ_Cep\2024_01_18\Light\Green\reduced_images\RZ_Cep_Light_Green_24_secs_048_reduced.fits,2,0.979925,792.0,65.84836195647561,1199.8144719650434,798.4582854890176,1.0,V* RZ Cep,True,0.8482322912165952,0.0026612633941266,8850.759997397374,33.77196715673181,-9.867451410785415,-0.0041428586312077,2024-01-18 23:31:30.988,0.8407075464115223,2024_01_18,5,"(0.828, 0.862]",-9.867451410785415,-0.0041428586312077
0,0,1,1196.7618636572752,812.1940952080031,11098.747609424374,11098.747609424374,203.7582827443564,498.7589111328125,5.368975726414395,5.261193538706626,532.6654441568443,203.75828274435628,2.545054078102112,4.170024871826172,10580.171760978768,8.053463589621593,10.73795145282879,13.422439316035987,7.89179030805994,10.522387077413253,13.152983846766563,True,1.5,24.0,462.4478170593489,43.902535525986686,5.5467532524852565,22.62514322248195,-10.061231795486052,-0.0023217900133801,1.847353,337.2209,32.7139,2024-01-18T23:35:42.046,24.0,Green,data\RZ_Cep\2024_01_18\Light\Green\reduced_images\RZ_Cep_Light_Green_24_secs_049_reduced.fits,2,0.979925,792.0,75.30591235061983,1199.9375162435454,798.49555005465,1.0,V* RZ Cep,True,0.8574877328322975,0.0031129288588594,9072.36749629798,38.224675376443976,-9.89430158490762,-0.0045745406574708,2024-01-18 23:35:42.046,0.8501203298185374,2024_01_18,5,"(0.828, 0.862]",-9.89430158490762,-0.0045745406574708
0,0,1,1233.5174798997489,805.639208121253,11611.383276819566,11611.383276819566,206.88223739454824,474.5026245117188,5.40997685098792,5.301371565704337,536.5451387886599,206.8822373945484,2.520185947418213,3.8101344108581534,11090.001569367389,8.114965276481879,10.81995370197584,13.5249421274698,7.952057348556505,10.602743131408674,13.253428914260844,True,1.5,24.0,483.80763653414857,35.40094583933471,5.631794240184924,22.90939494211203,-10.112329019017524,-0.0022428815146842,1.859656,337.6563,32.46964,2024-01-18T23:39:54.751,24.0,Green,data\RZ_Cep\2024_01_18\Light\Green\reduced_images\RZ_Cep_Light_Green_24_secs_050_reduced.fits,2,0.979925,792.0,101.79492806837833,1199.9096667298095,798.416950017953,1.0,V* RZ Cep,True,0.8562150493991854,0.002340876831987,9495.42624155294,32.53769055254573,-9.943786161545026,-0.0037204594879079,2024-01-18 23:39:54.751,0.8595948633162607,2024_01_18,5,"(0.828, 0.862]",-9.943786161545026,-0.0037204594879079
0,0,1,1164.8595898169967,801.4635797193208,11791.379261098406,11791.379261098406,224.26225542373163,447.1656799316406,5.632638734268069,5.519563511677638,557.6831155982468,224.2622554237317,2.5165491104125977,3.5984394550323486,11227.01228171269,8.448958101402102,11.265277468536135,14.081596835670172,8.279345267516454,11.039127023355276,13.798908779194097,False,1.5,24.0,491.3074692124336,38.45787484022271,6.104916953201583,23.1488717004924,-10.125660494348775,-0.002238669333734,1.875345,338.0777,32.16372,2024-01-18T23:44:16.137,24.0,Green,data\RZ_Cep\2024_01_18\Light\Green\reduced_images\RZ_Cep_Light_Green_24_secs_051_reduced.fits,2,0.979925,792.0,78.54112429267205,1199.8429922876212,798.4423909221624,1.0,V* RZ Cep,True,0.8553414423644069,0.0026909716235095,9602.928878483044,36.12182923367721,-9.95600928097529,-0.0040840433452516,2024-01-18 23:44:16.137,0.8693948689071931,2024_01_18,5,"(0.862, 0.897]",-9.95600928097529,-0.0040840433452516
0,0,1,1160.2657349278606,777.0266379783236,12006.521625301111,12006.521625301111,215.1921869952129,479.3319091796875,5.517559869285505,5.406794854909599,554.5727047105653,215.19218699521304,2.5577632188797,3.951117038726807,11456.110964414473,8.276339803928257,11.03511973857101,13.793899673213764,8.110192282364398,10.813589709819198,13.516987137274,False,1.5,24.0,500.2717343875463,33.43583544063316,5.858009534869684,23.228550952718702,-10.147593028950892,-0.0022014520313023,1.887703,338.5542,31.92704,2024-01-18T23:48:45.357,24.0,Green,data\RZ_Cep\2024_01_18\Light\Green\reduced_images\RZ_Cep_Light_Green_24_secs_052_reduced.fits,2,0.979925,792.0,103.04105017747165,1199.8569073090566,798.3872652051842,1.0,V* RZ Cep,True,0.862095620982223,0.0032582426453019,9876.263095908149,42.35916805069645,-9.986481626696516,-0.0046567089099853,2024-01-18 23:48:45.357,0.8794885904731018,2024_01_18,5,"(0.862, 0.897]",-9.986481626696516,-0.0046567089099853
0,0,1,1181.7935709895994,770.1875568147777,12052.900913022246,12052.900913022246,211.8126458071341,492.5480346679688,5.4740624434857,5.364170639932724,556.9846251547986,211.8126458071341,2.581295728683472,4.566911697387695,11506.149835119146,8.21109366522855,10.9481248869714,13.68515610871425,8.046255959899087,10.728341279865448,13.410426599831812,True,1.5,24.0,502.2042047092602,36.78576844287822,5.766010913638649,23.340008227628736,-10.15232506296474,-0.002202395442022,1.903064,339.0576,31.63796,2024-01-18T23:53:38.411,24.0,Green,data\RZ_Cep\2024_01_18\Light\Green\reduced_images\RZ_Cep_Light_Green_24_secs_053_reduced.fits,2,0.979925,792.0,111.24470255643448,1199.7443477124125,798.3534954139088,1.0,V* RZ Cep,True,0.8669988360146303,0.0036556013851742,9975.81851405823,46.67643070967497,-9.997371349006006,-0.0050801135424587,2024-01-18 23:53:38.411,0.8904759074619051,2024_01_18,5,"(0.862, 0.897]",-9.997371349006006,-0.0050801135424587
0,0,1,1216.1192243141506,784.2819256095419,12030.150927066788,12030.150927066788,205.0586588453984,525.4891357421875,5.386080758485174,5.277955187258584,548.983044215966,205.0586588453984,2.6201378107070923,4.091455459594727,11492.868981613074,8.07912113772776,10.772161516970348,13.465201896212935,7.916932780887876,10.555910374517168,13.194887968146462,True,1.5,24.0,501.2562886277829,49.97693088342878,5.582152379680287,23.59693564619974,-10.151071139464849,-0.0022292125137261,1.922111,339.8314,31.2871,2024-01-19T00:00:41.273,24.0,Green,data\RZ_Cep\2024_01_18\Light\Green\reduced_images\RZ_Cep_Light_Green_24_secs_054_reduced.fits,2,0.979925,792.0,108.9879044120311,1199.8295581946174,798.333973075572,1.0,V* RZ Cep,True,0.8728513147460419,0.0023627261923442,10031.565800804976,34.08207172166668,-10.00342181549607,-0.0036887700221641,2024-01-19 00:00:41.273,0.9063300464138138,2024_01_18,5,"(0.897, 0.931]",-10.00342181549607,-0.0036887700221641
