Unnamed: 0.1,Unnamed: 0,id,xcenter,ycenter,aperture_sum,Circ_sum_flux,Circ_area (reduced pixs),Max_Flux,FWHM_from_aperature (reduced pix),FWHM_from_aperature (arcsec),Annu_sum_flux,Annu_area (reduced pix),Annu_pix_flux_median,Annu_pix_flux_max,Circ_sum_flux_minus_back,Apperature_radius (reduced pix),Anulus_in_radius (reduced pix),Anulus_out_radius (reduced pix),Apperature_radius (arcsec),Anulus_in_radius (arcsec),Anulus_out_radius (arcsec),Saturated,Number_FWHM,Exposure_sec,Er1_source,Er2_sky,Er3_read,Circ_sum_flux_minus_back_ERROR,Source_Mag,Source_Mag_Error,Air mass,Azimuth,Altitude,Date Observation,Exposure time /s ,Filter,File,BINNED,Arcsec_per_pix_binned_image,max_dist,Distance_to_centre_pix,xcenter_transformed,ycenter_transformed,matched_id,matched_MAIN_ID,matched_Normilsation_star,Norm_multiply_factor,Norm_multiply_factor_ERROR,Circ_sum_flux_minus_back_norm,Circ_sum_flux_minus_back_ERROR_norm,Source_Mag_norm,Source_Mag_Error_norm,time,phase,epoch_folder,epoch,phase_bin,Source_Mag_norm_calibrated,Source_Mag_Error_norm_calibrated
0,0,1,1182.5949184752417,896.4593824637445,24024.117951132605,24024.117951132605,226.3845644452709,775.8380126953125,5.659228252935051,5.54561924575738,3091.3720428632496,226.38456444527088,13.48203992843628,18.56088256835937,20971.99221409981,8.488842379402577,11.318456505870104,14.148070632337628,8.31842886863607,11.09123849151476,13.864048114393452,False,1.5,5.0,4804.8235902265205,688.0957393890164,141.98839882007388,75.06602246313315,-10.804099219522234,-0.0038862258531936,1.08652,320.1292,66.96391,2022-12-07T20:08:35.241,5.0,Luminance,data\RZ_Cep\2022_12_07\Light\Luminance\reduced_images\star_Light_Luminance_5_secs_001_reduced.fits,2,0.979925,792.0,24.83308809207396,1200.3989729986622,798.4730933343652,1.0,V* RZ Cep,True,0.7757806914084064,0.0043350200570048,16269.666620066067,107.96594453176688,-10.528446634869953,-0.0072049746068227,2022-12-07 20:08:35.241,0.0,2022_12_07,1,"(-0.001, 0.0345]",-10.528446634869953,-0.0072049746068227
0,0,1,1191.9343792600876,884.923296594258,22444.372128486844,22444.372128486844,155.4379549859474,1149.6416015625,4.6893466856135415,4.59520805089985,2158.4780212836267,155.43795498594747,13.835241794586182,19.584775924682617,20293.85043720026,7.034020028420312,9.378693371227085,11.723366714033856,6.892812076349775,9.1904161017997,11.488020127249625,False,1.5,5.0,4488.874425697369,552.0165149343898,97.49068536718616,71.68250571791519,-10.768411138403962,-0.0038350677682662,1.097515,319.0892,65.64736,2022-12-07T20:21:36.898,5.0,Luminance,data\RZ_Cep\2022_12_07\Light\Luminance\reduced_images\star_Light_Luminance_5_secs_002_reduced.fits,2,0.979925,792.0,28.36491484213273,1200.2889326842744,798.5673145687933,1.0,V* RZ Cep,True,0.8107151399752898,0.0041857232608225,16452.531797832406,102.92135814578194,-10.540581847086072,-0.0067919908105861,2022-12-07 20:21:36.898,0.029306248116378535,2022_12_07,1,"(-0.001, 0.0345]",-10.540581847086072,-0.0067919908105861
0,0,1,1192.147351717797,884.7175270398153,22461.41405956421,22461.41405956421,163.29718186413362,1134.1270751953125,4.806435841582323,4.709946642062558,2200.6406584878496,163.2971818641337,13.42220401763916,17.704971313476562,20269.60596907828,7.209653762373485,9.612871683164649,12.016089603955807,7.064919963093837,9.419893284125116,11.774866605156395,False,1.5,5.0,4492.282811912841,468.313834806785,102.4199924651846,71.15487783128302,-10.767113265773189,-0.0038113926400158,1.098866,318.9674,65.492,2022-12-07T20:23:10.168,5.0,Luminance,data\RZ_Cep\2022_12_07\Light\Luminance\reduced_images\star_Light_Luminance_5_secs_003_reduced.fits,2,0.979925,792.0,28.539945166323545,1200.1952053334924,798.4516714718175,1.0,V* RZ Cep,True,0.8279271245224025,0.0053819919422069,16781.756585181105,123.98115612766924,-10.562093543693534,-0.0080212598265456,2022-12-07 20:23:10.168,0.032803170374881466,2022_12_07,1,"(-0.001, 0.0345]",-10.562093543693534,-0.0080212598265456
0,0,1,1193.5016406971397,884.4407821568706,22185.98081248744,22185.98081248744,159.19233355453096,1190.53857421875,4.745640974156052,4.650372231599869,2165.0826544423144,159.19233355453105,13.518683433532717,18.80216407775879,20033.91005011839,7.1184614612340775,9.491281948312103,11.86410243539013,6.975558347399804,9.300744463199738,11.625930578999672,False,1.5,5.0,4437.196162497488,554.3926319064515,99.8454316054018,71.35428666877233,-10.754414298779109,-0.0038670400439637,1.102096,318.742,65.12566,2022-12-07T20:26:47.376,5.0,Luminance,data\RZ_Cep\2022_12_07\Light\Luminance\reduced_images\star_Light_Luminance_5_secs_004_reduced.fits,2,0.979925,792.0,29.83399654736012,1200.2581284814082,798.4728845098389,1.0,V* RZ Cep,True,0.8373754289023901,0.0049876682779861,16775.90402080979,116.4242545181867,-10.561714831889535,-0.0075349756463537,2022-12-07 20:26:47.376,0.04094683382427468,2022_12_07,1,"(0.0345, 0.069]",-10.561714831889535,-0.0075349756463537
0,0,1,1192.240493993341,883.569225999567,21889.402237696864,21889.402237696864,168.35351083607756,936.9850463867188,4.880281725605303,4.782310069963777,2241.4047655529566,168.3535108360776,13.153800964355469,18.01835250854492,19674.91366450864,7.320422588407954,9.760563451210606,12.200704314013258,7.173465104945665,9.564620139927554,11.955775174909444,False,1.5,5.0,4377.880447539373,545.211204331407,105.59132199638783,70.91320733027923,-10.73478208826902,-0.0039132591840995,1.103484,318.6617,64.97041,2022-12-07T20:28:17.576,5.0,Luminance,data\RZ_Cep\2022_12_07\Light\Luminance\reduced_images\star_Light_Luminance_5_secs_005_reduced.fits,2,0.979925,792.0,28.4651519445078,1200.251242726962,798.5108308373224,1.0,V* RZ Cep,True,0.8537267405021506,0.0052202586412373,16796.999912462183,119.22295890640912,-10.563079299878284,-0.0077064168362018,2022-12-07 20:28:17.576,0.04432865421364923,2022_12_07,1,"(0.0345, 0.069]",-10.563079299878284,-0.0077064168362018
0,0,1,1193.7767254344433,883.7424019553748,21335.041271784467,21335.041271784467,154.34680610708182,1048.23095703125,4.672858477290928,4.579050843359314,2069.292378343047,154.34680610708187,13.577273845672607,17.364471435546875,19239.432418063683,7.009287715936392,9.345716954581857,11.682146193227322,6.8685762650389695,9.158101686718627,11.447627108398285,False,1.5,5.0,4267.008254356893,495.3780688483001,96.8063167903617,69.70790945076143,-10.710480639454731,-0.0039338167261958,1.106855,318.4615,64.59869,2022-12-07T20:31:55.369,5.0,Luminance,data\RZ_Cep\2022_12_07\Light\Luminance\reduced_images\star_Light_Luminance_5_secs_006_reduced.fits,2,0.979925,792.0,30.010980490377428,1200.3607378444317,798.4763116752176,1.0,V* RZ Cep,True,0.887047110728809,0.0026315602188776,17066.282938505574,79.91769079060978,-10.580347353595045,-0.0050842664805619,2022-12-07 20:31:55.369,0.0524942507553682,2022_12_07,1,"(0.0345, 0.069]",-10.580347353595045,-0.0050842664805619
0,0,1,1193.7014107924897,883.3932028104774,21251.266440937623,21251.266440937623,159.2946992224436,1158.915283203125,4.747166527012705,4.651867158982925,2111.080626453637,159.29469922244368,13.135293006896973,19.432334899902344,19158.883892205304,7.120749790519056,9.49433305402541,11.867916317531762,6.977800738474387,9.30373431796585,11.629667897457312,False,1.5,5.0,4250.253288187525,612.307378829491,99.9096353523166,70.44480323181642,-10.7059255137385,-0.0039921152889789,1.10828,318.3848,64.44373,2022-12-07T20:33:26.636,5.0,Luminance,data\RZ_Cep\2022_12_07\Light\Luminance\reduced_images\star_Light_Luminance_5_secs_007_reduced.fits,2,0.979925,792.0,29.89460868412968,1200.2133081752256,798.4925955708322,1.0,V* RZ Cep,True,0.8872191871191539,0.0039637803435555,16998.12939295264,98.3533190259598,-10.576002827119517,-0.0062822065214354,2022-12-07 20:33:26.636,0.055916075605446335,2022_12_07,1,"(0.0345, 0.069]",-10.576002827119517,-0.0062822065214354
0,0,1,1194.1047935724866,882.6631983290714,20512.026491350087,20512.026491350087,147.77804301605323,1263.7333984375,4.572342558028323,4.480552781175905,1923.781403837476,147.7780430160533,12.846484661102297,19.020851135253903,18613.598128496644,6.8585138370424845,9.144685116056646,11.430856395070808,6.720829171763857,8.96110556235181,11.201381952939762,False,1.5,5.0,4102.405298270018,504.06027484270345,92.6863885796686,68.55036076996524,-10.674575832921844,-0.0039985610532354,1.111783,318.2076,64.06808,2022-12-07T20:37:04.548,5.0,Luminance,data\RZ_Cep\2022_12_07\Light\Luminance\reduced_images\star_Light_Luminance_5_secs_008_reduced.fits,2,0.979925,792.0,30.222362935118124,1200.300715605268,798.5032696200868,1.0,V* RZ Cep,True,0.9090751814042284,0.0049745348824387,16921.16009524849,111.61142352092024,-10.571075336133063,-0.007161480814503,2022-12-07 20:37:04.548,0.06408613375056149,2022_12_07,1,"(0.0345, 0.069]",-10.571075336133063,-0.007161480814503
0,0,1,1194.5980454192832,883.2965289087205,20672.27116730208,20672.27116730208,152.36842787921069,1120.80078125,4.642814133989316,4.54960964024948,2011.9172441973903,152.3684278792106,13.156328201293944,17.500526428222656,18667.662122608,6.964221200983975,9.285628267978632,11.60703533497329,6.824414460374221,9.09921928049896,11.374024100623702,False,1.5,5.0,4134.454233460417,496.7458333404065,95.56547796584093,68.75147667335345,-10.677724829309463,-0.0039986778668144,1.113272,318.1316,63.91066,2022-12-07T20:38:35.044,5.0,Luminance,data\RZ_Cep\2022_12_07\Light\Luminance\reduced_images\star_Light_Luminance_5_secs_009_reduced.fits,2,0.979925,792.0,30.775111475452764,1200.2586045301398,798.4776831635035,1.0,V* RZ Cep,True,0.9174674810334325,0.0041541958868471,17126.97294441238,99.96302089381533,-10.58420152917286,-0.0063369908549319,2022-12-07 20:38:35.044,0.06747905190972824,2022_12_07,1,"(0.0345, 0.069]",-10.58420152917286,-0.0063369908549319
0,0,1,1196.45827637121,881.7724695258212,20290.229309844704,20290.229309844704,157.47439823756514,1087.31982421875,4.719965055419621,4.625211756932073,1971.0709949514887,157.47439823756514,12.469062328338625,17.708192825317383,18326.671223102887,7.079947583129432,9.439930110839242,11.799912638549053,6.937817635398108,9.250423513864146,11.56302939233018,False,1.5,5.0,4058.0458619689407,572.1505704920004,98.76794257460084,68.76746596345936,-10.657708971908749,-0.0040740255880117,1.116851,317.9869,63.53756,2022-12-07T20:42:12.370,5.0,Luminance,data\RZ_Cep\2022_12_07\Light\Luminance\reduced_images\star_Light_Luminance_5_secs_010_reduced.fits,2,0.979925,792.0,32.506635525840274,1200.241249076499,798.4598331596006,1.0,V* RZ Cep,True,0.950507907184104,0.0054614326486335,17419.64590992267,119.54262554043288,-10.602598307085309,-0.0074508837454129,2022-12-07 20:42:12.370,0.0756271394700521,2022_12_07,1,"(0.069, 0.103]",-10.602598307085309,-0.0074508837454129
0,0,1,1196.4606733471494,881.9753327246221,20503.773378192105,20503.773378192105,195.38450422140195,802.0465087890625,5.257494937950364,5.151950727071011,2413.625273473359,195.38450422140187,12.396696090698242,17.182830810546875,18081.65105852764,7.886242406925546,10.514989875900728,13.143737344875907,7.727926090606516,10.303901454142022,12.879876817677523,False,1.5,5.0,4100.754675638421,581.3106060046974,122.5451610476633,69.31529732094339,-10.643095209827022,-0.0041621269872603,1.118366,317.9301,63.38183,2022-12-07T20:43:42.542,5.0,Luminance,data\RZ_Cep\2022_12_07\Light\Luminance\reduced_images\star_Light_Luminance_5_secs_011_reduced.fits,2,0.979925,792.0,32.5207203721458,1200.1885793228348,798.448796663704,1.0,V* RZ Cep,True,0.9429500690876298,0.0067644964093806,17050.094114857053,138.6815671321506,-10.57931695149582,-0.0088311300426644,2022-12-07 20:43:42.542,0.07900791007039226,2022_12_07,1,"(0.069, 0.103]",-10.57931695149582,-0.0088311300426644
0,0,1,1196.0984750079083,881.7147633500606,20305.035606188903,20305.035606188903,181.51053547861096,863.0169677734375,5.067394591979658,4.965666645545667,2236.6652719073627,181.51053547861085,12.238405227661133,16.33245086669922,18083.6361199119,7.601091887969487,10.134789183959317,12.668486479949143,7.4484999683185,9.931333291091336,12.414166613864166,False,1.5,5.0,4061.0071212377807,553.8392921924756,113.84340785218475,68.76546968706344,-10.64321439887176,-0.0041286586160751,1.122087,317.7924,63.00459,2022-12-07T20:47:19.368,5.0,Luminance,data\RZ_Cep\2022_12_07\Light\Luminance\reduced_images\star_Light_Luminance_5_secs_012_reduced.fits,2,0.979925,792.0,32.14424538202816,1200.2689928889229,798.4769368174368,1.0,V* RZ Cep,True,0.9746258783510848,0.006315082093191,17624.77973715054,132.41344705451584,-10.61530924542982,-0.0081570422784276,2022-12-07 20:47:19.368,0.08713725139795907,2022_12_07,1,"(0.069, 0.103]",-10.61530924542982,-0.0081570422784276
0,0,1,1194.450737757661,881.0614229752795,20013.35336198816,20013.35336198816,171.84103709536362,863.2021484375,4.930571342125677,4.831590122432504,2136.339567056234,171.84103709536365,12.415555000305176,16.435409545898438,17879.851514621187,7.395857013188515,9.861142684251352,12.326428355314192,7.247385183648755,9.663180244865009,12.07897530608126,False,1.5,5.0,4002.6706723976313,404.7962531397045,107.77869846621203,67.19557741401994,-10.6309097695602,-0.0040803846239085,1.123649,317.7492,62.84838,2022-12-07T20:48:49.599,5.0,Luminance,data\RZ_Cep\2022_12_07\Light\Luminance\reduced_images\star_Light_Luminance_5_secs_013_reduced.fits,2,0.979925,792.0,30.46923118029556,1200.2122109011764,798.541545106255,1.0,V* RZ Cep,True,0.978954794203068,0.0067157711223064,17503.566359877397,136.9148659703858,-10.60781636351788,-0.0084927507856002,2022-12-07 20:48:49.599,0.09052023405376457,2022_12_07,1,"(0.069, 0.103]",-10.60781636351788,-0.0084927507856002
0,0,1,1195.5183652966214,880.3897835002361,19539.065518778687,19539.065518778687,161.859879211014,1023.1077270507812,4.785236542597797,4.689172919005147,1972.9643449439857,161.859879211014,12.128565788269045,16.675045013427734,17575.937325286624,7.177854813896696,9.570473085195594,11.963091356494491,7.03375937850772,9.378345838010294,11.722932297512866,False,1.5,5.0,3907.813103755737,408.3008510459434,101.51851624114798,66.46527266958911,-10.612296238119397,-0.0041058267084664,1.1275,317.6443,62.46855,2022-12-07T20:52:27.371,5.0,Luminance,data\RZ_Cep\2022_12_07\Light\Luminance\reduced_images\star_Light_Luminance_5_secs_014_reduced.fits,2,0.979925,792.0,31.520775405251733,1200.2244254476834,798.4812925406019,1.0,V* RZ Cep,True,1.0164668427857753,0.0070766758993272,17865.35752203476,141.5433066539029,-10.630029279346877,-0.0086020496587197,2022-12-07 20:52:27.371,0.09868504325370775,2022_12_07,1,"(0.069, 0.103]",-10.630029279346877,-0.0086020496587197
0,0,1,1197.140263242151,880.4794771714978,19109.52983396781,19109.52983396781,143.92110118089838,1221.59375,4.512280001966859,4.421695980927375,1788.7950016084994,143.92110118089835,12.41170883178711,17.48114013671875,17323.223031360325,6.768420002950289,9.024560003933718,11.280700004917149,6.632543971391062,8.84339196185475,11.054239952318436,False,1.5,5.0,3821.9059667935617,377.6358957161073,90.26731466065944,65.49663485378717,-10.59657174208346,-0.0041050136929972,1.129101,317.5991,62.31284,2022-12-07T20:53:57.105,5.0,Luminance,data\RZ_Cep\2022_12_07\Light\Luminance\reduced_images\star_Light_Luminance_5_secs_015_reduced.fits,2,0.979925,792.0,33.1437316263128,1200.20017208051,798.4852096033485,1.0,V* RZ Cep,True,1.0515670195165634,0.0079175803395116,18216.530011508265,153.47951503186624,-10.651164134065583,-0.0091476404152461,2022-12-07 20:53:57.105,0.10204939215415271,2022_12_07,1,"(0.069, 0.103]",-10.651164134065583,-0.0091476404152461
0,0,1,1197.1879824665805,880.192188234213,18521.35433147962,18521.35433147962,157.4627427877566,937.5092163085938,4.719790378347011,4.625040586501696,1904.2786898648749,157.46274278775653,11.918365955352783,17.017200469970703,16644.65573860155,7.079685567520517,9.439580756694022,11.799475945867528,6.937560879752543,9.250081173003393,11.562601466254238,False,1.5,5.0,3704.270866295924,511.6468826250615,98.76063227648092,65.68621149980768,-10.553187042683076,-0.0042847325351009,1.133021,317.51,61.93681,2022-12-07T20:57:34.375,5.0,Luminance,data\RZ_Cep\2022_12_07\Light\Luminance\reduced_images\star_Light_Luminance_5_secs_016_reduced.fits,2,0.979925,792.0,33.18853893318307,1200.2468185870564,798.4616529082595,1.0,V* RZ Cep,True,1.0948379653964149,0.0079210117312987,18223.20102357428,150.18097283662118,-10.651561664958244,-0.0089477649543337,2022-12-07 20:57:34.375,0.1101953801364078,2022_12_07,1,"(0.103, 0.138]",-10.651561664958244,-0.0089477649543337
0,0,1,1198.786917368677,879.8891771254958,18473.18273620208,18473.18273620208,164.62074559561367,866.6130981445312,4.825875201868939,4.728995757191421,1955.105295846177,164.62074559561376,11.797675132751465,16.791259765625,16531.0406595537,7.238812802803409,9.65175040373788,12.064688004672348,7.093493635787131,9.457991514382842,11.822489392978552,False,1.5,5.0,3694.636547240415,509.8870644729535,103.25013163756888,65.63363271487368,-10.54575048518025,-0.0043107274826737,1.134735,317.474,61.7746,2022-12-07T20:59:06.785,5.0,Luminance,data\RZ_Cep\2022_12_07\Light\Luminance\reduced_images\star_Light_Luminance_5_secs_017_reduced.fits,2,0.979925,792.0,34.7870938959361,1200.263247566697,798.5189233745107,1.0,V* RZ Cep,True,1.104680747454365,0.0055220707306476,18261.52235199428,116.5757988460672,-10.653842447989112,-0.0069309974801719,2022-12-07 20:59:06.785,0.11366005887456858,2022_12_07,1,"(0.103, 0.138]",-10.653842447989112,-0.0069309974801719
0,0,1,1196.1086724060938,878.757799792407,18408.75755286224,18408.75755286224,173.06634246949767,869.8455810546875,4.948118734482642,4.848785250887903,2031.9458275308864,173.06634246949756,11.6712646484375,17.39411163330078,16388.854468163616,7.422178101723963,9.896237468965284,12.370296836206604,7.273177876331855,9.697570501775806,12.121963127219756,False,1.5,5.0,3681.751510572448,451.422127785225,108.54720999686892,65.12849490318767,-10.536371496869844,-0.0043146618340628,1.138825,317.4068,61.39301,2022-12-07T21:02:44.539,5.0,Luminance,data\RZ_Cep\2022_12_07\Light\Luminance\reduced_images\star_Light_Luminance_5_secs_018_reduced.fits,2,0.979925,792.0,32.132692153593226,1200.2878996426402,798.4662009619011,1.0,V* RZ Cep,True,1.1291819979888396,0.0084214699367597,18505.99943310931,156.3887802697448,-10.668281361319464,-0.009175238623051,2022-12-07 21:02:44.539,0.12182419321013249,2022_12_07,1,"(0.103, 0.138]",-10.668281361319464,-0.009175238623051
0,0,1,1198.1563470960346,878.9677265506377,18069.460248640986,18069.460248640986,167.23148255304807,839.092041015625,4.863991693057933,4.766347059819795,1981.1702715848985,167.23148255304804,11.861289501190186,16.492122650146484,16085.879220366049,7.2959875395869,9.727983386115866,12.159979232644831,7.149520589729693,9.53269411963959,11.915867649549488,False,1.5,5.0,3613.892049728197,432.4827228218763,104.88758585727172,64.43029069007329,-10.516112008776952,-0.0043488017239825,1.140519,317.3865,61.23704,2022-12-07T21:04:14.610,5.0,Luminance,data\RZ_Cep\2022_12_07\Light\Luminance\reduced_images\star_Light_Luminance_5_secs_019_reduced.fits,2,0.979925,792.0,34.17194222485819,1200.2609231648694,798.4672419363036,1.0,V* RZ Cep,True,1.1504349492321404,0.008208694818345,18505.75764423616,151.4260064484077,-10.668267175614476,-0.008884191650169,2022-12-07 21:04:14.610,0.12520117707145575,2022_12_07,1,"(0.103, 0.138]",-10.668267175614476,-0.008884191650169
0,0,1,1198.164694404887,877.9291181216302,17715.717199144667,17715.717199144667,147.8057873423701,1027.24072265625,4.572771751052596,4.480973358150215,1781.087319684873,147.8057873423701,11.933967590332031,16.253063201904297,15951.807723337311,6.859157626578893,9.145543502105191,11.431929377631487,6.721460037225323,8.96194671630043,11.202433395375538,False,1.5,5.0,3543.1434398289334,473.7824990248605,92.70378982113452,64.10639382054592,-10.507024765471098,-0.0043633069013,1.144706,317.3331,60.85693,2022-12-07T21:07:52.377,5.0,Luminance,data\RZ_Cep\2022_12_07\Light\Luminance\reduced_images\star_Light_Luminance_5_secs_020_reduced.fits,2,0.979925,792.0,34.22739977756854,1200.2560253070194,798.5690151227249,1.0,V* RZ Cep,True,1.2085604210794925,0.0060248317795179,19278.72345909564,123.4469430572784,-10.71269568426131,-0.0069522660941934,2022-12-07 21:07:52.377,0.13336579880907135,2022_12_07,1,"(0.103, 0.138]",-10.71269568426131,-0.0069522660941934
0,0,1,1200.9089408073824,878.7056165807267,17520.230511559916,17520.230511559916,157.304163785203,931.0578002929688,4.717413155095555,4.622711086007012,1856.260815197132,157.3041637852031,11.723567962646484,17.10879135131836,15676.064456616814,7.076119732643332,9.43482631019111,11.793532887738888,6.934066629010517,9.245422172014024,11.55677771501753,False,1.5,5.0,3504.046102311984,375.44143156551655,98.6611715260793,63.072566979659065,-10.488092601338884,-0.0043684541924642,1.146484,317.3123,60.69761,2022-12-07T21:09:21.938,5.0,Luminance,data\RZ_Cep\2022_12_07\Light\Luminance\reduced_images\star_Light_Luminance_5_secs_021_reduced.fits,2,0.979925,792.0,36.9316306160308,1200.2506909654153,798.4895584484018,1.0,V* RZ Cep,True,1.2335214634502367,0.0087133999007844,19336.76196966621,157.19534754930322,-10.715959378033189,-0.0088263319536927,2022-12-07 21:09:21.938,0.13672366151298235,2022_12_07,1,"(0.103, 0.138]",-10.715959378033189,-0.0088263319536927
0,0,1,1200.1461585982192,877.7188706067532,17117.831279963735,17117.831279963735,161.6355961924263,894.5367431640625,4.781920034057002,4.685922989373308,1898.7484326005435,161.63559619242636,11.56825065612793,16.08266830444336,15247.99018825707,7.172880051085503,9.563840068114004,11.954800085142503,7.028884484059962,9.371845978746617,11.71480747343327,False,1.5,5.0,3423.566255992747,425.4866511380252,101.37784593188977,62.852452243827855,-10.458031509588723,-0.0044754214894176,1.150782,317.2862,60.31791,2022-12-07T21:12:59.891,5.0,Luminance,data\RZ_Cep\2022_12_07\Light\Luminance\reduced_images\star_Light_Luminance_5_secs_022_reduced.fits,2,0.979925,792.0,36.218066385663846,1200.1828917819023,798.4921498326638,1.0,V* RZ Cep,True,1.2878959484412242,0.0108597706161773,19637.824785327823,184.31610160096284,-10.732733452002218,-0.0101904700146606,2022-12-07 21:12:59.891,0.1448952568491836,2022_12_07,1,"(0.138, 0.172]",-10.732733452002218,-0.0101904700146606
0,0,1,1200.8664049225404,877.4341309866563,17169.258803538673,17169.258803538673,170.87956033184102,836.3101806640625,4.9167583449244505,4.818054421150093,1913.3444478393856,170.8795603318409,11.162920951843262,16.320430755615234,15261.7437792686,7.375137517386676,9.8335166898489,12.291895862311126,7.227081631725139,9.636108842300183,12.04513605287523,False,1.5,5.0,3433.8517607077347,439.5328843448764,107.17566024013068,63.09168174405198,-10.4590103953918,-0.0044884073589051,1.152586,317.2751,60.16067,2022-12-07T21:14:30.217,5.0,Luminance,data\RZ_Cep\2022_12_07\Light\Luminance\reduced_images\star_Light_Luminance_5_secs_023_reduced.fits,2,0.979925,792.0,36.95558815262377,1200.181790231049,798.4139218006701,1.0,V* RZ Cep,True,1.321133213266442,0.0062405656345142,20162.79659915425,126.5648612271042,-10.7613769225274,-0.0068153270013257,2022-12-07 21:14:30.217,0.14828180128921295,2022_12_07,1,"(0.138, 0.172]",-10.7613769225274,-0.0068153270013257
0,0,1,1200.593194651879,877.1961532514993,17307.826724861494,17307.826724861494,174.26861026390753,805.1635131835938,4.965275934975788,4.865598020581149,1939.969702624948,174.26861026390742,11.143776893615724,15.701428413391112,15365.816212520038,7.447913902463681,9.930551869951575,12.413189837439468,7.298397030871723,9.731196041162296,12.163995051452872,False,1.5,5.0,3461.5653449722986,503.0038490372208,109.3012723575228,63.82687887063759,-10.466389085932452,-0.0045099558831178,1.157072,317.2542,59.77502,2022-12-07T21:18:08.369,5.0,Luminance,data\RZ_Cep\2022_12_07\Light\Luminance\reduced_images\star_Light_Luminance_5_secs_024_reduced.fits,2,0.979925,792.0,36.70045573857884,1200.193081121214,798.5351333795916,1.0,V* RZ Cep,True,1.3341883060480555,0.0057360914160768,20500.89230362786,122.55749211845097,-10.779431910457454,-0.0064906982772556,2022-12-07 21:18:08.369,0.15646085762605147,2022_12_07,1,"(0.138, 0.172]",-10.779431910457454,-0.0064906982772556
0,0,1,1202.4301514931255,876.902142998481,16918.29368066816,16918.29368066816,156.55174584071716,922.2026977539062,4.70611745617375,4.611642148241063,1792.4036666293266,156.55174584071716,11.35178279876709,15.957571983337402,15141.15226511655,7.059176184260625,9.4122349123475,11.765293640434376,6.917463222361594,9.223284296482126,11.529105370602656,False,1.5,5.0,3383.6587361336324,448.1693197888469,98.1892549912978,62.68985014269676,-10.45039731725952,-0.0044953408286897,1.15891,317.2518,59.61912,2022-12-07T21:19:37.773,5.0,Luminance,data\RZ_Cep\2022_12_07\Light\Luminance\reduced_images\star_Light_Luminance_5_secs_025_reduced.fits,2,0.979925,792.0,38.554808542987736,1200.2255611467842,798.5539801206265,1.0,V* RZ Cep,True,1.3449487030371752,0.0110363370925455,20364.07310145689,187.1692368437946,-10.77216161841649,-0.009979163590987,2022-12-07 21:19:37.773,0.1598128340128768,2022_12_07,1,"(0.138, 0.172]",-10.77216161841649,-0.009979163590987
0,0,1,1202.315170852154,875.9762241655826,17457.355526266485,17457.355526266485,169.33348700436886,867.34814453125,4.894465036047921,4.79620865044926,1898.82516943595,169.33348700436898,11.094435691833496,15.672910690307615,15578.696044222592,7.341697554071882,9.788930072095845,12.236162590119804,7.194312975673889,9.59241730089852,11.990521626123147,False,1.5,5.0,3491.471105253297,490.6641303092401,106.20596304914014,63.94013761802267,-10.48132775970559,-0.0044562216344704,1.163441,317.2525,59.23996,2022-12-07T21:23:15.372,5.0,Luminance,data\RZ_Cep\2022_12_07\Light\Luminance\reduced_images\star_Light_Luminance_5_secs_026_reduced.fits,2,0.979925,792.0,38.52587558246253,1200.2480581877678,798.4599361130875,1.0,V* RZ Cep,True,1.3667376423196516,0.0097131294315816,21291.99030189527,174.73983561477672,-10.820540649219302,-0.0089104570897516,2022-12-07 21:23:15.372,0.167971157016286,2022_12_07,1,"(0.138, 0.172]",-10.820540649219302,-0.0089104570897516
0,0,1,1201.4936355536229,875.7686759969458,17283.814405030993,17283.814405030993,152.82187392173543,880.2075805664062,4.649717472631893,4.556374394368808,1738.532861008348,152.82187392173535,11.395753860473633,15.80587387084961,15542.29394532256,6.974576208947839,9.299434945263783,11.624293681579733,6.834561591553212,9.112748788737616,11.39093598592202,False,1.5,5.0,3456.7628810061988,340.55646213526666,95.84987932371244,62.39526602607908,-10.478787795858471,-0.0043587387787384,1.165397,317.2496,59.07843,2022-12-07T21:24:47.098,5.0,Luminance,data\RZ_Cep\2022_12_07\Light\Luminance\reduced_images\star_Light_Luminance_5_secs_027_reduced.fits,2,0.979925,792.0,37.73164202425729,1200.284845705458,798.5561359905574,1.0,V* RZ Cep,True,1.391329509527495,0.0153170643530108,21624.452211877797,253.39703035905,-10.83736278694653,-0.0127227421690662,2022-12-07 21:24:47.098,0.1714101909080351,2022_12_07,1,"(0.138, 0.172]",-10.83736278694653,-0.0127227421690662
0,0,1,1202.2829377423598,875.596208055545,17607.334817307274,17607.334817307274,154.60479554348976,1009.3424072265624,4.676762169275114,4.582876168726917,1732.2351695367956,154.60479554348984,11.107715606689451,15.518159866333008,15890.02871697982,7.015143253912671,9.353524338550228,11.691905423187784,6.874314253090375,9.165752337453831,11.457190421817293,False,1.5,5.0,3521.4669634614547,419.86724151812285,96.96812776487675,63.54763829399527,-10.502811705198216,-0.0043420923178657,1.170073,317.2688,58.69758,2022-12-07T21:28:24.371,5.0,Luminance,data\RZ_Cep\2022_12_07\Light\Luminance\reduced_images\star_Light_Luminance_5_secs_028_reduced.fits,2,0.979925,792.0,38.53539549135885,1200.1669046215054,798.5509252406439,1.0,V* RZ Cep,True,1.416522782534242,0.0077852349826017,22508.58769272527,152.99207284267712,-10.880870614833777,-0.0073798069782927,2022-12-07 21:28:24.371,0.17955629136768675,2022_12_07,1,"(0.172, 0.207]",-10.880870614833777,-0.0073798069782927
0,0,1,1203.2155113567435,873.2869879948594,18092.201207337428,18092.201207337428,170.15614508913447,926.0813598632812,4.906339806902674,4.807845035279103,1923.5922186016755,170.15614508913444,11.180883884429932,17.806121826171875,16189.705106873604,7.35950971035401,9.812679613805347,12.265849517256685,7.211767552918654,9.615690070558204,12.019612588197756,False,1.5,5.0,3618.4402414674855,482.164564531908,106.72193419990512,64.86390938109804,-10.523097345536316,-0.0043499924385471,1.17496,317.296,58.3072,2022-12-07T21:32:07.596,5.0,Luminance,data\RZ_Cep\2022_12_07\Light\Luminance\reduced_images\star_Light_Luminance_5_secs_029_reduced.fits,2,0.979925,792.0,39.78593798255911,1200.2154294123611,798.3940697752428,1.0,V* RZ Cep,True,1.3982513671180077,0.0096735423472473,22637.277298923404,180.9779785890491,-10.887060477098837,-0.0086801226588949,2022-12-07 21:32:07.596,0.18792554698207847,2022_12_07,1,"(0.172, 0.207]",-10.887060477098837,-0.0086801226588949
0,0,1,1204.7971933303556,872.947624898732,18690.268976759053,18690.268976759053,179.0923168823105,765.60791015625,5.033525603532981,4.932477577042056,1978.4651721820496,179.09231688231048,10.995758056640623,15.700927734375,16721.01319051795,7.550288405299471,10.067051207065962,12.583814008832451,7.398716365563085,9.864955154084113,12.33119394260514,False,1.5,5.0,3738.0537953518105,458.0987726342125,112.32670114858514,65.63900722234156,-10.558156473684445,-0.00426210097281,1.179839,317.3243,57.92481,2022-12-07T21:35:44.370,5.0,Luminance,data\RZ_Cep\2022_12_07\Light\Luminance\reduced_images\star_Light_Luminance_5_secs_030_reduced.fits,2,0.979925,792.0,41.4022581292784,1200.100800309842,798.4261049590478,1.0,V* RZ Cep,True,1.389462824252322,0.0118883795181634,23233.2262120574,218.7092926097523,-10.915273802460971,-0.0102207328046507,2022-12-07 21:35:44.370,0.19605293870143856,2022_12_07,1,"(0.172, 0.207]",-10.915273802460971,-0.0102207328046507
0,0,1,1204.7708156402946,872.8787328771808,18933.11086580348,18933.11086580348,192.7981909036565,700.4942626953125,5.222582171173509,5.117738834087201,2110.195545235701,192.7981909036565,11.066338062286375,15.785259246826172,16799.54090746639,7.833873256760263,10.445164342347018,13.056455427933772,7.676608251130801,10.235477668174402,12.794347085218003,False,1.5,5.0,3786.622173160696,496.6705324739653,120.92302533477336,66.36426546696222,-10.563243534064908,-0.0042890508804104,1.181853,317.3397,57.76906,2022-12-07T21:37:15.029,5.0,Luminance,data\RZ_Cep\2022_12_07\Light\Luminance\reduced_images\star_Light_Luminance_5_secs_031_reduced.fits,2,0.979925,792.0,41.3880641418445,1200.1369534178516,798.5013351763824,1.0,V* RZ Cep,True,1.4271013095365013,0.0124869990253183,23974.64682865731,230.1643180870443,-10.949380545707378,-0.0104234166607978,2022-12-07 21:37:15.029,0.1994519681324841,2022_12_07,1,"(0.172, 0.207]",-10.949380545707378,-0.0104234166607978
0,0,1,1204.625892184015,871.1202142596476,18974.45499830113,18974.45499830113,164.60399060036048,937.3304443359376,4.8256296083584775,4.7287550939706815,1829.082402411551,164.6039906003604,11.034253120422363,15.978684425354004,17158.17290138513,7.238444412537716,9.651259216716957,12.064074020896191,7.093132640956022,9.457510187941365,11.821887734926705,False,1.5,5.0,3794.890999660226,468.34920972511486,103.23962290454608,66.07934497473387,-10.58617759964813,-0.0041813739515341,1.186818,317.3897,57.39013,2022-12-07T21:40:52.370,5.0,Luminance,data\RZ_Cep\2022_12_07\Light\Luminance\reduced_images\star_Light_Luminance_5_secs_032_reduced.fits,2,0.979925,792.0,41.58501786150595,1200.224356746989,798.4908902661001,1.0,V* RZ Cep,True,1.4668641267108955,0.009346988045253,25168.708308944853,187.3930914768964,-11.002152318897496,-0.0080838262115227,2022-12-07 21:40:52.370,0.20760061807979072,2022_12_07,1,"(0.207, 0.241]",-11.002152318897496,-0.0080838262115227
0,0,1,1206.5018113635,872.2369200272585,19084.56252933833,19084.56252933833,188.48994855153205,790.6419677734375,5.163900940190542,5.060235628816217,2067.90680357119,188.48994855153208,10.982685565948486,14.505685806274414,17014.43669205505,7.745851410285813,10.327801880381084,12.909752350476356,7.590353443224326,10.120471257632436,12.650589072040544,False,1.5,5.0,3816.912505867667,497.52461573834745,118.22089573152088,66.57820977870713,-10.577043938004811,-0.0042485316506821,1.188973,317.412,57.22786,2022-12-07T21:42:23.510,5.0,Luminance,data\RZ_Cep\2022_12_07\Light\Luminance\reduced_images\star_Light_Luminance_5_secs_033_reduced.fits,2,0.979925,792.0,43.20496938827439,1200.2145769394467,798.4722972418036,1.0,V* RZ Cep,True,1.4680020441431016,0.010565413098604,24977.22784388021,204.6162390301267,-10.993860588806868,-0.0088944722042436,2022-12-07 21:42:23.510,0.21101768138674853,2022_12_07,1,"(0.207, 0.241]",-10.993860588806868,-0.0088944722042436
0,0,1,1205.7356683662,869.8381954305725,19203.670071673325,19203.670071673325,192.75511919688188,751.7208862304688,5.221998768156052,5.117167142885319,2123.6891593129585,192.75511919688185,11.014720916748049,15.972768783569336,17080.526228445167,7.832998152234078,10.443997536312104,13.05499692039013,7.675750714327979,10.234334285770638,12.7929178572133,False,1.5,5.0,3840.734014334665,517.9578467601171,120.8960107602843,66.92972338098423,-10.581253116495674,-0.0042544370634297,1.194059,317.4707,56.85003,2022-12-07T21:46:01.368,5.0,Luminance,data\RZ_Cep\2022_12_07\Light\Luminance\reduced_images\star_Light_Luminance_5_secs_034_reduced.fits,2,0.979925,792.0,42.95495647862603,1200.247112484402,798.4770447543306,1.0,V* RZ Cep,True,1.5089019728427355,0.0112929882818012,25772.839723293,217.72845870046112,-11.027905682408583,-0.0091722787614911,2022-12-07 21:46:01.368,0.21918571493872596,2022_12_07,1,"(0.207, 0.241]",-11.027905682408583,-0.0091722787614911
0,0,1,1207.0685151990565,870.2876899915784,18891.95126808367,18891.95126808367,201.13496336227703,800.73486328125,5.334301882697067,5.227215772401924,2245.8731944980173,201.1349633622772,11.079527378082275,15.984745025634766,16663.470934821748,8.0014528240456,10.668603765394137,13.33575470674267,7.840823658602885,10.454431544803848,13.068039431004811,False,1.5,5.0,3778.3902536167343,458.502597748021,126.15184902082017,66.05334738213935,-10.554413670773515,-0.0043038158723815,1.196188,317.5021,56.69386,2022-12-07T21:47:31.591,5.0,Luminance,data\RZ_Cep\2022_12_07\Light\Luminance\reduced_images\star_Light_Luminance_5_secs_035_reduced.fits,2,0.979925,792.0,44.15003926556608,1200.1365356455935,798.4182023028065,1.0,V* RZ Cep,True,1.5432604448797551,0.009128713440011,25716.075568113883,183.11349111013212,-11.025511733224358,-0.0077310764759316,2022-12-07 21:47:31.591,0.22256839765480732,2022_12_07,1,"(0.207, 0.241]",-11.025511733224358,-0.0077310764759316
0,0,1,1207.0425010062406,869.1846922998443,18611.83853982373,18611.83853982373,167.50829386794527,873.25537109375,4.8680156101250045,4.770290196751745,1852.1058912227013,167.50829386794538,10.834791660308838,15.0111722946167,16796.921074390753,7.302023415187507,9.736031220250007,12.170039025312512,7.155435295127618,9.54058039350349,11.925725491879364,False,1.5,5.0,3722.367707964746,354.6618453081448,105.06120191397524,64.66908654981039,-10.563074203876036,-0.0041801451757022,1.201445,317.5694,56.31353,2022-12-07T21:51:08.374,5.0,Luminance,data\RZ_Cep\2022_12_07\Light\Luminance\reduced_images\star_Light_Luminance_5_secs_036_reduced.fits,2,0.979925,792.0,44.38048865798204,1200.3398234784108,798.4473349239223,1.0,V* RZ Cep,True,1.5815484650260498,0.0145611299120966,26565.144742366403,265.1057770543787,-11.060780466353124,-0.0108350601146709,2022-12-07 21:51:08.374,0.230696126806357,2022_12_07,1,"(0.207, 0.241]",-11.060780466353124,-0.0108350601146709
0,0,1,1207.2798999821157,869.9964467309053,17971.83610389934,17971.83610389934,166.41816081068328,936.0755615234376,4.852149389775141,4.7547424907754055,1828.530692308888,166.41816081068333,11.044036865234377,14.983159065246582,16133.90780086165,7.278224084662711,9.704298779550282,12.130373474437851,7.132113736163108,9.509484981550813,11.886856226938514,False,1.5,5.0,3594.367220779868,388.0441113892813,104.37747046046051,63.92799701718809,-10.519348926966192,-0.0043020538927044,1.203761,317.6117,56.14821,2022-12-07T21:52:44.266,5.0,Luminance,data\RZ_Cep\2022_12_07\Light\Luminance\reduced_images\star_Light_Luminance_5_secs_037_reduced.fits,2,0.979925,792.0,44.42095024275768,1200.1866870595277,798.4655599789684,1.0,V* RZ Cep,True,1.675054625115598,0.0176616968347418,27025.176883021933,304.4084334309095,-11.079421362860222,-0.0122296056984285,2022-12-07 21:52:44.266,0.23429135430943798,2022_12_07,1,"(0.207, 0.241]",-11.079421362860222,-0.0122296056984285
0,0,1,1206.4652174777098,867.95531763257,16311.050865306472,16311.050865306472,146.0484839761251,904.5589599609376,4.545507003221512,4.45425595013184,1574.5450230224494,146.04848397612517,10.800716400146484,15.439489364624023,14733.622609209006,6.818260504832267,9.091014006443023,11.36376750805378,6.68138392519776,8.90851190026368,11.1356398753296,False,1.5,5.0,3262.2101730612944,397.0652631447173,91.60160914982563,61.2444041962679,-10.42077385382752,-0.0045131648026037,1.209118,317.6904,55.77083,2022-12-07T21:56:21.370,5.0,Luminance,data\RZ_Cep\2022_12_07\Light\Luminance\reduced_images\star_Light_Luminance_5_secs_038_reduced.fits,2,0.979925,792.0,44.14033380890392,1200.2530657380985,798.4899267925543,1.0,V* RZ Cep,True,1.8409695587896813,0.007250364554833,27124.150714249176,155.31822731931604,-11.08339037212861,-0.0062171392732619,2022-12-07 21:56:21.370,0.24243111854241772,2022_12_07,1,"(0.241, 0.276]",-11.08339037212861,-0.0062171392732619
0,0,1,1208.7422246889157,868.0899629704364,16045.52866162243,16045.52866162243,146.31069406388104,897.34423828125,4.549585591626042,4.458252660874149,1541.6416999402072,146.310694063881,10.627341270446776,16.359865188598633,14490.634984289634,6.824378387439063,9.099171183252084,11.373963979065104,6.687378991311224,8.916505321748298,11.145631652185372,False,1.5,5.0,3209.105732324486,362.2213387185135,91.76606731686616,60.5234924501211,-10.402718542030392,-0.0045348286712587,1.211428,317.7311,55.61028,2022-12-07T21:57:53.252,5.0,Luminance,data\RZ_Cep\2022_12_07\Light\Luminance\reduced_images\star_Light_Luminance_5_secs_039_reduced.fits,2,0.979925,792.0,46.3002770203265,1200.2028201062908,798.5588337436932,1.0,V* RZ Cep,True,1.886326290854613,0.0165331411786076,27334.06574204316,265.3877148126376,-11.091760586550352,-0.010541463278436,2022-12-07 21:57:53.252,0.24587600125878706,2022_12_07,1,"(0.241, 0.276]",-11.091760586550352,-0.010541463278436
0,0,1,1207.9475800765365,867.6887751873986,16037.050062536777,16037.050062536777,188.3465154382956,655.235107421875,5.1619358079558335,5.0583099466111205,1911.6109545450165,188.34651543829568,10.079533576965332,14.533452987670898,14138.605036072056,7.74290371193375,10.323871615911669,12.904839519889585,7.58746491991668,10.11661989322224,12.645774866527802,False,1.5,5.0,3207.4100125073555,426.6155028530307,118.13093448289898,61.25484837825726,-10.3760164064277,-0.0047039015823388,1.21691,317.8296,55.23424,2022-12-07T22:01:31.374,5.0,Luminance,data\RZ_Cep\2022_12_07\Light\Luminance\reduced_images\star_Light_Luminance_5_secs_040_reduced.fits,2,0.979925,792.0,45.63941335041435,1200.2059864320445,798.5444920094828,1.0,V* RZ Cep,True,1.9630493942216332,0.012945955945209,27754.780051200185,219.0022643866405,-11.108344475050751,-0.0085671256241248,2022-12-07 22:01:31.374,0.25405393282166017,2022_12_07,1,"(0.241, 0.276]",-11.108344475050751,-0.0085671256241248
0,0,1,1207.976945637455,867.5211391481622,15682.384172938964,15682.384172938964,183.5419500176376,636.8375244140625,5.095672116613174,4.9933764988721645,1846.446941219941,183.5419500176375,9.990412712097168,14.426092147827148,13848.724342279656,7.643508174919761,10.191344233226348,12.739180291532934,7.490064748308248,9.986752997744327,12.48344124718041,False,1.5,5.0,3136.476834587793,504.03107751065215,115.11751105106228,61.28315774459984,-10.353524426890342,-0.0048045828237103,1.219334,317.867,55.07017,2022-12-07T22:03:05.408,5.0,Luminance,data\RZ_Cep\2022_12_07\Light\Luminance\reduced_images\star_Light_Luminance_5_secs_041_reduced.fits,2,0.979925,792.0,45.71316785959159,1200.1567259087906,798.530818305055,1.0,V* RZ Cep,True,1.9620833679721508,0.025913145983811,27172.35169961797,378.472826038092,-11.08531806788583,-0.0151227856274383,2022-12-07 22:03:05.408,0.2575794993238159,2022_12_07,1,"(0.241, 0.276]",-11.08531806788583,-0.0151227856274383
0,0,1,1209.9675889847515,867.3027945986298,15394.61106978443,15394.61106978443,179.1319072673857,738.282958984375,5.034081931711609,4.933022736932498,1808.3383033296204,179.1319072673856,10.153608322143556,14.317790031433104,13575.775845392856,7.551122897567414,10.068163863423218,12.585204829279022,7.3995341053987485,9.866045473864997,12.332556842331243,False,1.5,5.0,3078.922213956886,420.8269195107301,112.3515322381043,60.10075428566368,-10.331911646433916,-0.0048066177288395,1.224975,317.9794,54.69337,2022-12-07T22:06:42.370,5.0,Luminance,data\RZ_Cep\2022_12_07\Light\Luminance\reduced_images\star_Light_Luminance_5_secs_042_reduced.fits,2,0.979925,792.0,47.68897421915943,1200.1537773646703,798.5323104668568,1.0,V* RZ Cep,True,1.995034083104588,0.0156934548808884,27084.135516146744,244.4737133193232,-11.081787445335204,-0.0098003483073774,2022-12-07 22:06:42.370,0.26571393962669265,2022_12_07,1,"(0.241, 0.276]",-11.081787445335204,-0.0098003483073774
0,0,1,1207.0866388267814,866.5660638590919,15682.26035041469,15682.26035041469,212.88626722394133,557.1368408203125,5.4879181841222735,5.377748226576019,2103.7427847983054,212.88626722394127,9.835269927978516,14.311530113220217,13588.46644830746,8.231877276183411,10.975836368244549,13.719795460305685,8.066622339864029,10.755496453152038,13.444370566440046,False,1.5,5.0,3136.452070082938,454.741523765078,133.522266802856,61.030450274030194,-10.332926115963236,-0.0048764126332636,1.227363,318.0189,54.53598,2022-12-07T22:08:13.439,5.0,Luminance,data\RZ_Cep\2022_12_07\Light\Luminance\reduced_images\star_Light_Luminance_5_secs_043_reduced.fits,2,0.979925,792.0,45.1323507655817,1200.171294410639,798.4705620923246,1.0,V* RZ Cep,True,1.9805923475212583,0.0228223851881774,26913.21266206713,332.8457340268901,-11.074913857762123,-0.0134277043982059,2022-12-07 22:08:13.439,0.269128340968599,2022_12_07,1,"(0.241, 0.276]",-11.074913857762123,-0.0134277043982059
0,0,1,1208.4293095565054,866.1434131009117,15348.6438025806,15348.6438025806,190.12548682517905,579.1680908203125,5.186256285048462,5.082142190126115,1910.556669139471,190.125486825179,9.93185806274414,14.289471626281738,13460.34445332279,7.779384427572694,10.372512570096925,12.965640712621155,7.623213285189172,10.16428438025223,12.705355475315288,False,1.5,5.0,3069.72876051612,479.722250222305,119.24670533675229,60.56977559868599,-10.3226404343156,-0.0048856697917069,1.233108,318.1357,54.16218,2022-12-07T22:11:50.376,5.0,Luminance,data\RZ_Cep\2022_12_07\Light\Luminance\reduced_images\star_Light_Luminance_5_secs_044_reduced.fits,2,0.979925,792.0,46.53996721270614,1200.1774552758245,798.4972440672315,1.0,V* RZ Cep,True,2.0071512279956187,0.020158612627014,27016.946898730854,297.3320223049613,-11.07909067297044,-0.0119489497706942,2022-12-07 22:11:50.376,0.27726184395983783,2022_12_07,1,"(0.276, 0.31]",-11.07909067297044,-0.0119489497706942
0,0,1,1210.4310034460475,864.8521479375479,14783.96699679389,14783.96699679389,170.91525580600353,701.3256225585938,4.917271855304522,4.818557622809284,1717.2883924179189,170.91525580600344,10.105075359344482,13.820402145385742,13056.855456812584,7.375907782956783,9.834543710609044,12.293179638261304,7.227836434213926,9.637115245618569,12.046394057023209,False,1.5,5.0,2956.793399358778,397.5788311239454,107.1980484415254,58.83511093661886,-10.289596490933002,-0.004892403861415,1.235533,318.1918,54.00647,2022-12-07T22:13:20.692,5.0,Luminance,data\RZ_Cep\2022_12_07\Light\Luminance\reduced_images\star_Light_Luminance_5_secs_045_reduced.fits,2,0.979925,792.0,48.839487129911895,1200.195552697037,798.4552108563654,1.0,V* RZ Cep,True,2.019005116715254,0.0272507288265186,26361.85797551609,375.114120297249,-11.05244003985028,-0.0154494035170427,2022-12-07 22:13:20.692,0.28064801347521207,2022_12_07,1,"(0.276, 0.31]",-11.05244003985028,-0.0154494035170427
0,0,1,1208.7961958568944,864.8697849896321,14867.677548141572,14867.677548141572,218.6164009598732,490.3327026367188,5.561285291387122,5.449642489162526,1886.3667587592863,218.6164009598732,8.73558521270752,12.21318817138672,12957.935348661167,8.341927937080683,11.122570582774244,13.903213228467806,8.174463733743789,10.899284978325053,13.624106222906317,False,1.5,5.0,2973.5355096283147,492.4968085150071,137.11620668203247,60.02623197257474,-10.281339521946997,-0.0050295553677514,1.24143,318.3199,53.63268,2022-12-07T22:16:58.376,5.0,Luminance,data\RZ_Cep\2022_12_07\Light\Luminance\reduced_images\star_Light_Luminance_5_secs_046_reduced.fits,2,0.979925,792.0,47.28237059950789,1200.2151635007597,798.5617992963264,1.0,V* RZ Cep,True,2.023489414870493,0.0371607108741134,26220.245016592064,496.6090010784376,-11.046591864157165,-0.0205637427010477,2022-12-07 22:16:58.376,0.28880952333819,2022_12_07,1,"(0.276, 0.31]",-11.046591864157165,-0.0205637427010477
0,0,1,1209.9365071555303,865.010748961762,14574.122208612374,14574.122208612374,194.05275943712405,551.3703002929688,5.239546705163698,5.1343628050575365,1746.4916188433358,194.052759437124,8.889315128326416,13.44085693359375,12849.12607845446,7.859320057745547,10.479093410327396,13.098866762909244,7.701544207586306,10.268725610115071,12.835907012643842,False,1.5,5.0,2914.824441722475,455.7718575840216,121.7098907189642,59.09573749455591,-10.272183976325566,-0.0049935210653983,1.243937,318.3671,53.47581,2022-12-07T22:18:29.720,5.0,Luminance,data\RZ_Cep\2022_12_07\Light\Luminance\reduced_images\star_Light_Luminance_5_secs_047_reduced.fits,2,0.979925,792.0,48.320185599161405,1200.2096936592611,798.5628002280253,1.0,V* RZ Cep,True,2.045243714639576,0.0183022254601121,26279.59435057044,264.409141958684,-11.049046643023342,-0.0109240110202592,2022-12-07 22:18:29.720,0.29223423510811275,2022_12_07,1,"(0.276, 0.31]",-11.049046643023342,-0.0109240110202592
0,0,1,1209.74542603825,863.6023150376135,14311.394913052203,14311.394913052203,173.74700938683714,703.94970703125,4.957839618341761,4.85831098800355,1597.1030604904247,173.74700938683714,9.050966262817385,13.761519432067873,12738.816592826526,7.436759427512641,9.915679236683522,12.394599045854402,7.287466482005325,9.7166219760071,12.145777470008875,False,1.5,5.0,2862.278982610441,366.3951457479096,108.97412428742425,57.77238313109279,-10.262822712251705,-0.0049239713550713,1.249991,318.511,53.102,2022-12-07T22:22:07.370,5.0,Luminance,data\RZ_Cep\2022_12_07\Light\Luminance\reduced_images\star_Light_Luminance_5_secs_048_reduced.fits,2,0.979925,792.0,48.5955561296163,1200.1953238612352,798.5269602911279,1.0,V* RZ Cep,True,2.104686514843596,0.0210425385550779,26811.215497987825,294.34567188747195,-11.070791258390877,-0.0119197040024563,2022-12-07 22:22:07.370,0.3003944702272631,2022_12_07,1,"(0.276, 0.31]",-11.070791258390877,-0.0119197040024563
0,0,1,1210.7823859702387,864.4870603696924,14561.260158440917,14561.260158440917,226.9639086240656,477.4627685546875,5.666464934525055,5.552710650964465,1989.373482449812,226.96390862406565,8.613723754882812,12.80218505859375,12606.255747224752,8.499697401787582,11.33292986905011,14.166162336312638,8.329065976446698,11.10542130192893,13.881776627411163,False,1.5,5.0,2912.252031688184,390.3631663747951,142.3517634890139,58.69384091667534,-10.25146528388217,-0.0050551114746008,1.252549,318.5651,52.94611,2022-12-07T22:23:37.954,5.0,Luminance,data\RZ_Cep\2022_12_07\Light\Luminance\reduced_images\star_Light_Luminance_5_secs_049_reduced.fits,2,0.979925,792.0,49.28735063930659,1200.263121010744,798.5408895550673,1.0,V* RZ Cep,True,2.070127014829045,0.0259167491709418,26096.550578173865,348.5751637182508,-11.04145776605959,-0.0145023256692371,2022-12-07 22:23:37.954,0.3037906877233951,2022_12_07,1,"(0.276, 0.31]",-11.04145776605959,-0.0145023256692371
0,0,1,1212.0596308368831,863.5729655051218,13923.164384294869,13923.164384294869,175.9234530798002,658.6844482421875,4.988795193092022,4.8886451295907,1606.7147178484,175.9234530798003,8.989519119262695,12.435661315917969,12341.697139307287,7.483192789638033,9.977590386184044,12.471987982730056,7.33296769438605,9.7772902591814,12.22161282397675,False,1.5,5.0,2784.6328768589733,376.0184164470408,110.33918977165068,57.19257367069316,-10.228437211957084,-0.005031402665019,1.258693,318.713,52.57653,2022-12-07T22:27:15.423,5.0,Luminance,data\RZ_Cep\2022_12_07\Light\Luminance\reduced_images\star_Light_Luminance_5_secs_050_reduced.fits,2,0.979925,792.0,50.78952232964419,1200.2435398783928,798.4742991002518,1.0,V* RZ Cep,True,2.1302471563355385,0.0185701287117658,26290.8652353638,259.5577740125252,-11.049512197555815,-0.0107189805260864,2022-12-07 22:27:15.423,0.31194413670628757,2022_12_07,1,"(0.31, 0.345]",-11.049512197555815,-0.0107189805260864
0,0,1,1211.38690230504,862.7293439958255,14037.467143635968,14037.467143635968,184.1075918761784,626.2319946289062,5.103518029128017,5.001064904693272,1685.4554497004362,184.10759187617847,9.085827350616457,14.049473762512209,12364.697349911254,7.655277043692025,10.207036058256032,12.758795072820044,7.501597357039908,10.002129809386544,12.50266226173318,False,1.5,5.0,2807.493428727193,364.3977206382102,115.47228162473904,57.335533755169166,-10.23045872655686,-0.0050345967277206,1.261272,318.772,52.42336,2022-12-07T22:28:45.892,5.0,Luminance,data\RZ_Cep\2022_12_07\Light\Luminance\reduced_images\star_Light_Luminance_5_secs_051_reduced.fits,2,0.979925,792.0,50.4360393853634,1200.1227268607522,798.4759943719148,1.0,V* RZ Cep,True,2.158152824714995,0.0234004709442799,26684.906512456982,314.6883971645054,-11.065664214102044,-0.0128038142408073,2022-12-07 22:28:45.892,0.31533604256888537,2022_12_07,1,"(0.31, 0.345]",-11.065664214102044,-0.0128038142408073
0,0,1,1209.4945528561316,861.3120655730878,13827.274232707568,13827.274232707568,179.44005979646144,644.771484375,5.038410023040744,4.937263941828202,1594.043317854072,179.44005979646133,8.807817459106445,13.452167510986328,12246.79894116919,7.557615034561117,10.076820046081489,12.59602505760186,7.405895912742303,9.874527883656404,12.343159854570503,False,1.5,5.0,2765.4548465415137,394.95688121550455,112.5448055043406,57.20975907361749,-10.220056469944108,-0.0050719136478112,1.267608,318.9277,52.05192,2022-12-07T22:32:23.509,5.0,Luminance,data\RZ_Cep\2022_12_07\Light\Luminance\reduced_images\star_Light_Luminance_5_secs_052_reduced.fits,2,0.979925,792.0,49.18326171294376,1200.251377846459,798.5199322260376,1.0,V* RZ Cep,True,2.1924348811054752,0.0168766461144258,26850.309180504933,241.76640808026076,-11.072373227380751,-0.009776220474126,2022-12-07 22:32:23.509,0.3234950404366739,2022_12_07,1,"(0.31, 0.345]",-11.072373227380751,-0.009776220474126
0,0,1,1212.1873460118377,861.7775918559266,13777.094882437848,13777.094882437848,176.49188528069465,682.209228515625,4.996848425249239,4.8965366931123615,1595.370268892614,176.49188528069473,8.955785751342773,14.469267845153809,12196.47137101338,7.495272637873859,9.99369685049848,12.4921210631231,7.344805039668541,9.793073386224725,12.241341732780905,False,1.5,5.0,2755.4189764875696,386.8348859216616,110.69571044805168,57.03463485337031,-10.215585501736244,-0.0050772527644869,1.270319,318.9936,51.89508,2022-12-07T22:33:55.369,5.0,Luminance,data\RZ_Cep\2022_12_07\Light\Luminance\reduced_images\star_Light_Luminance_5_secs_053_reduced.fits,2,0.979925,792.0,51.5177297076816,1200.1928477890383,798.499517566232,1.0,V* RZ Cep,True,2.2341181582552254,0.0287143908463587,27248.358156621,372.6746744869326,-11.08835084772419,-0.0148495694441903,2022-12-07 22:33:55.369,0.3269390983188019,2022_12_07,1,"(0.31, 0.345]",-11.08835084772419,-0.0148495694441903
0,0,1,1212.2774623209073,861.5284979751041,14466.870891267912,14466.870891267912,238.12157084321663,431.1092224121094,5.804077115385155,5.687560267293798,2088.813099992256,238.1215708432166,8.755643844604492,12.925816535949709,12381.96322524695,8.706115673077733,11.60815423077031,14.510192788462888,8.531340400940698,11.375120534587596,14.218900668234497,False,1.5,5.0,2893.3741782535826,502.054229608822,149.34984923286547,59.538040420350335,-10.231973774532218,-0.0052207073198957,1.276735,319.1531,51.52864,2022-12-07T22:37:32.444,5.0,Luminance,data\RZ_Cep\2022_12_07\Light\Luminance\reduced_images\star_Light_Luminance_5_secs_054_reduced.fits,2,0.979925,792.0,51.69051900689675,1200.0474082497471,798.4824630589746,1.0,V* RZ Cep,True,2.20070668188194,0.035271135832147,27249.06920461742,455.957529082977,-11.088379179724082,-0.0181675782552439,2022-12-07 22:37:32.444,0.33507777527028165,2022_12_07,1,"(0.31, 0.345]",-11.088379179724082,-0.0181675782552439
0,0,1,1212.0315505807494,861.201726722288,14576.651543593658,14576.651543593658,254.6923843480794,408.9778442382813,6.002632899124458,5.882130043674534,2259.815587997511,254.69238434807937,8.90762710571289,12.758098602294922,12307.94675715606,9.003949348686687,12.005265798248915,15.006582247811144,8.823195065511802,11.764260087349069,14.705325109186337,False,1.5,5.0,2915.3303087187314,499.5586909357893,159.7430634631154,59.78822679355557,-10.225464022171543,-0.0052741731605485,1.279508,319.2295,51.37227,2022-12-07T22:39:05.170,5.0,Luminance,data\RZ_Cep\2022_12_07\Light\Luminance\reduced_images\star_Light_Luminance_5_secs_055_reduced.fits,2,0.979925,792.0,51.57911330582008,1200.1958369562008,798.4074106829592,1.0,V* RZ Cep,True,2.242815292915984,0.0152374434130029,27604.4512113453,230.54946288746916,-11.10244779399074,-0.0090679541834755,2022-12-07 22:39:05.170,0.33855430162754496,2022_12_07,1,"(0.31, 0.345]",-11.10244779399074,-0.0090679541834755
0,0,1,1213.149264010569,860.9046792219962,13893.697479044244,13893.697479044244,200.1888866740714,515.9408569335938,5.321741641918177,5.21490767845667,1820.1073581504777,200.1888866740714,9.18572998046875,14.389753341674805,12054.816420965566,7.982612462877265,10.643483283836352,13.304354104795442,7.822361517685004,10.42981535691334,13.037269196141674,False,1.5,5.0,2778.739495808849,434.1489228486125,125.55846972197756,57.779294633799736,-10.202901502572,-0.0052039840241945,1.286057,319.4044,51.00779,2022-12-07T22:42:42.379,5.0,Luminance,data\RZ_Cep\2022_12_07\Light\Luminance\reduced_images\star_Light_Luminance_5_secs_056_reduced.fits,2,0.979925,792.0,52.7283740351952,1200.070190189501,798.5041481769166,1.0,V* RZ Cep,True,2.202439230907362,0.0240932698823892,26550.000606920843,317.0950882037834,-11.060161338363152,-0.0129672922690659,2022-12-07 22:42:42.379,0.3466980025694037,2022_12_07,1,"(0.345, 0.379]",-11.060161338363152,-0.0129672922690659
0,0,1,1214.9499634440826,858.5208331802487,14306.75601093725,14306.75601093725,220.7645000209381,511.7503356933594,5.588540770584284,5.476350814614804,2024.187704855056,220.76450002093807,9.065995216369627,13.76406955718994,12305.306109803192,8.382811155876425,11.177081541168567,13.97135192646071,8.214526221922206,10.952701629229608,13.690877036537012,False,1.5,5.0,2861.35120218745,539.5880032404192,138.46349441313237,59.49287940452203,-10.225231054472273,-0.0052492455302139,1.29278,319.5738,50.6404,2022-12-07T22:46:20.354,5.0,Luminance,data\RZ_Cep\2022_12_07\Light\Luminance\reduced_images\star_Light_Luminance_5_secs_057_reduced.fits,2,0.979925,792.0,55.29243512655292,1200.2863575596916,798.4869036174282,1.0,V* RZ Cep,True,2.23081046494,0.0229065600688524,27450.805644039086,311.55392447241445,-11.09638773732285,-0.0123226028379838,2022-12-07 22:46:20.354,0.3548704227398462,2022_12_07,1,"(0.345, 0.379]",-11.09638773732285,-0.0123226028379838
0,0,1,1215.7098307192243,858.2072097310237,14219.687011665495,14219.687011665495,211.7250689754597,509.7176208496094,5.4729306635408905,5.363061580470308,1928.8523855885,211.7250689754596,9.134601593017578,13.031205177307127,12285.662859320504,8.209395995311336,10.94586132708178,13.682326658852226,8.04459237070546,10.726123160940617,13.407653951175767,False,1.5,5.0,2843.9374023331,365.65941056891165,132.7939632614083,57.81341346230492,-10.22349648331396,-0.0051092168843828,1.299517,319.7608,50.27879,2022-12-07T22:49:58.370,5.0,Luminance,data\RZ_Cep\2022_12_07\Light\Luminance\reduced_images\star_Light_Luminance_5_secs_058_reduced.fits,2,0.979925,792.0,56.11445714535983,1200.24331615525,798.6242193541914,1.0,V* RZ Cep,True,2.2405081294562845,0.0204599700695895,27526.12751206673,282.7762330874281,-11.099362793427352,-0.0111537808568806,2022-12-07 22:49:58.370,0.3630443801013749,2022_12_07,1,"(0.345, 0.379]",-11.099362793427352,-0.0111537808568806
0,0,1,1217.39526342823,857.0653966231464,14110.257141014512,14110.257141014512,194.12842765281133,600.8272094726562,5.240568150335721,5.135363744717732,1785.939674975053,194.12842765281133,9.082750797271729,12.492290496826172,12347.037009977834,7.860852225503581,10.481136300671444,13.101420375839304,7.703045617076597,10.270727489435464,12.83840936179433,False,1.5,5.0,2822.0514282029026,380.1379358103562,121.75734982384326,57.65367910061857,-10.228906874838229,-0.005069773961677,1.302423,319.8368,50.12483,2022-12-07T22:51:30.025,5.0,Luminance,data\RZ_Cep\2022_12_07\Light\Luminance\reduced_images\star_Light_Luminance_5_secs_059_reduced.fits,2,0.979925,792.0,58.11239272843326,1200.2130020157736,798.5628301979656,1.0,V* RZ Cep,True,2.2522354711935444,0.0186490818522557,27808.43471801156,264.3501812468176,-11.11044135992901,-0.0103211333332668,2022-12-07 22:51:30.025,0.36648075202807245,2022_12_07,1,"(0.345, 0.379]",-11.11044135992901,-0.0103211333332668
0,0,1,1215.6336236383336,856.6200449385972,13903.374056715083,13903.374056715083,201.0425336021165,566.9522705078125,5.3330760766701415,5.226014574430988,1897.5643092894384,201.0425336021165,9.380973815917969,13.818729400634766,12017.399313107822,7.999614115005212,10.666152153340285,13.332690191675354,7.839021861646483,10.452029148861977,13.065036436077472,False,1.5,5.0,2780.674811343017,500.089017954058,126.09387707524748,58.36829367364034,-10.199526230279252,-0.0052734013408627,1.309375,320.0283,49.76128,2022-12-07T22:55:07.713,5.0,Luminance,data\RZ_Cep\2022_12_07\Light\Luminance\reduced_images\star_Light_Luminance_5_secs_060_reduced.fits,2,0.979925,792.0,56.68027336471037,1200.2335474037889,798.5310427389586,1.0,V* RZ Cep,True,2.272064165161677,0.042645540748742,27304.30233775084,529.3690516512639,-11.09057771048911,-0.0210499846488148,2022-12-07 22:55:07.713,0.37464241186091246,2022_12_07,1,"(0.345, 0.379]",-11.09057771048911,-0.0210499846488148
0,0,1,1216.7982544456925,856.5687609794907,13830.24849825753,13830.24849825753,191.61595512966653,599.5115966796875,5.206545148745097,5.10202375488404,1805.4780125313928,191.6159551296665,9.295814514160156,13.150568008422852,12049.022121418517,7.809817723117646,10.413090297490196,13.016362871862745,7.65303563232606,10.20404750976808,12.7550593872101,False,1.5,5.0,2766.0496996515058,386.9037750130912,120.18152705732685,57.21131882522832,-10.202379504309397,-0.0051553063430842,1.312321,320.1065,49.60916,2022-12-07T22:56:39.031,5.0,Luminance,data\RZ_Cep\2022_12_07\Light\Luminance\reduced_images\star_Light_Luminance_5_secs_061_reduced.fits,2,0.979925,792.0,57.763990812168814,1200.2764470617367,798.5344910094059,1.0,V* RZ Cep,True,2.267387050132332,0.0232188969593317,27319.796724862343,308.3760498726953,-11.09119365904652,-0.0122554001919928,2022-12-07 22:56:39.031,0.37806614882673184,2022_12_07,1,"(0.345, 0.379]",-11.09119365904652,-0.0122554001919928
0,0,1,1216.8012605199135,855.8483106976253,13658.919773338665,13658.919773338665,191.61228950260943,584.1014404296875,5.206495347714608,5.101974953609237,1756.165898172943,191.61228950260949,9.11882209777832,13.510736465454102,11911.641393616374,7.809743021571911,10.412990695429215,13.01623836928652,7.652962430413855,10.203949907218474,12.754937384023092,False,1.5,5.0,2731.783954667733,340.39025725083707,120.17922797603664,56.50091538988202,-10.18992902567874,-0.0051500114395356,1.319314,320.3035,49.25265,2022-12-07T23:00:16.370,5.0,Luminance,data\RZ_Cep\2022_12_07\Light\Luminance\reduced_images\star_Light_Luminance_5_secs_062_reduced.fits,2,0.979925,792.0,58.06270066617828,1200.130804054,798.487166218814,1.0,V* RZ Cep,True,2.2476394838815104,0.0258605930540406,26773.07551412954,333.19264521500133,-11.06924565733748,-0.0135120568377786,2022-12-07 23:00:16.370,0.3862147237891074,2022_12_07,1,"(0.379, 0.414]",-11.06924565733748,-0.0135120568377786
0,0,1,1217.4077932368837,855.5424250710295,13615.165747085097,13615.165747085097,190.83961573393591,646.0008544921875,5.195987185153451,5.0916777424114965,1734.9335292067412,190.83961573393591,9.0392427444458,13.334470748901367,11890.12013520929,7.793980777730177,10.391974370306905,12.989967962883629,7.637516613617244,10.183355484822991,12.72919435602874,False,1.5,5.0,2723.033149417019,421.8603758719865,119.6946069883246,57.13657438346589,-10.18796560664658,-0.0052173776815159,1.322252,320.3855,49.10478,2022-12-07T23:01:46.205,5.0,Luminance,data\RZ_Cep\2022_12_07\Light\Luminance\reduced_images\star_Light_Luminance_5_secs_063_reduced.fits,2,0.979925,792.0,58.74151300264511,1200.175119929709,798.5276431858313,1.0,V* RZ Cep,True,2.258583283071407,0.0227710780797187,26854.82657109444,299.93222040628325,-11.072555880099417,-0.0121262101546807,2022-12-07 23:01:46.205,0.3895828594285693,2022_12_07,1,"(0.379, 0.414]",-11.072555880099417,-0.0121262101546807
0,0,1,1217.792006510885,855.2760290372179,13534.733671782236,13534.733671782236,193.06597093437512,653.0328979492188,5.226207770419473,5.121291649428302,1775.381143454578,193.06597093437497,9.129150390625,13.54543685913086,11772.20538781029,7.839311655629209,10.452415540838944,13.06551942604868,7.681937474142453,10.242583298856603,12.803229123570754,False,1.5,5.0,2706.9467343564475,479.5469679721891,121.09097697004006,57.511604735902445,-10.177144576402466,-0.005304225452961,1.329431,320.5953,48.748,2022-12-07T23:05:23.369,5.0,Luminance,data\RZ_Cep\2022_12_07\Light\Luminance\reduced_images\star_Light_Luminance_5_secs_064_reduced.fits,2,0.979925,792.0,59.20181335597396,1200.1616084124005,798.5586662797124,1.0,V* RZ Cep,True,2.285043592330424,0.0232285922666673,26900.0024890136,303.39111270533454,-11.074380800467434,-0.0122454529660571,2022-12-07 23:05:23.369,0.39772487320947986,2022_12_07,1,"(0.379, 0.414]",-11.074380800467434,-0.0122454529660571
0,0,1,1218.7497065027253,855.4654749935868,13585.596227173854,13585.596227173854,200.2410030454916,585.0526123046875,5.322434317270769,5.215586448351559,1831.288912411102,200.2410030454916,9.037053108215332,12.525616645812988,11776.007648209436,7.983651475906154,10.644868634541538,13.306085793176925,7.823379672527338,10.431172896703115,13.038966120878897,False,1.5,5.0,2717.1192454347706,378.0102655585459,125.5911571101323,56.75139353446265,-10.1774951976411,-0.0052324220968225,1.332366,320.6787,48.60397,2022-12-07T23:06:52.245,5.0,Luminance,data\RZ_Cep\2022_12_07\Light\Luminance\reduced_images\star_Light_Luminance_5_secs_065_reduced.fits,2,0.979925,792.0,59.99561050130982,1200.2245499889273,798.5349866553718,1.0,V* RZ Cep,True,2.2505836451088617,0.0266111286100002,26502.890217737026,338.4019858662631,-11.058233094009026,-0.0138632158530075,2022-12-07 23:06:52.245,0.4010570535745137,2022_12_07,1,"(0.379, 0.414]",-11.058233094009026,-0.0138632158530075
0,0,1,1218.6997975622096,853.8965059231974,13643.930925666242,13643.930925666242,194.22075662512373,577.3264770507812,5.241814229438457,5.13658480878248,1822.377215199475,194.22075662512376,9.286579132080078,13.503873825073242,11840.284500174565,7.862721344157686,10.483628458876916,13.104535573596143,7.704877213173721,10.27316961756496,12.841462021956202,False,1.5,5.0,2728.786185133248,419.1880732183896,121.81525855527758,57.18207338761786,-10.183405344516974,-0.0052435097601884,1.339737,320.8915,48.24673,2022-12-07T23:10:29.372,5.0,Luminance,data\RZ_Cep\2022_12_07\Light\Luminance\reduced_images\star_Light_Luminance_5_secs_066_reduced.fits,2,0.979925,792.0,60.60907734295564,1200.2685121235577,798.474272663811,1.0,V* RZ Cep,True,2.265480811589565,0.0142534406901699,26823.93733890682,212.75204780950617,-11.071306314759896,-0.0086114353021608,2022-12-07 23:10:29.372,0.4091976801342002,2022_12_07,1,"(0.379, 0.414]",-11.071306314759896,-0.0086114353021608
0,0,1,1218.5447894288116,854.3332031529355,13697.713431995357,13697.713431995357,227.3587228112885,443.9954223632813,5.671391331585153,5.557538150603581,2070.478301732996,227.35872281128843,9.2337064743042,13.838423728942873,11598.349721183227,8.50708699737773,11.342782663170306,14.178478328962882,8.336307225905372,11.115076301207164,13.893845376508953,False,1.5,5.0,2739.542686399071,492.90223597537016,142.5993909472401,58.095131580208005,-10.160990499366893,-0.0054383588349312,1.342875,320.9774,48.09664,2022-12-07T23:12:01.135,5.0,Luminance,data\RZ_Cep\2022_12_07\Light\Luminance\reduced_images\star_Light_Luminance_5_secs_067_reduced.fits,2,0.979925,792.0,60.28199162454631,1200.1661340720852,798.4500677571284,1.0,V* RZ Cep,True,2.3072317059274705,0.0346710656830515,26760.08021314898,423.8781374134488,-11.068718527230848,-0.0171979992783835,2022-12-07 23:12:01.135,0.4126381012471734,2022_12_07,1,"(0.379, 0.414]",-11.068718527230848,-0.0171979992783835
0,0,1,1217.3483236750878,853.2532141341347,13634.354992683942,13634.354992683942,252.95390811337043,383.60687255859375,5.9821114704615415,5.862020582692026,2319.7303085655203,252.9539081133703,9.156898021697998,13.268634796142578,11318.081851899844,8.973167205692313,11.964222940923085,14.955278676153853,8.79303087403804,11.724041165384053,14.655051456730066,False,1.5,5.0,2726.8709985367886,561.771492258991,158.65269116870593,58.71367116749289,-10.134432076025996,-0.0056323641527746,1.350276,321.1922,47.74701,2022-12-07T23:15:38.370,5.0,Luminance,data\RZ_Cep\2022_12_07\Light\Luminance\reduced_images\star_Light_Luminance_5_secs_068_reduced.fits,2,0.979925,792.0,59.67775291594337,1200.194243236408,798.5010720162651,1.0,V* RZ Cep,True,2.31935141970848,0.037210060368445,26250.60921158068,442.6157822726939,-11.047848466893766,-0.018306774358547,2022-12-07 23:15:38.370,0.42078277699313554,2022_12_07,1,"(0.414, 0.448]",-11.047848466893766,-0.018306774358547
0,0,1,1217.4514424767965,852.4480185603026,13825.348539953193,13825.348539953193,280.9438521491376,339.6315002441406,6.304397252064192,6.177836477229003,2517.125434822079,280.9438521491376,8.96363353729248,12.864042282104492,11307.070804733044,9.456595878096287,12.608794504128385,15.76099313016048,9.266754715843504,12.355672954458006,15.444591193072508,False,1.5,5.0,2765.0697079906386,492.72664480344304,176.2079840679391,58.6003782996494,-10.13337527931071,-0.0056269703649347,1.353443,321.2871,47.59927,2022-12-07T23:17:09.983,5.0,Luminance,data\RZ_Cep\2022_12_07\Light\Luminance\reduced_images\star_Light_Luminance_5_secs_069_reduced.fits,2,0.979925,792.0,60.13458559018859,1200.2119195815797,798.550654265687,1.0,V* RZ Cep,True,2.266370526557797,0.0233375411973814,25626.012013549123,295.41629901538266,-11.021702563522586,-0.012516351399003,2022-12-07 23:17:09.983,0.42421757423628154,2022_12_07,1,"(0.414, 0.448]",-11.021702563522586,-0.012516351399003
0,0,1,1219.5048828151796,852.9466078129357,14138.132084455574,14138.132084455574,275.79509771656024,360.0263977050781,6.246360937527482,6.120965241706618,2500.0843254616266,275.79509771656035,9.014750480651855,14.358511924743652,11651.908094753788,9.369541406291225,12.492721875054963,15.615902343818709,9.181447862559926,12.241930483413237,15.302413104266549,False,1.5,5.0,2827.626416891115,551.5391339147328,172.97868528782655,59.59986775231698,-10.16599262610202,-0.0055535740319323,1.361044,321.5156,47.24916,2022-12-07T23:20:47.370,5.0,Luminance,data\RZ_Cep\2022_12_07\Light\Luminance\reduced_images\star_Light_Luminance_5_secs_070_reduced.fits,2,0.979925,792.0,61.74688692682355,1200.188988307024,798.4982823709107,1.0,V* RZ Cep,True,2.281202803945675,0.0172950210912025,26580.365417069646,243.09517349402535,-11.061402367920666,-0.0099297818868556,2022-12-07 23:20:47.370,0.4323679488370018,2022_12_07,1,"(0.414, 0.448]",-11.061402367920666,-0.0099297818868556
0,0,1,1220.113026988138,851.5207376729098,14014.484254682768,14014.484254682768,266.0480745679887,360.66607666015625,6.134990078237133,6.011830152416524,2453.245230403169,266.0480745679887,9.21734619140625,12.643503189086914,11562.227047832552,9.2024851173557,12.269980156474269,15.337475195592834,9.017745228624785,12.023660304833047,15.029575381041308,False,1.5,5.0,2802.8968509365536,608.4381593576591,166.86535236904248,59.81806050569723,-10.157603733444615,-0.0056171387848349,1.364171,321.6083,47.10693,2022-12-07T23:22:18.216,5.0,Luminance,data\RZ_Cep\2022_12_07\Light\Luminance\reduced_images\star_Light_Luminance_5_secs_071_reduced.fits,2,0.979925,792.0,62.92646645463833,1200.2983969619124,798.5674116733945,1.0,V* RZ Cep,True,2.3111976874772373,0.0315520265646737,26722.59241503736,390.1294813025567,-11.067196469176825,-0.0158509210414532,2022-12-07 23:22:18.216,0.4357739893590984,2022_12_07,1,"(0.414, 0.448]",-11.067196469176825,-0.0158509210414532
0,0,1,1220.1313979535655,852.3630206024853,13359.066694782465,13359.066694782465,228.8038423723497,424.470458984375,5.689386806402744,5.575172366264209,2121.505487349065,228.8038423723497,9.316754817962646,12.459480285644531,11227.357393991508,8.534080209604117,11.378773612805489,14.22346701600686,8.362758549396315,11.15034473252842,13.937930915660523,False,1.5,5.0,2671.8133389564928,503.3376965503591,143.50576993593776,57.6077842434752,-10.125693868778898,-0.005570933108668,1.371921,321.8351,46.75882,2022-12-07T23:25:55.370,5.0,Luminance,data\RZ_Cep\2022_12_07\Light\Luminance\reduced_images\star_Light_Luminance_5_secs_072_reduced.fits,2,0.979925,792.0,62.56625661201242,1200.1601868456653,798.351743930997,1.0,V* RZ Cep,True,2.303407683294492,0.0285007490735118,25861.18128441326,346.410357242189,-11.031620896641789,-0.014543429490892,2022-12-07 23:25:55.370,0.44391562821535385,2022_12_07,1,"(0.414, 0.448]",-11.031620896641789,-0.014543429490892
0,0,1,1220.4785151389135,850.7026186511395,13247.850615529862,13247.850615529862,222.9876849587532,458.3208618164063,5.616609678033645,5.50385623874712,2077.579204585988,222.9876849587531,9.20832633972168,14.733375549316406,11194.507242690615,8.424914517050468,11.23321935606729,14.041524195084111,8.25578435812068,11.00771247749424,13.7596405968678,False,1.5,5.0,2649.5701231059725,500.94197062156337,139.85787600613,57.36174657150588,-10.122512454146657,-0.0055634181720244,1.375256,321.9341,46.61087,2022-12-07T23:27:26.731,5.0,Luminance,data\RZ_Cep\2022_12_07\Light\Luminance\reduced_images\star_Light_Luminance_5_secs_073_reduced.fits,2,0.979925,792.0,63.625146178197845,1200.429910073049,798.507138768064,1.0,V* RZ Cep,True,2.3113959486178786,0.0287660778426473,25874.938687528585,348.2487352586783,-11.03219832343784,-0.0146128369499796,2022-12-07 23:27:26.731,0.44734097735719036,2022_12_07,1,"(0.414, 0.448]",-11.03219832343784,-0.0146128369499796
0,0,1,1218.8265175050565,849.9112603821951,12915.221995200993,12915.221995200993,199.40967446429235,557.677734375,5.311374410228827,5.204748568943483,1881.0456609065263,199.40967446429232,9.345945358276367,12.695074081420898,11051.55007374604,7.96706161534324,10.622748820457652,13.278436025572066,7.807122853415225,10.409497137886966,13.011871422358707,False,1.5,5.0,2583.044399040198,426.65685591760354,125.06974782400415,55.98902573524392,-10.108557989456,-0.0055005236282917,1.383053,322.1706,46.26938,2022-12-07T23:31:04.374,5.0,Luminance,data\RZ_Cep\2022_12_07\Light\Luminance\reduced_images\star_Light_Luminance_5_secs_074_reduced.fits,2,0.979925,792.0,62.54022124617345,1200.1448855410167,798.4988817133998,1.0,V* RZ Cep,True,2.273837832865992,0.0229815798629374,25129.43266949669,284.1033693116292,-11.000456709813289,-0.0122749016268015,2022-12-07 23:31:04.374,0.4555009500290822,2022_12_07,1,"(0.448, 0.483]",-11.000456709813289,-0.0122749016268015
0,0,1,1219.9984614188254,849.7792846661283,12677.551775219245,12677.551775219245,178.84234931032793,620.022705078125,5.030011612701957,4.929034129576965,1713.1488839972865,178.84234931032776,9.617913246154783,13.510293960571287,10957.461574814,7.545017419052935,10.060023225403912,12.575029031754893,7.393551194365448,9.85806825915393,12.322585323942413,False,1.5,5.0,2535.510355043849,374.6411948910405,112.16992148743766,54.97564434749562,-10.099274890905567,-0.0054473426204094,1.386338,322.2696,46.12729,2022-12-07T23:32:34.892,5.0,Luminance,data\RZ_Cep\2022_12_07\Light\Luminance\reduced_images\star_Light_Luminance_5_secs_075_reduced.fits,2,0.979925,792.0,63.63269062806148,1200.299288952811,798.5491343651557,1.0,V* RZ Cep,True,2.280119962932198,0.0241353574296956,24984.32687979588,292.6656314317562,-10.99416913326298,-0.0127182802827807,2022-12-07 23:32:34.892,0.45889469302249025,2022_12_07,1,"(0.448, 0.483]",-10.99416913326298,-0.0127182802827807
0,0,1,1220.1488172828438,848.9528353212193,12524.621217556873,12524.621217556873,183.20118560312648,575.5611572265625,5.090939600596194,4.988738988114226,1726.9078969397367,183.2011856031265,9.571909427642822,13.545454025268556,10771.036061926963,7.636409400894291,10.181879201192388,12.727349001490484,7.483108482171338,9.977477976228451,12.471847470285564,False,1.5,5.0,2504.9242435113747,382.6133083551352,114.90378361028093,54.794537460195706,-10.080643699827254,-0.0055233695998662,1.394399,322.513,45.78298,2022-12-07T23:36:12.373,5.0,Luminance,data\RZ_Cep\2022_12_07\Light\Luminance\reduced_images\star_Light_Luminance_5_secs_076_reduced.fits,2,0.979925,792.0,64.16086125398806,1200.2930378767544,798.5556717711014,1.0,V* RZ Cep,True,2.291203454108785,0.0251068217401245,24678.635029417343,298.147846268984,-10.980802838201884,-0.0131170103483855,2022-12-07 23:36:12.373,0.4670485919149688,2022_12_07,1,"(0.448, 0.483]",-10.980802838201884,-0.0131170103483855
0,0,1,1219.7399582574612,848.2640768286201,12948.867805514692,12948.867805514692,224.60489753929687,436.322265625,5.636940043520679,5.523778472147002,2130.1432506182764,224.6048975392968,9.391222476959229,13.087493896484377,10839.553243308525,8.455410065281018,11.273880087041356,14.092350108801696,8.285667708220503,11.047556944294003,13.809446180367503,False,1.5,5.0,2589.7735611029384,481.3896181512119,140.87219173664698,56.6748213141497,-10.087528457359197,-0.0056767935004107,1.397753,322.6145,45.6415,2022-12-07T23:37:42.757,5.0,Luminance,data\RZ_Cep\2022_12_07\Light\Luminance\reduced_images\star_Light_Luminance_5_secs_077_reduced.fits,2,0.979925,792.0,64.14134209761478,1200.1166110890251,798.4297097728431,1.0,V* RZ Cep,True,2.3085506700431173,0.0295643853904302,25023.65790280794,346.1443110769696,-10.995876985504776,-0.0150186440394533,2022-12-07 23:37:42.757,0.47043731091799795,2022_12_07,1,"(0.448, 0.483]",-10.995876985504776,-0.0150186440394533
0,0,1,1219.8953810650896,847.4747623708342,12748.810757658615,12748.810757658615,223.61779615125448,424.1011352539063,5.624539694413556,5.5116270600482045,2116.115434493685,223.61779615125448,9.491963386535645,14.08860683441162,10626.238824013117,8.436809541620335,11.249079388827113,14.061349236033893,8.267440590072306,11.023254120096407,13.779067650120512,False,1.5,5.0,2549.7621515317232,460.2217992832823,140.2530817460668,56.12697241577415,-10.06594893105774,-0.005734774742457,1.405866,322.8605,45.3035,2022-12-07T23:41:20.374,5.0,Luminance,data\RZ_Cep\2022_12_07\Light\Luminance\reduced_images\star_Light_Luminance_5_secs_078_reduced.fits,2,0.979925,792.0,64.66981295198927,1200.213321412744,798.5651175935678,1.0,V* RZ Cep,True,2.29824944502727,0.0124791543589902,24421.747480015376,184.9969545579565,-10.969441840850092,-0.0082245503315408,2022-12-07 23:41:20.374,0.47859630878578646,2022_12_07,1,"(0.448, 0.483]",-10.969441840850092,-0.0082245503315408
0,0,1,1219.647951797852,847.9871148870446,12968.118433777174,12968.118433777174,229.4435000524469,451.9168701171875,5.697334050522809,5.582960069458563,2148.677518375898,229.4435000524469,9.425146102905272,13.62621784210205,10805.579923420908,8.546001075784213,11.394668101045616,14.243335126307022,8.374440104187846,11.165920138917128,13.957400173646407,False,1.5,5.0,2593.623686755435,541.732056290664,143.90696323289467,57.264847037942864,-10.08412019986283,-0.0057539269645554,1.409339,322.9676,45.16058,2022-12-07T23:42:51.149,5.0,Luminance,data\RZ_Cep\2022_12_07\Light\Luminance\reduced_images\star_Light_Luminance_5_secs_079_reduced.fits,2,0.979925,792.0,64.19906037124939,1200.1295249674447,798.5142187552842,1.0,V* RZ Cep,True,2.273246075275269,0.0293196052638042,24563.742151989816,342.5172007886705,-10.975736324755731,-0.0151395224452209,2022-12-07 23:42:51.149,0.48199968734283155,2022_12_07,1,"(0.448, 0.483]",-10.975736324755731,-0.0151395224452209
0,0,1,1219.4099324059332,847.0166691838073,12872.090820599366,12872.090820599366,259.8769011738354,361.3160400390625,6.06341989435884,5.941696739979586,2427.0690759227496,259.87690117383545,9.16676664352417,13.46721076965332,10489.859911496624,9.09512984153826,12.12683978871768,15.1585497358971,8.912545109969379,11.883393479959173,14.854241849948966,False,1.5,5.0,2574.418164119873,602.2502867672894,162.99479241622953,57.78981954724718,-10.0519242209438,-0.0059814430200463,1.417591,323.2187,44.82528,2022-12-07T23:46:28.370,5.0,Luminance,data\RZ_Cep\2022_12_07\Light\Luminance\reduced_images\star_Light_Luminance_5_secs_080_reduced.fits,2,0.979925,792.0,64.48380200453828,1200.2547784440644,798.668367929477,1.0,V* RZ Cep,True,2.227631701057694,0.0169902293445701,23367.544478504133,219.856202845618,-10.921532695030102,-0.0102152727039728,2022-12-07 23:46:28.370,0.49014383819427654,2022_12_07,1,"(0.483, 0.517]",-10.921532695030102,-0.0102152727039728
0,0,1,1220.1589505968802,846.6393347939686,13107.839895815465,13107.839895815465,244.8686984329008,380.4093322753906,5.885731429224016,5.767575370782344,2335.16892852924,244.8686984329008,9.418353080749512,13.769563674926758,10801.58003555083,8.828597143836024,11.771462858448032,14.71432857306004,8.651363056173517,11.535150741564689,14.418938426955862,False,1.5,5.0,2621.567979163093,514.2097359338015,153.58164765711533,57.35293682762906,-10.083718219858667,-0.0057649121478538,1.421076,323.3298,44.68541,2022-12-07T23:47:59.990,5.0,Luminance,data\RZ_Cep\2022_12_07\Light\Luminance\reduced_images\star_Light_Luminance_5_secs_081_reduced.fits,2,0.979925,792.0,65.32045403341704,1200.2905285059005,798.6152999910262,1.0,V* RZ Cep,True,2.272919636359478,0.0268986785776643,24551.12336651199,318.45194695309385,-10.975178421464737,-0.0140830544949443,2022-12-07 23:47:59.990,0.4935788978846811,2022_12_07,1,"(0.483, 0.517]",-10.975178421464737,-0.0140830544949443
0,0,1,1220.0136616239836,845.329162603827,13031.107739469617,13031.107739469617,255.64622755777964,369.4648132324219,6.013862563453145,5.893134272491824,2448.086641467699,255.6462275577796,9.477807998657228,15.434903144836426,10608.141879095943,9.020793845179718,12.02772512690629,15.034656408632864,8.839701408737735,11.786268544983647,14.732835681229558,False,1.5,5.0,2606.221547893923,661.2461775437894,160.34131392423936,58.54749387772248,-10.064098298979143,-0.0059922967212723,1.429572,323.5837,44.34872,2022-12-07T23:51:37.369,5.0,Luminance,data\RZ_Cep\2022_12_07\Light\Luminance\reduced_images\star_Light_Luminance_5_secs_082_reduced.fits,2,0.979925,792.0,65.875619574149,1200.1454271264,798.5522131456177,1.0,V* RZ Cep,True,2.233616894819137,0.0257889910330649,23694.52492378713,303.22240820093003,-10.936620013750598,-0.0138943299237534,2022-12-07 23:51:37.369,0.5017289725456773,2022_12_07,1,"(0.483, 0.517]",-10.936620013750598,-0.0138943299237534
0,0,1,1205.9992398414022,836.1331420109592,12334.718418829356,12334.718418829356,232.94060287781605,377.5057373046875,5.740588308590029,5.625345998295084,2304.4909093096635,232.94060287781588,9.866091251373293,15.634936332702637,10036.505174686914,8.610882462885044,11.481176617180058,14.351470771475071,8.438018997442628,11.250691996590168,14.06336499573771,False,1.5,5.0,2466.943683765872,631.7222117946545,146.1003461249662,56.962849662613365,-10.003956282128891,-0.006162167719584,1.476899,325.25,42.57549,2022-12-08T00:09:43.207,5.0,Luminance,data\RZ_Cep\2022_12_07\Light\Luminance\reduced_images\star_Light_Luminance_5_secs_083_reduced.fits,2,0.979925,792.0,60.73086017080852,1200.0900419679915,798.5229663838936,1.0,V* RZ Cep,True,2.331460537261093,0.0347785918091915,23399.71574679929,373.4666736110583,-10.923026454385791,-0.017328684382227,2022-12-08 00:09:43.207,0.5424397163146095,2022_12_07,1,"(0.517, 0.552]",-10.923026454385791,-0.017328684382227
0,0,1,1205.0966976693662,835.3702118726221,12324.751240803123,12324.751240803123,244.8816392831554,354.26373291015625,5.885886952088446,5.76772777152527,2412.7407613527807,244.8816392831553,9.963537216186523,13.856952667236328,9884.863914244645,8.828830428132669,11.771773904176891,14.714717380221114,8.651591657287906,11.53545554305054,14.419319428813177,False,1.5,5.0,2464.950248160625,436.0244394470653,153.58976415839504,55.2681142410892,-9.987426736805196,-0.0060705532337967,1.485858,325.5287,42.25798,2022-12-08T00:13:20.388,5.0,Luminance,data\RZ_Cep\2022_12_07\Light\Luminance\reduced_images\star_Light_Luminance_5_secs_084_reduced.fits,2,0.979925,792.0,60.66923889107173,1200.1188959822698,798.5043359860438,1.0,V* RZ Cep,True,2.2968004872913728,0.0211457402853332,22703.560255046006,244.54904866233775,-10.890234915877173,-0.0116948951172909,2022-12-08 00:13:20.388,0.5505823674674338,2022_12_07,1,"(0.517, 0.552]",-10.890234915877173,-0.0116948951172909
0,0,1,1206.434948290285,835.9876668601693,12625.584717807858,12625.584717807858,273.86394978343264,298.54718017578125,6.224453664036451,6.09949775673092,2664.0566384365,273.8639497834328,9.695878982543944,13.616695404052734,9970.233003026204,9.336680496054676,12.448907328072902,15.561134160091129,9.14924663509638,12.19899551346184,15.2487443918273,False,1.5,5.0,2525.116943561572,559.0336465738434,171.7674693041689,57.060652462441965,-9.996763269587092,-0.006213778176176,1.48959,325.6497,42.12731,2022-12-08T00:14:49.824,5.0,Luminance,data\RZ_Cep\2022_12_07\Light\Luminance\reduced_images\star_Light_Luminance_5_secs_085_reduced.fits,2,0.979925,792.0,61.13763411198238,1200.1092872333077,798.5971453549362,1.0,V* RZ Cep,True,2.292989511658964,0.0209681272910619,22861.639704735146,246.62490977990032,-10.897768440167876,-0.0117126154117363,2022-12-08 00:14:49.824,0.5539355436131556,2022_12_07,1,"(0.552, 0.586]",-10.897768440167876,-0.0117126154117363
0,0,1,1206.6405208656554,834.3306699358191,11853.765994844034,11853.765994844034,210.77756296586128,434.4008483886719,5.460670780031824,5.351047814122685,2146.09964609234,210.7775629658612,10.095709323883057,14.330328941345217,9725.81698714424,8.191006170047736,10.921341560063649,13.651676950079558,8.026571721184029,10.70209562824537,13.377619535306712,False,1.5,5.0,2370.753198968807,473.5538754175547,132.19968749218816,54.557371288200365,-9.9698152327336,-0.0060904819947083,1.498691,325.9344,41.81247,2022-12-08T00:18:27.411,5.0,Luminance,data\RZ_Cep\2022_12_07\Light\Luminance\reduced_images\star_Light_Luminance_5_secs_086_reduced.fits,2,0.979925,792.0,62.48121100143221,1199.9975580495047,798.4077175026785,1.0,V* RZ Cep,True,2.25716427863417,0.0206665053199901,21952.766683915383,235.7225812585621,-10.85372315425162,-0.0116583273733319,2022-12-08 00:18:27.411,0.5620934167069787,2022_12_07,1,"(0.552, 0.586]",-10.85372315425162,-0.0116583273733319
0,0,1,1207.575378981493,833.83916957263,12202.069146647666,12202.069146647666,232.53175079519235,368.3382568359375,5.735548220614438,5.620407090085604,2292.065498197161,232.5317507951925,9.945234775543211,13.931137084960938,9889.48629222137,8.603322330921657,11.471096441228877,14.338870551536097,8.430610635128405,11.240814180171208,14.05101772521401,False,1.5,5.0,2440.413829329533,543.9944551857379,145.84391409874462,55.9486568079522,-9.987934332064755,-0.0061424305074127,1.502506,326.0562,41.68208,2022-12-08T00:19:58.901,5.0,Luminance,data\RZ_Cep\2022_12_07\Light\Luminance\reduced_images\star_Light_Luminance_5_secs_087_reduced.fits,2,0.979925,792.0,63.47941334893662,1200.1358395405873,798.5573502685955,1.0,V* RZ Cep,True,2.30802425004769,0.0575207416442112,22825.174182961146,583.32303858755,-10.896035250993412,-0.0277472117841189,2022-12-08 00:19:58.901,0.5655236023768664,2022_12_07,1,"(0.552, 0.586]",-10.896035250993412,-0.0277472117841189
0,0,1,1207.350584756487,833.9236931683661,12155.213430167272,12155.213430167272,253.636379013953,310.3791198730469,5.990175917876802,5.869923136325426,2563.7112677656887,253.636379013953,10.055947303771973,14.954527854919434,9604.659368483426,8.985263876815203,11.980351835753604,14.975439794692004,8.804884704488138,11.739846272650851,14.674807840813562,False,1.5,5.0,2431.042686033454,628.4421937176663,159.0807369175513,56.73240358621052,-9.956204917785731,-0.0064131815812875,1.5118,326.345,41.36826,2022-12-08T00:23:36.389,5.0,Luminance,data\RZ_Cep\2022_12_07\Light\Luminance\reduced_images\star_Light_Luminance_5_secs_088_reduced.fits,2,0.979925,792.0,63.26372775905828,1200.1038348066909,798.4783034199049,1.0,V* RZ Cep,True,2.272819725601001,0.0210114015372693,21829.659270367585,239.4835764252629,-10.847617392622135,-0.0119111336622108,2022-12-08 00:23:36.389,0.5736777637166035,2022_12_07,1,"(0.552, 0.586]",-10.847617392622135,-0.0119111336622108
0,0,1,1205.117117779772,832.6507738965836,12229.277718085814,12229.277718085814,250.8703127185568,306.6810607910156,5.957423033058497,5.837827765669847,2498.1996060715887,250.8703127185568,9.86988353729248,16.049013137817383,9753.216948589514,8.936134549587745,11.914846066116992,14.893557582646242,8.756741648504772,11.675655531339697,14.59456941417462,False,1.5,5.0,2445.8555436171628,560.4812427595164,157.34586013707877,56.24662342322211,-9.972869711705108,-0.00626142079766,1.515763,326.4685,41.23606,2022-12-08T00:25:07.835,5.0,Luminance,data\RZ_Cep\2022_12_07\Light\Luminance\reduced_images\star_Light_Luminance_5_secs_089_reduced.fits,2,0.979925,792.0,62.710179294179056,1200.0033776536343,798.3389611081162,1.0,V* RZ Cep,True,2.3003501599106086,0.0279473747164608,22435.814167330747,301.72685348549044,-10.877354585381822,-0.0146014656002084,2022-12-08 00:25:07.835,0.5771062997180086,2022_12_07,1,"(0.552, 0.586]",-10.877354585381822,-0.0146014656002084
0,0,1,1206.9955762856312,833.1427126017289,11954.058710955134,11954.058710955134,247.72838003382543,317.4552001953125,5.919999716706519,5.801155722393636,2491.9747801885032,247.72838003382563,10.037729263305664,14.733906745910645,9467.4283013383,8.879999575059777,11.839999433413038,14.799999291766298,8.701733583590453,11.602311444787272,14.50288930598409,False,1.5,5.0,2390.811742191027,493.1064552239873,155.37523995721529,55.12978720594003,-9.940580062023471,-0.006322351120593,1.525007,326.7643,40.93141,2022-12-08T00:28:45.526,5.0,Luminance,data\RZ_Cep\2022_12_07\Light\Luminance\reduced_images\star_Light_Luminance_5_secs_090_reduced.fits,2,0.979925,792.0,63.59422114042832,1200.0050235827607,798.51425185473,1.0,V* RZ Cep,True,2.267465959064256,0.0236830894621447,21467.071393166127,256.7097947600904,-10.829432001572632,-0.0129835650696064,2022-12-08 00:28:45.526,0.5852680720282452,2022_12_07,1,"(0.552, 0.586]",-10.829432001572632,-0.0129835650696064
0,0,1,1206.1441747536076,832.6897787793356,12119.610025920978,12119.610025920978,262.5021606317583,299.80499267578125,6.093969072367791,5.971632643240008,2625.97479622182,262.5021606317582,9.926267623901367,14.317580223083496,9513.9433276378,9.140953608551689,12.187938144735584,15.234922680919478,8.957448964860012,11.943265286480017,14.92908160810002,False,1.5,5.0,2423.922005184196,604.255214075656,164.64135514823877,56.50503140790288,-9.94590140024926,-0.0064483838338973,1.529079,326.8883,40.79881,2022-12-08T00:30:18.010,5.0,Luminance,data\RZ_Cep\2022_12_07\Light\Luminance\reduced_images\star_Light_Luminance_5_secs_091_reduced.fits,2,0.979925,792.0,63.359202154152925,1200.1009624795672,798.4522513313007,1.0,V* RZ Cep,True,2.303219729597953,0.0308890712664119,21912.70197849219,321.4046486541545,-10.851739830483131,-0.0159250403607868,2022-12-08 00:30:18.010,0.5887355252088541,2022_12_07,1,"(0.586, 0.621]",-10.851739830483131,-0.0159250403607868
0,0,1,1206.1956743245837,832.9789617362926,11876.581749182811,11876.581749182811,230.12419035710928,371.4281921386719,5.705778935652615,5.5912354235193895,2386.586010370586,230.12419035710948,10.326933860778809,14.301801681518556,9500.10445559967,8.558668403478922,11.41155787130523,14.26444733913154,8.386853135279082,11.18247084703878,13.978088558798474,False,1.5,5.0,2375.316349836562,548.7778498735412,144.33389219197892,55.39339393738284,-9.944320951180316,-0.0063307317917747,1.538458,327.1921,40.49708,2022-12-08T00:33:55.556,5.0,Luminance,data\RZ_Cep\2022_12_07\Light\Luminance\reduced_images\star_Light_Luminance_5_secs_092_reduced.fits,2,0.979925,792.0,63.17794687312456,1200.0894445237936,798.515141201688,1.0,V* RZ Cep,True,2.280475153028662,0.0220886110099503,21664.75216217193,244.93288250083623,-10.839384313022478,-0.0122748922432291,2022-12-08 00:33:55.556,0.5968918611115911,2022_12_07,1,"(0.586, 0.621]",-10.839384313022478,-0.0122748922432291
0,0,1,1206.958197681876,832.6254023849083,11496.546597698074,11496.546597698074,207.2000603477704,437.839111328125,5.414130796210695,5.305442120476766,2164.0874436996733,207.20006034777043,10.436992645263672,14.496101379394531,9334.001091750206,8.121196194316042,10.82826159242139,13.535326990526736,7.958163180715148,10.610884240953531,13.263605301191914,False,1.5,5.0,2299.309319539615,457.5858381330973,129.95587785012157,53.729424299194136,-9.925169618365842,-0.0062498365544446,1.5424,327.3157,40.37173,2022-12-08T00:35:25.975,5.0,Luminance,data\RZ_Cep\2022_12_07\Light\Luminance\reduced_images\star_Light_Luminance_5_secs_093_reduced.fits,2,0.979925,792.0,63.95122553373779,1200.0979306104348,798.3985125168584,1.0,V* RZ Cep,True,2.312054363491828,0.0288077705116012,21580.71795301855,296.20046743651267,-10.835164722026589,-0.0149019866745036,2022-12-08 00:35:25.975,0.6002818923509132,2022_12_07,1,"(0.586, 0.621]",-10.835164722026589,-0.0149019866745036
0,0,1,1206.593686998414,831.2435745332417,11228.992348796171,11228.992348796171,198.548991571566,441.4401550292969,5.299899659807053,5.193504174136427,2074.5151673192786,198.54899157156592,10.49729347229004,14.632600784301758,9144.765315642204,7.94984948971058,10.599799319614108,13.249749149517632,7.79025626120464,10.387008348272854,12.983760435341068,False,1.5,5.0,2245.798469759234,465.779439235989,124.52992751368616,53.25512028442815,-9.90293141137379,-0.0063228535873577,1.552097,327.6194,40.0671,2022-12-08T00:39:03.706,5.0,Luminance,data\RZ_Cep\2022_12_07\Light\Luminance\reduced_images\star_Light_Luminance_5_secs_094_reduced.fits,2,0.979925,792.0,64.74110901439987,1200.082243774958,798.4190930672291,1.0,V* RZ Cep,True,2.354850794331561,0.0293119609409046,21534.557867515752,295.9366022255708,-10.832839898898818,-0.0149206259690194,2022-12-08 00:39:03.706,0.6084451643597704,2022_12_07,1,"(0.586, 0.621]",-10.832839898898818,-0.0149206259690194
0,0,1,1208.9607036898349,831.7328762134539,11759.216877628282,11759.216877628282,242.77764740501848,301.4120483398437,5.860547009488672,5.742896528273187,2494.897061077093,242.7776474050184,10.331657409667969,14.285932540893556,9250.921397914464,8.790820514233008,11.721094018977343,14.651367523721678,8.614344792409781,11.485793056546374,14.357241320682968,False,1.5,5.0,2351.8433755256565,541.9808263074343,152.27014045242757,55.191433595128856,-9.915462477280345,-0.006477553431623,1.556307,327.7478,39.93644,2022-12-08T00:40:36.734,5.0,Luminance,data\RZ_Cep\2022_12_07\Light\Luminance\reduced_images\star_Light_Luminance_5_secs_095_reduced.fits,2,0.979925,792.0,65.9634756127275,1200.186274006246,798.4234292713564,1.0,V* RZ Cep,True,2.283380798137513,0.0430784038111521,21123.376285077327,417.9664569053645,-10.811908338724978,-0.0214833702961217,2022-12-08 00:40:36.734,0.6119330134416189,2022_12_07,1,"(0.586, 0.621]",-10.811908338724978,-0.0214833702961217
0,0,1,1206.4564741962272,830.526857264079,11390.73790265468,11390.73790265468,207.10107083415653,384.3112487792969,5.412837345330555,5.304174635623045,2144.7475748271945,207.10107083415656,10.330643653869627,14.571298599243164,9251.250539532197,8.119256017995832,10.82567469066111,13.532093363326387,7.956261953434566,10.60834927124609,13.26043658905761,False,1.5,5.0,2278.147580530936,468.1676656543828,129.89379162718296,53.63029962448934,-9.915501106363688,-0.0062941066967665,1.565864,328.0514,39.64335,2022-12-08T00:44:13.387,5.0,Luminance,data\RZ_Cep\2022_12_07\Light\Luminance\reduced_images\star_Light_Luminance_5_secs_096_reduced.fits,2,0.979925,792.0,65.19312888137613,1200.034148849557,798.5558481182163,1.0,V* RZ Cep,True,2.297445931355497,0.0242238197141369,21254.24791199859,255.73905260019512,-10.81861435483304,-0.0130639837047269,2022-12-08 00:44:13.387,0.6200558685726517,2022_12_07,1,"(0.586, 0.621]",-10.81861435483304,-0.0130639837047269
0,0,1,1205.9583929376986,830.5404329525725,11844.031095727438,11844.031095727438,234.89515675571025,362.3280029296875,5.764622011778542,5.648897224892088,2418.337239728863,234.89515675571025,10.296205520629885,14.156438827514648,9425.502285970071,8.646933017667813,11.529244023557084,14.411555029446356,8.473345837338131,11.297794449784176,14.12224306223022,False,1.5,5.0,2368.8062191454874,536.7551070443373,147.32624231718142,55.25294171812941,-9.935761257728444,-0.0063646601976914,1.569786,328.182,39.52447,2022-12-08T00:45:42.769,5.0,Luminance,data\RZ_Cep\2022_12_07\Light\Luminance\reduced_images\star_Light_Luminance_5_secs_097_reduced.fits,2,0.979925,792.0,64.85950593732035,1200.1724091812828,798.5390355319429,1.0,V* RZ Cep,True,2.265775017205192,0.0327853880508983,21356.06760416141,333.4146187359794,-10.823803217445828,-0.0169507012932822,2022-12-08 00:45:42.769,0.6234070201252356,2022_12_07,1,"(0.621, 0.655]",-10.823803217445828,-0.0169507012932822
0,0,1,1205.509374553838,830.1997663437226,11715.352993347398,11715.352993347398,227.1387928809868,371.1323547363281,5.668647626682929,5.554849525577269,2433.712121303847,227.13879288098684,10.695741653442385,14.398273468017578,9285.935145217609,8.502971440024393,11.337295253365856,14.171619066707322,8.332274288365904,11.109699051154536,13.887123813943171,False,1.5,5.0,2343.07059866948,468.1822158074007,142.46145089495485,54.34808428428582,-9.919564115358428,-0.0063545223872347,1.579651,328.4934,39.22892,2022-12-08T00:49:20.396,5.0,Luminance,data\RZ_Cep\2022_12_07\Light\Luminance\reduced_images\star_Light_Luminance_5_secs_098_reduced.fits,2,0.979925,792.0,64.83125363642627,1200.1811220890136,798.562009181072,1.0,V* RZ Cep,True,2.3069759843261477,0.0293952183791808,21422.42937202716,300.3803902866089,-10.827171799180752,-0.0152239439920574,2022-12-08 00:49:20.396,0.6315663929176794,2022_12_07,1,"(0.621, 0.655]",-10.827171799180752,-0.0152239439920574
0,0,1,1206.519258549276,830.1693579023853,11951.526688512242,11951.526688512242,260.2275307182392,295.0563049316406,6.067508940974472,5.94570369898441,2806.7000357924526,260.2275307182391,10.580160140991213,15.015954971313477,9198.277740418562,9.101263411461709,12.135017881948944,15.16877235243618,8.918555548476615,11.89140739796882,14.864259247461025,False,1.5,5.0,2390.3053377024485,591.2788881423193,163.21470726647962,56.07850687305474,-9.909266297208468,-0.0066193331990084,1.583709,328.6255,39.10873,2022-12-08T00:50:52.481,5.0,Luminance,data\RZ_Cep\2022_12_07\Light\Luminance\reduced_images\star_Light_Luminance_5_secs_099_reduced.fits,2,0.979925,792.0,65.50557410969502,1200.0467495308933,798.5100065654175,1.0,V* RZ Cep,True,2.2520843279357745,0.0427266317564356,20715.29714319713,412.805081899776,-10.790727918153522,-0.0216360605319107,2022-12-08 00:50:52.481,0.6350188866045481,2022_12_07,1,"(0.621, 0.655]",-10.790727918153522,-0.0216360605319107
0,0,1,1207.1576946716928,829.7880051197621,11925.787360879063,11925.787360879063,231.16909724991223,353.8901062011719,5.718718156091711,5.60391488910817,2521.314452138028,231.16909724991223,10.85910987854004,14.974566459655762,9415.49673331936,8.578077234137567,11.437436312183422,14.296795390229278,8.405872333662256,11.20782977821634,14.009787222770424,False,1.5,5.0,2385.157472175813,533.7358076931325,144.98925779514494,55.35234898054545,-9.934608092572862,-0.0063828867460503,1.593679,328.9428,38.817,2022-12-08T00:54:30.399,5.0,Luminance,data\RZ_Cep\2022_12_07\Light\Luminance\reduced_images\star_Light_Luminance_5_secs_100_reduced.fits,2,0.979925,792.0,66.21050550500343,1200.1091917839665,798.4298440771,1.0,V* RZ Cep,True,2.22806479111584,0.0345859824372056,20978.336762375075,348.21558911823,-10.804427632003655,-0.018021937413309,2022-12-08 00:54:30.399,0.6431891697044562,2022_12_07,1,"(0.621, 0.655]",-10.804427632003655,-0.018021937413309
0,0,1,1207.207467240267,829.6527296747246,12547.71974915398,12547.71974915398,259.8837924474409,308.3432006835937,6.063500287053008,5.941775518790419,2918.801644373675,259.883792447441,11.219341278076172,16.270252227783203,9631.994789045428,9.095250430579512,12.127000574106017,15.158750717632522,8.912663278185628,11.88355103758084,14.85443879697605,False,1.5,5.0,2509.543949830796,605.2264913475182,162.9991146230349,57.25180831905093,-9.959290597396128,-0.0064535293510085,1.607846,329.3938,38.4106,2022-12-08T00:59:39.387,5.0,Luminance,data\RZ_Cep\2022_12_07\Light\Luminance\reduced_images\star_Light_Luminance_5_secs_102_reduced.fits,2,0.979925,792.0,66.3455564037646,1200.1042424779514,798.4341506916084,1.0,V* RZ Cep,True,2.1141628977744884,0.0409806415174448,20363.606014557052,412.8664181713765,-10.77213671480455,-0.0220129979737885,2022-12-08 00:59:39.387,0.6547738916387363,2022_12_07,1,"(0.621, 0.655]",-10.77213671480455,-0.0220129979737885
0,0,1,1207.1558291873373,828.9974239756298,13257.690403634491,13257.690403634491,285.3494410813347,286.8253173828125,6.353635813478346,6.2260865745227685,3205.506421990922,285.34944108133465,11.29738998413086,15.621217727661133,10033.986485984884,9.53045372021752,12.707271626956691,15.884089533695864,9.339129861784151,12.452173149045535,15.56521643630692,False,1.5,5.0,2651.5380807268984,694.1819765424666,178.9711694462131,59.369110038096224,-10.003683779434596,-0.0064240860103474,1.612071,329.5289,38.29123,2022-12-08T01:01:11.125,5.0,Luminance,data\RZ_Cep\2022_12_07\Light\Luminance\reduced_images\star_Light_Luminance_5_secs_103_reduced.fits,2,0.979925,792.0,66.81084009326854,1200.0801430816266,798.484622833846,1.0,V* RZ Cep,True,2.067718807201212,0.0310664655705285,20747.462568273742,335.02141356780857,-10.79241247430926,-0.0175320175603565,2022-12-08 01:01:11.125,0.6582133754400715,2022_12_07,1,"(0.655, 0.69]",-10.79241247430926,-0.0175320175603565
0,0,1,1206.0613995575393,828.3210375653255,12952.528135364864,12952.528135364864,235.2106959957936,356.0711975097656,5.768492576888166,5.6526900884071365,2810.3366507787496,235.2106959957934,11.998842239379885,16.123310089111328,10130.272101096596,8.65273886533225,11.536985153776332,14.421231442220414,8.479035132610704,11.305380176814271,14.13172522101784,False,1.5,5.0,2590.505627072973,672.3503337269899,147.52414852856168,58.398459819831935,-10.014052776879897,-0.006258994970297,1.622339,329.8517,38.0045,2022-12-08T01:04:49.396,5.0,Luminance,data\RZ_Cep\2022_12_07\Light\Luminance\reduced_images\star_Light_Luminance_5_secs_104_reduced.fits,2,0.979925,792.0,66.63239820885534,1200.0978609018257,798.2788888762929,1.0,V* RZ Cep,True,1.913771297405072,0.0204952652677507,19387.02398198204,235.79172409949672,-10.718777868828951,-0.0132051010962328,2022-12-08 01:04:49.396,0.6663968933803063,2022_12_07,1,"(0.655, 0.69]",-10.718777868828951,-0.0132051010962328
0,0,1,1204.1664546457253,828.3142312909062,13723.40648819917,13723.40648819917,249.9633535970919,373.4263916015625,5.946644492993373,5.827265604796532,2939.13695103924,249.96335359709173,11.620431900024414,16.23384666442871,10818.72436022244,8.91996673949006,11.893288985986748,14.866611232483432,8.740898407194798,11.654531209593063,14.568164011991328,False,1.5,5.0,2744.681297639834,696.6548752297382,156.77701537609602,59.98427450795474,-10.085440139917049,-0.0060198500655855,1.6265,329.9905,37.88965,2022-12-08T01:06:20.823,5.0,Luminance,data\RZ_Cep\2022_12_07\Light\Luminance\reduced_images\star_Light_Luminance_5_secs_105_reduced.fits,2,0.979925,792.0,65.4580993144244,1200.0367603708232,798.4006790963474,1.0,V* RZ Cep,True,1.8764366865181807,0.0300348829970342,20300.651290849328,343.88143470076454,-10.768774928217104,-0.0183917510058943,2022-12-08 01:06:20.823,0.6698247170248667,2022_12_07,1,"(0.655, 0.69]",-10.768774928217104,-0.0183917510058943
0,0,1,1205.8605513371,828.3335877789618,13977.687052222856,13977.687052222856,231.969220537686,446.8165893554688,5.728606430789776,5.613604656691671,2876.7591052658945,231.96922053768589,12.514565467834473,15.69706916809082,11074.693055281452,8.592909646184664,11.457212861579553,14.321516076974438,8.420406985037507,11.227209313383344,14.034011641729178,False,1.5,5.0,2795.5374104445714,534.1936308475287,145.4910951212366,58.9510147191152,-10.110829245534648,-0.0057794153452631,1.636688,330.3164,37.61165,2022-12-08T01:09:58.392,5.0,Luminance,data\RZ_Cep\2022_12_07\Light\Luminance\reduced_images\star_Light_Luminance_5_secs_106_reduced.fits,2,0.979925,792.0,66.49604431874302,1200.1314492715344,798.4643032790267,1.0,V* RZ Cep,True,1.804224515629907,0.0220877613504023,19981.232713415076,266.73810890967485,-10.75155569472484,-0.0144939617182634,2022-12-08 01:09:58.392,0.6779819152543106,2022_12_07,1,"(0.655, 0.69]",-10.75155569472484,-0.0144939617182634
0,0,1,1205.6272768465897,827.86297725808,14496.761851270909,14496.761851270909,230.8282664748388,405.1145324707031,5.714500823134371,5.599782219109948,2887.163477502946,230.82826647483893,12.508525848388672,17.966384887695312,11609.440513531636,8.571751234701555,11.42900164626874,14.286252057835927,8.399673328664921,11.199564438219896,13.999455547774872,False,1.5,5.0,2899.3523702541816,648.6707999403927,144.77548873301888,60.76840181317584,-10.162028226404844,-0.0056831725764003,1.640954,330.4564,37.49657,2022-12-08T01:11:29.726,5.0,Luminance,data\RZ_Cep\2022_12_07\Light\Luminance\reduced_images\star_Light_Luminance_5_secs_107_reduced.fits,2,0.979925,792.0,66.71655954899128,1199.9819183730033,798.5870562592913,1.0,V* RZ Cep,True,1.737822848398995,0.0274179229897362,20175.15098154424,335.3677694714178,-10.762041983665714,-0.0180479903004039,2022-12-08 01:11:29.726,0.6814062520995782,2022_12_07,1,"(0.655, 0.69]",-10.762041983665714,-0.0180479903004039
0,0,1,1205.3244636379882,828.3339578825677,15972.296519371424,15972.296519371424,266.700429195495,384.4996032714844,6.142507025723333,6.019196197181937,3514.077554267058,266.700429195495,13.283015251159668,17.400196075439453,12429.710650876834,9.213760538585,12.285014051446666,15.356267564308332,9.028794295772906,12.038392394363877,15.047990492954844,False,1.5,5.0,3194.4593038742846,826.4479993443275,167.27450919141444,64.71616345558525,-10.236152547229583,-0.0056529619771814,1.651315,330.7827,37.22028,2022-12-08T01:15:07.487,5.0,Luminance,data\RZ_Cep\2022_12_07\Light\Luminance\reduced_images\star_Light_Luminance_5_secs_108_reduced.fits,2,0.979925,792.0,66.15958889720898,1200.1382321096437,798.4104681822159,1.0,V* RZ Cep,True,1.5637602457366302,0.0190433955116516,19437.087381850368,257.43016233121165,-10.721577967735955,-0.0143797906522119,2022-12-08 01:15:07.487,0.6895706488824006,2022_12_07,1,"(0.655, 0.69]",-10.721577967735955,-0.0143797906522119
0,0,1,1203.8851165918286,827.6903215713686,16143.505546960612,16143.505546960612,237.5266972687841,511.672607421875,5.796822730244882,5.680451513935216,3112.5449967296654,237.52669726878423,13.011569499969482,17.727052688598633,13052.910417349616,8.695234095367322,11.593645460489764,14.492056825612206,8.520677270902823,11.360903027870432,14.201128784838042,False,1.5,5.0,3228.7011093921224,645.9389058355334,148.97674452698138,63.43198530516475,-10.289268393605177,-0.0052762488045548,1.655586,330.9253,37.10766,2022-12-08T01:16:38.707,5.0,Luminance,data\RZ_Cep\2022_12_07\Light\Luminance\reduced_images\star_Light_Luminance_5_secs_109_reduced.fits,2,0.979925,792.0,65.78088615130223,1200.1437972038557,798.4518910701622,1.0,V* RZ Cep,True,1.5379560103909262,0.0172127308227158,20074.802029457176,244.9418412021954,-10.756628177786103,-0.0132475640189678,2022-12-08 01:16:38.707,0.6929907115865996,2022_12_07,1,"(0.69, 0.724]",-10.756628177786103,-0.0132475640189678
0,0,1,1205.2791810744927,827.1783790762358,16973.975539823114,16973.975539823114,243.8806335812572,507.0626831054688,5.873844726797328,5.755927293906872,3382.82939176071,243.88063358125729,13.9666748046875,19.74859619140625,13567.774039432545,8.810767090195991,11.747689453594656,14.68461181699332,8.633890940860308,11.511854587813744,14.389818234767182,False,1.5,5.0,3394.7951079646227,855.9618275975624,152.9619333821645,66.36052191585257,-10.331271505352657,-0.0053103789170784,1.666122,331.2628,36.83307,2022-12-08T01:20:17.388,5.0,Luminance,data\RZ_Cep\2022_12_07\Light\Luminance\reduced_images\star_Light_Luminance_5_secs_110_reduced.fits,2,0.979925,792.0,67.03800733311364,1200.1134426145734,798.5123772798311,1.0,V* RZ Cep,True,1.4286605322705532,0.0145639045730268,19383.74328090229,219.16653526625265,-10.718594123383644,-0.0122761139972595,2022-12-08 01:20:17.388,0.7011896014376952,2022_12_07,1,"(0.69, 0.724]",-10.718594123383644,-0.0122761139972595
0,0,1,1204.664130801516,825.546317987015,17587.47516695536,17587.47516695536,259.39308455027003,511.2909240722656,6.057773086247998,5.93616329154157,3656.438300294236,259.39308455027003,14.081393241882324,20.21500968933105,13934.859139178176,9.086659629371995,12.115546172495996,15.144432715619995,8.904244937312354,11.87232658308314,14.840408228853924,False,1.5,5.0,3517.495033391072,900.4444820896671,162.69134262992935,67.6803579933696,-10.360256457491117,-0.005273323130895,1.675999,331.5848,36.57964,2022-12-08T01:23:46.395,5.0,Luminance,data\RZ_Cep\2022_12_07\Light\Luminance\reduced_images\star_Light_Luminance_5_secs_111_reduced.fits,2,0.979925,792.0,67.96157016001095,1200.0965514011875,798.3279562293993,1.0,V* RZ Cep,True,1.3550122692533249,0.017309631705254,18881.905103903253,258.0528178319321,-10.690114526596314,-0.0148384013963752,2022-12-08 01:23:46.395,0.7090257891774069,2022_12_07,1,"(0.69, 0.724]",-10.690114526596314,-0.0148384013963752
0,0,1,1203.738079031776,824.1246641069231,17397.64702550976,17397.64702550976,234.593515523926,578.3023681640625,5.760919495507879,5.645269036635559,3408.342480008506,234.59351552392587,14.423572540283203,18.41824722290039,14013.97043687036,8.641379243261818,11.521838991015755,14.402298738769696,8.467903554953338,11.290538073271115,14.113172591588896,False,1.5,5.0,3479.529405101952,668.9253118881117,147.13705293660632,65.54076418479319,-10.366402992484726,-0.0050777886883309,1.686483,331.9244,36.31477,2022-12-08T01:27:23.393,5.0,Luminance,data\RZ_Cep\2022_12_07\Light\Luminance\reduced_images\star_Light_Luminance_5_secs_112_reduced.fits,2,0.979925,792.0,68.56506461967241,1199.949038820596,798.3133590511064,1.0,V* RZ Cep,True,1.3449649168180668,0.0144317781431912,18848.29858291619,220.6220279869764,-10.688180382455258,-0.0127086974083557,2022-12-08 01:27:23.393,0.7171615792090421,2022_12_07,1,"(0.69, 0.724]",-10.688180382455258,-0.0127086974083557
0,0,1,1202.097942608922,819.7645705015065,18663.41173176153,18663.41173176153,286.9861058725096,368.2102966308594,6.371830879272292,6.243916374370902,4397.915960400103,286.9861058725095,15.408417701721191,21.27530670166016,14241.409937887522,9.55774631890844,12.743661758544585,15.92957719818073,9.365874561556351,12.487832748741804,15.609790935927252,False,1.5,5.0,3732.682346352306,1007.7122956816504,179.99768560323798,70.14550824990289,-10.38388246937785,-0.0053477512577927,1.751985,334.0471,34.74979,2022-12-08T01:49:26.572,5.0,Luminance,data\RZ_Cep\2022_12_07\Light\Luminance\reduced_images\star_Light_Luminance_5_secs_121_reduced.fits,2,0.979925,792.0,71.27243645267576,1200.06731155321,798.3551552786126,1.0,V* RZ Cep,True,1.2285864143098024,0.0126788357862598,17496.802770305218,200.07623306153775,-10.607396740848376,-0.0124154117068296,2022-12-08 01:49:26.572,0.7667708222355636,2022_12_07,1,"(0.759, 0.793]",-10.607396740848376,-0.0124154117068296
0,0,1,1202.8677833217937,818.395053289844,18341.102231546844,18341.102231546844,248.8326674562464,484.7140502929688,5.933179700513108,5.814071118025308,3848.7552289470113,248.83266745624644,15.30953598022461,20.504234313964844,14531.589556070174,8.899769550769662,11.866359401026216,14.83294925128277,8.72110667703796,11.628142236050616,14.53517779506327,False,1.5,5.0,3668.220446309369,795.9183255827826,156.06784902855773,67.97210178389888,-10.405782806851724,-0.0050785753021393,1.762912,334.4048,34.50278,2022-12-08T01:53:04.388,5.0,Luminance,data\RZ_Cep\2022_12_07\Light\Luminance\reduced_images\star_Light_Luminance_5_secs_122_reduced.fits,2,0.979925,792.0,72.8414307898401,1199.9059434653866,798.1861474644651,1.0,V* RZ Cep,True,1.2357117832932507,0.0121966985975948,17956.85644441705,196.13281754001207,-10.635575776772562,-0.0118588964390044,2022-12-08 01:53:04.388,0.7749372811039894,2022_12_07,1,"(0.759, 0.793]",-10.635575776772562,-0.0118588964390044
0,0,1,1202.687988635028,816.9366185888773,18071.2725512003,18071.2725512003,245.1015725639672,520.5031127929688,5.888529477488114,5.77031724822754,3921.076056617228,245.10157256396707,15.969179153442385,21.67391395568848,14157.201628135852,8.832794216232172,11.777058954976228,14.721323693720285,8.655475872341311,11.54063449645508,14.425793120568851,False,1.5,5.0,3614.254510240061,854.1722853360496,153.72770631212018,67.9864288066981,-10.37744354341909,-0.0052139772482256,1.783034,335.0671,34.05766,2022-12-08T01:59:44.244,5.0,Luminance,data\RZ_Cep\2022_12_07\Light\Luminance\reduced_images\star_Light_Luminance_5_secs_125_reduced.fits,2,0.979925,792.0,73.98479938222978,1200.0041794967317,798.2512362782446,1.0,V* RZ Cep,True,1.235035237785426,0.0113623091151106,17484.64287918098,181.45436143349767,-10.606641915864666,-0.0112676919443518,2022-12-08 01:59:44.244,0.7899288683946075,2022_12_07,1,"(0.759, 0.793]",-10.606641915864666,-0.0112676919443518
0,0,1,1199.8402111756095,817.9023193222938,18066.18711887881,18066.18711887881,247.62866742092567,383.2218017578125,5.91880817367065,5.799988099584212,3910.923398812922,247.6286674209256,15.651508331298828,20.701963424682617,14190.424967671765,8.878212260505975,11.8376163473413,14.797020434176623,8.699982149376318,11.599976199168424,14.499970248960528,False,1.5,5.0,3613.237423775762,797.4613577487377,155.3127002064046,67.5722685850557,-10.37998850420944,-0.0051700818409297,1.793985,335.4297,33.82056,2022-12-08T02:03:21.387,5.0,Luminance,data\RZ_Cep\2022_12_07\Light\Luminance\reduced_images\star_Light_Luminance_5_secs_126_reduced.fits,2,0.979925,792.0,71.6982753116325,1199.9872650850953,798.3448742994738,1.0,V* RZ Cep,True,1.232087291419936,0.0160553501945461,17483.84226251654,242.56734023180627,-10.606592199184329,-0.0150632875444191,2022-12-08 02:03:21.387,0.7980700948337424,2022_12_07,1,"(0.793, 0.828]",-10.606592199184329,-0.0150632875444191
0,0,1,1202.1145188102655,817.1323856492722,17982.21255813785,17982.21255813785,255.97252113267484,469.2189331054688,6.017699230618503,5.896893918563837,4052.942350236746,255.97252113267487,15.725827693939207,21.75170135498047,13956.832796422192,9.026548845927756,12.035398461237008,15.04424807654626,8.845340877845755,11.793787837127674,14.742234796409594,False,1.5,5.0,3596.4425116275697,933.668976890362,160.54596525441363,68.48837458848286,-10.361967189146386,-0.0053278783933568,1.798615,335.5835,33.72139,2022-12-08T02:04:53.005,5.0,Luminance,data\RZ_Cep\2022_12_07\Light\Luminance\reduced_images\star_Light_Luminance_5_secs_127_reduced.fits,2,0.979925,792.0,73.51906880728245,1200.054628352529,798.23922603401,1.0,V* RZ Cep,True,1.2242139318637475,0.0087158909380611,17086.149154072915,147.741981298226,-10.581610483076853,-0.0093882370223804,2022-12-08 02:04:53.005,0.8015050795392158,2022_12_07,1,"(0.793, 0.828]",-10.581610483076853,-0.0093882370223804
0,0,1,1200.3420239510422,817.9028473102319,18304.200840878133,18304.200840878133,256.8285455924384,342.9217224121094,6.027753040590298,5.906745898300448,4134.986347271895,256.8285455924384,16.055280685424805,22.09092712402344,14180.746453362111,9.041629560885449,12.055506081180596,15.069382601475745,8.860118847450671,11.813491796600896,14.76686474575112,False,1.5,5.0,3660.840168175627,991.0575871149956,161.08286379557734,69.3756486029947,-10.379247730157786,-0.0053116846609291,1.81417,336.1026,33.39269,2022-12-08T02:10:00.948,5.0,Luminance,data\RZ_Cep\2022_12_07\Light\Luminance\reduced_images\star_Light_Luminance_5_secs_129_reduced.fits,2,0.979925,792.0,71.94997621288347,1199.974593821904,798.4237451133966,1.0,V* RZ Cep,True,1.2106863147116294,0.0115727553431685,17168.435663480985,184.35529446453072,-10.586826813372769,-0.0116586753541413,2022-12-08 02:10:00.948,0.8130506218470337,2022_12_07,1,"(0.793, 0.828]",-10.586826813372769,-0.0116586753541413
0,0,1,1200.732171309407,815.05931806685,19005.85738138196,19005.85738138196,271.1949429692967,423.4964599609375,6.194048449212319,6.069702926594381,4469.840555474082,271.1949429692966,16.449697494506836,21.92988586425781,14544.782607496987,9.291072673818478,12.388096898424635,15.485121123030796,9.104554389891572,12.139405853188762,15.174257316485953,False,1.5,5.0,3801.1714762763904,985.1420031379974,170.09346823034284,70.40175386767528,-10.406768086204169,-0.0052553369215162,1.829736,336.6258,33.07057,2022-12-08T02:15:09.007,5.0,Luminance,data\RZ_Cep\2022_12_07\Light\Luminance\reduced_images\star_Light_Luminance_5_secs_131_reduced.fits,2,0.979925,792.0,74.60927944328495,1199.97090050237,798.2217231983253,1.0,V* RZ Cep,True,1.1852301240608651,0.0105149627196803,17238.91449432197,174.21997305900953,-10.591274788877143,-0.0109726707214921,2022-12-08 02:15:09.007,0.8246005132808512,2022_12_07,1,"(0.793, 0.828]",-10.591274788877143,-0.0109726707214921
0,0,1,1199.3679699448203,815.2183294326833,18854.90350769629,18854.90350769629,300.498514308871,372.406494140625,6.520110697357997,6.389219475108535,4937.654623058887,300.4985143088709,16.549734115600586,22.32445526123047,13881.732993751477,9.780166046036996,13.040221394715994,16.300276743394992,9.583829212662804,12.77843895021707,15.97304868777134,False,1.5,5.0,3770.980701539258,1318.7905679925234,188.47266817452385,72.65152398750013,-10.356109216925764,-0.0056823157425365,1.845251,337.1517,32.75603,2022-12-08T02:20:16.322,5.0,Luminance,data\RZ_Cep\2022_12_07\Light\Luminance\reduced_images\star_Light_Luminance_5_secs_133_reduced.fits,2,0.979925,792.0,73.80757508216944,1199.8555510790936,798.4616588216578,1.0,V* RZ Cep,True,1.1925245397342037,0.0082541380607493,16554.307249086585,143.64972675243965,-10.547277528683075,-0.0094214579198016,2022-12-08 02:20:16.322,0.836122510320326,2022_12_07,1,"(0.828, 0.862]",-10.547277528683075,-0.0094214579198016
0,0,1,1199.286684393961,813.8918683262766,19022.501943284096,19022.501943284096,291.5022168881006,304.51385498046875,6.4217698315088585,6.292852802141319,4750.773495743459,291.5022168881005,16.42186164855957,22.483230590820312,14235.492867299305,9.632654747263288,12.843539663017715,16.054424578772146,9.439279203211978,12.585705604282635,15.732132005353296,False,1.5,5.0,3804.5003886568193,1096.966361521961,182.83019043221665,71.30425611848845,-10.383431270179669,-0.0054383513899281,1.856202,337.5256,32.53782,2022-12-08T02:23:53.393,5.0,Luminance,data\RZ_Cep\2022_12_07\Light\Luminance\reduced_images\star_Light_Luminance_5_secs_134_reduced.fits,2,0.979925,792.0,74.93620732936354,1199.9723791684294,798.1575057542778,1.0,V* RZ Cep,True,1.151199385656756,0.0121609336238596,16387.89064335609,191.59193869130252,-10.536307643092702,-0.0126934154555931,2022-12-08 02:23:53.393,0.8442610373019439,2022_12_07,1,"(0.828, 0.862]",-10.536307643092702,-0.0126934154555931
0,0,1,1199.367005105415,813.6181836178864,18405.383603872702,18405.383603872702,278.791598117285,379.16351318359375,6.28020246898352,6.154127404418675,4594.423991407368,278.7915981172848,16.449796676635742,21.388717651367188,13819.31849968902,9.42030370347528,12.56040493796704,15.700506172458798,9.231191106628014,12.30825480883735,15.38531851104669,False,1.5,5.0,3681.07672077454,927.260171295454,174.85809033916112,69.16064619716299,-10.351216565786064,-0.0054337135020382,1.860895,337.6866,32.44526,2022-12-08T02:25:26.636,5.0,Luminance,data\RZ_Cep\2022_12_07\Light\Luminance\reduced_images\star_Light_Luminance_5_secs_135_reduced.fits,2,0.979925,792.0,75.21549438988683,1199.9737426241393,798.2036440209389,1.0,V* RZ Cep,True,1.1678544089600638,0.0094058168276994,16138.952038685196,153.0327986343959,-10.51968832742232,-0.0102951696984137,2022-12-08 02:25:26.636,0.847756947263878,2022_12_07,1,"(0.828, 0.862]",-10.51968832742232,-0.0102951696984137
0,0,1,1199.8550512606864,811.3406028955488,18331.950494900044,18331.950494900044,277.8379237639459,426.9729614257813,6.269451788574761,6.143592543919123,4548.299628112365,277.8379237639461,16.362625122070312,21.36785888671875,13785.792703656249,9.40417768286214,12.538903577149522,15.673629471436904,9.215388815878685,12.287185087838246,15.35898135979781,False,1.5,5.0,3666.3900989800086,1013.3327260068388,174.25994578474686,69.67053014561893,-10.348579359351774,-0.0054870850454416,1.871804,338.0627,32.23223,2022-12-08T02:29:03.391,5.0,Luminance,data\RZ_Cep\2022_12_07\Light\Luminance\reduced_images\star_Light_Luminance_5_secs_136_reduced.fits,2,0.979925,792.0,77.45771434565552,1199.879858042853,798.3030154469667,1.0,V* RZ Cep,True,1.1892975348331067,0.0097657364015592,16395.409278178606,158.0835950265426,-10.536805656056607,-0.0104686061559365,2022-12-08 02:29:03.391,0.8558836266263933,2022_12_07,1,"(0.828, 0.862]",-10.536805656056607,-0.0104686061559365
0,0,1,1199.5345009932262,812.9199233449139,18734.094914110432,18734.094914110432,284.64553198911096,321.56494140625,6.345794298945071,6.218402478393749,4650.864596838052,284.6455319891111,16.231449127197266,22.22021484375,14113.885442345176,9.518691448417606,12.691588597890142,15.86448574736268,9.327603717590623,12.436804956787498,15.546006195984374,False,1.5,5.0,3746.818982822087,994.025092282862,178.52967766357037,70.13824743154422,-10.374116470225935,-0.005395511738124,1.876325,338.2193,32.14482,2022-12-08T02:30:33.511,5.0,Luminance,data\RZ_Cep\2022_12_07\Light\Luminance\reduced_images\star_Light_Luminance_5_secs_137_reduced.fits,2,0.979925,792.0,75.91072022375907,1199.9085312066989,798.2129047138714,1.0,V* RZ Cep,True,1.1927942168834915,0.0087238031214357,16834.960933385424,148.85992436780938,-10.565530282292176,-0.0096004148725509,2022-12-08 02:30:33.511,0.8592624476185267,2022_12_07,1,"(0.828, 0.862]",-10.565530282292176,-0.0096004148725509
0,0,1,1199.4623262482548,812.3469279089886,18324.428890680792,18324.428890680792,274.14987331768924,373.3220520019531,6.227702089965243,6.102680970509192,4604.480602824571,274.14987331768907,16.79119110107422,21.586301803588867,13721.125977468186,9.341553134947866,12.455404179930486,15.569255224913109,9.154021455763788,12.205361941018383,15.256702426272977,False,1.5,5.0,3664.88577813616,882.067108408725,171.94680054485468,68.69424784572386,-10.34347437932631,-0.0054356932563119,1.920394,339.774,31.31838,2022-12-08T02:45:17.389,5.0,Luminance,data\RZ_Cep\2022_12_07\Light\Luminance\reduced_images\star_Light_Luminance_5_secs_140_reduced.fits,2,0.979925,792.0,76.38399535432306,1200.0113554165216,798.431207300569,1.0,V* RZ Cep,True,1.179635707514144,0.0063173694912748,16185.930150321385,118.66005477774912,-10.522844154704003,-0.0079595992528255,2022-12-08 02:45:17.389,0.8924012130522251,2022_12_07,1,"(0.862, 0.897]",-10.522844154704003,-0.0079595992528255
0,0,1,1198.5357081717475,811.9662572638191,18916.457755465075,18916.457755465075,332.65601517465814,286.57427978515625,6.860116562942281,6.722399722941215,5486.791983426725,332.6560151746582,16.61910057067871,20.73090362548828,13388.013983836208,10.29017484441342,13.720233125884562,17.150291407355702,10.083599584411822,13.44479944588243,16.805999307353037,False,1.5,5.0,3783.291551093015,1195.4594185441126,208.6418527175456,72.02355741252076,-10.316790393270916,-0.0058409398117346,1.935606,340.324,31.04346,2022-12-08T02:50:26.412,5.0,Luminance,data\RZ_Cep\2022_12_07\Light\Luminance\reduced_images\star_Light_Luminance_5_secs_142_reduced.fits,2,0.979925,792.0,76.29747892045289,1200.110467097479,798.3065235087674,1.0,V* RZ Cep,True,1.1762547442686213,0.0119826242157732,15747.714964821986,181.41901926248389,-10.493043863542042,-0.0125080494462212,2022-12-08 02:50:26.412,0.9039872472227981,2022_12_07,1,"(0.897, 0.931]",-10.493043863542042,-0.0125080494462212
0,0,1,1199.2994311090586,809.4193577762005,18183.83866763637,18183.83866763637,265.0205817889283,352.6898193359375,6.123131777687906,6.000209907250822,4466.031340973283,265.0205817889283,16.743694305419922,23.480518341064453,13746.415061518011,9.18469766653186,12.246263555375812,15.307829444219765,9.000314860876232,12.000419814501644,15.000524768127054,False,1.5,5.0,3636.767733527273,982.7985408870708,166.22090889801584,69.17938409173907,-10.345473632325138,-0.0054640109144918,1.950692,340.8774,30.7758,2022-12-08T02:55:35.387,5.0,Luminance,data\RZ_Cep\2022_12_07\Light\Luminance\reduced_images\star_Light_Luminance_5_secs_144_reduced.fits,2,0.979925,792.0,78.91563148925033,1200.0470479063408,798.3974514078081,1.0,V* RZ Cep,True,1.1650437798920632,0.0080935035232864,16015.175363236132,137.38239449059256,-10.51132924617722,-0.0093137312712297,2022-12-08 02:55:35.387,0.9155714817550267,2022_12_07,1,"(0.897, 0.931]",-10.51132924617722,-0.0093137312712297
0,0,1,1196.42996445003,810.4723412591483,18422.88631817992,18422.88631817992,298.3269496867547,335.633056640625,6.496509059157108,6.366091639794529,5052.380591125304,298.32694968675486,17.09092140197754,21.457672119140625,13324.203868991888,9.744763588735662,12.993018118314216,16.24127264789277,9.549137459691794,12.73218327958906,15.915229099486323,False,1.5,5.0,3684.577263635984,1068.617582159677,187.1106628435325,70.28730688139356,-10.311603172645576,-0.0057274321652846,1.95508,341.04,30.69885,2022-12-08T02:57:05.817,5.0,Luminance,data\RZ_Cep\2022_12_07\Light\Luminance\reduced_images\star_Light_Luminance_5_secs_145_reduced.fits,2,0.979925,792.0,76.7189541392122,1200.0779796147526,798.453430749644,1.0,V* RZ Cep,True,1.1870942358434806,0.0132101706407787,15817.085610083674,194.78995145110508,-10.497816163128826,-0.0133710158639284,2022-12-08 02:57:05.817,0.9189619254114695,2022_12_07,1,"(0.897, 0.931]",-10.497816163128826,-0.0133710158639284
0,0,1,1197.095355582831,808.4588120098149,18357.16426295768,18357.16426295768,306.3708365039045,330.5063781738281,6.5835102456428745,6.451346277461594,5147.247617308334,306.37083650390434,16.73533344268799,22.134496688842773,13229.94615694959,9.875265368464312,13.167020491285747,16.458775614107186,9.677019416192392,12.902692554923188,16.128365693653986,False,1.5,5.0,3671.432852591536,1217.9882941901724,192.15578865524887,71.28518033530501,-10.303895191763676,-0.005850129715917,1.965535,341.4305,30.51714,2022-12-08T03:00:42.394,5.0,Luminance,data\RZ_Cep\2022_12_07\Light\Luminance\reduced_images\star_Light_Luminance_5_secs_146_reduced.fits,2,0.979925,792.0,78.82540288638572,1200.072125336177,798.2821020093979,1.0,V* RZ Cep,True,1.195907809497016,0.0125589280921989,15821.795928321051,186.74790761989877,-10.498139446559552,-0.012815167467987,2022-12-08 03:00:42.394,0.9270819311151232,2022_12_07,1,"(0.897, 0.931]",-10.498139446559552,-0.012815167467987
0,0,1,1196.9705161749723,806.2533256533915,17475.65390350585,17475.65390350585,276.0380432913297,325.60546875,6.249111515246145,6.123660601577579,4651.367897348268,276.0380432913298,16.93167209625244,20.980262756347656,12801.868268405917,9.373667272869218,12.49822303049229,15.622778788115363,9.18549090236637,12.247321203155158,15.309151503943948,False,1.5,5.0,3495.13078070117,1014.574176250683,173.131060752322,68.4312503006059,-10.268183384950015,-0.0058037064927153,1.980261,341.9885,30.26503,2022-12-08T03:05:50.388,5.0,Luminance,data\RZ_Cep\2022_12_07\Light\Luminance\reduced_images\star_Light_Luminance_5_secs_148_reduced.fits,2,0.979925,792.0,80.78135251423348,1199.95195732793,798.3344652145486,1.0,V* RZ Cep,True,1.2045117516949753,0.0122450843754585,15420.00077294593,177.10948604193814,-10.470210988711168,-0.0124704391415604,2022-12-08 03:05:50.388,0.9386293855386822,2022_12_07,1,"(0.931, 0.966]",-10.470210988711168,-0.0124704391415604
0,0,1,1197.0584415480396,807.2702981931438,17684.319874925583,17684.319874925583,286.7349276020351,319.52276611328125,6.369041866540271,6.241183351069475,4769.824513781841,286.7349276020352,16.55765724182129,22.99384307861328,12936.661224432642,9.553562799810406,12.738083733080542,15.922604666350678,9.361775026604212,12.48236670213895,15.602958377673689,False,1.5,5.0,3536.8639749851163,1100.4703589210371,179.8401465919964,69.40586776705662,-10.279555513300163,-0.0058250318339501,1.98463,342.156,30.19107,2022-12-08T03:07:22.527,5.0,Luminance,data\RZ_Cep\2022_12_07\Light\Luminance\reduced_images\star_Light_Luminance_5_secs_149_reduced.fits,2,0.979925,792.0,79.89036288877004,1199.9412719476072,798.3139754933807,1.0,V* RZ Cep,True,1.215512326875313,0.0116959659589699,15724.671186907755,173.2367288101646,-10.491453932081091,-0.011961419493443,2022-12-08 03:07:22.527,0.9420839038186888,2022_12_07,1,"(0.931, 0.966]",-10.491453932081091,-0.011961419493443
0,0,1,1194.3952738388598,804.5633924528665,17704.42044706637,17704.42044706637,279.47624307905755,364.3908996582031,6.287909072199801,6.161679297575391,4654.618212605126,279.4762430790578,16.517359733581543,22.085803985595703,13088.2108031397,9.4318636082997,12.575818144399602,15.719772680499505,9.242518946363084,12.32335859515078,15.404198243938476,False,1.5,5.0,3540.8840894132745,937.3010848181352,175.28749965918487,68.21636661308335,-10.292200703192636,-0.0056589078601263,1.99485,342.5515,30.01953,2022-12-08T03:10:59.388,5.0,Luminance,data\RZ_Cep\2022_12_07\Light\Luminance\reduced_images\star_Light_Luminance_5_secs_150_reduced.fits,2,0.979925,792.0,81.32991104113853,1199.9994325653115,798.2022719874928,1.0,V* RZ Cep,True,1.2241963276936874,0.0068919766598188,16022.539601284469,122.92540437354228,-10.511828384147526,-0.0083298007266082,2022-12-08 03:10:59.388,0.9502145573825485,2022_12_07,1,"(0.931, 0.966]",-10.511828384147526,-0.0083298007266082
0,0,1,1195.542830067941,805.2943097033763,18044.617170841106,18044.617170841106,284.3408998578717,327.8067626953125,6.342397705430258,6.2150740714937465,4789.806560980017,284.3408998578717,16.746756553649902,22.164119720458984,13282.82934267558,9.513596558145387,12.684795410860517,15.855994263575646,9.322611107240618,12.430148142987491,15.537685178734366,False,1.5,5.0,3608.923434168221,939.0022173139924,178.33861239085712,68.74783097577021,-10.308226482202308,-0.0056194359773315,1.99907,342.7165,29.94929,2022-12-08T03:12:29.406,5.0,Luminance,data\RZ_Cep\2022_12_07\Light\Luminance\reduced_images\star_Light_Luminance_5_secs_151_reduced.fits,2,0.979925,792.0,81.09186328720078,1200.0835582220393,798.4708556060607,1.0,V* RZ Cep,True,1.1956987244013124,0.0139451165884671,15882.262101477516,202.65116592630903,-10.50228089702606,-0.0138535497259028,2022-12-08 03:12:29.406,0.9535895541431996,2022_12_07,1,"(0.931, 0.966]",-10.50228089702606,-0.0138535497259028
0,0,1,1194.902687058008,803.4465889017932,17616.05702993655,17616.05702993655,276.3513235552914,354.1451721191406,6.252656621082478,6.127134539414247,4669.613483895641,276.35132355529146,16.89817714691162,22.7026596069336,12946.223409715743,9.378984931623716,12.505313242164956,15.631641552706196,9.19070180912137,12.254269078828496,15.31783634853562,False,1.5,5.0,3523.21140598731,1111.9341044125908,173.32755013387876,69.34315438840217,-10.280357743142591,-0.0058154699551314,2.009181,343.1155,29.78242,2022-12-08T03:16:07.395,5.0,Luminance,data\RZ_Cep\2022_12_07\Light\Luminance\reduced_images\star_Light_Luminance_5_secs_152_reduced.fits,2,0.979925,792.0,82.55544087566987,1199.9509823801632,798.2503012086315,1.0,V* RZ Cep,True,1.2351232333015365,0.0120167207229893,15990.18131685215,177.58899204177047,-10.509633470882456,-0.012058324693482,2022-12-08 03:16:07.395,0.9617624992081591,2022_12_07,1,"(0.931, 0.966]",-10.509633470882456,-0.012058324693482
0,0,1,1194.778636932278,805.207402856697,18252.05124589434,18252.05124589434,313.88354088951814,312.4852294921875,6.663740496998422,6.529965906521179,5313.953306748415,313.8835408895182,16.87053871154785,21.910350799560547,12956.666818400012,9.995610745497633,13.327480993996843,16.659351242496054,9.794948859781767,13.059931813042358,16.324914766302946,False,1.5,5.0,3650.410249178868,965.3160361051556,196.8677568459057,69.37286243287018,-10.281233227493884,-0.0058132719955496,2.013401,343.2839,29.71335,2022-12-08T03:17:39.029,5.0,Luminance,data\RZ_Cep\2022_12_07\Light\Luminance\reduced_images\star_Light_Luminance_5_secs_153_reduced.fits,2,0.979925,792.0,80.87803829748476,1199.9214633980444,798.2491686864115,1.0,V* RZ Cep,True,1.220953791913171,0.0214413822486565,15819.491482481057,290.4341996790608,-10.49798129747716,-0.019933316190392,2022-12-08 03:17:39.029,0.965198083793081,2022_12_07,1,"(0.931, 0.966]",-10.49798129747716,-0.019933316190392
0,0,1,1193.8881308107543,802.3393074238913,18301.76748532132,18301.76748532132,296.91790913827066,303.00762939453125,6.481148933251882,6.3510398684168505,5075.992894628325,296.9179091382706,17.18549633026123,21.797807693481445,13199.08584743673,9.721723399877824,12.962297866503764,16.202872333129704,9.526559802625275,12.7020797368337,15.877599671042129,False,1.5,5.0,3660.353497064264,953.616265278544,186.2269126115233,69.28345166743881,-10.301359633855194,-0.0056991486179746,2.037178,344.2537,29.33034,2022-12-08T03:26:24.390,5.0,Luminance,data\RZ_Cep\2022_12_07\Light\Luminance\reduced_images\star_Light_Luminance_5_secs_156_reduced.fits,2,0.979925,792.0,83.2134816887362,1199.936653480133,798.319005604498,1.0,V* RZ Cep,True,1.2348085347310682,0.0194022371834594,16298.343855062927,270.00392054463344,-10.530358690281451,-0.0179866761045712,2022-12-08 03:26:24.390,0.98489516296805,2022_12_07,1,"(0.966, 1.0]",-10.530358690281451,-0.0179866761045712
0,0,1,1197.3371795714068,805.2247114738925,18258.357537604024,18258.357537604024,298.07437974466654,344.48846435546875,6.493758435462944,6.363396234871026,5203.354819381125,298.07437974466666,17.426864624023438,22.758655548095703,13063.855673903969,9.740637653194415,12.987516870925887,16.23439608865736,9.545094352306538,12.726792469742051,15.908490587177564,False,1.5,5.0,3651.671507520805,1178.8479185417414,186.95225097585484,70.83411379440277,-10.29017843445523,-0.0058870186412245,2.054766,344.9977,29.05363,2022-12-08T03:33:04.554,5.0,Luminance,data\RZ_Cep\2022_12_07\Light\Luminance\reduced_images\star_Light_Luminance_5_secs_159_reduced.fits,2,0.979925,792.0,81.87008804159699,1199.992287868615,798.3889644966332,1.0,V* RZ Cep,True,1.2081312178493575,0.017803404987257,15782.85186512184,247.82530292604184,-10.495463700824132,-0.0170484337140977,2022-12-08 03:33:04.554,0.9998982979380464,2022_12_07,1,"(0.966, 1.0]",-10.495463700824132,-0.0170484337140977
0,0,1,1194.0542629576,802.2822673582053,18712.68221558559,18712.68221558559,325.6459488595584,311.910400390625,6.787450017583876,6.65119195848088,5802.996011933921,325.6459488595584,17.855480194091797,23.22174835205078,12898.117425437516,10.181175026375817,13.574900035167753,16.96862504395969,9.97678793772132,13.30238391696176,16.627979896202202,False,1.5,5.0,3742.5364431171183,1179.2914247464155,204.24513912471505,71.59659913004423,-10.27631581617291,-0.0060268500626095,2.06417,345.4062,28.9079,2022-12-08T03:36:43.419,5.0,Luminance,data\RZ_Cep\2022_12_07\Light\Luminance\reduced_images\star_Light_Luminance_5_secs_160_reduced.fits,2,0.979925,792.0,83.3264945194867,1199.9654543231834,798.2744708439604,1.0,V* RZ Cep,True,1.2292826593755646,0.0234157862132577,15855.43208968014,314.58227454911776,-10.500445204619025,-0.0215417254428182,2022-12-08 03:36:43.419,0.008104086402796584,2022_12_07,1,"(-0.001, 0.0345]",-10.500445204619025,-0.0215417254428182
0,0,1,1191.1040246204122,801.862309264569,18084.891122367982,18084.891122367982,269.77308186936546,418.45989990234375,6.177789571801666,6.053770446147748,4921.071805391268,269.7730818693656,18.084932327270508,25.60053825378418,13206.063193041306,9.266684357702498,12.355579143603332,15.444473929504166,9.08065566922162,12.107540892295496,15.13442611536937,False,1.5,5.0,3616.978224473597,1164.2512316521625,169.20167694846597,70.35930025998145,-10.301933427769455,-0.0057845883755851,2.077309,345.9911,28.70683,2022-12-08T03:41:55.393,5.0,Luminance,data\RZ_Cep\2022_12_07\Light\Luminance\reduced_images\star_Light_Luminance_5_secs_162_reduced.fits,2,0.979925,792.0,82.70505948301934,1199.9829207171629,798.247111968979,1.0,V* RZ Cep,True,1.257685472964028,0.0061055258539338,16609.073832932994,119.71485936238471,-10.550863539216834,-0.0078257679124493,2022-12-08 03:41:55.393,0.01980076083910176,2022_12_07,1,"(-0.001, 0.0345]",-10.550863539216834,-0.0078257679124493
0,0,1,1189.960534040216,802.482916478514,17570.553389194032,17570.553389194032,252.3403795943948,404.3018798828125,5.974852392719425,5.854907230935583,4744.320056934965,252.3403795943949,18.5239315032959,24.60700798034668,12896.217482071776,8.962278589079137,11.94970478543885,14.937130981798564,8.782360846403373,11.709814461871169,14.63726807733896,False,1.5,5.0,3514.1106778388066,862.7601595561408,158.2678860816044,67.34343860745865,-10.276155871184187,-0.005669663182299,2.090014,346.5743,28.51517,2022-12-08T03:47:05.390,5.0,Luminance,data\RZ_Cep\2022_12_07\Light\Luminance\reduced_images\star_Light_Luminance_5_secs_164_reduced.fits,2,0.979925,792.0,81.74868540429418,1200.044695141981,798.4120301266911,1.0,V* RZ Cep,True,1.262237522223056,0.0229505420093809,16278.089600619936,307.9397479933419,-10.529008586672798,-0.0205393471521211,2022-12-08 03:47:05.390,0.03142331267108567,2022_12_07,1,"(-0.001, 0.0345]",-10.529008586672798,-0.0205393471521211
0,0,1,1189.8558246131347,802.6913103573338,16986.26203592279,16986.26203592279,276.67030827087865,324.8592529296875,6.256264214942675,6.130669710827701,5577.927789254914,276.6703082708786,20.0573844909668,25.888845443725582,11436.979285699468,9.384396322414013,12.51252842988535,15.640660537356688,9.196004566241552,12.261339421655402,15.326674277069252,False,1.5,5.0,3397.2524071845583,1177.557367572566,173.52761734749507,68.90818087937468,-10.145778336321165,-0.0065415967726991,2.118417,347.9545,28.09618,2022-12-08T03:59:14.036,5.0,Luminance,data\RZ_Cep\2022_12_07\Light\Luminance\reduced_images\star_Light_Luminance_5_secs_167_reduced.fits,2,0.979925,792.0,81.51783339056102,1199.9449340871013,798.2445206276047,1.0,V* RZ Cep,True,1.4549902232676708,0.029326690931835,16640.693044407595,350.07320370335094,-10.552928524101636,-0.0228408246316478,2022-12-08 03:59:14.036,0.05874204769809466,2022_12_07,1,"(0.0345, 0.069]",-10.552928524101636,-0.0228408246316478
0,0,1,1191.4768468144364,797.1114490468211,17451.04230660075,17451.04230660075,355.1035592752788,213.16336059570312,7.087797762865195,6.945510222775677,7075.468782588538,355.1035592752786,19.94419479370117,25.01099395751953,10368.787748477978,10.631696644297794,14.17559552573039,17.719494407162987,10.418265334163516,13.891020445551352,17.363775556939192,False,1.5,5.0,3490.20846132015,1696.3908455224196,222.7209523774549,73.54808127490494,-10.039319961145829,-0.0077013645729588,2.126527,348.372,27.97889,2022-12-08T04:02:53.179,5.0,Luminance,data\RZ_Cep\2022_12_07\Light\Luminance\reduced_images\star_Light_Luminance_5_secs_168_reduced.fits,2,0.979925,792.0,87.32404588646665,1200.0276862502333,798.2909783890976,1.0,V* RZ Cep,True,1.5817251269354975,0.0260240667039354,16400.572117628562,293.84671304474296,-10.537147495606328,-0.019452980829792,2022-12-08 04:02:53.179,0.06695825906825781,2022_12_07,1,"(0.0345, 0.069]",-10.537147495606328,-0.019452980829792
0,0,1,1191.2639304488466,800.3097268347854,16122.529196629765,16122.529196629765,325.17031416510906,192.48541259765625,6.782491370916191,6.646332856645048,6436.024170227032,325.170314165109,19.696922302246094,25.26900100708008,9717.67478352266,10.173737056374286,13.56498274183238,16.956228427290476,9.969499284967572,13.292665713290097,16.61583214161262,False,1.5,5.0,3224.505839325953,1266.4874762904176,203.9468210443564,68.51963322041885,-9.96890590164436,-0.0076555604279225,2.129845,348.5464,27.93119,2022-12-08T04:04:24.704,5.0,Luminance,data\RZ_Cep\2022_12_07\Light\Luminance\reduced_images\star_Light_Luminance_5_secs_169_reduced.fits,2,0.979925,792.0,84.2250648006048,1199.6301672663344,798.4429592318394,1.0,V* RZ Cep,True,1.6495504384572244,0.0412275661544418,16029.794699944516,416.2742832313545,-10.51231990051228,-0.0281952494635246,2022-12-08 04:04:24.704,0.0703897569744385,2022_12_07,1,"(0.069, 0.103]",-10.51231990051228,-0.0281952494635246
0,0,1,1189.4196721928724,801.661723441304,13991.341689391184,13991.341689391184,276.1153425405177,238.344467163086,6.249986426924659,6.124517949404146,5437.780175265025,276.1153425405176,19.61816024780273,25.415666580200195,8574.466652554365,9.37497964038699,12.499972853849318,15.624966067311648,9.18677692410622,12.249035898808293,15.311294873510366,False,1.5,5.0,2798.268337878237,1187.5741163814937,173.17954284141268,64.49047989510656,-9.833017789117536,-0.0081660646337092,2.140827,349.1399,27.77452,2022-12-08T04:09:35.124,5.0,Luminance,data\RZ_Cep\2022_12_07\Light\Luminance\reduced_images\star_Light_Luminance_5_secs_171_reduced.fits,2,0.979925,792.0,82.3592454347405,1200.4123743874168,798.3059318112738,1.0,V* RZ Cep,True,1.9228211475517791,0.061099402602364,16487.165808509046,538.3703729171131,-10.542865013957492,-0.0354535286558208,2022-12-08 04:09:35.124,0.08202816811933489,2022_12_07,1,"(0.069, 0.103]",-10.542865013957492,-0.0354535286558208
0,0,1,1191.0866001011905,797.0346810398222,13624.0043947027,13624.0043947027,336.0650474726471,166.51670837402344,6.895177928938407,6.756757232014969,6256.036283781343,336.0650474726472,18.67718410491944,23.5053825378418,7347.255631827579,10.34276689340761,13.790355857876817,17.23794482234602,10.135135848022452,13.51351446402994,16.891893080037423,False,1.5,5.0,2724.80087894054,1390.7080094914272,210.77999777484425,65.77453068024744,-9.665312876105004,-0.0097197910198144,2.151203,349.7268,27.62818,2022-12-08T04:14:41.081,5.0,Luminance,data\RZ_Cep\2022_12_07\Light\Luminance\reduced_images\star_Light_Luminance_5_secs_173_reduced.fits,2,0.979925,792.0,87.27501392269066,1200.2628775353437,797.9922358967619,1.0,V* RZ Cep,True,2.1031726122549514,0.0568627315064829,15452.546820095711,440.0919810010078,-10.472500170366567,-0.0309220093463895,2022-12-08 04:14:41.081,0.09349925039064155,2022_12_07,1,"(0.069, 0.103]",-10.472500170366567,-0.0309220093463895
0,0,1,1167.666486812916,879.1507598997657,28524.97460887374,28524.97460887374,206.8462812525189,974.0150146484376,5.409506703450865,5.300910856379089,2152.550734506732,206.8462812525189,10.300254821777344,14.461697578430176,26394.40520303577,8.114260055176297,10.81901340690173,13.523766758627165,7.951366284568634,10.60182171275818,13.252277140947724,False,1.5,10.0,2852.497460887374,333.08768371126064,32.433496900394964,56.7275827221558,-11.053779699092114,-0.0023334941589353,1.552891,327.6091,40.0424,2023-02-23T19:32:02.115,10.0,Luminance,data\RZ_Cep\2023_02_23\Light\Luminance\reduced_images\RZ_Cep_Light_Luminance_10_secs_001_reduced.fits,2,0.979925,792.0,3.763553413614957,1200.153078493213,798.5577341376159,1.0,V* RZ Cep,True,0.7883151815926079,0.0048010349711289,20807.11033066002,134.37962552994412,-10.795529425109905,-0.0070120656977874,2023-02-23 19:32:02.115,0.5869978919036498,2023_02_23,2,"(0.586, 0.621]",-10.795529425109905,-0.0070120656977874
0,0,1,1167.2056145278864,878.447419290713,29102.778071054337,29102.778071054337,213.7920836775799,1015.3732299804688,5.49958114859288,5.389177057034878,2215.3644768028344,213.79208367758,10.235133171081545,13.278226852416992,26914.5876236913,8.24937172288932,10.99916229718576,13.7489528714822,8.083765585552317,10.778354114069757,13.472942642587196,False,1.5,10.0,2910.2778071054336,254.8116019305339,33.522598720644524,56.55627293021183,-11.074969325219753,-0.0022814837063474,1.5586,327.7974,39.86569,2023-02-23T19:34:12.821,10.0,Luminance,data\RZ_Cep\2023_02_23\Light\Luminance\reduced_images\RZ_Cep_Light_Luminance_10_secs_002_reduced.fits,2,0.979925,792.0,3.561807316552415,1200.1327249187857,798.534082366066,1.0,V* RZ Cep,True,0.7851937484713076,0.0032741310745856,21133.165944805634,98.67879643667632,-10.81241140819676,-0.0050697156409539,2023-02-23 19:34:12.821,0.5918983821011352,2023_02_23,2,"(0.586, 0.621]",-10.81241140819676,-0.0050697156409539
0,0,1,1166.8498167775788,878.0194050568796,28341.121483092564,28341.121483092564,224.30944671171463,948.955322265625,5.633231338435829,5.52014421931673,2350.8679941942046,224.3094467117145,10.554428100585938,13.933679580688477,25973.66355549156,8.449847007653744,11.266462676871658,14.083078346089572,8.280216328975095,11.04028843863346,13.800360548291824,False,1.5,10.0,2834.112148309257,251.9952612737211,35.171721244396856,55.8684090593904,-11.03633302672248,-0.0023353792309053,1.564495,327.984,39.68504,2023-02-23T19:36:25.813,10.0,Luminance,data\RZ_Cep\2023_02_23\Light\Luminance\reduced_images\RZ_Cep_Light_Luminance_10_secs_003_reduced.fits,2,0.979925,792.0,3.470477199821905,1200.0283276672944,798.5311427696122,1.0,V* RZ Cep,True,0.7843227331485657,0.0045742393473939,20371.734789724436,126.63273820596562,-10.772570034150474,-0.0067490446933967,2023-02-23 19:36:25.813,0.5968845800747999,2023_02_23,2,"(0.586, 0.621]",-10.772570034150474,-0.0067490446933967
0,0,1,1167.3340314627,876.887875513546,28420.42893408112,28420.42893408112,192.33023041283883,1103.63427734375,5.216240185012486,5.111524163298361,2015.077334862473,192.3302304128389,10.38546657562256,13.533788681030272,26422.98975464679,7.824360277518729,10.432480370024972,13.040600462531216,7.667286244947541,10.223048326596722,12.778810408245905,False,1.5,10.0,2842.0428934081115,218.73711247246337,30.157380128733124,55.596199384574014,-11.054954890925629,-0.0022844805633006,1.570641,328.1732,39.49866,2023-02-23T19:38:41.433,10.0,Luminance,data\RZ_Cep\2023_02_23\Light\Luminance\reduced_images\RZ_Cep_Light_Luminance_10_secs_004_reduced.fits,2,0.979925,792.0,4.560820607463174,1200.0006160502944,798.518334956629,1.0,V* RZ Cep,True,0.7843262691444642,0.0033815656048809,20724.24497390452,99.4236347019307,-10.791196793213802,-0.0052087706905828,2023-02-23 19:38:41.433,0.601969308247817,2023_02_23,2,"(0.586, 0.621]",-10.791196793213802,-0.0052087706905828
0,0,1,1167.2034908559162,875.6669241635107,28045.753744876267,28045.753744876267,179.3453378978805,1204.4986572265625,5.03708002247633,4.935960641025118,1910.514060699292,179.34533789788057,10.649721145629885,13.96456527709961,26135.77590749508,7.5556200337144945,10.07416004495266,12.592700056190823,7.403940961537677,9.871921282050236,12.339901602562795,True,1.5,10.0,2804.5753744876265,310.5908069119816,28.121348982387666,56.06502947811582,-11.043088494424923,-0.0023290616104404,1.576668,328.3645,39.31776,2023-02-23T19:40:54.118,10.0,Luminance,data\RZ_Cep\2023_02_23\Light\Luminance\reduced_images\RZ_Cep_Light_Luminance_10_secs_005_reduced.fits,2,0.979925,792.0,5.388682572643039,1200.186703948019,798.4585244059937,1.0,V* RZ Cep,True,0.7920024138620236,0.0047133412168041,20699.597606893025,130.94532511171843,-10.789904757506484,-0.0068683499562461,2023-02-23 19:40:54.118,0.6069439960346017,2023_02_23,2,"(0.586, 0.621]",-10.789904757506484,-0.0068683499562461
0,0,1,1168.2060618747098,874.9838552324704,27675.68538765492,27675.68538765492,186.0491285845061,1195.655029296875,5.130357446690461,5.02736552094815,1990.6552331602743,186.0491285845061,10.664105415344238,13.940064430236816,25691.63786799681,7.695536170035691,10.26071489338092,12.825893616726152,7.541048281422225,10.0547310418963,12.568413802370374,True,1.5,10.0,2767.568538765492,277.8937872877928,29.172503362050563,55.44938980201077,-11.024479479657597,-0.0023433075909411,1.582615,328.5509,39.14106,2023-02-23T19:43:05.768,10.0,Luminance,data\RZ_Cep\2023_02_23\Light\Luminance\reduced_images\RZ_Cep_Light_Luminance_10_secs_006_reduced.fits,2,0.979925,792.0,6.54619468261536,1199.993855151101,798.5069592703619,1.0,V* RZ Cep,True,0.7860245578074414,0.0032274691355338,20194.25829454111,93.6758832046111,-10.763069767000548,-0.0050364463217464,2023-02-23 19:43:05.768,0.611879879119499,2023_02_23,2,"(0.586, 0.621]",-10.763069767000548,-0.0050364463217464
0,0,1,1165.9091407343296,872.4251920434406,28167.65033477875,28167.65033477875,223.0843915155902,943.0323486328124,5.617827467494598,5.505049581084644,2298.4630004601504,223.0843915155904,10.232772827148438,13.50160026550293,25884.87843511708,8.426741201241896,11.235654934989196,14.044568668736495,8.257574371626966,11.010099162169288,13.76262395271161,False,1.5,10.0,2816.765033477875,326.9531459861111,34.97963258964454,56.37994157547195,-11.032615324291228,-0.0023648457126841,1.594696,328.9339,38.7875,2023-02-23T19:47:29.888,10.0,Luminance,data\RZ_Cep\2023_02_23\Light\Luminance\reduced_images\RZ_Cep_Light_Luminance_10_secs_008_reduced.fits,2,0.979925,792.0,7.811692129252963,1200.0689976076917,798.484067032355,1.0,V* RZ Cep,True,0.7766574626671747,0.0036863465856956,20103.6840068663,104.987988083935,-10.75818912330859,-0.0056700682167761,2023-02-23 19:47:29.888,0.6217823891111038,2023_02_23,2,"(0.621, 0.655]",-10.75818912330859,-0.0056700682167761
0,0,1,1167.3137939688506,871.9535125000613,28371.887442429765,28371.887442429765,243.4277414193592,859.40283203125,5.868388257441483,5.750580363173345,2470.262729795921,243.42774141935908,10.1015625,13.07016372680664,25912.88689824827,8.802582386162225,11.736776514882964,14.670970643603706,8.62587054476002,11.50116072634669,14.376450907933362,False,1.5,10.0,2837.188744242977,258.91125855902607,38.16946985455552,55.98454673083063,-11.033789498707025,-0.0023457227877124,1.600778,329.1263,38.61217,2023-02-23T19:49:40.519,10.0,Luminance,data\RZ_Cep\2023_02_23\Light\Luminance\reduced_images\RZ_Cep_Light_Luminance_10_secs_009_reduced.fits,2,0.979925,792.0,8.702137183167197,1199.9399160124285,798.4147932737611,1.0,V* RZ Cep,True,0.7887217043372613,0.0052355250214102,20438.056318685063,142.67256683564744,-10.77609897887596,-0.0075792320377167,2023-02-23 19:49:40.519,0.6266800673737123,2023_02_23,2,"(0.621, 0.655]",-10.77609897887596,-0.0075792320377167
0,0,1,1166.2229256100288,871.3159729453538,27793.30269949424,27793.30269949424,228.5862505960573,964.7637939453124,5.686680867915463,5.57252074949206,2345.284226289801,228.58625059605737,10.243457794189451,13.847334861755373,25451.78908918151,8.530021301873195,11.373361735830926,14.216702169788658,8.35878112423809,11.14504149898412,13.93130187373015,False,1.5,10.0,2779.330269949424,276.3979938508608,35.84232409346178,55.60189374377231,-11.01429578929981,-0.0023718956997167,1.606886,329.3196,38.43785,2023-02-23T19:51:51.224,10.0,Luminance,data\RZ_Cep\2023_02_23\Light\Luminance\reduced_images\RZ_Cep_Light_Luminance_10_secs_010_reduced.fits,2,0.979925,792.0,8.964023881803826,1200.1026405877965,798.5142348538906,1.0,V* RZ Cep,True,0.7887704219362872,0.0024592082573369,20075.61841890709,76.42717019315947,-10.756672330926875,-0.0041333593802407,2023-02-23 19:51:51.224,0.6315805200787281,2023_02_23,2,"(0.621, 0.655]",-10.756672330926875,-0.0041333593802407
0,0,1,1167.0449075061654,870.5355618990649,27367.571837207,27367.571837207,206.95216685232765,1037.202880859375,5.410891102469097,5.30226746358703,2150.2463290464448,206.95216685232776,10.33195686340332,14.787260055541992,25229.3509765009,8.116336653703645,10.821782204938192,13.527227756172742,7.953401195380544,10.60453492717406,13.255668658967576,False,1.5,10.0,2736.7571837207,261.53068541548777,32.45009976244497,55.05213864055267,-11.004765196156228,-0.0023691493343243,1.613063,329.5152,38.26332,2023-02-23T19:54:02.650,10.0,Luminance,data\RZ_Cep\2023_02_23\Light\Luminance\reduced_images\RZ_Cep_Light_Luminance_10_secs_011_reduced.fits,2,0.979925,792.0,9.94218538790817,1200.1576754727216,798.4464349103569,1.0,V* RZ Cep,True,0.7975302013132911,0.0042522516221656,20121.16936329244,115.91826845028154,-10.75913304151488,-0.0062549377015307,2023-02-23 19:54:02.650,0.6365080048513505,2023_02_23,2,"(0.621, 0.655]",-10.75913304151488,-0.0062549377015307
0,0,1,1166.056588314349,869.1227501829538,27018.16160757001,27018.16160757001,208.3433313763093,1007.6192016601562,5.429047065862777,5.320058946015582,2179.816054721339,208.34333137630915,10.431453227996826,13.519010543823242,24844.837890953,8.143570598794167,10.858094131725554,13.572617664656942,7.9800884190233745,10.640117892031164,13.300147365038956,False,1.5,10.0,2701.8161607570014,232.70465521844872,32.66823435980529,54.47191065434786,-10.988090418452092,-0.0023804593050418,1.619297,329.7128,38.08895,2023-02-23T19:56:14.835,10.0,Luminance,data\RZ_Cep\2023_02_23\Light\Luminance\reduced_images\RZ_Cep_Light_Luminance_10_secs_012_reduced.fits,2,0.979925,792.0,11.069964727908928,1199.9856483519693,798.4509446982064,1.0,V* RZ Cep,True,0.7930572884918398,0.0030665856282105,19703.379770818505,87.58378957163512,-10.73635182047001,-0.004826222322968,2023-02-23 19:56:14.835,0.6414639464053096,2023_02_23,2,"(0.621, 0.655]",-10.73635182047001,-0.004826222322968
0,0,1,1166.6552725159154,868.5722368820745,27090.18380823784,27090.18380823784,223.4290243974789,884.6005249023438,5.62216515533204,5.509300189838749,2313.217006821728,223.42902439747905,10.30262565612793,14.129082679748535,24788.27820915674,8.433247732998058,11.24433031066408,14.0554128883301,8.263950284758122,11.018600379677498,13.773250474596871,False,1.5,10.0,2709.018380823784,294.8267477461237,35.03367102552469,55.12602651738498,-10.985615904431512,-0.0024145413533511,1.625475,329.9088,37.91788,2023-02-23T19:58:25.266,10.0,Luminance,data\RZ_Cep\2023_02_23\Light\Luminance\reduced_images\RZ_Cep_Light_Luminance_10_secs_013_reduced.fits,2,0.979925,792.0,11.73218828749321,1200.0353167199603,798.5109226873566,1.0,V* RZ Cep,True,0.7950642799938519,0.0033611917384802,19708.27456665049,94.14283340892224,-10.73662151009184,-0.0051863638445317,2023-02-23 19:58:25.266,0.646354126174856,2023_02_23,2,"(0.621, 0.655]",-10.73662151009184,-0.0051863638445317
0,0,1,1165.3824622573438,867.8318228762396,26862.252405100146,26862.252405100146,204.72293789295657,1038.77880859375,5.381669920920592,5.273632897258112,2204.603440941233,204.72293789295665,10.632318496704102,14.174111366271973,24685.57292584125,8.072504881380887,10.763339841841184,13.45417480230148,7.910449345887166,10.547265794516225,13.184082243145278,False,1.5,10.0,2686.2252405100144,235.07955408957983,32.100556661615585,54.345242213658494,-10.981108027961588,-0.002390246205951,1.631861,330.1116,37.74279,2023-02-23T20:00:39.654,10.0,Luminance,data\RZ_Cep\2023_02_23\Light\Luminance\reduced_images\RZ_Cep_Light_Luminance_10_secs_014_reduced.fits,2,0.979925,792.0,12.246458116867364,1200.0784648391116,798.5273149127936,1.0,V* RZ Cep,True,0.8031757920142073,0.0037816140390782,19826.854586037018,103.05184700729984,-10.743134553506389,-0.0056432108672354,2023-02-23 20:00:39.654,0.651392663630304,2023_02_23,2,"(0.621, 0.655]",-10.743134553506389,-0.0056432108672354
0,0,1,1165.7612202575851,866.7299883982871,26866.73977392221,26866.73977392221,215.9273539066809,958.8802490234376,5.526976728174182,5.416022670356085,2279.8700192348224,215.92735390668105,10.541376113891602,13.914194107055664,24590.568323114512,8.290465092261272,11.053953456348363,13.817441820435455,8.124034005534128,10.83204534071217,13.540056675890217,False,1.5,10.0,2686.673977392222,270.7403889633936,33.857409092567565,54.69252028795329,-10.976921415049352,-0.0024148140305599,1.638367,330.3183,37.56626,2023-02-23T20:02:55.816,10.0,Luminance,data\RZ_Cep\2023_02_23\Light\Luminance\reduced_images\RZ_Cep_Light_Luminance_10_secs_015_reduced.fits,2,0.979925,792.0,13.386377579663703,1199.9734609372765,798.4418603332139,1.0,V* RZ Cep,True,0.8016325339317365,0.005195786805992,19712.599595679774,135.08046162402238,-10.736859751415624,-0.0074400003423589,2023-02-23 20:02:55.816,0.6564977127196698,2023_02_23,2,"(0.655, 0.69]",-10.736859751415624,-0.0074400003423589
0,0,1,1165.9712021776045,866.1514317711226,26516.86813683225,26516.86813683225,227.2868451623713,910.1263427734376,5.670494778126402,5.556659595455515,2365.4870123164046,227.2868451623714,10.44361686706543,13.797844886779783,24143.171407032423,8.505742167189602,11.340989556252804,14.176236945316006,8.334989393183271,11.11331919091103,13.891648988638789,False,1.5,10.0,2651.6868136832254,270.16876316033813,35.63857732145982,54.38284797769443,-10.956985794282009,-0.0024456367380981,1.644714,330.5202,37.39579,2023-02-23T20:05:08.218,10.0,Luminance,data\RZ_Cep\2023_02_23\Light\Luminance\reduced_images\RZ_Cep_Light_Luminance_10_secs_016_reduced.fits,2,0.979925,792.0,13.988154989664098,1200.0108077185346,798.5445989935691,1.0,V* RZ Cep,True,0.7991367099407067,0.0047532311192675,19293.694565750437,122.71156771105277,-10.713538497554795,-0.0069054888037373,2023-02-23 20:05:08.218,0.6614617901386737,2023_02_23,2,"(0.655, 0.69]",-10.713538497554795,-0.0069054888037373
0,0,1,1165.3412687107586,864.7894003148102,27361.0838233935,27361.0838233935,232.60122882651245,908.76318359375,5.736405017235757,5.621246686514749,2452.8084111911835,232.60122882651245,10.539714813232422,14.93940258026123,24909.53320635464,8.604607525853636,11.472810034471514,14.341012543089391,8.431870029772124,11.242493373029498,14.053116716286874,False,1.5,10.0,2736.10838233935,292.1596451992493,36.47187267999715,55.3600930293528,-10.990913972815186,-0.002412990111168,1.651007,330.7206,37.22842,2023-02-23T20:07:19.019,10.0,Luminance,data\RZ_Cep\2023_02_23\Light\Luminance\reduced_images\RZ_Cep_Light_Luminance_10_secs_017_reduced.fits,2,0.979925,792.0,15.26962162391575,1200.0531525574506,798.5035467788435,1.0,V* RZ Cep,True,0.8028879694288285,0.0032628461078055,19999.564535470054,92.63586973117776,-10.752551348922289,-0.0050290153792107,2023-02-23 20:07:19.019,0.6663658421203991,2023_02_23,2,"(0.655, 0.69]",-10.752551348922289,-0.0050290153792107
0,0,1,1165.4753047899335,863.7988056592867,26878.89090000566,26878.89090000566,242.41365988971936,796.0477294921875,5.856152111294497,5.73858985766026,2617.214764787707,242.41365988971955,10.747578620910645,14.023548126220703,24273.531031558206,8.784228166941745,11.712304222588994,14.640380278236243,8.60788478649039,11.47717971532052,14.346474644150652,False,1.5,10.0,2687.889090000566,328.9495525109738,38.01046187070799,55.27068937856888,-10.962832392619838,-0.0024722150412411,1.657604,330.9309,37.05472,2023-02-23T20:09:35.644,10.0,Luminance,data\RZ_Cep\2023_02_23\Light\Luminance\reduced_images\RZ_Cep_Light_Luminance_10_secs_018_reduced.fits,2,0.979925,792.0,16.268227386189377,1200.1522014745624,798.4199904317802,1.0,V* RZ Cep,True,0.8103616680020501,0.0036342910613563,19670.339095033032,98.93598631745378,-10.73452961685888,-0.0054609319025638,2023-02-23 20:09:35.644,0.6714882502212447,2023_02_23,2,"(0.655, 0.69]",-10.73452961685888,-0.0054609319025638
0,0,1,1166.2397041939116,863.8216183536855,26213.24939239412,26213.24939239412,248.1232893803949,791.0368041992188,5.92471643961769,5.805777757092365,2684.5032248951657,248.12328938039488,10.905659198760986,13.535030364990234,23507.301359135985,8.887074659426535,11.84943287923538,14.811791099044225,8.708666635638547,11.61155551418473,14.514444392730912,False,1.5,10.0,2621.3249392394123,318.2397717175395,38.90573177484592,54.57536479705654,-10.928006937326762,-0.0025206827675699,1.664133,331.1392,36.88457,2023-02-23T20:11:50.348,10.0,Luminance,data\RZ_Cep\2023_02_23\Light\Luminance\reduced_images\RZ_Cep_Light_Luminance_10_secs_019_reduced.fits,2,0.979925,792.0,16.332676068851406,1199.871259062319,798.5435626784684,1.0,V* RZ Cep,True,0.814345884079,0.0031459770044866,19143.07410761707,86.28041416890665,-10.705029201519068,-0.0048935593571898,2023-02-23 20:11:50.348,0.6765386352958558,2023_02_23,2,"(0.655, 0.69]",-10.705029201519068,-0.0048935593571898
0,0,1,1164.588481073218,862.8099949944789,25740.300808195763,25740.300808195763,208.4551869729077,996.0870361328124,5.430504246681869,5.3214868739297305,2240.4912709675523,208.45518697290785,10.788875579833984,14.224205017089844,23491.303731974032,8.145756370022802,10.861008493363736,13.576260616704673,7.982230310894595,10.64297374785946,13.303717184824327,False,1.5,10.0,2574.030080819576,279.469249726232,32.685773317351924,53.72322685639016,-10.92726780034016,-0.002483014697691,1.670538,331.3438,36.71928,2023-02-23T20:14:02.057,10.0,Luminance,data\RZ_Cep\2023_02_23\Light\Luminance\reduced_images\RZ_Cep_Light_Luminance_10_secs_020_reduced.fits,2,0.979925,792.0,17.20007505981812,1199.987447353157,798.4725963115515,1.0,V* RZ Cep,True,0.8103355748381204,0.0043731066151319,19035.83911334606,111.57348838008124,-10.698930063956052,-0.0063637528718386,2023-02-23 20:14:02.057,0.681476730436259,2023_02_23,2,"(0.655, 0.69]",-10.698930063956052,-0.0063637528718386
0,0,1,1165.52862381028,862.088709414409,25988.10738763336,25988.10738763336,200.6618838270073,1038.3519287109375,5.328024916625076,5.221064816423828,2189.7399842828945,200.66188382700727,10.937870502471924,14.09071159362793,23793.29368755149,7.992037374937615,10.656049833250153,13.32006229156269,7.831597224635742,10.442129632847656,13.05266204105957,False,1.5,10.0,2598.810738763336,247.12586619363657,31.46378338407474,53.64140554031976,-10.941136413134094,-0.0024477660316406,1.676997,331.5504,36.55423,2023-02-23T20:16:14.481,10.0,Luminance,data\RZ_Cep\2023_02_23\Light\Luminance\reduced_images\RZ_Cep_Light_Luminance_10_secs_021_reduced.fits,2,0.979925,792.0,17.97640178664342,1199.9963348788128,798.4631815287753,1.0,V* RZ Cep,True,0.814556236457837,0.0044774516516557,19380.97575906795,115.14560016886654,-10.718439095887897,-0.0064505393575681,2023-02-23 20:16:14.481,0.6864416326895366,2023_02_23,2,"(0.655, 0.69]",-10.718439095887897,-0.0064505393575681
0,0,1,1165.82122398441,861.1396972379157,25962.790094208605,25962.790094208605,253.9190294103886,791.153564453125,5.993512691106366,5.873192923832406,2643.139005687262,253.9190294103888,10.417608261108398,13.213384628295898,23317.56111577032,8.990269036659548,11.987025382212732,14.983781727765916,8.809789385748608,11.746385847664811,14.682982309581016,False,1.5,10.0,2596.2790094208603,318.2038135789636,39.81450381154893,54.35344815935207,-10.919207809326162,-0.0025308610204581,1.683604,331.7619,36.38709,2023-02-23T20:18:29.446,10.0,Luminance,data\RZ_Cep\2023_02_23\Light\Luminance\reduced_images\RZ_Cep_Light_Luminance_10_secs_022_reduced.fits,2,0.979925,792.0,18.94803095519096,1199.9918991093427,798.5326495220962,1.0,V* RZ Cep,True,0.8051343678243165,0.003003055078013,18773.7698281506,82.57388875753796,-10.683878722466217,-0.0047754639271914,2023-02-23 20:18:29.446,0.6915018032976263,2023_02_23,2,"(0.69, 0.724]",-10.683878722466217,-0.0047754639271914
0,0,1,1165.8557909138,861.1299275358708,25971.87504335424,25971.87504335424,248.0588345915733,799.2514038085938,5.923946860206086,5.805023626987449,2598.209742478228,248.05883459157337,10.614270210266112,13.25898551940918,23338.91154495557,8.885920290309128,11.847893720412172,14.809867150515217,8.707535440481173,11.610047253974898,14.512559067468622,False,1.5,10.0,2597.187504335424,285.46079462160435,38.89562526395869,54.05130825633166,-10.920201495057194,-0.0025144901113062,1.690103,331.9703,36.22428,2023-02-23T20:20:41.838,10.0,Luminance,data\RZ_Cep\2023_02_23\Light\Luminance\reduced_images\RZ_Cep_Light_Luminance_10_secs_023_reduced.fits,2,0.979925,792.0,18.961107423281724,1199.9341719035956,798.448371391144,1.0,V* RZ Cep,True,0.8139211699344797,0.0039822162778063,18996.03418966757,102.82695323515745,-10.696657356419326,-0.0058771712473073,2023-02-23 20:20:41.838,0.6964655057919913,2023_02_23,2,"(0.69, 0.724]",-10.696657356419326,-0.0058771712473073
0,0,1,1162.3240083845424,859.3823471597117,25817.77984583695,25817.77984583695,249.1281026639184,690.3408203125,5.936700842279905,5.817521572871136,2578.251936609082,249.1281026639184,10.316736221313477,13.474485397338867,23247.590925337,8.905051263419857,11.87340168455981,14.84175210569976,8.726282359306703,11.635043145742271,14.54380393217784,False,1.5,10.0,2581.777984583695,272.41249843093,39.0632864977024,53.78897442331772,-10.915944887469184,-0.0025121156482737,1.696574,332.1781,36.06375,2023-02-23T20:22:53.265,10.0,Luminance,data\RZ_Cep\2023_02_23\Light\Luminance\reduced_images\RZ_Cep_Light_Luminance_10_secs_024_reduced.fits,2,0.979925,792.0,20.68566065026044,1199.9495488515809,798.3919473085008,1.0,V* RZ Cep,True,0.8027073038177586,0.0045354574831001,18661.011031935454,113.93640849457825,-10.67733792404815,-0.0066290558175531,2023-02-23 20:22:53.265,0.7013930280571401,2023_02_23,2,"(0.69, 0.724]",-10.67733792404815,-0.0066290558175531
0,0,1,1164.9200560276836,859.605062030073,25298.858856587307,25298.858856587307,211.48304614004283,918.5977783203124,5.469801716765259,5.359995447301197,2246.9622551014468,211.4830461400429,10.635405540466309,13.418384552001951,23049.650895954805,8.204702575147888,10.939603433530518,13.674504291913149,8.039993170951794,10.719990894602391,13.399988618252992,False,1.5,10.0,2529.885885658731,273.5398349625915,33.16054163475871,53.259611923633855,-10.906660880159222,-0.0025087533506637,1.703017,332.3852,35.90545,2023-02-23T20:25:03.746,10.0,Luminance,data\RZ_Cep\2023_02_23\Light\Luminance\reduced_images\RZ_Cep_Light_Luminance_10_secs_025_reduced.fits,2,0.979925,792.0,20.41568019663434,1200.042136755505,798.4975721482557,1.0,V* RZ Cep,True,0.8170600206711718,0.0038273821101509,18832.94823751213,98.36872081761156,-10.687295781860051,-0.0056710441859916,2023-02-23 20:25:03.746,0.706285082449881,2023_02_23,2,"(0.69, 0.724]",-10.687295781860051,-0.0056710441859916
0,0,1,1164.9310149745477,858.0603177252704,25100.92790183334,25100.92790183334,223.66656742003823,937.7349243164062,5.625153019887707,5.512228073013461,2399.574187167976,223.66656742003823,10.634014129638672,14.075584411621094,22722.45446356088,8.43772952983156,11.250306039775412,14.062882549719266,8.268342109520193,11.024456146026925,13.780570182533651,False,1.5,10.0,2510.092790183334,329.2890096134432,35.07091777146199,53.613922795932766,-10.891138104393924,-0.0025618085032143,1.714984,332.7708,35.61538,2023-02-23T20:29:05.246,10.0,Luminance,data\RZ_Cep\2023_02_23\Light\Luminance\reduced_images\RZ_Cep_Light_Luminance_10_secs_026_reduced.fits,2,0.979925,792.0,21.959427296696923,1200.0011336743398,798.4692500178028,1.0,V* RZ Cep,True,0.8089964171464659,0.0022287923365321,18382.38424979447,66.67859870986193,-10.66100459996674,-0.003938301349709,2023-02-23 20:29:05.246,0.715339512871509,2023_02_23,2,"(0.69, 0.724]",-10.66100459996674,-0.003938301349709
0,0,1,1163.2439515222154,857.3734399451588,24767.271254999367,24767.271254999367,202.0191877877048,1009.0855712890624,5.346014285704243,5.23869304891873,2259.630827963051,202.0191877877048,11.166179656982422,14.375497817993164,22511.488710004185,8.019021428556364,10.692028571408486,13.365035714260609,7.858039573378096,10.47738609783746,13.096732622296823,False,1.5,10.0,2476.727125499937,273.12787529817143,31.67660864511211,52.74022762032053,-10.88101054082886,-0.002543677822121,1.721648,332.986,35.45604,2023-02-23T20:31:19.233,10.0,Luminance,data\RZ_Cep\2023_02_23\Light\Luminance\reduced_images\RZ_Cep_Light_Luminance_10_secs_027_reduced.fits,2,0.979925,792.0,22.63918790981903,1200.072392743543,798.4959756045791,1.0,V* RZ Cep,True,0.814306912460459,0.0037518196934413,18331.26086633199,94.75100182486308,-10.657980844410153,-0.0056119758410782,2023-02-23 20:31:19.233,0.720363015848335,2023_02_23,2,"(0.69, 0.724]",-10.657980844410153,-0.0056119758410782
0,0,1,1209.981948040058,878.7832441255189,44620.25500127446,44620.25500127446,187.3123898333625,2121.713623046875,5.147745374376004,5.0444043859854055,1231.2502331083592,187.31238983336263,6.388512134552002,11.073593139648438,43423.60752587209,7.721618061564005,10.295490748752009,12.86936343594001,7.566606578978107,10.088808771970813,12.611010964963514,False,1.5,3.5,12748.644286078415,563.977349530029,239.75985898670405,116.41469621398817,-11.59431475182052,-0.0029107588624491,1.042468,332.4778,73.57829,2023-11-10T20:42:17.485,3.5,Luminance,data\RZ_Cep\2023_11_10\Light\Luminance\reduced_images\Light_Luminance_3.500_secs_001_reduced.fits,2,0.979925,792.0,45.99804387598117,1200.058843385814,798.5182116968297,1.0,V* RZ Cep,True,0.6438158915391907,0.0031195921945941,27956.80859311725,154.8157880039333,-11.116218982642476,-0.0060124568776928,2023-11-10 20:42:17.485,0.9757878156806328,2023_11_10,3,"(0.966, 1.0]",-11.116218982642476,-0.0060124568776928
0,0,1,1209.5154486321137,878.3764922946399,44023.05146258001,44023.05146258001,195.61179651274773,2032.38330078125,5.260552091185848,5.154946507955292,1358.4105052564396,195.6117965127477,6.691870450973511,14.994150161743164,42714.042661634514,7.890828136778772,10.521104182371696,13.15138022796462,7.732419761932939,10.309893015910584,12.887366269888233,False,1.5,3.5,12578.01470359429,810.3724808050789,250.38309953631708,116.7851458188741,-11.576426692706212,-0.0029685286873442,1.043042,332.0769,73.47136,2023-11-10T20:43:47.235,3.5,Luminance,data\RZ_Cep\2023_11_10\Light\Luminance\reduced_images\Light_Luminance_3.500_secs_002_reduced.fits,2,0.979925,792.0,45.54439418251104,1200.1326266595545,798.3985615198436,1.0,V* RZ Cep,True,0.6514010126452503,0.0041660705061931,27823.970643961144,193.52867541381812,-11.11104776612722,-0.0075518010080013,2023-11-10 20:43:47.235,0.979152764460423,2023_11_10,3,"(0.966, 1.0]",-11.11104776612722,-0.0075518010080013
0,0,1,1212.3481701200585,879.7059939607506,43293.38916252561,43293.38916252561,200.2510510669473,1667.183837890625,5.322567854514688,5.215717304835306,1292.8081558239612,200.2510510669473,6.467817306518555,10.457952499389648,41998.20194878628,7.983851781772032,10.645135709029375,13.30641963628672,7.823575957252959,10.431434609670612,13.039293262088265,False,1.5,3.5,12369.539760721602,562.2343570813873,256.32134536569254,114.83943339797824,-11.55807674382595,-0.0029688254446259,1.043821,331.5327,73.32772,2023-11-10T20:45:47.284,3.5,Luminance,data\RZ_Cep\2023_11_10\Light\Luminance\reduced_images\Light_Luminance_3.500_secs_003_reduced.fits,2,0.979925,792.0,48.34906403964002,1200.1124203017432,798.4412125586399,1.0,V* RZ Cep,True,0.6495471286860065,0.0023770909027967,27279.81148580917,124.62321308543189,-11.089603412124251,-0.0049600025451248,2023-11-10 20:45:47.284,0.9836536974530645,2023_11_10,3,"(0.966, 1.0]",-11.089603412124251,-0.0049600025451248
0,0,1,1212.160638581982,879.7055286663086,43258.01759030025,43258.01759030025,172.01329487441575,2227.786865234375,4.933041987503996,4.834011169604854,1206.126352234299,172.01329487441575,6.756096124649048,13.376788139343262,42095.8792354111,7.399562981255994,9.866083975007992,12.332604968759991,7.25101675440728,9.668022339209708,12.085027924012136,False,1.5,3.5,12359.433597228644,648.3350854307726,220.17701743925213,115.01280667864197,-11.560598962100304,-0.0029664083632396,1.044624,331.0172,73.18105,2023-11-10T20:47:44.454,3.5,Luminance,data\RZ_Cep\2023_11_10\Light\Luminance\reduced_images\Light_Luminance_3.500_secs_004_reduced.fits,2,0.979925,792.0,48.16153882498634,1200.0948843396266,798.474356148773,1.0,V* RZ Cep,True,0.6573462698563897,0.0055080442474935,27671.56919172253,243.8804538244341,-11.105084469227776,-0.0095690214210634,2023-11-10 20:47:44.454,0.9880466896372582,2023_11_10,3,"(0.966, 1.0]",-11.105084469227776,-0.0095690214210634
0,0,1,1210.945229490293,879.0048115586679,43821.49119971271,43821.49119971271,183.07705524151856,2220.197021484375,5.089214591959978,4.987048609026382,1225.6073425188977,183.07705524151865,6.774791240692139,12.215566635131836,42581.18236949076,7.633821887939967,10.178429183919956,12.723036479899946,7.480572913539572,9.974097218052764,12.467621522565954,False,1.5,3.5,12520.426057060771,593.828886514622,234.33863070914373,115.53611372330532,-11.573044291265395,-0.0029459431290081,1.045225,330.6554,73.0723,2023-11-10T20:49:10.517,3.5,Luminance,data\RZ_Cep\2023_11_10\Light\Luminance\reduced_images\Light_Luminance_3.500_secs_005_reduced.fits,2,0.979925,792.0,46.95577676846633,1200.103346763155,798.5598267066225,1.0,V* RZ Cep,True,0.652467202921027,0.0042106195083507,27782.824957691784,194.49604634616423,-11.109441006776246,-0.0076007893193698,2023-11-10 20:49:10.517,0.9912734036968232,2023_11_10,3,"(0.966, 1.0]",-11.109441006776246,-0.0076007893193698
0,0,1,1210.0061306317943,878.2940842946274,42843.978152394426,42843.978152394426,210.91688359632752,1744.792236328125,5.462475190354515,5.352816000908148,1373.8062442193386,210.91688359632747,6.266922950744629,12.596725463867188,41522.17829388507,8.193712785531773,10.92495038070903,13.656187975886288,8.029224001362223,10.705632001816296,13.38204000227037,False,1.5,3.5,12241.136614969835,721.4939792818935,269.9736110032992,115.033057010822,-11.545700322373117,-0.0030079239546796,1.045772,330.3214,72.97387,2023-11-10T20:50:29.100,3.5,Luminance,data\RZ_Cep\2023_11_10\Light\Luminance\reduced_images\Light_Luminance_3.500_secs_006_reduced.fits,2,0.979925,792.0,46.03774760024173,1200.1808088341036,798.458687517525,1.0,V* RZ Cep,True,0.6494697612614275,0.0042619290782178,26967.39922358396,192.08883327358436,-11.07709766115356,-0.0077337009433407,2023-11-10 20:50:29.100,0.9942196741144471,2023_11_10,3,"(0.966, 1.0]",-11.07709766115356,-0.0077337009433407
0,0,1,1210.1283157606897,878.1151053926837,42509.4131547723,42509.4131547723,182.65369730566127,2058.96484375,5.083326889631484,4.981279102322132,1241.1358379164556,182.65369730566127,6.570990562438965,12.379844665527344,41309.197433582216,7.624990334447226,10.166653779262967,12.708317224078709,7.471918653483198,9.962558204644264,12.453197755805329,False,1.5,3.5,12145.54661564923,626.5438632704886,233.7967325512465,114.04335671783326,-11.540116893665598,-0.0029974196787478,1.047509,329.3487,72.66598,2023-11-10T20:54:28.449,3.5,Luminance,data\RZ_Cep\2023_11_10\Light\Luminance\reduced_images\Light_Luminance_3.500_secs_007_reduced.fits,2,0.979925,792.0,46.16680996775241,1200.1177794150367,798.5923028688605,1.0,V* RZ Cep,True,0.6592169475139729,0.0041431462793372,27231.72303641811,186.93385993092477,-11.087687803454042,-0.0074531038432919,2023-11-10 20:54:28.449,0.003193458242549241,2023_11_10,3,"(-0.001, 0.0345]",-11.087687803454042,-0.0074531038432919
0,0,1,1207.6245061498182,881.6867552795301,36708.41272178534,36708.41272178534,168.61441507846646,1945.001220703125,4.884061846572338,4.786014305002399,1079.9276430019393,168.61441507846644,6.190830230712891,10.918556213378906,35664.5495035836,7.326092769858508,9.768123693144677,12.210154616430843,7.179021457503598,9.572028610004798,11.965035762505996,False,1.5,5.0,7341.682544357068,358.57315034767663,105.75496113721417,88.35163074806236,-11.380591856511872,-0.0026896894980533,1.034051,341.3833,75.24541,2023-11-10T20:14:41.115,5.0,Luminance,data\RZ_Cep\2023_11_10\Light\Luminance\reduced_images\Light_Luminance_5_secs_001_reduced.fits,2,0.979925,792.0,43.65710343333088,1200.0738162244495,798.4693351061431,1.0,V* RZ Cep,True,0.6460027775191234,0.0023575697007526,23039.39803828328,101.62345655549016,-10.906177819683156,-0.0047890255575089,2023-11-10 20:14:41.115,0.9136864205770507,2023_11_10,3,"(0.897, 0.931]",-10.906177819683156,-0.0047890255575089
0,0,1,1208.293525470087,882.4639378133653,37619.06416335037,37619.06416335037,168.54858614861945,2011.9620361328125,4.883108357657532,4.785079957377557,1033.5564913946505,168.54858614861956,6.035982131958008,9.906328201293944,36601.70790899052,7.324662536486298,9.766216715315064,12.207770894143833,7.177619936066336,9.570159914755116,11.962699893443894,False,1.5,5.0,7523.8128326700735,281.66533291116923,105.71367323241412,88.94488090280214,-11.40875337729371,-0.0026384199793133,1.034627,340.4983,75.12464,2023-11-10T20:17:06.300,5.0,Luminance,data\RZ_Cep\2023_11_10\Light\Luminance\reduced_images\Light_Luminance_5_secs_002_reduced.fits,2,0.979925,792.0,44.362003878514905,1200.0181464996156,798.4931773559783,1.0,V* RZ Cep,True,0.6424050647077206,0.0026617667038654,23513.12253768814,112.9446565649663,-10.928275767924912,-0.0052153048821993,2023-11-10 20:17:06.300,0.9191297641827987,2023_11_10,3,"(0.897, 0.931]",-10.928275767924912,-0.0052153048821993
0,0,1,1208.0099756211025,881.4691915359309,38819.99057897413,38819.99057897413,173.31288728823313,1893.214111328125,4.951641946618499,4.852237734540132,1063.8775736068717,173.3128872882331,5.976576805114746,10.67998504638672,37784.17279677981,7.427462919927748,9.903283893236996,12.379104866546246,7.278356601810199,9.704475469080265,12.130594336350333,False,1.5,5.0,7763.998115794825,455.83642339620167,108.7018429071798,91.26081515140112,-11.443274796785015,-0.0026223988445781,1.035428,339.3852,74.95848,2023-11-10T20:20:16.947,5.0,Luminance,data\RZ_Cep\2023_11_10\Light\Luminance\reduced_images\Light_Luminance_5_secs_003_reduced.fits,2,0.979925,792.0,44.03449191190116,1200.0921994057303,798.4887100934287,1.0,V* RZ Cep,True,0.6477709956746596,0.0038962344767332,24475.49123331344,158.64193659515968,-10.971828542584918,-0.0070373784334865,2023-11-10 20:20:16.947,0.9262775902554949,2023_11_10,3,"(0.897, 0.931]",-10.971828542584918,-0.0070373784334865
0,0,1,1210.6504890918145,881.053874496623,39240.241292800754,39240.241292800754,187.3268928666764,1864.65673828125,5.147944657716639,5.044599668712978,1118.2239965424992,187.3268928666763,5.726860046386719,11.727856636047363,38167.44639442882,7.721916986574959,10.295889315433278,12.869861644291598,7.566899503069467,10.089199337425956,12.611499171782445,False,1.5,5.0,7848.048258560151,403.8207642493624,117.49142720597938,91.4842087467312,-11.454232760764334,-0.0026024197839569,1.036021,338.6194,74.83673,2023-11-10T20:22:28.615,5.0,Luminance,data\RZ_Cep\2023_11_10\Light\Luminance\reduced_images\Light_Luminance_5_secs_004_reduced.fits,2,0.979925,792.0,46.66239153708409,1200.1678454301727,798.4904523882407,1.0,V* RZ Cep,True,0.6481243704703185,0.0039104175278009,24737.252166848804,160.5971170443579,-10.983378640511203,-0.0070487256700447,2023-11-10 20:22:28.615,0.9312141482048446,2023_11_10,3,"(0.931, 0.966]",-10.983378640511203,-0.0070487256700447
0,0,1,1209.8449569787183,880.9810926062978,39942.347327803065,39942.347327803065,159.48034940015202,2267.604248046875,4.749932016641622,4.6545771314075415,1030.3958983971677,159.48034940015214,6.372808456420898,10.709878921508787,38926.00960851282,7.124898024962432,9.499864033283243,11.874830041604056,6.981865697111312,9.309154262815085,11.636442828518854,False,1.5,5.0,7988.469465560613,341.91672756617766,100.02607514377534,91.81727652392313,-11.475599713776038,-0.0025609956516711,1.03653,337.9835,74.73313,2023-11-10T20:24:19.996,5.0,Luminance,data\RZ_Cep\2023_11_10\Light\Luminance\reduced_images\Light_Luminance_5_secs_005_reduced.fits,2,0.979925,792.0,45.85545358060112,1200.092378328113,798.5195255481137,1.0,V* RZ Cep,True,0.6538382670534725,0.00236436820576,25451.31466573684,109.88429118904348,-11.014275550898915,-0.0046875909887178,2023-11-10 20:24:19.996,0.9353900965063531,2023_11_10,3,"(0.931, 0.966]",-11.014275550898915,-0.0046875909887178
0,0,1,1209.5035328706465,880.4248832232619,39647.5128091888,39647.5128091888,177.87641840619503,2058.431640625,5.01640962786273,4.915705204583386,1122.804091140385,177.87641840619494,6.235702991485596,12.152351379394531,38538.32829481855,7.524614441794095,10.03281925572546,12.541024069656824,7.373557806875079,9.831410409166772,12.289263011458464,False,1.5,5.0,7929.50256183776,385.3460371189808,111.56408962436552,91.79549383592372,-11.464732180048596,-0.002586144638368,1.036958,337.4704,74.64652,2023-11-10T20:25:50.916,5.0,Luminance,data\RZ_Cep\2023_11_10\Light\Luminance\reduced_images\Light_Luminance_5_secs_006_reduced.fits,2,0.979925,792.0,45.50551647287849,1200.0646697142374,798.5459546088755,1.0,V* RZ Cep,True,0.6549547923888062,0.0025559511207453,25240.86280734454,115.40062012694584,-11.005260490739296,-0.0049639599200589,2023-11-10 20:25:50.916,0.9387989114709399,2023_11_10,3,"(0.931, 0.966]",-11.005260490739296,-0.0049639599200589
0,0,1,1209.164922912412,880.216563282118,41468.99959889952,41468.99959889952,173.66639194409566,2091.64208984375,4.956689282785197,4.857183745433284,1129.0036952117089,173.6663919440957,6.229159355163574,13.488519668579102,40387.20396884345,7.435033924177795,9.913378565570394,12.391723206962991,7.285775618149927,9.714367490866568,12.142959363583213,False,1.5,5.0,8293.799919779904,527.6132915256923,108.9235610273368,94.5004591117574,-11.515609469336525,-0.0025404722224161,1.03794,336.4269,74.45003,2023-11-10T20:29:05.542,5.0,Luminance,data\RZ_Cep\2023_11_10\Light\Luminance\reduced_images\Light_Luminance_5_secs_007_reduced.fits,2,0.979925,792.0,45.16544211384724,1200.0963741867852,798.5132965442422,1.0,V* RZ Cep,True,0.6569676000823355,0.0023801782100251,26533.084465446856,114.43393706943006,-11.059469348896458,-0.0046826470058953,2023-11-10 20:29:05.542,0.9460959200639536,2023_11_10,3,"(0.931, 0.966]",-11.059469348896458,-0.0046826470058953
0,0,1,1210.208866941913,880.4700356022252,41378.760907966775,41378.760907966775,193.66477065862648,1806.688232421875,5.234306113672133,5.129227418440165,1146.440328912402,193.66477065862648,5.894532918930054,11.17279052734375,40237.19754208246,7.8514591705082,10.468612227344266,13.085765284180331,7.693841127660248,10.25845483688033,12.823068546100414,False,1.5,5.0,8275.752181593354,399.6711505742675,121.46654415709052,93.79173671664638,-11.511569312923315,-0.0025308195023746,1.038478,335.8544,74.34368,2023-11-10T20:30:51.035,5.0,Luminance,data\RZ_Cep\2023_11_10\Light\Luminance\reduced_images\Light_Luminance_5_secs_008_reduced.fits,2,0.979925,792.0,46.21125747610369,1200.104809670617,798.4582490496963,1.0,V* RZ Cep,True,0.650533113351179,0.002278748618145,26175.629389577312,110.13593998739752,-11.044742832575782,-0.0045683171819738,2023-11-10 20:30:51.035,0.9500511127284881,2023_11_10,3,"(0.931, 0.966]",-11.044742832575782,-0.0045683171819738
0,0,1,1208.2200223111863,879.5713165761679,41350.62829620817,41350.62829620817,171.8515412665622,1931.0552978515625,4.930722035973069,4.831737791100911,1113.3316415958634,171.8515412665622,6.490410566329956,12.327526092529297,40235.24123693159,7.396083053959604,9.861444071946138,12.326805089932671,7.247606686651365,9.66347558220182,12.079344477752276,False,1.5,5.0,8270.125659241634,403.0109710770133,107.7852866823878,93.70657349941378,-11.51151652388492,-0.0025286444505955,1.038957,335.3962,74.24939,2023-11-10T20:32:19.575,5.0,Luminance,data\RZ_Cep\2023_11_10\Light\Luminance\reduced_images\Light_Luminance_5_secs_009_reduced.fits,2,0.979925,792.0,44.22210016134132,1200.1611067635456,798.5240043910787,1.0,V* RZ Cep,True,0.6542909726610086,0.0024070730738239,26325.55512416229,114.62479840347262,-11.050943844688303,-0.0047274328310564,2023-11-10 20:32:19.575,0.9533706956251535,2023_11_10,3,"(0.931, 0.966]",-11.050943844688303,-0.0047274328310564
0,0,1,1211.4148026471912,879.4989758653586,42432.82583051716,42432.82583051716,172.26150021228517,2235.5478515625,4.936599753155406,4.837497513110812,1082.5573719966446,172.26150021228523,6.070238351821899,12.679672241210938,41387.157465386175,7.404899629733109,9.873199506310812,12.341499382888514,7.256246269666216,9.674995026221625,12.093743782777029,False,1.5,5.0,8486.565166103432,436.7504284136616,108.04241293314524,95.03345730557338,-11.542163998504314,-0.0024930744602668,1.040853,333.7272,73.88301,2023-11-10T20:37:53.400,5.0,Luminance,data\RZ_Cep\2023_11_10\Light\Luminance\reduced_images\Light_Luminance_5_secs_010_reduced.fits,2,0.979925,792.0,47.41744969160176,1200.1898752469433,798.5411704559153,1.0,V* RZ Cep,True,0.6574256134325099,0.0032579284730488,27208.97738490939,148.60781793467245,-11.086780549190609,-0.00592998722294,2023-11-10 20:37:53.400,0.9658866179254346,2023_11_10,3,"(0.966, 1.0]",-11.086780549190609,-0.00592998722294
0,0,1,1211.9894312913389,878.012811496367,38566.533679346685,38566.533679346685,155.76142938941967,2313.71435546875,4.694223535877578,4.599986998394836,1099.5889900384802,155.7614293894196,6.864067792892456,14.283147811889648,37497.37666849988,7.041335303816367,9.388447071755156,11.735558839693944,6.899980497592254,9.199973996789671,11.499967495987088,False,1.5,3.5,11019.00962267048,632.0498581383385,199.3746296184572,108.8596992023553,-11.435002213436189,-0.0031520316129839,1.050025,328.1205,72.23073,2023-11-10T20:59:51.776,3.5,Luminance,data\RZ_Cep\2023_11_10\Light\Luminance\reduced_images\star_Light_Luminance_3.500_secs_001_reduced.fits,2,0.979925,792.0,48.030557292364456,1200.1289991588112,798.5122236026849,1.0,V* RZ Cep,True,0.7151164589065855,0.0035388009445909,26814.99122146405,153.84529390759454,-11.070944147805768,-0.0062291799444419,2023-11-10 20:59:51.776,0.015315784640051788,2023_11_10,3,"(-0.001, 0.0345]",-11.070944147805768,-0.0062291799444419
0,0,1,1213.5898058445446,877.8147328321193,38029.20503253034,38029.20503253034,179.79628622402322,1822.0316162109373,5.043408697574691,4.942162267970879,1149.5258485940578,179.79628622402328,6.272088050842285,11.634567260742188,36901.50689411883,7.565113046362036,10.086817395149382,12.608521743936729,7.4132434019563185,9.884324535941758,12.355405669927196,False,1.5,3.5,10865.487152151529,494.5749903729241,230.1392463667497,107.65779762233296,-11.417610252961222,-0.0031675662714391,1.050577,327.8549,72.13694,2023-11-10T21:01:03.041,3.5,Luminance,data\RZ_Cep\2023_11_10\Light\Luminance\reduced_images\star_Light_Luminance_3.500_secs_002_reduced.fits,2,0.979925,792.0,49.637931426426746,1200.0890050815324,798.5534746200498,1.0,V* RZ Cep,True,0.742546016893492,0.0054252760573269,27401.066961595672,215.57116593985816,-11.094418685017365,-0.0085417629864876,2023-11-10 21:01:03.041,0.017987685194839287,2023_11_10,3,"(-0.001, 0.0345]",-11.094418685017365,-0.0085417629864876
0,0,1,1212.7585096566963,877.3945890136799,37856.159455266825,37856.159455266825,188.1151558029928,1789.982666015625,5.158764444369156,5.055202248148445,1150.2453560382132,188.11515580299272,5.979511260986328,11.837886810302734,36731.32276278064,7.738146666553734,10.317528888738313,12.89691111092289,7.582803372222669,10.11040449629689,12.638005620371114,False,1.5,3.5,10816.045558647664,630.6351040544941,240.78739942783068,108.10859384031404,-11.412591420933513,-0.0031955673128346,1.051156,327.5957,72.03903,2023-11-10T21:02:13.585,3.5,Luminance,data\RZ_Cep\2023_11_10\Light\Luminance\reduced_images\star_Light_Luminance_3.500_secs_003_reduced.fits,2,0.979925,792.0,48.82807010675096,1200.1121002222023,798.5372110063016,1.0,V* RZ Cep,True,0.7357337066117,0.0043438323245491,27024.47224501131,178.28117904001303,-11.079393053666296,-0.0071626312978763,2023-11-10 21:02:13.585,0.020632553682162325,2023_11_10,3,"(-0.001, 0.0345]",-11.079393053666296,-0.0071626312978763
0,0,1,1213.5455591236023,877.9307936721367,38330.40989175837,38330.40989175837,177.14249760052027,1914.4671630859373,5.006050039681275,4.905553585134674,1124.600059099184,177.14249760052036,6.219794034957886,13.298110961914062,37228.62004184511,7.509075059521913,10.01210007936255,12.515125099203187,7.358330377702011,9.811107170269349,12.263883962836683,False,1.5,3.5,10951.545683359534,804.3067598477326,226.7423969286659,109.46503935109116,-11.427192346165164,-0.0031924405536698,1.051758,327.3523,71.93801,2023-11-10T21:03:24.745,3.5,Luminance,data\RZ_Cep\2023_11_10\Light\Luminance\reduced_images\star_Light_Luminance_3.500_secs_004_reduced.fits,2,0.979925,792.0,49.58874916447923,1200.0855583642676,798.5575504510414,1.0,V* RZ Cep,True,0.7323643657747502,0.0030199865272301,27264.914705615047,138.08491864136687,-11.089010358492027,-0.0054987810201781,2023-11-10 21:03:24.745,0.02330051752824147,2023_11_10,3,"(-0.001, 0.0345]",-11.089010358492027,-0.0054987810201781
0,0,1,1213.1225989720665,877.3211330468642,37723.22974284438,37723.22974284438,171.90807875381654,2143.2490234375,4.931533049094547,4.832532523133974,1106.2863673966517,171.90807875381654,6.161194086074829,15.76198959350586,36664.07070467788,7.397299573641821,9.863066098189094,12.328832622736368,7.248798784700961,9.665065046267948,12.081331307834937,False,1.5,3.5,10778.06564081268,668.9220228540253,220.0423408048852,108.0140268875834,-11.410601704377408,-0.0031986284490391,1.052353,327.1064,71.83889,2023-11-10T21:04:36.008,3.5,Luminance,data\RZ_Cep\2023_11_10\Light\Luminance\reduced_images\star_Light_Luminance_3.500_secs_005_reduced.fits,2,0.979925,792.0,49.19558982188393,1199.9711637213795,798.5832445918588,1.0,V* RZ Cep,True,0.7393194838639031,0.0025047957025478,27106.4618297321,121.70033917789814,-11.082682083502606,-0.0048746481634816,2023-11-10 21:04:36.008,0.025972343098146666,2023_11_10,3,"(-0.001, 0.0345]",-11.082682083502606,-0.0048746481634816
0,0,1,1212.545874367083,878.4360981624573,38736.46575785783,38736.46575785783,190.04913308638515,1781.7296142578125,5.185214789167597,5.081121602275058,1197.6420003673138,190.04913308638515,6.239064693450928,12.333805084228516,37550.73692159761,7.777822183751396,10.370429578335196,12.963036972918992,7.621682403412587,10.162243204550116,12.702804005687645,False,1.5,3.5,11067.561645102236,699.6578851125711,243.2628903505729,109.592346541925,-11.436546160796745,-0.0031687361729652,1.052961,326.8598,71.73805,2023-11-10T21:05:47.729,3.5,Luminance,data\RZ_Cep\2023_11_10\Light\Luminance\reduced_images\star_Light_Luminance_3.500_secs_006_reduced.fits,2,0.979925,792.0,48.57105832717736,1200.0347616018237,798.541978362472,1.0,V* RZ Cep,True,0.7130578286462314,0.0040382456636229,26775.84693338026,170.59063344294026,-11.069358041680031,-0.0069172948061158,2023-11-10 21:05:47.729,0.02866134021724065,2023_11_10,3,"(-0.001, 0.0345]",-11.069358041680031,-0.0069172948061158
0,0,1,1212.4413265632431,878.2941602494983,40111.00852499079,40111.00852499079,174.65102721531525,2119.970947265625,4.97072087751148,4.8709336558954375,1086.2495443891753,174.65102721531537,6.20223593711853,10.938270568847656,39027.78164754129,7.456081316267221,9.94144175502296,12.426802193778702,7.306400483843157,9.741867311790877,12.177334139738594,False,1.5,3.5,11460.288149997368,488.8590768696675,223.55331483560352,110.32996212136864,-11.478434666339702,-0.0030693323906179,1.05356,326.6235,71.63954,2023-11-10T21:06:58.101,3.5,Luminance,data\RZ_Cep\2023_11_10\Light\Luminance\reduced_images\star_Light_Luminance_3.500_secs_007_reduced.fits,2,0.979925,792.0,48.47135245133105,1200.044654594343,798.4248254875013,1.0,V* RZ Cep,True,0.6837223453320035,0.0029047110820075,26684.166401162256,136.16880077274587,-11.065634100570575,-0.0055404914935258,2023-11-10 21:06:58.101,0.03129976000013812,2023_11_10,3,"(-0.001, 0.0345]",-11.065634100570575,-0.0055404914935258
0,0,1,1208.7609632405442,877.0844320400146,41379.20571440787,41379.20571440787,186.97825909540023,1986.69189453125,5.143152011126604,5.039903234503238,1173.5846757751324,186.9782590954002,6.236742258071899,13.111875534057615,40213.07050456687,7.714728016689906,10.286304022253209,12.85788002781651,7.559854851754856,10.079806469006476,12.599758086258094,False,1.5,3.5,11822.630204116536,738.3967709907006,239.33217164211223,113.13867219810098,-11.51091808827073,-0.0030546971674244,1.054164,326.3864,71.5407,2023-11-10T21:08:09.038,3.5,Luminance,data\RZ_Cep\2023_11_10\Light\Luminance\reduced_images\star_Light_Luminance_3.500_secs_008_reduced.fits,2,0.979925,792.0,44.855817535194326,1200.074481024772,798.5496210716951,1.0,V* RZ Cep,True,0.6820574025830645,0.0039250496035189,27427.62241823452,175.69201559662028,-11.095470405322454,-0.0069548566518606,2023-11-10 21:08:09.038,0.03395936302649716,2023_11_10,3,"(-0.001, 0.0345]",-11.095470405322454,-0.0069548566518606
0,0,1,1212.5868503484614,877.1111394318904,40422.08176298174,40422.08176298174,183.74091483405093,1817.1475830078125,5.098433296966272,4.9960822485296745,1143.197683580352,183.7409148340509,6.095930337905884,11.813417434692385,39302.009945930266,7.647649945449408,10.196866593932544,12.74608324241568,7.494123372794512,9.992164497059347,12.490205621324185,False,1.5,3.5,11549.166217994783,501.2692685490245,235.1883709875852,110.84053345925123,-11.486036903044504,-0.0030620210085177,1.054778,326.1565,71.44094,2023-11-10T21:09:19.768,3.5,Luminance,data\RZ_Cep\2023_11_10\Light\Luminance\reduced_images\star_Light_Luminance_3.500_secs_009_reduced.fits,2,0.979925,792.0,48.67265702800461,1200.0972907486532,798.4992291255703,1.0,V* RZ Cep,True,0.6946746072099974,0.0035674832676011,27302.10832175252,159.96044954780444,-11.09049046349464,-0.006361224904564,2023-11-10 21:09:19.768,0.036611205112421885,2023_11_10,3,"(0.0345, 0.069]",-11.09049046349464,-0.006361224904564
0,0,1,1211.5977673673308,876.5699406774589,39686.65486049351,39686.65486049351,174.28036551387527,1973.094970703125,4.965443397938332,4.86576212172472,1120.9562150896138,174.28036551387524,6.427990913391113,14.454766273498535,38566.38225458784,7.4481650969074975,9.930886795876663,12.413608494845828,7.29864318258708,9.73152424344944,12.1644053043118,False,1.5,3.5,11339.044245855288,650.2028516809951,223.07886785776032,110.5093931093373,-11.465522253727244,-0.0031111045955155,1.055463,325.9156,71.33032,2023-11-10T21:10:35.472,3.5,Luminance,data\RZ_Cep\2023_11_10\Light\Luminance\reduced_images\star_Light_Luminance_3.500_secs_010_reduced.fits,2,0.979925,792.0,47.72119828033126,1200.1129135209956,798.5406280098334,1.0,V* RZ Cep,True,0.7038558037977934,0.0025208632212848,27145.171981375883,124.50696799232728,-11.084231493808304,-0.0049799545564374,2023-11-10 21:10:35.472,0.039449534721597956,2023_11_10,3,"(0.0345, 0.069]",-11.084231493808304,-0.0049799545564374
0,0,1,1212.298839956673,875.6530136077822,35442.37452584479,35442.37452584479,197.38672092812635,1489.8590087890625,5.284364554369535,5.178280935940567,1176.2653349042405,197.38672092812635,5.872039318084717,10.08305835723877,34283.31193968702,7.926546831554303,10.56872910873907,13.210911385923838,7.76742140391085,10.356561871881134,12.945702339851415,False,1.5,3.5,10126.39272166994,463.6227830094977,252.6550027880017,104.12814464623597,-11.337706925751297,-0.0032976888806893,1.05611,325.6916,71.22649,2023-11-10T21:11:46.307,3.5,Luminance,data\RZ_Cep\2023_11_10\Light\Luminance\reduced_images\star_Light_Luminance_3.500_secs_011_reduced.fits,2,0.979925,792.0,48.49406388264893,1200.1227264580289,798.525103084823,1.0,V* RZ Cep,True,0.7958972225624615,0.0048129443422868,27285.99275303937,184.64703459803675,-11.08984939862607,-0.0073472851942315,2023-11-10 21:11:46.307,0.042105313516231035,2023_11_10,3,"(0.0345, 0.069]",-11.08984939862607,-0.0073472851942315
0,0,1,1212.7861142513575,876.0784707496827,24378.263639656663,24378.263639656663,193.4748330672237,962.541259765625,5.231738699432144,5.1267115450410445,1221.2592001302612,193.47483306722364,6.230968952178955,11.248437881469728,23172.727961786783,7.847608049148216,10.463477398864288,13.07934674858036,7.690067317561566,10.253423090082087,12.81677886260261,False,1.5,3.5,6965.218182759047,543.3301235474825,247.64778632604632,88.06926871862044,-10.912442908062836,-0.0041264021107942,1.056764,325.4764,71.12234,2023-11-10T21:12:56.760,3.5,Luminance,data\RZ_Cep\2023_11_10\Light\Luminance\reduced_images\star_Light_Luminance_3.500_secs_012_reduced.fits,2,0.979925,792.0,48.94347081488628,1200.0531519453498,798.5814877623435,1.0,V* RZ Cep,True,1.1718390404851584,0.0205538586344847,27154.707300163824,487.3418185924617,-11.08461281476428,-0.0194855591956725,2023-11-10 21:12:56.760,0.044746770189021845,2023_11_10,3,"(0.0345, 0.069]",-11.08461281476428,-0.0194855591956725
0,0,1,1215.0756620028023,877.1681906953729,37513.15252784707,37513.15252784707,178.5675483288397,1812.8870849609373,5.026145684083559,4.925245809475582,1064.0904715886636,178.5675483288397,5.68203067779541,10.443485260009766,36498.52624018389,7.539218526125339,10.052291368167118,12.565364210208898,7.387868714213373,9.850491618951164,12.313114523688956,False,1.5,3.5,10718.043579384876,506.56093539214027,228.5664618609148,107.01948877021388,-11.405688321505728,-0.0031835513797978,1.058147,325.0223,70.90416,2023-11-10T21:15:27.556,3.5,Luminance,data\RZ_Cep\2023_11_10\Light\Luminance\reduced_images\star_Light_Luminance_3.500_secs_013_reduced.fits,2,0.979925,792.0,51.15410436086512,1199.981757557684,798.4572388775905,1.0,V* RZ Cep,True,0.7415512976786018,0.0050629216608844,27065.529496764862,201.10972196622333,-11.081041319586893,-0.0080675349910915,2023-11-10 21:15:27.556,0.05040048401883723,2023_11_10,3,"(0.0345, 0.069]",-11.081041319586893,-0.0080675349910915
0,0,1,1213.589286069671,876.9580983139003,38932.566123145865,38932.566123145865,249.10714142613057,1197.44384765625,5.936451084796971,5.817276829269672,1291.7624086254657,249.1071414261305,5.179080963134766,9.694014549255373,37642.42006920488,8.904676627195457,11.872902169593942,14.841127711992428,8.725915243904508,11.634553658539344,14.54319207317418,False,1.5,3.5,11123.590320898818,558.5797796460977,318.85714102544705,109.5492000955295,-11.439193842209187,-0.0031597738011354,1.058822,324.8053,70.79883,2023-11-10T21:16:39.162,3.5,Luminance,data\RZ_Cep\2023_11_10\Light\Luminance\reduced_images\star_Light_Luminance_3.500_secs_014_reduced.fits,2,0.979925,792.0,49.68249650296941,1199.989973657624,798.4577569831937,1.0,V* RZ Cep,True,0.7108237908244277,0.0044058096353692,26757.127729397733,183.21692168519527,-11.068598729557197,-0.0074344767947343,2023-11-10 21:16:39.162,0.0530851695043566,2023_11_10,3,"(0.0345, 0.069]",-11.068598729557197,-0.0074344767947343
0,0,1,1212.9498167322274,875.061588604253,40361.69649445572,40361.69649445572,205.86627410266684,1456.2825927734375,5.39667676666549,5.28833848057468,1199.3625934688848,205.8662741026668,5.712161540985107,12.078189849853516,39185.755080940566,8.095015149998234,10.79335353333098,13.491691916663724,7.93250772086202,10.57667696114936,13.2208462014367,False,1.5,3.5,11531.913284130203,622.8499842608304,263.5088308514135,111.43730120225656,-11.482820549306773,-0.0030876401954207,1.059515,324.6081,70.69135,2023-11-10T21:17:49.745,3.5,Luminance,data\RZ_Cep\2023_11_10\Light\Luminance\reduced_images\star_Light_Luminance_3.500_secs_015_reduced.fits,2,0.979925,792.0,49.198297381436845,1200.1102030379743,798.4652306993758,1.0,V* RZ Cep,True,0.7009764110143247,0.0035838294945587,27468.289959524056,160.69831384690963,-11.097079058065486,-0.0063519053295372,2023-11-10 21:17:49.745,0.05573150019768036,2023_11_10,3,"(0.0345, 0.069]",-11.097079058065486,-0.0063519053295372
0,0,1,1211.628227467875,875.0128273391448,40905.29104353804,40905.29104353804,239.7666942421964,1215.452880859375,5.824092076305773,5.707173427873935,1337.6177977796629,239.76669424219648,5.474417209625244,11.615477561950684,39592.70812628361,8.736138114458658,11.648184152611543,14.560230190764432,8.560760141810901,11.41434685574787,14.267933569684836,False,1.5,3.5,11687.22601243944,579.8452122328683,306.9013686300114,112.13372638641026,-11.494038020866816,-0.0030750017433474,1.060192,324.4056,70.58705,2023-11-10T21:19:00.364,3.5,Luminance,data\RZ_Cep\2023_11_10\Light\Luminance\reduced_images\star_Light_Luminance_3.500_secs_016_reduced.fits,2,0.979925,792.0,47.88862018142533,1200.0758452143912,798.436595603023,1.0,V* RZ Cep,True,0.6885542446540232,0.002862974222871,27261.72723770041,137.1506045804931,-11.088883420569683,-0.0054622135860702,2023-11-10 21:19:00.364,0.05837918062002245,2023_11_10,3,"(0.0345, 0.069]",-11.088883420569683,-0.0054622135860702
0,0,1,1214.48906328701,875.092070448724,38379.783635062486,38379.783635062486,196.61098464138365,1527.5074462890625,5.27397046903972,5.168095511873748,1183.100236786915,196.61098464138365,5.8350324630737305,11.568563461303713,37232.55215708312,7.91095570355958,10.54794093807944,13.1849261725993,7.752143267810622,10.336191023747496,12.92023877968437,False,1.5,3.5,10965.65246716071,613.5592667771338,251.66206034097107,108.76982023649214,-11.427307016395382,-0.003171830158662,1.060957,324.1922,70.47,2023-11-10T21:20:17.052,3.5,Luminance,data\RZ_Cep\2023_11_10\Light\Luminance\reduced_images\star_Light_Luminance_3.500_secs_017_reduced.fits,2,0.979925,792.0,50.72704686929824,1199.9857717576856,798.4192185720718,1.0,V* RZ Cep,True,0.7370623134572747,0.0038011318945463,27442.711028818325,162.65550841558695,-11.096067531316562,-0.0064352597746151,2023-11-10 21:20:17.052,0.061254402815393405,2023_11_10,3,"(0.0345, 0.069]",-11.096067531316562,-0.0064352597746151
0,0,1,1214.5002424701115,875.314498535885,37147.95647609708,37147.95647609708,221.23002818179995,1207.520751953125,5.594429971597168,5.482121789917355,1202.011023066919,221.2300281818,5.410595417022705,10.006610870361328,35950.97029950883,8.391644957395751,11.188859943194336,13.98607492899292,8.223182684876033,10.96424357983471,13.705304474793389,False,1.5,3.5,10613.701850313451,534.2953084344921,283.1744360727039,106.91665723740454,-11.38927654069404,-0.0032289333135454,1.06169,324.0061,70.35856,2023-11-10T21:21:29.408,3.5,Luminance,data\RZ_Cep\2023_11_10\Light\Luminance\reduced_images\star_Light_Luminance_3.500_secs_018_reduced.fits,2,0.979925,792.0,50.71714121981126,1200.0663820042787,798.4378738449471,1.0,V* RZ Cep,True,0.7467422997437828,0.0030404149427903,26846.110239475656,135.35903726137522,-11.07220342304908,-0.0054743203423107,2023-11-10 21:21:29.408,0.06396720764996644,2023_11_10,3,"(0.0345, 0.069]",-11.07220342304908,-0.0054743203423107
0,0,1,1216.065982185064,875.650108131931,36532.823100932816,36532.823100932816,252.8983283897104,1071.4664306640625,5.98145423142045,5.861376537724685,1326.814505670881,252.8983283897104,5.063858985900879,12.409868240356444,35252.18162819727,8.972181347130675,11.9629084628409,14.953635578551124,8.792064806587028,11.72275307544937,14.653441344311712,False,1.5,3.5,10437.949457409375,707.7470536090437,323.7098603388292,107.0953144229814,-11.367964997628428,-0.0032984415391749,1.062386,323.816,70.25354,2023-11-10T21:22:39.959,3.5,Luminance,data\RZ_Cep\2023_11_10\Light\Luminance\reduced_images\star_Light_Luminance_3.500_secs_019_reduced.fits,2,0.979925,792.0,52.24737371542517,1200.024614962279,798.418101145938,1.0,V* RZ Cep,True,0.7748368733106422,0.0042071767841094,27314.69019017124,169.9482549285751,-11.090990697513462,-0.0067553017085954,2023-11-10 21:22:39.959,0.06661233858449123,2023_11_10,3,"(0.0345, 0.069]",-11.090990697513462,-0.0067553017085954
0,0,1,1214.419485876749,873.6162314438517,32687.559396117435,32687.559396117435,219.54453295130128,1066.0517578125,5.573077956509697,5.461198416532765,1163.20942975116,219.5445329513012,5.161419868469238,10.396759033203123,31554.39788172879,8.359616934764546,11.146155913019394,13.932694891274242,8.191797624799149,10.92239683306553,13.652996041331912,False,1.5,3.5,9339.302684604982,484.3208676420384,281.01700217766563,100.52184118103231,-11.247649743550989,-0.0034587952762803,1.063091,323.6249,70.14775,2023-11-10T21:23:50.405,3.5,Luminance,data\RZ_Cep\2023_11_10\Light\Luminance\reduced_images\star_Light_Luminance_3.500_secs_020_reduced.fits,2,0.979925,792.0,50.8220135084606,1200.0362117915347,798.4120652563981,1.0,V* RZ Cep,True,0.8587113326054874,0.0078379351608699,27096.119054583098,261.9519985398064,-11.082267729595836,-0.0104963654813625,2023-11-10 21:23:50.405,0.06925353281008029,2023_11_10,3,"(0.069, 0.103]",-11.082267729595836,-0.0104963654813625
0,0,1,1215.395262061713,874.9632766967193,27724.46388778901,27724.46388778901,207.25348860608204,1009.05810546875,5.414828790538299,5.306126102568243,1044.0945675251023,207.253488606082,4.980222702026367,10.75664520263672,26692.29535875884,8.122243185807449,10.829657581076598,13.537071976345748,7.959189153852365,10.612252205136484,13.265315256420608,False,1.5,3.5,7921.275396511146,496.62380111384994,265.2844654157849,93.1836018999093,-11.06596480453059,-0.0037903375829123,1.06381,323.4564,70.04064,2023-11-10T21:25:00.161,3.5,Luminance,data\RZ_Cep\2023_11_10\Light\Luminance\reduced_images\star_Light_Luminance_3.500_secs_021_reduced.fits,2,0.979925,792.0,51.64147116442342,1199.9308541806968,798.4838650265342,1.0,V* RZ Cep,True,1.0152709649418208,0.0072439427191685,27099.91246539917,215.26150745873204,-11.082419720188271,-0.0086242792273652,2023-11-10 21:25:00.161,0.0718688572346764,2023_11_10,3,"(0.069, 0.103]",-11.082419720188271,-0.0086242792273652
0,0,1,1217.1986594745574,874.7661044570658,29018.770861008445,29018.770861008445,188.60806668399928,1211.562255859375,5.165518678464755,5.061820890994575,1016.9213275505294,188.6080666839993,5.299875736236572,9.993033409118652,28019.171544731427,7.748278017697133,10.33103735692951,12.913796696161889,7.592731336491863,10.12364178198915,12.65455222748644,False,1.5,3.5,8291.077388859556,519.0308810296577,241.41832535551907,95.13951122033754,-11.1186382254052,-0.0036866333349651,1.064531,323.2752,69.9339,2023-11-10T21:26:09.128,3.5,Luminance,data\RZ_Cep\2023_11_10\Light\Luminance\reduced_images\star_Light_Luminance_3.500_secs_022_reduced.fits,2,0.979925,792.0,53.45550516498992,1200.047865632193,798.4245662934528,1.0,V* RZ Cep,True,0.970255648039136,0.0053663152600788,27185.759444653107,176.43444356216293,-11.085853674226726,-0.0070463826302807,2023-11-10 21:26:09.128,0.074454600103536,2023_11_10,3,"(0.069, 0.103]",-11.085853674226726,-0.0070463826302807
0,0,1,1213.1400719732917,873.3167076708913,26998.685249050945,26998.685249050945,179.89888052688923,1291.86083984375,5.044847412519276,4.943572100712951,918.9412133555333,179.89888052688923,4.997516632080078,8.981395721435547,26099.637601525228,7.567271118778914,10.089694825038553,12.612118531298188,7.4153581510694275,9.887144201425905,12.358930251782375,False,1.5,3.5,7713.910071157413,488.42306174131136,230.27056707441807,91.82920940514047,-11.041586192794885,-0.0038200644326053,1.065273,323.1039,69.82471,2023-11-10T21:27:19.946,3.5,Luminance,data\RZ_Cep\2023_11_10\Light\Luminance\reduced_images\star_Light_Luminance_3.500_secs_023_reduced.fits,2,0.979925,792.0,49.59246989106926,1199.9553978300253,798.4366897417103,1.0,V* RZ Cep,True,1.0451537988852635,0.0071279205937204,27278.135388762767,209.33411530937056,-11.089536701430363,-0.0083320074720365,2023-11-10 21:27:19.946,0.07710974152632843,2023_11_10,3,"(0.069, 0.103]",-11.089536701430363,-0.0083320074720365
0,0,1,1216.6979270217423,875.048475103488,26386.52555530243,26386.52555530243,175.61599634214036,1304.8304443359375,4.98443389442326,4.884371383992713,901.2420092085996,175.61599634214053,5.039294242858887,8.829442024230957,25501.544875981555,7.47665084163489,9.96886778884652,12.461084736058153,7.32655707598907,9.768742767985426,12.210928459981783,False,1.5,3.5,7539.00730151498,410.4072865122258,224.78847531793969,90.41129942294351,-11.016416226652652,-0.0038492891932665,1.066038,322.928,69.71299,2023-11-10T21:28:30.648,3.5,Luminance,data\RZ_Cep\2023_11_10\Light\Luminance\reduced_images\star_Light_Luminance_3.500_secs_024_reduced.fits,2,0.979925,792.0,52.93003978073019,1199.9441619286663,798.454464740702,1.0,V* RZ Cep,True,1.0984452899507124,0.0098322911472818,28012.051855488666,269.69000582868216,-11.118362304090262,-0.010453079442385,2023-11-10 21:28:30.648,0.0797605338232188,2023_11_10,3,"(0.069, 0.103]",-11.118362304090262,-0.010453079442385
0,0,1,1215.714142092673,873.5867330448727,25287.298066321506,25287.298066321506,180.97784383090936,1107.4539794921875,5.059953309912151,4.958374747215665,881.1861178027214,180.97784383090945,5.029284477233887,8.166655540466309,24377.10900561945,7.589929964868227,10.119906619824302,12.64988327478038,7.437562120823498,9.91674949443133,12.395936868039165,False,1.5,3.5,7224.942304663286,394.825852601319,231.65164010356395,88.6082377511717,-10.967455498350075,-0.0039465373742261,1.066789,322.7677,69.60402,2023-11-10T21:29:39.974,3.5,Luminance,data\RZ_Cep\2023_11_10\Light\Luminance\reduced_images\star_Light_Luminance_3.500_secs_025_reduced.fits,2,0.979925,792.0,52.110291549931866,1200.0403681290702,798.4605527965342,1.0,V* RZ Cep,True,1.1363678878335393,0.0087575219441217,27701.363872203725,236.0377286849403,-11.10625288002488,-0.0092513389919862,2023-11-10 21:29:39.974,0.08235973648743311,2023_11_10,3,"(0.069, 0.103]",-11.10625288002488,-0.0092513389919862
0,0,1,1216.4683832261192,874.433734649085,24930.37867960449,24930.37867960449,193.07156818150293,1062.50634765625,5.226283527333748,5.121365885522523,929.4069003148584,193.07156818150293,4.670598030090332,9.074002265930176,24028.61899358952,7.839425291000621,10.452567054667496,13.06570881833437,7.682048828283784,10.242731771045046,12.803414713806308,False,1.5,3.5,7122.965337029856,483.09702702619785,247.1316072723237,88.6182485232493,-10.951822027852607,-0.0040042268284171,1.067555,322.6003,69.49349,2023-11-10T21:30:51.455,3.5,Luminance,data\RZ_Cep\2023_11_10\Light\Luminance\reduced_images\star_Light_Luminance_3.500_secs_026_reduced.fits,2,0.979925,792.0,52.76281406748222,1200.0659663646295,798.452975352299,1.0,V* RZ Cep,True,1.1595292492869125,0.0097364755195663,27861.886543038097,255.52531228655712,-11.11252629848014,-0.0099574406906399,2023-11-10 21:30:51.455,0.08503973541496634,2023_11_10,3,"(0.069, 0.103]",-11.11252629848014,-0.0099574406906399
0,0,1,1213.7257582358948,872.3464873221238,24198.741217185256,24198.741217185256,204.0214477291841,917.0921020507812,5.372441770770895,5.264590002222669,916.657096780768,204.02144772918405,4.372087001800537,9.231582641601562,23306.741697479963,8.058662656156342,10.744883541541787,13.431104426927236,7.8968850033340034,10.52918000444534,13.161475005556673,False,1.5,3.5,6913.92606205293,443.59233363058775,261.14745309335564,87.28496920304705,-10.91870390755587,-0.0040661389921008,1.068301,322.436,69.3866,2023-11-10T21:32:01.261,3.5,Luminance,data\RZ_Cep\2023_11_10\Light\Luminance\reduced_images\star_Light_Luminance_3.500_secs_027_reduced.fits,2,0.979925,792.0,50.311303783991406,1199.9868095458228,798.4541363787565,1.0,V* RZ Cep,True,1.1974928576147796,0.0083353838914611,27909.656717004826,220.6040920205101,-11.114386236973331,-0.0085818988048867,2023-11-10 21:32:01.261,0.08765693446252953,2023_11_10,3,"(0.069, 0.103]",-11.114386236973331,-0.0085818988048867
0,0,1,1216.228495053539,873.8515940015639,23651.64880860626,23651.64880860626,187.4987297173932,985.28369140625,5.150305247305413,5.046912869465757,847.8194683191768,187.4987297173932,4.382936477661133,9.42392921447754,22829.853786612774,7.725457870958119,10.300610494610826,12.875763118263531,7.5703693041986355,10.093825738931514,12.617282173664393,False,1.5,3.5,6757.613945316074,475.4232379249015,239.99837403826325,86.44672091687018,-10.896257825169895,-0.0041112105035515,1.069079,322.2918,69.27595,2023-11-10T21:33:10.331,3.5,Luminance,data\RZ_Cep\2023_11_10\Light\Luminance\reduced_images\star_Light_Luminance_3.500_secs_028_reduced.fits,2,0.979925,792.0,52.58914899367701,1199.8683765510111,798.4939243729295,1.0,V* RZ Cep,True,1.2052785922109257,0.0090612934216634,27516.334032309915,231.62561071018823,-11.098976432230693,-0.0091394555394613,2023-11-10 21:33:10.331,0.09024653905566993,2023_11_10,3,"(0.069, 0.103]",-11.098976432230693,-0.0091394555394613
0,0,1,1215.2719116299136,873.1688839152558,13303.271270603876,13303.271270603876,221.4411099323493,418.333740234375,5.5970982362481925,5.484736489155511,1004.655482835996,221.44110993234943,4.396602153778076,8.15034294128418,12329.6828097403,8.395647354372288,11.194196472496383,13.992745590620482,8.227104733733265,10.96947297831102,13.711841222888776,False,1.5,3.5,3800.934648743964,418.42701231996006,283.4446207134071,67.10295285438139,-10.227379760477287,-0.0059090007816441,1.069845,322.1271,69.16759,2023-11-10T21:34:19.182,3.5,Luminance,data\RZ_Cep\2023_11_10\Light\Luminance\reduced_images\star_Light_Luminance_3.500_secs_029_reduced.fits,2,0.979925,792.0,51.72497529384541,1199.981618152448,798.4410848179483,1.0,V* RZ Cep,True,2.1864364247260824,0.02205976870968,26958.067600535214,309.0375672785106,-11.076721895056725,-0.0124464883906587,2023-11-10 21:34:19.182,0.09282793279862744,2023_11_10,3,"(0.069, 0.103]",-11.076721895056725,-0.0124464883906587
0,0,1,1217.508583853385,873.5749374730236,7447.190138394429,7447.190138394429,207.6400494157417,246.842025756836,5.419876197713639,5.311072183044538,1071.169927141873,207.6400494157417,5.093587160110474,9.357677459716797,6389.557448765702,8.129814296570459,10.839752395427276,13.549690494284096,7.9666082745668065,10.622144366089076,13.277680457611345,False,1.5,3.5,2127.768610969837,480.5540411118589,265.7792632521493,53.61065113700676,-9.513676948128856,-0.0091097114889153,1.070639,321.9766,69.05606,2023-11-10T21:35:29.050,3.5,Luminance,data\RZ_Cep\2023_11_10\Light\Luminance\reduced_images\star_Light_Luminance_3.500_secs_030_reduced.fits,2,0.979925,792.0,53.89294920924533,1200.034439507607,798.465650563731,1.0,V* RZ Cep,True,3.893249642642187,0.1465764574513896,24876.1422540488,959.534304638739,-10.989457579146505,-0.0418795295353375,2023-11-10 21:35:29.050,0.09544745637936103,2023_11_10,3,"(0.069, 0.103]",-10.989457579146505,-0.0418795295353375
0,0,1,1193.7674106990028,786.9847583907798,24738.33240042669,24738.33240042669,150.49507692112422,1560.0283203125,4.614184449715121,4.52155469688709,857.3363380562299,150.49507692112422,5.578524589538574,9.346551895141602,23898.79191321771,6.921276674572681,9.228368899430242,11.535461124287805,6.782332045330635,9.04310939377418,11.303886742217726,False,1.5,6.5,3805.897292373338,238.50188109699573,55.852374109425504,64.03320660079237,-10.94593986966282,-0.0029090663229209,1.158448,317.3412,59.65817,2024-01-07T19:18:12.676,6.5,Luminance,data\RZ_Cep\2024_01_07\Light\Luminance\reduced_images\RZ_Cep_Light_Luminance_6.500_secs_001_reduced.fits,2,0.979925,792.0,97.66234643579229,1200.0945858543118,798.5494148125947,1.0,V* RZ Cep,True,0.6856470401564395,0.0019848098311488,16386.135938612373,64.6344653247926,-10.536191383562247,-0.0042826435311663,2024-01-07 19:18:12.676,0.6688886726324199,2024_01_07,4,"(0.655, 0.69]",-10.536191383562247,-0.0042826435311663
0,0,1,1195.445097030232,786.7366150817924,24745.20741140892,24745.20741140892,147.85155585883763,1464.2940673828125,4.573479682669202,4.481667078039618,812.1059493377215,147.85155585883763,5.381990432739258,9.178362846374512,23949.47175231104,6.860219524003803,9.146959365338404,11.433699206673005,6.722500617059427,8.963334156079236,11.204167695099043,False,1.5,6.5,3806.954986370603,232.7910462273979,54.87129931045145,63.98919699377741,-10.948239846820458,-0.0029009152522472,1.160608,317.3336,59.4762,2024-01-07T19:19:57.967,6.5,Luminance,data\RZ_Cep\2024_01_07\Light\Luminance\reduced_images\RZ_Cep_Light_Luminance_6.500_secs_002_reduced.fits,2,0.979925,792.0,98.4218120827008,1200.0408989688467,798.5556193203408,1.0,V* RZ Cep,True,0.683450181664231,0.0034880998237853,16368.27081987935,94.2933452384493,-10.535007005027952,-0.0062546435063136,2024-01-07 19:19:57.967,0.6728362918190669,2024_01_07,4,"(0.655, 0.69]",-10.535007005027952,-0.0062546435063136
0,0,1,1197.3907445963978,786.1892022445394,24873.91849232757,24873.91849232757,145.83591870880224,1697.796630859375,4.542197935200162,4.451013311651018,818.8783736506863,145.83591870880218,5.617617130279541,8.61697006225586,24054.66813717895,6.813296902800243,9.084395870400323,11.355494838000403,6.676519967476528,8.902026623302037,11.127533279127546,False,1.5,6.5,3826.756691127319,197.36845501786755,54.12324746400044,63.86116498787966,-10.9529984241746,-0.0028824500304872,1.162849,317.331,59.28906,2024-01-07T19:21:45.392,6.5,Luminance,data\RZ_Cep\2024_01_07\Light\Luminance\reduced_images\RZ_Cep_Light_Luminance_6.500_secs_003_reduced.fits,2,0.979925,792.0,99.57613971337612,1200.0408607918082,798.4919648351982,1.0,V* RZ Cep,True,0.6844898810768697,0.0015093694233449,16465.176932561186,56.82422820728922,-10.541416004856703,-0.0037470670448784,2024-01-07 19:21:45.392,0.6768639199267454,2024_01_07,4,"(0.655, 0.69]",-10.541416004856703,-0.0037470670448784
0,0,1,1195.7109982246857,784.8977074860937,24712.94611302181,24712.94611302181,159.52772546370846,1587.4609375,4.750637484030119,4.655268436538215,857.8816874996296,159.5277254637084,5.307833194732666,8.423811912536621,23866.19955632534,7.125956226045179,9.50127496806024,11.876593710075298,6.982902654807323,9.31053687307643,11.638171091345535,False,1.5,6.5,3801.9917096956633,202.9673894571308,59.204609118839016,63.750793785423824,-10.944458169100136,-0.0029001913242009,1.165091,317.3321,59.10362,2024-01-07T19:23:31.963,6.5,Luminance,data\RZ_Cep\2024_01_07\Light\Luminance\reduced_images\RZ_Cep_Light_Luminance_6.500_secs_004_reduced.fits,2,0.979925,792.0,100.2498551111502,1200.019758582958,798.4921565799153,1.0,V* RZ Cep,True,0.6809180144579803,0.0019038142499203,16250.92521455098,62.83988070557788,-10.527195229308088,-0.0041983784113188,2024-01-07 19:23:31.963,0.6808595294692168,2024_01_07,4,"(0.655, 0.69]",-10.527195229308088,-0.0041983784113188
0,0,1,1196.3439071054038,785.4188460003254,25127.975069531927,25127.975069531927,198.6864112568053,991.70703125,5.301733425270541,5.195301126758235,960.5833342387914,198.68641125680537,4.815019607543945,7.844525337219238,24171.296103577868,7.9526001379058116,10.603466850541082,13.254333563176353,7.792951690137353,10.39060225351647,12.988252816895589,False,1.5,6.5,3865.842318389528,193.516977789514,73.73734742027709,64.28916427827724,-10.958249846492857,-0.0028877670825536,1.167382,317.3402,58.9159,2024-01-07T19:25:18.347,6.5,Luminance,data\RZ_Cep\2024_01_07\Light\Luminance\reduced_images\RZ_Cep_Light_Luminance_6.500_secs_005_reduced.fits,2,0.979925,792.0,99.95860652666758,1200.0289601891643,798.5409788007319,1.0,V* RZ Cep,True,0.6792248059160053,0.0022764438005707,16417.74390469097,70.24596280383207,-10.538283692393684,-0.0046454973044391,2024-01-07 19:25:18.347,0.6848481279203043,2024_01_07,4,"(0.655, 0.69]",-10.538283692393684,-0.0046454973044391
0,0,1,1193.7727919000074,782.5949823600421,25407.77480031776,25407.77480031776,222.40656858598985,944.657958984375,5.609286329457364,5.496679906393507,1069.7821781721889,222.4065685859897,4.751702308654785,7.970385551452637,24350.964994907725,8.413929494186046,11.218572658914727,14.023215823643408,8.245019859590261,10.993359812787014,13.741699765983768,False,1.5,6.5,3908.888430818117,254.72676862989908,82.54047326457562,65.16253273709204,-10.966290440946382,-0.0029054011207027,1.169681,317.3516,58.72928,2024-01-07T19:27:04.482,6.5,Luminance,data\RZ_Cep\2024_01_07\Light\Luminance\reduced_images\RZ_Cep_Light_Luminance_6.500_secs_006_reduced.fits,2,0.979925,792.0,101.85360376030717,1200.096500195157,798.5779131975016,1.0,V* RZ Cep,True,0.6802944487217469,0.0027820147989916,16565.826307053307,80.95970354758414,-10.54803275865594,-0.0053061573650975,2024-01-07 19:27:04.482,0.6888273907475195,2024_01_07,4,"(0.655, 0.69]",-10.54803275865594,-0.0053061573650975
0,0,1,1197.2788510740756,782.8867185405121,25123.761022206825,25123.761022206825,165.5314318546335,1365.552490234375,4.839205225538971,4.742058180636277,878.0107844795855,165.53143185463352,5.259791612625122,8.14877700805664,24253.100185312,7.258807838308456,9.678410451077944,12.098013063847429,7.113087270954415,9.484116361272552,11.855145451590692,False,1.5,6.5,3865.1940034164345,204.75405818027443,61.43273021255983,64.27581809521578,-10.961918151914563,-0.002877429370398,1.171958,317.3588,58.54611,2024-01-07T19:28:49.983,6.5,Luminance,data\RZ_Cep\2024_01_07\Light\Luminance\reduced_images\RZ_Cep_Light_Luminance_6.500_secs_007_reduced.fits,2,0.979925,792.0,102.65705706204626,1200.0161400861946,798.5336328208596,1.0,V* RZ Cep,True,0.6800964716017522,0.001627223932669,16494.447861434495,58.893094236140655,-10.543344456152996,-0.0038765992750756,2024-01-07 19:28:49.983,0.6927828833518106,2024_01_07,4,"(0.69, 0.724]",-10.543344456152996,-0.0038765992750756
0,0,1,1195.238588314553,780.9984910308217,25224.46016812126,25224.46016812126,188.5517478608082,1063.679443359375,5.16474740272202,5.061065098612375,938.8142266847768,188.5517478608083,4.948096036911011,8.44032096862793,24291.48801177855,7.747121104083029,10.32949480544404,12.91186850680505,7.591597647918562,10.12213019722475,12.65266274653094,False,1.5,6.5,3880.686179710962,247.3239517207221,69.97612796349047,64.791868775296,-10.96363529746064,-0.0028959476533165,1.174249,317.3776,58.36349,2024-01-07T19:30:35.290,6.5,Luminance,data\RZ_Cep\2024_01_07\Light\Luminance\reduced_images\RZ_Cep_Light_Luminance_6.500_secs_008_reduced.fits,2,0.979925,792.0,103.81304435407152,1200.0216666182937,798.5461301712812,1.0,V* RZ Cep,True,0.6832028069807946,0.0014893829807165,16596.01279538743,57.17010936756767,-10.550009402486218,-0.0037401548393359,2024-01-07 19:30:35.290,0.6967311024179708,2024_01_07,4,"(0.69, 0.724]",-10.550009402486218,-0.0037401548393359
0,0,1,1198.2794124860802,781.015791863223,25161.73323786596,25161.73323786596,149.35008642717844,1751.197998046875,4.596598211343035,4.504321502250324,816.7049005694821,149.3500864271785,5.415375947952271,9.539199829101562,24352.946372003626,6.894897317014552,9.19319642268607,11.491495528357587,6.756482253375485,9.008643004500648,11.26080375562581,True,1.5,6.5,3871.035882748608,219.14630708416888,55.42744035924633,64.38640873811819,-10.966378780990912,-0.0028705625181228,1.17662,317.3836,58.17629,2024-01-07T19:32:21.660,6.5,Luminance,data\RZ_Cep\2024_01_07\Light\Luminance\reduced_images\RZ_Cep_Light_Luminance_6.500_secs_009_reduced.fits,2,0.979925,792.0,104.75185717139163,1200.024186386313,798.5225578064968,1.0,V* RZ Cep,True,0.6871913232099706,0.0032691422864524,16735.133441438622,91.08215103301865,-10.559072949136551,-0.0059091963222072,2024-01-07 19:32:21.660,0.7007191759744273,2024_01_07,4,"(0.69, 0.724]",-10.559072949136551,-0.0059091963222072
0,0,1,1194.500533661511,777.0943983185193,25742.16069480468,25742.16069480468,224.431682470278,979.057861328125,5.634766023069077,5.521648095155966,1054.609649571874,224.431682470278,4.696868419647217,7.555697441101074,24688.03461304173,8.452149034603616,11.269532046138156,14.086915057672693,8.28247214273395,11.043296190311931,13.804120237889911,False,1.5,6.5,3960.332414585335,200.4529166945428,83.29204215701678,65.14658374340819,-10.981216294019257,-0.0028650318137986,1.19173,317.527,57.02214,2024-01-07T19:43:23.523,6.5,Luminance,data\RZ_Cep\2024_01_07\Light\Luminance\reduced_images\RZ_Cep_Light_Luminance_6.500_secs_010_reduced.fits,2,0.979925,792.0,107.33054276889,1200.0382180419829,798.4267376776003,1.0,V* RZ Cep,True,0.6794058255322051,0.0028065815499557,16773.19453704127,82.21919740694334,-10.56153945998647,-0.0053220845411252,2024-01-07 19:43:23.523,0.7255340516769593,2024_01_07,4,"(0.724, 0.759]",-10.56153945998647,-0.0053220845411252
0,0,1,1196.5170907111772,776.0409992759804,25711.035903961063,25711.035903961063,185.6548442316524,1161.6513671875,5.1249183120577815,5.022035576943222,941.205589640594,185.6548442316523,4.94539737701416,9.385457992553713,24792.89892426788,7.687377468086672,10.249836624115565,12.812295780144453,7.533053365414832,10.044071153886444,12.555088942358054,False,1.5,6.5,3955.543985224779,237.40708303872705,68.90101674680022,65.28286210798595,-10.98581827468541,-0.0028588817772936,1.194249,317.5607,56.83604,2024-01-07T19:45:11.093,6.5,Luminance,data\RZ_Cep\2024_01_07\Light\Luminance\reduced_images\RZ_Cep_Light_Luminance_6.500_secs_011_reduced.fits,2,0.979925,792.0,108.92582347568288,1200.0741642392295,798.6004767838244,1.0,V* RZ Cep,True,0.6848017674969938,0.0023266906750872,16978.221004712963,72.98093199445817,-10.574730456184383,-0.0046670402100066,2024-01-07 19:45:11.093,0.7295671161923565,2024_01_07,4,"(0.724, 0.759]",-10.574730456184383,-0.0046670402100066
0,0,1,1197.6042327671753,775.1832588437217,25367.0971509112,25367.0971509112,178.72959812522953,1243.693603515625,5.02842577693905,4.927480129466999,940.6171814140196,178.72959812522964,5.210141181945801,8.608129501342773,24435.89071128632,7.542638665408575,10.0568515538781,12.571064442347629,7.391220194200499,9.854960258933998,12.318700323667498,False,1.5,6.5,3902.630330909415,212.78174714199528,66.33088990777748,64.66639751802468,-10.970070435241492,-0.0028732592499348,1.196803,317.5918,56.64905,2024-01-07T19:46:59.433,6.5,Luminance,data\RZ_Cep\2024_01_07\Light\Luminance\reduced_images\RZ_Cep_Light_Luminance_6.500_secs_012_reduced.fits,2,0.979925,792.0,110.07176607328852,1200.0554726664857,798.6253694631438,1.0,V* RZ Cep,True,0.6881255444915448,0.0026908528023542,16814.960600839782,79.39542204014502,-10.564239635139431,-0.0051265350093494,2024-01-07 19:46:59.433,0.7336290499063125,2024_01_07,4,"(0.724, 0.759]",-10.564239635139431,-0.0051265350093494
0,0,1,1198.8345555118776,775.1377923160094,25711.322531229096,25711.322531229096,186.3783367915788,1208.57763671875,5.134894445361144,5.031811439370519,966.9044325744788,186.3783367915788,5.136382341384888,8.308723449707031,24754.012133316144,7.702341668041715,10.269788890722287,12.83723611340286,7.547717159055778,10.063622878741038,12.579528598426297,False,1.5,6.5,3955.588081727553,225.5065066313028,69.16952238797525,65.1940496575173,-10.984113998693584,-0.0028594774724497,1.199445,317.6223,56.45738,2024-01-07T19:48:47.917,6.5,Luminance,data\RZ_Cep\2024_01_07\Light\Luminance\reduced_images\RZ_Cep_Light_Luminance_6.500_secs_013_reduced.fits,2,0.979925,792.0,110.4967368661648,1200.0376289448805,798.4895477718377,1.0,V* RZ Cep,True,0.6874113738229166,0.0025208663087921,17016.189488191998,76.82675366524659,-10.577155782801146,-0.0049020133447782,2024-01-07 19:48:47.917,0.7376963825349776,2024_01_07,4,"(0.724, 0.759]",-10.577155782801146,-0.0049020133447782
0,0,1,1199.420548081426,775.3546958212736,25889.262157652207,25889.262157652207,186.2440336940421,1195.6351318359375,5.133044025075206,5.029998166271821,974.1887773100384,186.2440336940421,5.229236125946045,8.429532051086426,24915.34812841741,7.699566037612809,10.266088050150412,12.832610062688016,7.544997249407732,10.059996332543642,12.574995415679554,False,1.5,6.5,3982.96340886957,253.0085370609656,69.11967925023856,65.61319703520607,-10.991167399266828,-0.0028592264962093,1.202055,317.662,56.26981,2024-01-07T19:50:36.277,6.5,Luminance,data\RZ_Cep\2024_01_07\Light\Luminance\reduced_images\RZ_Cep_Light_Luminance_6.500_secs_014_reduced.fits,2,0.979925,792.0,110.47739548453694,1200.0752358899103,798.6207955498315,1.0,V* RZ Cep,True,0.6940084260195277,0.0029880677183366,17291.46153833155,87.27057610748813,-10.594579257506169,-0.0054797463985304,2024-01-07 19:50:36.277,0.741759066097984,2024_01_07,4,"(0.724, 0.759]",-10.594579257506169,-0.0054797463985304
0,0,1,1197.5575130371376,774.9366686824156,26157.987100614373,26157.987100614373,218.9762187795877,1001.584228515625,5.565860032443321,5.454125392292021,1047.4572149367796,218.9762187795878,4.7610228061676025,8.71001148223877,25115.43632899641,8.34879004866498,11.13172006488664,13.914650081108302,8.18118808843803,10.908250784584045,13.635313480730051,False,1.5,6.5,4024.3057077868266,261.05328835503525,81.26738722991561,66.08045386777982,-10.99985181883392,-0.0028566472129439,1.204682,317.6971,56.0828,2024-01-07T19:52:24.427,6.5,Luminance,data\RZ_Cep\2024_01_07\Light\Luminance\reduced_images\RZ_Cep_Light_Luminance_6.500_secs_015_reduced.fits,2,0.979925,792.0,110.29238536175632,1200.051933154404,798.6753302690087,1.0,V* RZ Cep,True,0.6893458957702786,0.0031824260922833,17313.22295387343,91.9972796206568,-10.59594480440722,-0.0057692768983291,2024-01-07 19:52:24.427,0.7458138762433464,2024_01_07,4,"(0.724, 0.759]",-10.59594480440722,-0.0057692768983291
0,0,1,1198.965107813685,773.6831144338609,25700.78749285546,25700.78749285546,193.08942824986173,1174.6314697265625,5.226525250191743,5.121602755794145,991.2565361469544,193.08942824986167,5.021164417266846,8.584211349487305,24731.253726376854,7.839787875287615,10.453050500383489,13.066313125479358,7.682404133691216,10.24320551158829,12.80400688948536,False,1.5,6.5,3953.967306593147,238.71497814365927,71.66017124160548,65.30193301869717,-10.98311533261836,-0.0028668450739911,1.207306,317.7389,55.89773,2024-01-07T19:54:11.472,6.5,Luminance,data\RZ_Cep\2024_01_07\Light\Luminance\reduced_images\RZ_Cep_Light_Luminance_6.500_secs_016_reduced.fits,2,0.979925,792.0,111.91889438743652,1200.0411197854696,798.5518577097998,1.0,V* RZ Cep,True,0.693273414591138,0.0034927135971509,17145.520718005086,97.52397810365362,-10.585376698477528,-0.0061756837602477,2024-01-07 19:54:11.472,0.7498272572145197,2024_01_07,4,"(0.724, 0.759]",-10.585376698477528,-0.0061756837602477
0,0,1,1198.309032753166,770.4616440752657,26795.34448544165,26795.34448544165,257.9220148593423,771.67578125,6.04057124576701,5.919306778008238,1186.040066453058,257.9220148593424,4.519823789596558,7.899221420288086,25629.58242681972,9.060856868650514,12.08114249153402,15.101428114417526,8.878960167012355,11.838613556016476,14.798266945020597,False,1.5,6.5,4122.360690067946,294.42736080202246,95.72111699395236,67.17521245120048,-11.021853826111672,-0.0028457178508014,1.215687,317.8878,55.31755,2024-01-07T19:59:45.681,6.5,Luminance,data\RZ_Cep\2024_01_07\Light\Luminance\reduced_images\RZ_Cep_Light_Luminance_6.500_secs_019_reduced.fits,2,0.979925,792.0,114.78571839367302,1199.9833739998803,798.5123842554159,1.0,V* RZ Cep,True,0.6845938408091345,0.0036497512503277,17545.85427191081,104.23484519221158,-10.610436294950096,-0.0064500447495292,2024-01-07 19:59:45.681,0.762357576621298,2024_01_07,4,"(0.759, 0.793]",-10.610436294950096,-0.0064500447495292
0,0,1,1201.1135759583367,770.129894431338,19787.637708526054,19787.637708526054,228.1462365015784,706.0804443359375,5.681204980716976,5.567154790729084,1310.9735313254075,228.1462365015784,5.708310604095459,8.77238655090332,18485.308127419623,8.521807471075464,11.362409961433952,14.20301245179244,8.350732186093625,11.134309581458169,13.91788697682271,False,1.5,6.5,3044.2519551578544,250.58732735722896,84.67060327443193,58.1335521518298,-10.667066735314844,-0.0034144793177027,1.221311,317.9824,54.93729,2024-01-07T20:03:25.926,6.5,Luminance,data\RZ_Cep\2024_01_07\Light\Luminance\reduced_images\RZ_Cep_Light_Luminance_6.500_secs_021_reduced.fits,2,0.979925,792.0,115.96920978468448,1200.083182458901,798.4564851051783,1.0,V* RZ Cep,True,0.9516667558252562,0.0063693421082788,17591.853216051673,130.08939520199465,-10.613278981689485,-0.0080288736207176,2024-01-07 20:03:25.926,0.7706151046888863,2024_01_07,4,"(0.759, 0.793]",-10.613278981689485,-0.0080288736207176
0,0,1,1201.957821905933,769.6564161251058,19823.814854288383,19823.814854288383,192.4452843627244,900.1636962890625,5.217800156392263,5.113052818252688,1177.8927669919565,192.4452843627245,6.145550727844238,9.115510940551758,18641.13259690285,7.826700234588395,10.435600312784526,13.04450039098066,7.669579227379033,10.226105636505377,12.782632045631722,False,1.5,6.5,3049.817669890521,233.91883529876992,71.42111381792942,57.92372242015546,-10.676180739149252,-0.0033737157449527,1.224059,318.0342,54.75406,2024-01-07T20:05:11.105,6.5,Luminance,data\RZ_Cep\2024_01_07\Light\Luminance\reduced_images\RZ_Cep_Light_Luminance_6.500_secs_022_reduced.fits,2,0.979925,792.0,116.68977138634884,1200.0740108447442,798.560246185633,1.0,V* RZ Cep,True,0.938229476571042,0.0067163864169055,17489.66007908355,136.4872255158888,-10.60695342203676,-0.0084729561100396,2024-01-07 20:05:11.105,0.774558524718941,2024_01_07,4,"(0.759, 0.793]",-10.60695342203676,-0.0084729561100396
0,0,1,1199.921740763756,798.5161128505507,26383.73676466124,26383.73676466124,167.97339414273435,1429.4322509765625,4.874769144230948,4.776908153660512,1465.4252357875375,167.97339414273432,8.461124420166016,12.705957412719728,24962.492977541977,7.312153716346422,9.749538288461896,12.186922860577369,7.165362230490768,9.553816307321023,11.94227038415128,False,1.5,6.5,4059.036425332498,367.8687371791991,62.33900166054613,67.00182209591202,-10.993219889257215,-0.0029142243164471,1.378416,322.2281,46.47178,2024-01-18T20:43:30.155,6.5,Luminance,data\RZ_Cep\2024_01_18\Light\Luminance\reduced_images\RZ_Cep_Light_Luminance_6.500_secs_001_reduced.fits,2,0.979925,792.0,89.0505211915274,1199.9497303145397,798.5278833503761,1.0,V* RZ Cep,True,0.7049638097718354,0.0029363898271194,17597.654150850678,87.20017430550239,-10.613636945495236,-0.0053800572220091,2024-01-18 20:43:30.155,0.4935948021884542,2024_01_18,5,"(0.483, 0.517]",-10.613636945495236,-0.0053800572220091
0,0,1,1198.8237999130836,806.7648767063263,26312.574760966505,26312.574760966505,179.93626009727748,1202.2193603515625,5.045371497032431,4.944085664229505,1499.5365679725064,179.93626009727754,8.317643165588379,12.587276458740234,24815.929156926853,7.568057245548646,10.09074299406486,12.613428742581076,7.416128496344257,9.88817132845901,12.36021416057376,False,1.5,6.5,4048.088424764078,314.77842855527814,66.77871143965233,66.55558252137088,-10.986826351681596,-0.0029119121478491,1.382131,322.3396,46.30947,2024-01-18T20:45:12.823,6.5,Luminance,data\RZ_Cep\2024_01_18\Light\Luminance\reduced_images\RZ_Cep_Light_Luminance_6.500_secs_002_reduced.fits,2,0.979925,792.0,81.09303499207606,1200.0208691431108,798.4612315328998,1.0,V* RZ Cep,True,0.7010416891893537,0.0028477651569744,17397.000894975336,84.68312325996948,-10.60118596452456,-0.0052850220224969,2024-01-18 20:45:12.823,0.49744407863818196,2024_01_18,5,"(0.483, 0.517]",-10.60118596452456,-0.0052850220224969
0,0,1,1196.5840557841093,816.629109411217,26240.387448755795,26240.387448755795,175.76071914202385,1278.75341796875,4.986487274209897,4.886383542180133,1515.219838742893,175.76071914202382,8.49164342880249,13.504202842712402,24747.89009301183,7.479730911314846,9.972974548419794,12.466218185524742,7.3295753132702,9.772767084360266,12.215958855450332,False,1.5,6.5,4036.982684423968,322.6114921755391,65.22906689105169,66.51934488170009,-10.983845446555572,-0.0029183280184054,1.386011,322.4564,46.14141,2024-01-18T20:46:58.684,6.5,Luminance,data\RZ_Cep\2024_01_18\Light\Luminance\reduced_images\RZ_Cep_Light_Luminance_6.500_secs_003_reduced.fits,2,0.979925,792.0,71.2572134268346,1199.8687899997587,798.5652057336595,1.0,V* RZ Cep,True,0.701904992691581,0.0021578123501147,17370.667614867518,70.9343326943391,-10.599541275519186,-0.0044336795150397,2024-01-18 20:46:58.684,0.5014130685299278,2024_01_18,5,"(0.483, 0.517]",-10.599541275519186,-0.0044336795150397
0,0,1,1195.764209298159,821.2628107088213,26285.60610918096,26285.60610918096,194.9147898472868,1111.97265625,5.251171491383922,5.14575422369439,1613.0640496211515,194.9147898472867,8.21867561340332,13.310769081115724,24683.664679171427,7.876757237075884,10.502342982767845,13.127928728459803,7.718631335541586,10.29150844738878,12.864385559235975,False,1.5,6.5,4043.939401412455,330.9550872293317,72.33760721433032,66.68757077489116,-10.981024095026886,-0.0029333209204857,1.389931,322.5746,45.97308,2024-01-18T20:48:44.068,6.5,Luminance,data\RZ_Cep\2024_01_18\Light\Luminance\reduced_images\RZ_Cep_Light_Luminance_6.500_secs_004_reduced.fits,2,0.979925,792.0,66.7759118108093,1199.8832713495997,798.5192012726312,1.0,V* RZ Cep,True,0.6916852366977417,0.0025321688965795,17073.326446180374,77.68097216881459,-10.580795360560405,-0.004939930374456,2024-01-18 20:48:44.068,0.5053641745155346,2024_01_18,5,"(0.483, 0.517]",-10.580795360560405,-0.004939930374456
0,0,1,1196.654844582324,821.3503766140972,26109.47757232962,26109.47757232962,181.0988353484055,1222.8896484375,5.0616444261510285,4.960031914296047,1506.2768206729088,181.09883534840543,8.117050170898438,13.845263481140137,24639.489239915336,7.592466639226543,10.123288852302055,12.65411106537757,7.4400478714440705,9.920063828592092,12.400079785740116,False,1.5,6.5,4016.842703435326,392.4222945035916,67.21017131983427,66.90646582549964,-10.979079252380988,-0.0029482255728531,1.393804,322.6917,45.80819,2024-01-18T20:50:28.928,6.5,Luminance,data\RZ_Cep\2024_01_18\Light\Luminance\reduced_images\RZ_Cep_Light_Luminance_6.500_secs_005_reduced.fits,2,0.979925,792.0,67.12761874224337,1199.9602760936664,798.4906978603981,1.0,V* RZ Cep,True,0.704818144275858,0.0030843811647,17366.359081982097,89.43938737187993,-10.599271941577172,-0.0055917063871947,2024-01-18 20:50:28.928,0.509295634449245,2024_01_18,5,"(0.483, 0.517]",-10.599271941577172,-0.0055917063871947
0,0,1,1194.333266020864,826.3067317383469,25899.45395007865,25899.45395007865,200.1177724452944,1068.3369140625,5.32079632178891,5.213981335628998,1649.9584668310515,200.1177724452945,8.295725345611572,13.191505432128906,24239.33187309689,7.981194482683365,10.64159264357782,13.301990804472275,7.820972003443496,10.427962671257996,13.034953339072494,False,1.5,6.5,3984.531376935177,297.0706208973531,74.268560282656,65.99901937237543,-10.96130161218589,-0.0029562499984025,1.397824,322.8134,45.6385,2024-01-18T20:52:16.155,6.5,Luminance,data\RZ_Cep\2024_01_18\Light\Luminance\reduced_images\RZ_Cep_Light_Luminance_6.500_secs_006_reduced.fits,2,0.979925,792.0,61.66906910364671,1199.8982364162573,798.5761066144313,1.0,V* RZ Cep,True,0.702638569340024,0.001797643578494,17031.489469070842,63.63303386695633,-10.578131575853662,-0.0040565265189177,2024-01-18 20:52:16.155,0.513315839049028,2024_01_18,5,"(0.483, 0.517]",-10.578131575853662,-0.0040565265189177
0,0,1,1192.7338832747305,838.9468962152556,25759.64928864099,25759.64928864099,165.1425946722968,1324.43408203125,4.833518181027824,4.736485303543691,1414.3932698337007,165.1425946722968,8.427461624145508,12.686630249023438,24367.916409528392,7.250277271541735,9.667036362055647,12.08379545256956,7.104727955315536,9.47297060708738,11.841213258859224,False,1.5,6.5,3963.022967483229,333.7818527866379,61.28842330086659,66.01585600119667,-10.96704599053158,-0.0029414006410729,1.401854,322.9358,45.46987,2024-01-18T20:54:03.340,6.5,Luminance,data\RZ_Cep\2024_01_18\Light\Luminance\reduced_images\RZ_Cep_Light_Luminance_6.500_secs_007_reduced.fits,2,0.979925,792.0,50.10981319469102,1199.9188864826776,798.4671264109535,1.0,V* RZ Cep,True,0.7046418734146365,0.0018858492108157,17170.654270021347,65.38861643223173,-10.586967109545611,-0.0041346583026523,2024-01-18 20:54:03.340,0.5173344689651458,2024_01_18,5,"(0.517, 0.552]",-10.586967109545611,-0.0041346583026523
0,0,1,1191.3745555197763,849.2256100153584,25649.870285976653,25649.870285976653,188.52517837073785,1119.9285888671875,5.16438349853939,5.060708499806212,1575.340996015395,188.52517837073785,8.300894260406494,11.775786399841309,24084.94271489689,7.746575247809085,10.32876699707878,12.910958746348475,7.591062749709319,10.121416999612425,12.65177124951553,False,1.5,6.5,3946.133890150254,284.99908086057326,69.96626738114009,65.58276632158763,-10.954364044247706,-0.0029564356721304,1.405831,323.0567,45.30493,2024-01-18T20:55:48.852,6.5,Luminance,data\RZ_Cep\2024_01_18\Light\Luminance\reduced_images\RZ_Cep_Light_Luminance_6.500_secs_008_reduced.fits,2,0.979925,792.0,41.18773323250658,1199.9819801294689,798.486807256935,1.0,V* RZ Cep,True,0.7097612080987162,0.0031478669709456,17094.55803831359,88.9652823353968,-10.582144692635158,-0.0056505016263993,2024-01-18 20:55:48.852,0.5212903739864032,2024_01_18,5,"(0.517, 0.552]",-10.582144692635158,-0.0056505016263993
0,0,1,1187.7916988342745,853.3893831661362,25113.310847954348,25113.310847954348,154.43194008690722,1514.82763671875,4.674147017713757,4.580313516333153,1350.4467048624197,154.4319400869072,8.604156494140625,13.720422744750977,23784.55426775285,7.011220526570636,9.348294035427514,11.685367544284391,6.870470274499731,9.160627032666309,11.450783790832883,False,1.5,6.5,3863.586284300669,315.96665566636653,57.31343953994568,65.09121583982727,-10.940737542441177,-0.0029713354664309,1.409868,323.1797,45.13894,2024-01-18T20:57:34.989,6.5,Luminance,data\RZ_Cep\2024_01_18\Light\Luminance\reduced_images\RZ_Cep_Light_Luminance_6.500_secs_009_reduced.fits,2,0.979925,792.0,35.69551598869978,1199.9520796745517,798.4860035809155,1.0,V* RZ Cep,True,0.7049049340438145,0.0021534420276688,16765.849657371848,68.76490118108481,-10.561063918593106,-0.0044531320723188,2024-01-18 20:57:34.989,0.5252697117989555,2024_01_18,5,"(0.517, 0.552]",-10.561063918593106,-0.0044531320723188
0,0,1,1187.326840729619,855.768919292055,25567.15983258629,25567.15983258629,189.8470336563117,1049.621337890625,5.182457060998978,5.078419235499424,1552.0070002701186,189.8470336563117,8.127159118652344,11.99787139892578,24024.2427818573,7.773685591498467,10.364914121997955,12.956142652497444,7.617628853249135,10.156838470998848,12.696048088748558,False,1.5,6.5,3933.409205013276,347.7813260420057,70.45683994629509,65.96701729653672,-10.951624270160146,-0.0029812710289809,1.413954,323.3044,44.97233,2024-01-18T20:59:21.739,6.5,Luminance,data\RZ_Cep\2024_01_18\Light\Luminance\reduced_images\RZ_Cep_Light_Luminance_6.500_secs_010_reduced.fits,2,0.979925,792.0,33.63460674216323,1199.8582045028031,798.4948641114065,1.0,V* RZ Cep,True,0.7044291428076476,0.0033180922298814,16923.376749426552,92.27026728781802,-10.571217557118924,-0.0059196915190396,2024-01-18 20:59:21.739,0.5292720324925995,2024_01_18,5,"(0.517, 0.552]",-10.571217557118924,-0.0059196915190396
0,0,1,1184.4239223450822,864.3019158659896,25010.63736222178,25010.63736222178,164.7410228344803,1346.6058349609375,4.827637850186486,4.7307230203439925,1400.256827424627,164.7410228344803,8.368143081665039,11.446456909179688,23632.060911723,7.241456775279729,9.655275700372972,12.069094625466214,7.096084530515989,9.461446040687983,11.82680755085998,False,1.5,6.5,3847.790363418736,247.9006798461409,61.13939024957754,64.4734862832347,-10.933753993412312,-0.0029621283800076,1.418102,323.4312,44.80472,2024-01-18T21:01:09.315,6.5,Luminance,data\RZ_Cep\2024_01_18\Light\Luminance\reduced_images\RZ_Cep_Light_Luminance_6.500_secs_011_reduced.fits,2,0.979925,792.0,25.75978356734425,1199.9113579068558,798.5508685711899,1.0,V* RZ Cep,True,0.7053326812463446,0.0044274226518728,16668.46488624252,114.08440788019593,-10.554739011247708,-0.0074311325535536,2024-01-18 21:01:09.315,0.5333053219626436,2024_01_18,5,"(0.517, 0.552]",-10.554739011247708,-0.0074311325535536
0,0,1,1180.9710207649962,878.0489676477059,24948.36260385044,24948.36260385044,171.38821007125546,1093.811279296875,4.924070657540926,4.825219939090792,1498.509821901244,171.38821007125551,8.660727500915527,12.7068510055542,23464.01601955363,7.386105986311389,9.848141315081852,12.310176643852316,7.237829908636188,9.650439878181585,12.06304984772698,False,1.5,6.5,3838.209631361606,328.7073139786507,63.60632269626711,65.0424728007517,-10.926005866194595,-0.003009670957773,1.422181,323.5561,44.6413,2024-01-18T21:02:55.017,6.5,Luminance,data\RZ_Cep\2024_01_18\Light\Luminance\reduced_images\RZ_Cep_Light_Luminance_6.500_secs_012_reduced.fits,2,0.979925,792.0,17.082800503595124,1199.94479327439,798.514256172215,1.0,V* RZ Cep,True,0.7070398034782894,0.0023217998982564,16589.993275276633,71.29372438603119,-10.54961552495981,-0.0046658353896572,2024-01-18 21:02:55.017,0.5372683505524947,2024_01_18,5,"(0.517, 0.552]",-10.54961552495981,-0.0046658353896572
0,0,1,1203.4326459303886,791.4638543374273,24544.19615406799,24544.19615406799,163.03704136519517,1340.764892578125,4.802605870459969,4.706193557610485,1392.1366343635784,163.03704136519528,8.537954330444336,12.0802001953125,23152.19334072119,7.203908805689953,9.605211740919938,12.006514676149925,7.059290336415728,9.41238711522097,11.765483894026216,False,1.5,6.5,3776.0301775489215,260.3940997340723,60.507001387130416,64.00727520110604,-10.911480351306116,-0.0030016601464504,1.432545,323.8769,44.23225,2024-01-18T21:07:20.302,6.5,Luminance,data\RZ_Cep\2024_01_18\Light\Luminance\reduced_images\RZ_Cep_Light_Luminance_6.500_secs_013_reduced.fits,2,0.979925,792.0,96.92049656216012,1199.87793993302,798.4455559004994,1.0,V* RZ Cep,True,0.7084909645137749,0.0034068981252894,16403.11979057695,90.9840665880985,-10.537316141304576,-0.0060223113902741,2024-01-18 21:07:20.302,0.5472145392661787,2024_01_18,5,"(0.517, 0.552]",-10.537316141304576,-0.0060223113902741
0,0,1,1203.5407600691908,790.0575714565884,25226.036736178925,25226.036736178925,202.83386127353668,919.4656982421876,5.35678275319963,5.249245339429147,1619.2158016921244,202.8338612735368,7.88892936706543,13.367980003356934,23625.894731342847,8.035174129799444,10.71356550639926,13.391956882999075,7.87386800914372,10.498490678858294,13.12311334857287,False,1.5,6.5,3880.928728642912,306.77822627629524,75.27656674009597,65.29152718124537,-10.93347066142172,-0.0030004948269994,1.436296,323.9932,44.08636,2024-01-18T21:08:57.285,6.5,Luminance,data\RZ_Cep\2024_01_18\Light\Luminance\reduced_images\RZ_Cep_Light_Luminance_6.500_secs_014_reduced.fits,2,0.979925,792.0,98.25025271792438,1199.9418748913038,798.4488347033117,1.0,V* RZ Cep,True,0.7001794422194286,0.0033038655664151,16542.365794926573,90.45879681953176,-10.54649404995309,-0.0059371429675401,2024-01-18 21:08:57.285,0.5508506710491474,2024_01_18,5,"(0.517, 0.552]",-10.54649404995309,-0.0059371429675401
0,0,1,1203.402583657567,790.8242462502686,24702.41164978968,24702.41164978968,148.20648088840687,1604.341552734375,4.578965825175857,4.487043086235452,1308.4218320392115,148.20648088840684,8.722705841064453,13.793917655944824,23409.650113260763,6.868448737763785,9.157931650351712,11.447414562939642,6.730564629353178,8.974086172470903,11.21760771558863,False,1.5,6.5,3800.371023044565,349.39401434765773,55.00302059953182,64.84418291559972,-10.923487306666198,-0.0030074638757434,1.440146,324.1128,43.93777,2024-01-18T21:10:36.134,6.5,Luminance,data\RZ_Cep\2024_01_18\Light\Luminance\reduced_images\RZ_Cep_Light_Luminance_6.500_secs_015_reduced.fits,2,0.979925,792.0,97.4929672116112,1199.937764711867,798.5024928115033,1.0,V* RZ Cep,True,0.7101414557764267,0.0023795077595153,16624.16301064779,72.27269156384358,-10.551849471929192,-0.0047201821707308,2024-01-18 21:10:36.134,0.55455676377278,2024_01_18,5,"(0.552, 0.586]",-10.551849471929192,-0.0047201821707308
0,0,1,1203.349953560756,790.8456161119711,24833.15989408073,24833.15989408073,166.26521646350062,1225.795166015625,4.849919226306544,4.752557097838441,1418.715317843713,166.26521646350056,8.49577522277832,12.17064380645752,23420.60798764025,7.274878839459816,9.699838452613088,12.12479806576636,7.128835646757661,9.505114195676882,11.8813927445961,False,1.5,6.5,3820.486137550882,278.1508620569688,61.705055482785546,64.50071360140628,-10.923995412392737,-0.0029901341599133,1.443974,324.2282,43.7912,2024-01-18T21:12:13.589,6.5,Luminance,data\RZ_Cep\2024_01_18\Light\Luminance\reduced_images\RZ_Cep_Light_Luminance_6.500_secs_016_reduced.fits,2,0.979925,792.0,97.45215755275852,1199.9176419946175,798.4711902957287,1.0,V* RZ Cep,True,0.7076432569268915,0.0028879678509091,16573.435315581715,81.5979329865326,-10.548531344066856,-0.0053455320752731,2024-01-18 21:12:13.589,0.558210591999341,2024_01_18,5,"(0.552, 0.586]",-10.548531344066856,-0.0053455320752731
0,0,1,1203.906797098087,789.847070673534,24834.952371103493,24834.952371103493,184.8041198115074,1088.9625244140625,5.113162897789566,5.010516152616441,1514.5620873806397,184.8041198115073,8.202442169189453,11.180131912231444,23319.107265721643,7.669744346684349,10.226325795579132,12.782907244473916,7.515774228924661,10.021032305232882,12.526290381541102,False,1.5,6.5,3820.761903246691,310.4035101580869,68.58529227560796,64.80548360810515,-10.919279800359783,-0.0030173393440154,1.447847,324.3498,43.64404,2024-01-18T21:13:52.001,6.5,Luminance,data\RZ_Cep\2024_01_18\Light\Luminance\reduced_images\RZ_Cep_Light_Luminance_6.500_secs_017_reduced.fits,2,0.979925,792.0,98.5905833270636,1199.9880682772905,798.5086696592639,1.0,V* RZ Cep,True,0.7028861318396419,0.0030032934075768,16390.677103956772,83.54436185584383,-10.536492236952196,-0.0055340690195407,2024-01-18 21:13:52.001,0.5619003005156173,2024_01_18,5,"(0.552, 0.586]",-10.536492236952196,-0.0055340690195407
0,0,1,1203.7848304446798,790.7700217738333,24814.452467777104,24814.452467777104,168.16199841078006,1251.836669921875,4.877505126124042,4.779589210717102,1414.1967622858297,168.16199841078006,8.340325355529785,11.723962783813477,23411.926688595115,7.316257689186063,9.755010252248084,12.193762815310103,7.169383816075653,9.559178421434204,11.948973026792755,False,1.5,6.5,3817.608071965709,268.0127004381463,62.4089972800244,64.40519986525838,-10.9235928887689,-0.0029868134390861,1.451776,324.4713,43.49591,2024-01-18T21:15:29.685,6.5,Luminance,data\RZ_Cep\2024_01_18\Light\Luminance\reduced_images\RZ_Cep_Light_Luminance_6.500_secs_018_reduced.fits,2,0.979925,792.0,97.69760359268854,1199.9622509312176,798.5384850087967,1.0,V* RZ Cep,True,0.7089277397407607,0.0027407915239221,16597.364270322127,78.75367683184398,-10.550097814416366,-0.0051517648707058,2024-01-18 21:15:29.685,0.5655627145170001,2024_01_18,5,"(0.552, 0.586]",-10.550097814416366,-0.0051517648707058
0,0,1,1198.5865745533365,799.7328634585975,24129.27596623919,24129.27596623919,164.85701058278806,1258.86572265625,4.829337027203043,4.732388086381942,1313.0211198233403,164.85701058278795,7.881401062011719,12.665179252624512,22829.971747951928,7.244005540804565,9.658674054406086,12.073342568007607,7.098582129572914,9.464776172763884,11.830970215954856,False,1.5,6.5,3712.196302498337,329.56988656936585,61.1824361168785,64.05426313044731,-10.896263435129862,-0.0030462601232114,1.488754,325.6213,42.1565,2024-01-18T21:30:17.381,6.5,Luminance,data\RZ_Cep\2024_01_18\Light\Luminance\reduced_images\RZ_Cep_Light_Luminance_6.500_secs_019_reduced.fits,2,0.979925,792.0,87.40162668903615,1199.914122360001,798.5050762243924,1.0,V* RZ Cep,True,0.7112120126677737,0.0015203992224074,16236.9501560093,57.27298266384013,-10.526261143727844,-0.0038297432852315,2024-01-18 21:30:17.381,0.5988446261840181,2024_01_18,5,"(0.586, 0.621]",-10.526261143727844,-0.0038297432852315
0,0,1,1189.7561572314216,799.92127755334,24523.389162913416,24523.389162913416,205.2682961373812,1051.4169921875,5.388833226863387,5.280652399834104,1563.7683587873237,205.2682961373812,7.547945976257324,13.001527786254885,22974.035153030072,8.08324984029508,10.777666453726772,13.472083067158469,7.920978599751157,10.561304799668209,13.20163099958526,False,1.5,6.5,3772.8291019866792,320.35944689289965,76.18004457832276,64.57064807989697,-10.903093203136253,-0.0030515619009921,1.494308,325.7901,41.96341,2024-01-18T21:32:28.539,6.5,Luminance,data\RZ_Cep\2024_01_18\Light\Luminance\reduced_images\RZ_Cep_Light_Luminance_6.500_secs_020_reduced.fits,2,0.979925,792.0,84.11885296423696,1199.9051473896166,798.5206758444231,1.0,V* RZ Cep,True,0.7150235683811019,0.0025465249454086,16426.976595232438,74.52743501084318,-10.538894095922752,-0.0049258689795975,2024-01-18 21:32:28.539,0.6037620629758749,2024_01_18,5,"(0.586, 0.621]",-10.538894095922752,-0.0049258689795975
0,0,1,1190.847850354604,799.4646787885303,24482.54589858432,24482.54589858432,241.6885423299937,753.0051879882812,5.847386972010531,5.73000067854742,1732.8472439622644,241.68854232999388,7.14841890335083,11.280384063720703,22754.85495386929,8.771080458015796,11.694773944021062,14.618467430026328,8.59500101782113,11.46000135709484,14.32500169636855,False,1.5,6.5,3766.5455228591263,337.398041586616,89.69648150850416,64.75832028360716,-10.892685178826536,-0.0030899099569641,1.49839,325.9213,41.82279,2024-01-18T21:34:05.887,6.5,Luminance,data\RZ_Cep\2024_01_18\Light\Luminance\reduced_images\RZ_Cep_Light_Luminance_6.500_secs_021_reduced.fits,2,0.979925,792.0,84.89254991633733,1199.9244904992163,798.4626584298928,1.0,V* RZ Cep,True,0.7100516237420531,0.0042244817357662,16157.12170800979,106.55895880594984,-10.520909991086471,-0.0071606144713012,2024-01-18 21:34:05.887,0.6074118795088452,2024_01_18,5,"(0.586, 0.621]",-10.520909991086471,-0.0071606144713012
0,0,1,1190.9125654811148,799.1077912279948,24588.802133779856,24588.802133779856,222.2233161442156,930.0332641601562,5.606974960578607,5.494414938244992,1630.9432463255205,222.2233161442157,7.372068405151367,10.274652481079102,22950.55664594512,8.41046244086791,11.213949921157214,14.017437401446518,8.241622407367487,10.988829876489984,13.73603734561248,False,1.5,6.5,3782.892635966132,301.73521765745653,82.4724638376639,64.55308139400668,-10.90198305859721,-0.0030538526223743,1.502604,326.05,41.67874,2024-01-18T21:35:43.821,6.5,Luminance,data\RZ_Cep\2024_01_18\Light\Luminance\reduced_images\RZ_Cep_Light_Luminance_6.500_secs_022_reduced.fits,2,0.979925,792.0,85.25160186641054,1199.8514703042017,798.5326142304552,1.0,V* RZ Cep,True,0.7175397482771667,0.0042255215066417,16467.936638552317,107.47201113210886,-10.541597968381629,-0.0070856632525006,2024-01-18 21:35:43.821,0.6110836666264277,2024_01_18,5,"(0.586, 0.621]",-10.541597968381629,-0.0070856632525006
0,0,1,1190.371022430252,799.0370446881232,24107.20650626371,24107.20650626371,184.52848166175275,1112.51904296875,5.109348294838055,5.006778127819182,1434.8610561966689,184.5284816617528,7.632036209106445,11.383711814880373,22698.878452609777,7.664022442257083,10.21869658967611,12.77337073709514,7.510167191728772,10.013556255638363,12.516945319547954,False,1.5,6.5,3708.8010009636473,246.4242084336389,68.48299627115462,63.43270611970169,-10.89001099828282,-0.0030341228419602,1.506756,326.183,41.5379,2024-01-18T21:37:20.060,6.5,Luminance,data\RZ_Cep\2024_01_18\Light\Luminance\reduced_images\RZ_Cep_Light_Luminance_6.500_secs_023_reduced.fits,2,0.979925,792.0,85.14946245778549,1199.954725733059,798.5130293860583,1.0,V* RZ Cep,True,0.7200147165177917,0.0021435005041426,16343.52653432764,66.73297697162437,-10.53336443115666,-0.0044332175798901,2024-01-18 21:37:20.060,0.6146919040149896,2024_01_18,5,"(0.586, 0.621]",-10.53336443115666,-0.0044332175798901
0,0,1,1190.8440104903573,798.8740457372539,23839.097135251526,23839.097135251526,169.89023663965162,1197.2847900390625,4.902504660930632,4.804086879862449,1345.6202687135324,169.89023663965165,7.735680341720581,11.383719444274902,22524.880571427915,7.353756991395947,9.805009321861265,12.25626165232658,7.206130319793674,9.6081737597249,12.010217199656124,False,1.5,6.5,3667.553405423312,242.9264974197684,63.05038841443165,63.03594443853056,-10.881656242489868,-0.0030384359580067,1.510987,326.3128,41.39549,2024-01-18T21:38:58.398,6.5,Luminance,data\RZ_Cep\2024_01_18\Light\Luminance\reduced_images\RZ_Cep_Light_Luminance_6.500_secs_024_reduced.fits,2,0.979925,792.0,85.45186571542823,1199.975325866258,798.5674050802559,1.0,V* RZ Cep,True,0.7283329527176055,0.0033371136813953,16405.612776199516,88.07993826820085,-10.537481141567726,-0.0058291987745428,2024-01-18 21:38:58.398,0.6183788380885744,2024_01_18,5,"(0.586, 0.621]",-10.537481141567726,-0.0058291987745428
0,0,1,1227.6872747565517,792.5052929358169,24433.664976753946,24433.664976753946,178.11031681354697,1181.5445556640625,5.01970670560117,4.918936093486226,1392.6132139816082,178.110316813547,7.76660680770874,11.119115829467772,23050.35217766669,7.529560058401755,10.03941341120234,12.549266764002924,7.37840414022934,9.837872186972453,12.297340233715566,False,1.5,6.5,3759.025381039068,311.09343213978855,66.1010595890276,64.31345016999076,-10.906693912996255,-0.0030293437932858,1.521366,326.7034,41.05081,2024-01-18T21:43:17.236,6.5,Luminance,data\RZ_Cep\2024_01_18\Light\Luminance\reduced_images\RZ_Cep_Light_Luminance_6.500_secs_025_reduced.fits,2,0.979925,792.0,108.21918836400371,1199.9033691550246,798.5964065560617,1.0,V* RZ Cep,True,0.7203289113845575,0.0017916392871091,16603.83509116931,62.06201566207594,-10.550521028317812,-0.0040582779204076,2024-01-18 21:43:17.236,0.6280833128773793,2024_01_18,5,"(0.621, 0.655]",-10.550521028317812,-0.0040582779204076
0,0,1,1233.457641473145,852.7487476143192,24300.337189395093,24300.337189395093,210.78124505941227,945.5523681640624,5.460718476315456,5.351094552903423,1577.051978145646,210.7812450594124,7.424667358398437,10.140385627746582,22735.356559439893,8.191077714473183,10.921436952630913,13.65179619078864,8.026641829355134,10.702189105806848,13.377736382258558,False,1.5,6.5,3738.5134137530913,289.4649893364516,78.2260336693866,64.07967257062828,-10.891754424127498,-0.0030601508411395,1.53273,327.0662,40.68074,2024-01-18T21:47:28.166,6.5,Luminance,data\RZ_Cep\2024_01_18\Light\Luminance\reduced_images\RZ_Cep_Light_Luminance_6.500_secs_026_reduced.fits,2,0.979925,792.0,74.61229600809796,1199.949385041578,798.441905537581,1.0,V* RZ Cep,True,0.7224643071924113,0.002876317433646,16425.483625488185,80.12266368422114,-10.538795414040534,-0.0052961653225618,2024-01-18 21:47:28.166,0.6374912972487436,2024_01_18,5,"(0.621, 0.655]",-10.538795414040534,-0.0052961653225618
0,0,1,1223.9489017886822,771.4889890942594,24198.708832669297,24198.708832669297,180.51054111008136,1175.779541015625,5.05341643712337,4.951969102148119,1414.0248954613248,180.51054111008145,7.877168655395508,11.486490249633787,22776.796856268484,7.580124655685054,10.10683287424674,12.633541092808423,7.427953653222177,9.903938204296235,12.379922755370297,False,1.5,6.5,3722.8782819491225,265.8598722926738,66.9918410557651,63.68461348942585,-10.893731620970984,-0.0030357512949617,1.54304,327.3885,40.35148,2024-01-18T21:51:34.213,6.5,Luminance,data\RZ_Cep\2024_01_18\Light\Luminance\reduced_images\RZ_Cep_Light_Luminance_6.500_secs_027_reduced.fits,2,0.979925,792.0,123.96979597246586,1199.9241922517667,798.5085799240294,1.0,V* RZ Cep,True,0.7228859610740075,0.003458745691044,16465.026685631074,91.24435929551746,-10.54140609732418,-0.0060168322990668,2024-01-18 21:51:34.213,0.6467162059113889,2024_01_18,5,"(0.621, 0.655]",-10.54140609732418,-0.0060168322990668
0,0,1,1167.1212677109418,749.0237432796434,24087.6577867532,24087.6577867532,181.53269693819524,1249.231689453125,5.067703933342484,4.965969776880634,1409.3915555416609,181.53269693819533,7.727781772613525,12.613519668579102,22684.812720220834,7.601555900013726,10.135407866684968,12.669259833356213,7.448954665320951,9.931939553761268,12.414924442201585,False,1.5,6.5,3705.793505654338,318.3106718336748,67.37118788144144,63.96464152459118,-10.889337995492811,-0.0030614635432153,1.555924,327.7111,39.94829,2024-01-18T21:56:01.152,6.5,Luminance,data\RZ_Cep\2024_01_18\Light\Luminance\reduced_images\RZ_Cep_Light_Luminance_6.500_secs_028_reduced.fits,2,0.979925,792.0,131.01344257976015,1199.934120183417,798.5986655985356,1.0,V* RZ Cep,True,0.7337330923185656,0.0035482839035981,16644.597785875165,93.17559347792678,-10.553183262401662,-0.0060778948545491,2024-01-18 21:56:01.152,0.6567244071632103,2024_01_18,5,"(0.655, 0.69]",-10.553183262401662,-0.0060778948545491
0,0,1,1226.0730150399704,789.1147882856957,24437.46680838344,24437.46680838344,192.32493272326016,1096.036865234375,5.216168344481997,5.111453764966521,1467.5806404369616,192.32493272326013,7.669563293457031,12.267330169677734,22962.418563952524,7.824252516722996,10.432336688963996,13.040420861204993,7.667180647449783,10.222907529933044,12.778634412416302,False,1.5,6.5,3759.610278212836,326.53783506952584,71.37644840475075,64.47886910986507,-10.902544072736076,-0.0030487660713728,1.565032,328.0853,39.66869,2024-01-18T21:59:43.024,6.5,Luminance,data\RZ_Cep\2024_01_18\Light\Luminance\reduced_images\RZ_Cep_Light_Luminance_6.500_secs_029_reduced.fits,2,0.979925,792.0,110.05989689485592,1199.9243057542924,798.4300205775122,1.0,V* RZ Cep,True,0.7175870100684967,0.0031101961616401,16477.533281248034,85.0959228249296,-10.542230493747873,-0.0056071332226331,2024-01-18 21:59:43.024,0.6650429354717744,2024_01_18,5,"(0.655, 0.69]",-10.542230493747873,-0.0056071332226331
0,0,1,1171.5242176681895,804.0755921200388,24192.35896067904,24192.35896067904,196.33195430865925,1027.027587890625,5.270226730531957,5.164426928916528,1495.161395275311,196.3319543086592,7.570868968963623,10.697001457214355,22705.955460187623,7.905340095797936,10.540453461063914,13.175566826329892,7.746640393374792,10.328853857833057,12.91106732229132,False,1.5,6.5,3721.901378566005,284.5451571506897,72.86355132685863,63.86947695921389,-10.890349454026346,-0.0030540623421539,1.578682,328.4366,39.25772,2024-01-18T22:04:16.514,6.5,Luminance,data\RZ_Cep\2024_01_18\Light\Luminance\reduced_images\RZ_Cep_Light_Luminance_6.500_secs_030_reduced.fits,2,0.979925,792.0,76.296327326032,1199.956096112042,798.5563215482068,1.0,V* RZ Cep,True,0.7302715985382848,0.0025709824267581,16581.51439025031,74.72155722731654,-10.549060480387078,-0.0048926713235134,2024-01-18 22:04:16.514,0.6752967498653106,2024_01_18,5,"(0.655, 0.69]",-10.549060480387078,-0.0048926713235134
0,0,1,1216.932540138137,780.1884680221657,24402.41690661684,24402.41690661684,216.15259637477627,913.3135986328124,5.529858682155988,5.418846769111706,1577.8619981084637,216.1525963747764,7.338531017303467,11.122759819030762,22816.17437364987,8.29478802323398,11.059717364311975,13.82464670538997,8.12827015366756,10.837693538223412,13.547116922779267,False,1.5,6.5,3754.21798563336,344.12831027800013,80.21947245340807,64.64182677156307,-10.89560706824944,-0.0030760622056186,1.588276,328.8087,38.9745,2024-01-18T22:08:09.404,6.5,Luminance,data\RZ_Cep\2024_01_18\Light\Luminance\reduced_images\RZ_Cep_Light_Luminance_6.500_secs_031_reduced.fits,2,0.979925,792.0,112.9787401294497,1199.9235655783273,798.4558714991996,1.0,V* RZ Cep,True,0.7243333633658914,0.0026258858353723,16526.51632320847,76.0384725648502,-10.545453292268762,-0.0049954703703785,2024-01-18 22:08:09.404,0.684028370158785,2024_01_18,5,"(0.655, 0.69]",-10.545453292268762,-0.0049954703703785
0,0,1,1147.7882421659324,768.7377326224328,24656.04631642224,24656.04631642224,227.8747713978548,857.0836791992188,5.677824017773338,5.563841700616538,1605.4258972652624,227.8747713978548,6.905930280685425,10.528352737426758,23082.35903242153,8.516736026660006,11.355648035546675,14.194560044433343,8.345762550924807,11.127683401233076,13.909604251541346,False,1.5,6.5,3793.237894834191,354.7170378299149,84.56985598860028,65.05785723994225,-10.908200479841,-0.0030601582321016,1.601206,329.1495,38.59988,2024-01-18T22:12:29.445,6.5,Luminance,data\RZ_Cep\2024_01_18\Light\Luminance\reduced_images\RZ_Cep_Light_Luminance_6.500_secs_032_reduced.fits,2,0.979925,792.0,112.43715237441631,1199.8857196916003,798.5004589947978,1.0,V* RZ Cep,True,0.7188643115009248,0.0021273588026618,16593.084133658856,67.81203753430296,-10.549817788108443,-0.0044371488552908,2024-01-18 22:12:29.445,0.6937779483837403,2024_01_18,5,"(0.69, 0.724]",-10.549817788108443,-0.0044371488552908
0,0,1,1211.1559073161982,844.2911827258647,24613.583409397423,24613.583409397423,200.358028757872,1049.700439453125,5.323989370134095,5.217110283528653,1443.8977665426337,200.35802875787192,7.26857852935791,11.255452156066896,23157.26534338348,7.9859840552011425,10.64797874026819,13.309973425335237,7.82566542529298,10.434220567057306,13.042775708821631,False,1.5,6.5,3786.705139907296,330.41512343958175,74.35772522895698,64.7416248527625,-10.91171817990958,-0.0030354329414633,1.611266,329.5365,38.31392,2024-01-18T22:16:14.716,6.5,Luminance,data\RZ_Cep\2024_01_18\Light\Luminance\reduced_images\RZ_Cep_Light_Luminance_6.500_secs_033_reduced.fits,2,0.979925,792.0,59.150648567293466,1199.9076206628567,798.4887467763721,1.0,V* RZ Cep,True,0.7268578522744621,0.0028638636988826,16832.04015204155,81.31847624357803,-10.565341896159946,-0.0052453780394949,2024-01-18 22:16:14.716,0.7022239135824293,2024_01_18,5,"(0.69, 0.724]",-10.565341896159946,-0.0052453780394949
0,0,1,1208.8057156659129,830.4477813595608,24936.5321240763,24936.5321240763,266.7909661139594,585.9404907226562,6.143549537110647,6.020217780153151,1795.6033396727605,266.7909661139595,6.727296352386475,10.34755516052246,23141.7502308882,9.21532430566597,12.287099074221294,15.358873842776616,9.030326670229726,12.0404355603063,15.050544450382878,False,1.5,6.5,3836.3895575502,324.130845649226,99.01259996844692,65.2650978944173,-10.910990504827137,-0.0030620276765614,1.623623,329.9263,37.96896,2024-01-18T22:20:38.544,6.5,Luminance,data\RZ_Cep\2024_01_18\Light\Luminance\reduced_images\RZ_Cep_Light_Luminance_6.500_secs_034_reduced.fits,2,0.979925,792.0,66.80549774176147,1199.9863450267592,798.4457927000014,1.0,V* RZ Cep,True,0.7216303369136837,0.0024962251387299,16699.78901588817,74.5330914447766,-10.55677746083088,-0.004845766360111,2024-01-18 22:20:38.544,0.7121154757742261,2024_01_18,5,"(0.69, 0.724]",-10.55677746083088,-0.004845766360111
0,0,1,1215.1484033611932,824.2301585577275,24880.913101476195,24880.913101476195,226.8293376965206,892.830810546875,5.664784811655801,5.551064256561811,1544.091087084924,226.82933769652044,6.826927423477173,9.413543701171877,23332.36567550665,8.497177217483703,11.329569623311604,14.161962029139502,8.326596384842718,11.102128513123622,13.877660641404528,False,1.5,6.5,3827.832784842492,267.1948464681398,84.18187017944243,64.6468058104194,-10.919896935682685,-0.0030082409373526,1.637879,330.3344,37.57943,2024-01-18T22:25:25.463,6.5,Luminance,data\RZ_Cep\2024_01_18\Light\Luminance\reduced_images\RZ_Cep_Light_Luminance_6.500_secs_035_reduced.fits,2,0.979925,792.0,75.67320781422934,1199.8881734509775,798.3836988281105,1.0,V* RZ Cep,True,0.7226695360554201,0.0031462012610726,16861.5898777938,87.01366914708944,-10.567246304517672,-0.0056029052768185,2024-01-18 22:25:25.463,0.7228727764870655,2024_01_18,5,"(0.69, 0.724]",-10.567246304517672,-0.0056029052768185
0,0,1,1140.8696178219595,781.9789466044791,25134.14459458854,25134.14459458854,244.5320272733635,793.360107421875,5.881683877170473,5.763609073336276,1728.121741458168,244.53202727336364,7.094947814941406,10.39017391204834,23399.202622002194,8.822525815755709,11.763367754340946,14.704209692926185,8.645413610004413,11.527218146672553,14.409022683340693,False,1.5,6.5,3866.7914760905446,372.4419305284176,90.75176775494292,65.80262285330203,-10.92300264536673,-0.0030532788297963,1.64999,330.6736,37.25536,2024-01-18T22:29:29.329,6.5,Luminance,data\RZ_Cep\2024_01_18\Light\Luminance\reduced_images\RZ_Cep_Light_Luminance_6.500_secs_036_reduced.fits,2,0.979925,792.0,100.71316442486436,1199.9184462882888,798.5677110488712,1.0,V* RZ Cep,True,0.7294284021807818,0.0023013619082238,17068.042980871418,72.13642018994678,-10.580459319580529,-0.0045887582524632,2024-01-18 22:29:29.329,0.7320159140820124,2024_01_18,5,"(0.724, 0.759]",-10.580459319580529,-0.0045887582524632
0,0,1,1215.571848254898,769.6549870503195,25096.82284721795,25096.82284721795,206.9124572219032,998.5050048828124,5.410371961265694,5.301758744143286,1489.151339981156,206.91245722190337,7.087974548339844,11.002731323242188,23630.232616694644,8.11555794189854,10.820743922531388,13.525929903164236,7.952638116214928,10.603517488286572,13.254396860358217,False,1.5,6.5,3861.0496688027615,314.53540713082646,76.79023264472052,65.21023929244784,-10.933669992152192,-0.0029962090881293,1.659192,331.061,37.01317,2024-01-18T22:33:13.366,6.5,Luminance,data\RZ_Cep\2024_01_18\Light\Luminance\reduced_images\RZ_Cep_Light_Luminance_6.500_secs_037_reduced.fits,2,0.979925,792.0,121.80179561603916,1199.9036251520752,798.4638409684802,1.0,V* RZ Cep,True,0.7312597077179415,0.0023575447876789,17279.836996591093,73.3310851376959,-10.593849103485816,-0.0046075789999583,2024-01-18 22:33:13.366,0.7404156135783069,2024_01_18,5,"(0.724, 0.759]",-10.593849103485816,-0.0046075789999583
0,0,1,1146.492128605926,785.7788429775843,25224.223880348167,25224.223880348167,233.73636393388145,927.780517578125,5.750385316589445,5.634946331358912,1622.946676386573,233.73636393388136,6.997572422027588,10.279624938964844,23588.63674605944,8.625577974884168,11.50077063317889,14.375963291473612,8.452419497038369,11.269892662717824,14.08736582839728,False,1.5,6.5,3880.649827745872,335.86358806494457,86.74523518303575,65.59922751827077,-10.931757106265312,-0.003019396885352,1.673541,331.4902,36.64236,2024-01-18T22:37:57.631,6.5,Luminance,data\RZ_Cep\2024_01_18\Light\Luminance\reduced_images\RZ_Cep_Light_Luminance_6.500_secs_038_reduced.fits,2,0.979925,792.0,95.83398140218402,1199.9020167054205,798.5485667699743,1.0,V* RZ Cep,True,0.728637818594035,0.0026353158659435,17187.572822255846,78.41529235343573,-10.588036378115753,-0.004953481378393,2024-01-18 22:37:57.631,0.7510734092877556,2024_01_18,5,"(0.724, 0.759]",-10.588036378115753,-0.004953481378393
0,0,1,1199.9840008463884,814.9647825183514,25384.94587054236,25384.94587054236,197.6667198283237,1168.048828125,5.288111239831686,5.181952406692065,1474.050438612708,197.6667198283237,7.352504730224609,11.713090896606444,23931.60037799662,7.932166859747529,10.576222479663372,13.220278099579216,7.772928610038098,10.36390481338413,12.954881016730162,False,1.5,6.5,3905.376287775746,326.8787632193085,73.35891519309149,65.61717737138764,-10.947429355402464,-0.0029769402798341,1.692457,332.1174,36.1657,2024-01-18T22:44:27.856,6.5,Luminance,data\RZ_Cep\2024_01_18\Light\Luminance\reduced_images\RZ_Cep_Light_Luminance_6.500_secs_039_reduced.fits,2,0.979925,792.0,74.3264948036581,1199.935041978125,798.4804134102209,1.0,V* RZ Cep,True,0.7409409405986468,0.0025896318059684,17731.902494103746,78.76886956757075,-10.62188833623366,-0.0048230703685529,2024-01-18 22:44:27.856,0.765703906643239,2024_01_18,5,"(0.759, 0.793]",-10.62188833623366,-0.0048230703685529
0,0,1,1188.5685047375043,798.2941133654122,25602.227987780203,25602.227987780203,192.12316603454352,1095.838134765625,5.213431504349556,5.108771866899739,1394.7251870494083,192.12316603454363,7.127909898757935,11.406593322753906,24232.791370821866,7.820147256524334,10.426863008699112,13.03357876087389,7.663157800349608,10.217543733799475,12.771929667249347,False,1.5,6.5,3938.804305812339,337.67489842777564,71.3015678916365,65.93770372201136,-10.961008608303032,-0.0029543006867877,1.704718,332.5081,35.86391,2024-01-18T22:48:37.871,6.5,Luminance,data\RZ_Cep\2024_01_18\Light\Luminance\reduced_images\RZ_Cep_Light_Luminance_6.500_secs_040_reduced.fits,2,0.979925,792.0,85.31977107201409,1199.866388323166,798.481593399261,1.0,V* RZ Cep,True,0.7368748637185141,0.0028918770165913,17856.534838893545,85.27449390992855,-10.62949296359924,-0.0051849704444769,2024-01-18 22:48:37.871,0.7750775854085532,2024_01_18,5,"(0.759, 0.793]",-10.62949296359924,-0.0051849704444769
0,0,1,1184.0889039324595,807.3476127749939,25643.03666374767,25643.03666374767,166.51040138682885,1483.4647216796875,4.853493903656018,4.756060013540123,1273.9728422497246,166.5104013868288,7.55341911315918,11.555303573608398,24385.31381537259,7.280240855484027,9.706987807312036,12.133734759140044,7.134090020310185,9.512120027080249,11.890150033850308,False,1.5,6.5,3945.0825636534873,325.9907039154309,61.79604955610594,65.8245343099746,-10.967820872282331,-0.0029307836922988,1.716887,332.8949,35.56972,2024-01-18T22:52:41.629,6.5,Luminance,data\RZ_Cep\2024_01_18\Light\Luminance\reduced_images\RZ_Cep_Light_Luminance_6.500_secs_041_reduced.fits,2,0.979925,792.0,75.3786006151602,1199.9000294097705,798.5212786095298,1.0,V* RZ Cep,True,0.7481918277477735,0.0034657898121952,18244.89251372665,97.81707623135846,-10.652853272864588,-0.0058210011940639,2024-01-18 22:52:41.629,0.7842166738171272,2024_01_18,5,"(0.759, 0.793]",-10.652853272864588,-0.0058210011940639
0,0,1,1094.8199247263144,782.5329601428064,26275.720420564423,26275.720420564423,198.2858915648385,1081.021484375,5.296387010693871,5.190062041454191,1439.3411744106966,198.28589156483844,7.143754959106445,11.171184539794922,24859.214599377265,7.944580516040807,10.592774021387742,13.240967526734677,7.785093062181287,10.380124082908385,12.975155103635478,False,1.5,6.5,4042.41852624068,309.76065862915743,73.58870484583831,66.52644504041739,-10.98871850861757,-0.0029055692675038,1.731221,333.2685,35.22985,2024-01-18T22:56:58.962,6.5,Luminance,data\RZ_Cep\2024_01_18\Light\Luminance\reduced_images\RZ_Cep_Light_Luminance_6.500_secs_042_reduced.fits,2,0.979925,792.0,119.52282908882545,1199.91173569294,798.4878005025308,1.0,V* RZ Cep,True,0.7393415498124655,0.0034577854973884,18379.450249024256,99.03528820744256,-10.660831292463936,-0.005850348976634,2024-01-18 22:56:58.962,0.7938647224455053,2024_01_18,5,"(0.793, 0.828]",-10.660831292463936,-0.005850348976634
0,0,1,1136.1264225179068,787.4112082894263,26250.86698792476,26250.86698792476,169.9364749583508,1525.22119140625,4.903171762688911,4.804740589552931,1323.222350608595,169.9364749583508,7.748291730880737,12.639312744140623,24934.149604229944,7.354757644033366,9.80634352537782,12.257929406722276,7.207110884329396,9.60948117910586,12.011851473882327,False,1.5,6.5,4038.5949212191927,311.442163715213,63.067548576258936,66.43120225850699,-10.991986402261402,-0.0028926898475589,1.742571,333.6445,34.96566,2024-01-18T23:00:49.808,6.5,Luminance,data\RZ_Cep\2024_01_18\Light\Luminance\reduced_images\RZ_Cep_Light_Luminance_6.500_secs_043_reduced.fits,2,0.979925,792.0,96.6934365511654,1199.8944474909426,798.5707268100014,1.0,V* RZ Cep,True,0.7433221754672256,0.0032159041543619,18534.106327241465,94.17075674666783,-10.669929125427773,-0.005516564879044,2024-01-18 23:00:49.808,0.8025197081394708,2024_01_18,5,"(0.793, 0.828]",-10.669929125427773,-0.005516564879044
0,0,1,1257.0497966205423,777.0772671519862,26869.54882701043,26869.54882701043,199.4857042342757,1158.36328125,5.31238685882577,5.205740692634842,1439.075149282334,199.4857042342757,7.093591690063477,12.433866500854492,25454.478693167708,7.9685802882386545,10.62477371765154,13.280967147064423,7.808611038952264,10.411481385269685,13.014351731587103,False,1.5,6.5,4133.776742616989,335.343166573698,74.03398443534776,67.40292199620158,-11.01441051782163,-0.0028750065401027,1.751349,334.054,34.76429,2024-01-18T23:04:34.011,6.5,Luminance,data\RZ_Cep\2024_01_18\Light\Luminance\reduced_images\RZ_Cep_Light_Luminance_6.500_secs_044_reduced.fits,2,0.979925,792.0,138.74924716202213,1199.900783093505,798.5595962603777,1.0,V* RZ Cep,True,0.7459447664019002,0.0026328259615885,18987.63516265713,83.78108498701474,-10.696177195970684,-0.0047907049227077,2024-01-18 23:04:34.011,0.8109256313853166,2024_01_18,5,"(0.793, 0.828]",-10.696177195970684,-0.0047907049227077
0,0,1,1192.8869472237996,722.9979492301771,27578.82970675228,27578.82970675228,236.11400142202547,970.2659912109376,5.779558649779576,5.663534009885251,1671.7018321665369,236.11400142202527,6.965451955795288,10.239826202392578,25934.18897375658,8.669337974669364,11.559117299559151,14.448896624448938,8.495301014827877,11.327068019770502,14.158835024713127,False,1.5,6.5,4242.896877961889,376.5879813641892,87.6276341372156,68.6083995838942,-11.034681677697964,-0.0028722943082633,1.763968,334.4242,34.4791,2024-01-18T23:08:35.826,6.5,Luminance,data\RZ_Cep\2024_01_18\Light\Luminance\reduced_images\RZ_Cep_Light_Luminance_6.500_secs_045_reduced.fits,2,0.979925,792.0,159.63740058595485,1199.8996406194194,798.5067081696767,1.0,V* RZ Cep,True,0.7417876458946447,0.0043508257491677,19237.660987029747,123.78146754126806,-10.710380667931991,-0.0069859855040723,2024-01-18 23:08:35.826,0.8199918719335528,2024_01_18,5,"(0.793, 0.828]",-10.710380667931991,-0.0069859855040723
0,0,1,1181.9384073635858,801.9396541107238,28972.380528763995,28972.380528763995,238.27443110129428,890.5463256835938,5.805939757193507,5.689385516567848,1663.0036737890953,238.27443110129428,6.913051128387451,10.288339614868164,27325.177203973315,8.708909635790262,11.611879514387017,14.514849392983768,8.534078274851773,11.378771033135695,14.22346379141962,False,1.5,6.5,4457.2893121175375,341.08261650590464,88.42942200398329,69.90566036185787,-11.091407467584382,-0.0027776254040672,1.7779,334.8882,34.17007,2024-01-18T23:13:02.715,6.5,Luminance,data\RZ_Cep\2024_01_18\Light\Luminance\reduced_images\RZ_Cep_Light_Luminance_6.500_secs_046_reduced.fits,2,0.979925,792.0,80.09496899990276,1199.8468677881397,798.5000820025098,1.0,V* RZ Cep,True,0.7387524947374583,0.0029016291638204,20186.54282857841,94.6229891221238,-10.76265486880134,-0.0050893115262351,2024-01-18 23:13:02.715,0.8299981985621798,2024_01_18,5,"(0.828, 0.862]",-10.76265486880134,-0.0050893115262351
0,0,1,1135.8076913466873,796.186240561158,28844.92905410714,28844.92905410714,228.1813858438292,1042.697021484375,5.681642601189237,5.567583625970364,1652.2387314244284,228.18138584382933,7.193909645080566,11.916626930236816,27203.412781657367,8.522463901783855,11.363285202378474,14.204106502973094,8.351375438955545,11.135167251940729,13.91895906492591,False,1.5,6.5,4437.681392939559,395.79198534274497,84.6836480480767,70.12957312240238,-11.086558478768104,-0.0027989950075148,1.789834,335.1903,33.91002,2024-01-18T23:16:25.026,6.5,Luminance,data\RZ_Cep\2024_01_18\Light\Luminance\reduced_images\RZ_Cep_Light_Luminance_6.500_secs_047_reduced.fits,2,0.979925,792.0,88.4282338310323,1199.854630725284,798.573150457021,1.0,V* RZ Cep,True,0.7472875117811812,0.0031418369797623,20328.77064956112,100.25659838799318,-10.770277790390598,-0.0053545893409983,2024-01-18 23:16:25.026,0.8375833367526866,2024_01_18,5,"(0.828, 0.862]",-10.770277790390598,-0.0053545893409983
0,0,1,1178.7909358303175,808.7368030481981,29838.51152433006,29838.51152433006,212.0495079606975,1159.533203125,5.477122307858731,5.367169077528467,1583.5994894239657,212.0495079606976,7.479071617126465,10.77440071105957,28252.578067915576,8.215683461788096,10.954244615717462,13.692805769646828,8.0507536162927,10.734338155056934,13.417922693821168,False,1.5,6.5,4590.540234512317,280.61414753936145,78.69671680056182,70.35517819501447,-11.127645209112904,-0.0027037236734613,1.800608,335.6399,33.67889,2024-01-18T23:20:31.878,6.5,Luminance,data\RZ_Cep\2024_01_18\Light\Luminance\reduced_images\RZ_Cep_Light_Luminance_6.500_secs_048_reduced.fits,2,0.979925,792.0,72.78196907564315,1199.806908028181,798.4808384211542,1.0,V* RZ Cep,True,0.7525555788938791,0.0025054366420323,21261.63524314472,88.39581818636252,-10.818991658201448,-0.0045139773614118,2024-01-18 23:20:31.878,0.8468384268498994,2024_01_18,5,"(0.828, 0.862]",-10.818991658201448,-0.0045139773614118
0,0,1,1156.8617316098168,806.1092430441344,31248.75694924512,31248.75694924512,231.2215223730648,1143.74072265625,5.719366572146219,5.604550288210384,1688.2087148605517,231.2215223730649,7.248729705810547,10.896602630615234,29572.69463139675,8.579049858219328,11.438733144292438,14.298416430365547,8.406825432315575,11.209100576420768,14.011375720525962,False,1.5,6.5,4807.501069114634,356.30597283146244,85.8119164688676,72.45425424648965,-11.177227246911183,-0.0026600960110224,1.816131,336.0762,33.35175,2024-01-18T23:25:08.529,6.5,Luminance,data\RZ_Cep\2024_01_18\Light\Luminance\reduced_images\RZ_Cep_Light_Luminance_6.500_secs_049_reduced.fits,2,0.979925,792.0,74.23475492733235,1199.8487968859818,798.5835658035298,1.0,V* RZ Cep,True,0.7479544273047373,0.0036510573754733,22119.027876884236,120.8084946011167,-10.861915089924524,-0.0059300145178548,2024-01-18 23:25:08.529,0.8572107549268821,2024_01_18,5,"(0.828, 0.862]",-10.861915089924524,-0.0059300145178548
0,0,1,1199.022673781414,776.99803184281,31961.384047783704,31961.384047783704,222.8066624530313,1184.3082275390625,5.614329419397977,5.501621756303563,1624.6599220203748,222.8066624530312,7.223215579986572,12.52889919281006,30352.00349222816,8.421494129096967,11.228658838795956,14.035823548494944,8.252432634455346,11.003243512607126,13.754054390758908,False,1.5,6.5,4917.136007351339,333.9806000891519,82.688957805054,73.03290741334035,-11.20546840878366,-0.0026124954729171,1.826121,336.4946,33.14477,2024-01-18T23:29:01.708,6.5,Luminance,data\RZ_Cep\2024_01_18\Light\Luminance\reduced_images\RZ_Cep_Light_Luminance_6.500_secs_050_reduced.fits,2,0.979925,792.0,108.79335054613465,1199.8643206739864,798.4128084248172,1.0,V* RZ Cep,True,0.7555938749434791,0.004349933438556,22933.78793099068,143.09750453989994,-10.901189480660696,-0.00677455211311,2024-01-18 23:29:01.708,0.8659532105430117,2024_01_18,5,"(0.862, 0.897]",-10.901189480660696,-0.00677455211311
0,0,1,1208.8660110802768,800.697065261997,32695.47331840123,32695.47331840123,198.37631530501568,1470.0120849609375,5.297594521050697,5.191245311040604,1534.9244475767268,198.3763153050157,7.579829692840576,11.932754516601562,31191.81463329597,7.946391781576045,10.595189042101394,13.243986302626745,7.786867966560906,10.382490622081209,12.978113277601512,False,1.5,6.5,5030.0728182155735,354.5673339196277,73.62226328953008,73.88005424622217,-11.235101603156297,-0.0025716442165244,1.838837,336.9347,32.88528,2024-01-18T23:33:15.590,6.5,Luminance,data\RZ_Cep\2024_01_18\Light\Luminance\reduced_images\RZ_Cep_Light_Luminance_6.500_secs_051_reduced.fits,2,0.979925,792.0,91.11484186627058,1199.8001816878786,798.5211098135975,1.0,V* RZ Cep,True,0.7563745013995447,0.0024493837810391,23592.693241006255,94.6559861446968,-10.931943802292754,-0.0043560703351898,2024-01-18 23:33:15.590,0.8754718726727333,2024_01_18,5,"(0.862, 0.897]",-10.931943802292754,-0.0043560703351898
0,0,1,1235.4185367203877,780.7935092354862,33576.49105481815,33576.49105481815,229.137697331132,1197.97265625,5.693536075932992,5.579238339208637,1740.81598241824,229.13769733113205,7.585907459259033,11.90726089477539,31838.27368743648,8.540304113899488,11.387072151865985,14.23384018983248,8.368857508812956,11.158476678417276,13.948095848021596,False,1.5,6.5,5165.614008433562,456.1140487250214,85.038558441471,75.5431440674801,-11.257373779232418,-0.002576142392032,1.850958,337.3578,32.64192,2024-01-18T23:37:22.330,6.5,Luminance,data\RZ_Cep\2024_01_18\Light\Luminance\reduced_images\RZ_Cep_Light_Luminance_6.500_secs_052_reduced.fits,2,0.979925,792.0,122.23966294575132,1199.8387711167836,798.4759095746057,1.0,V* RZ Cep,True,0.7623575623727886,0.0030356237900774,24272.14871851177,112.50663781565932,-10.96277056106947,-0.0050326211893596,2024-01-18 23:37:22.330,0.8847227636135813,2024_01_18,5,"(0.862, 0.897]",-10.96277056106947,-0.0050326211893596
0,0,1,1193.4237067287315,833.6257244419381,34674.52971596747,34674.52971596747,210.67943212775464,1368.262451171875,5.459399481092779,5.349802036509842,1580.9475942117156,210.67943212775475,7.328284740447998,10.713117599487305,33130.610848379394,8.189099221639168,10.91879896218556,13.648498702731947,8.024703054764762,10.699604073019684,13.374505091274608,False,1.5,6.5,5334.543033225764,333.0049605198221,78.18824842043058,75.8006348401253,-11.300573608240578,-0.00248409224829,1.86643,337.7967,32.3368,2024-01-18T23:41:45.168,6.5,Luminance,data\RZ_Cep\2024_01_18\Light\Luminance\reduced_images\RZ_Cep_Light_Luminance_6.500_secs_053_reduced.fits,2,0.979925,792.0,54.921106609330586,1199.8366583478437,798.5367175477055,1.0,V* RZ Cep,True,0.7548855623735099,0.0023695051997289,25009.819802056787,97.144046666639,-10.995276406529944,-0.0042172558370056,2024-01-18 23:41:45.168,0.8945772082643089,2024_01_18,5,"(0.862, 0.897]",-10.995276406529944,-0.0042172558370056
0,0,1,1225.1095371468375,795.7986248233894,35736.80830844362,35736.80830844362,213.7948996784677,1414.98876953125,5.499617367834804,5.389212549175521,1650.3468409369093,213.7948996784677,7.793533325195312,11.994375228881836,34070.590633042695,8.249426051752206,10.999234735669608,13.74904341958701,8.08381882376328,10.77842509835104,13.473031372938802,False,1.5,6.5,5497.970508991327,375.57691422213225,79.34447401084907,77.1549862110305,-11.33094915593671,-0.0024587176315542,1.877892,338.2779,32.11465,2024-01-18T23:46:11.394,6.5,Luminance,data\RZ_Cep\2024_01_18\Light\Luminance\reduced_images\RZ_Cep_Light_Luminance_6.500_secs_054_reduced.fits,2,0.979925,792.0,104.03964202136146,1199.7727752082717,798.4721884259437,1.0,V* RZ Cep,True,0.75913080193631,0.0019497979500882,25864.034789705434,88.56397075782824,-11.031740689433176,-0.0037177923038978,2024-01-18 23:46:11.394,0.9045586773881951,2024_01_18,5,"(0.897, 0.931]",-11.031740689433176,-0.0037177923038978
0,0,1,1190.3069358392845,818.0843171266832,35997.58105619297,35997.58105619297,198.8637962603065,1537.1436767578125,5.304099561395661,5.197619762700644,1556.0970785239665,198.86379626030643,7.719093799591064,12.84369659423828,34462.53275951689,7.956149342093492,10.608199122791325,13.260248903489153,7.796429644050965,10.395239525401289,12.994049406751609,False,1.5,6.5,5538.089393260457,451.7914770101922,73.80317929849956,77.86966064886342,-11.343367979868049,-0.0024532703504025,1.890926,338.7153,31.86593,2024-01-18T23:50:21.209,6.5,Luminance,data\RZ_Cep\2024_01_18\Light\Luminance\reduced_images\RZ_Cep_Light_Luminance_6.500_secs_055_reduced.fits,2,0.979925,792.0,67.27262934449159,1199.781458678605,798.520469750576,1.0,V* RZ Cep,True,0.7627840027943183,0.0027237245203932,26287.46868473462,111.08105191244904,-11.049371920840317,-0.0045879168196213,2024-01-18 23:50:21.209,0.9139248576607315,2024_01_18,5,"(0.897, 0.931]",-11.049371920840317,-0.0045879168196213
0,0,1,1217.1261674928437,742.1535495782952,35540.316752193314,35540.316752193314,193.5477547644645,1537.0361328125,5.232724541668515,5.12767759649452,1638.165814226338,193.54775476446449,8.342664241790771,13.764787673950195,33925.612819440925,7.849086812502772,10.46544908333703,13.081811354171286,7.69151639474178,10.25535519298904,12.8191939912363,False,1.5,6.5,5467.741038798971,575.1262847722846,71.83026733033854,78.19653183422903,-11.326319253334802,-0.0025025577622076,1.905775,339.2418,31.58751,2024-01-18T23:55:32.632,6.5,Luminance,data\RZ_Cep\2024_01_18\Light\Luminance\reduced_images\RZ_Cep_Light_Luminance_6.500_secs_056_reduced.fits,2,0.979925,792.0,147.7295961083669,1199.6866135548162,798.3486453789834,1.0,V* RZ Cep,True,0.7771197305387656,0.0025879273653138,26364.263092606423,106.77581699461912,-11.052539092185272,-0.0043972543399552,2024-01-18 23:55:32.632,0.9256008737486354,2024_01_18,5,"(0.897, 0.931]",-11.052539092185272,-0.0043972543399552
